regime,hr_true,hr_delivered,decode_success,energy_j,power_mw,latency_ms,reward,piv,u_pir,snr_db,arm
ecg_missing,80.7092974820154,80.64516129032258,True,0.1198864,14.985800000000001,122.26418285714286,0.27005664313602135,0.7496023380310897,0.7496023380310897,16.857566180764646,K32_R20_edge
ppg_missing,107.02782177955612,107.03363914373085,True,0.1198864,14.985800000000001,122.26418285714286,0.23715841591337927,0.7167041108084476,0.7167041108084476,18.149066601069045,K32_R20_edge
ppg_degraded,58.649576763178025,108.02305050778125,False,0.1198864,14.985800000000001,122.26418285714286,-0.2928847284163475,0.5098847885742572,0.18666096647872082,6.742925540105223,K32_R20_edge
both_degraded,106.91896682823463,80.59694141563773,False,0.1198864,14.985800000000001,122.26418285714286,-0.4118702986975095,0.6206315620789874,0.06767539619755882,6.582736949294925,K32_R20_edge
ecg_missing,68.70988712062913,68.73727087576376,True,0.1198864,14.985800000000001,122.26418285714286,0.26993751065731536,0.7494832055523837,0.7494832055523837,16.482626155707862,K32_R20_edge
ppg_missing,75.39958693835453,76.14785495462716,False,0.1198864,14.985800000000001,122.26418285714286,-0.4795456948950683,0.734661928671211,4.192454277227675e-37,4.795480606543604,K32_R20_edge
ppg_degraded,99.6621556292265,99.77884660463157,True,0.1198864,14.985800000000001,122.26418285714286,0.24147195573939684,0.7210176506344652,0.7210176506344652,18.31794908317092,K32_R20_edge
ecg_degraded,74.55194818214967,74.50331125827815,True,0.1198864,14.985800000000001,122.26418285714286,0.24322220339074319,0.7227678982858116,0.7227678982858116,18.132623302115388,K32_R20_edge
ecg_missing,82.97562126038358,82.96460176991151,True,0.1198864,14.985800000000001,122.26418285714286,0.26970792516628966,0.749253620061358,0.749253620061358,20.221734864166688,K32_R20_edge
ppg_missing,51.6535467945841,51.66475315729047,True,0.1198864,14.985800000000001,122.26418285714286,0.2608520332551462,0.7404813352168856,0.7403977281502145,7.529670897014092,K32_R20_edge
ecg_degraded,95.2107865204884,96.81859577354314,True,0.1198864,14.985800000000001,122.26418285714286,0.18315216684387114,0.6626978617389395,0.6626978617389395,17.703799763784275,K32_R20_edge
ppg_missing,82.2885987931567,82.32711306256861,True,0.1198864,14.985800000000001,122.26418285714286,0.2530144019768407,0.732560096871909,0.732560096871909,19.2377154251703,K32_R20_edge
ecg_degraded,69.78390298994553,80.13046733048857,True,0.1198864,14.985800000000001,122.26418285714286,0.09330635198412052,0.5728520468791889,0.5728520468791889,19.89686659446614,K32_R20_edge
ppg_missing,97.30572220570426,102.77907449245896,False,0.1198864,14.985800000000001,122.26418285714286,-0.285050221339826,0.7173979428387015,0.1944954735552423,6.694344784041281,K32_R20_edge
ppg_missing,68.1916897574987,69.30184804928132,True,0.1198864,14.985800000000001,122.26418285714286,0.27019944737890217,0.7497451422739705,0.7497451422739705,18.77555667780655,K32_R20_edge
ecg_degraded,77.20987336883908,78.51681598605347,True,0.1198864,14.985800000000001,122.26418285714286,0.1866966087006594,0.6662423035957274,0.6662423035957278,8.720481953030323,K32_R20_edge
ecg_degraded,58.042501834829885,75.32588797643967,True,0.1198864,14.985800000000001,122.26418285714286,0.03738521997582379,0.5169309148708922,0.5169309148708922,20.11382408014046,K32_R20_edge
both_degraded,74.18677918682775,79.44502542428086,True,0.1198864,14.985800000000001,122.26418285714286,-0.03397388166932174,0.4526268894002556,0.4455718132257466,7.217602267928658,K32_R20_edge
ecg_degraded,62.20731444056898,82.87031430329962,True,0.1198864,14.985800000000001,122.26418285714286,0.05470028866632826,0.5342459835613966,0.5342459835613966,17.52424723658262,K32_R20_edge
both_clean,65.73880042651098,65.75327864397781,True,0.1198864,14.985800000000001,122.26418285714286,0.26667207506276874,0.7462177699578371,0.7462177699578371,18.120225356719754,K32_R20_edge
ecg_degraded,95.02188035780316,95.25223941825286,True,0.1198864,14.985800000000001,122.26418285714286,0.14608330721632146,0.6256290021113898,0.6256290021113898,19.3762721901505,K32_R20_edge
ppg_missing,66.82452547916239,66.81514476614699,True,0.1198864,14.985800000000001,122.26418285714286,0.2543017692740221,0.7338474641690904,0.7338474641690904,14.703988236038684,K32_R20_edge
ecg_missing,79.1114584658981,81.69934640522877,True,0.1198864,14.985800000000001,122.26418285714286,0.2697704787840047,0.749316173679073,0.749316173679073,18.238706935742915,K32_R20_edge
ppg_missing,108.84423198807431,99.77827050997786,False,0.1198864,14.985800000000001,122.26418285714286,-0.32932291567046873,0.721182614172995,0.1502227792245996,6.65772312685495,K32_R20_edge
ecg_missing,107.69943161982721,57.31441048034934,False,0.1198864,14.985800000000001,122.26418285714286,-0.24387575149103757,0.7487011718766404,0.2356699434040308,6.717399641607258,K32_R20_edge
ecg_degraded,93.48739644641202,93.45794392523365,True,0.1198864,14.985800000000001,122.26418285714286,0.1467428653805377,0.6262885602756061,0.6262885602756061,17.582658335137616,K32_R20_edge
ecg_degraded,82.47361133284605,84.46663644494686,True,0.1198864,14.985800000000001,122.26418285714286,0.11916179944310457,0.6082385498725967,0.5987074943381729,7.21718323966592,K32_R20_edge
ecg_degraded,66.61347224272225,68.3885735046409,True,0.1198864,14.985800000000001,122.26418285714286,0.13738979913512273,0.6169354940301911,0.6169354940301911,18.748845084024754,K32_R20_edge
both_degraded,59.63912052650761,81.61913612142028,False,0.1198864,14.985800000000001,122.26418285714286,-0.47530067290323746,0.3539979408680182,0.004245021991830851,6.40309138756138,K32_R20_edge
ecg_degraded,108.19552479296794,108.18890486318485,True,0.1198864,14.985800000000001,122.26418285714286,0.23525744486482458,0.714803139759893,0.714803139759893,19.975049887546575,K32_R20_edge
both_degraded,80.96411513287272,83.49566332354958,True,0.1198864,14.985800000000001,122.26418285714286,0.13100739199959144,0.6105530868946598,0.6105530868946598,17.471229701184992,K32_R20_edge
ecg_degraded,56.95193674824622,74.57010360941892,True,0.1198864,14.985800000000001,122.26418285714286,0.038337758276746355,0.5178834531718147,0.5178834531718147,18.667344177031648,K32_R20_edge
both_degraded,87.40938533225003,88.71446367574748,True,0.1198864,14.985800000000001,122.26418285714286,0.17942966181027187,0.6589753567053402,0.6589753567053402,17.19119956023718,K32_R20_edge
ecg_missing,96.60098686053789,96.56652360515024,True,0.1198864,14.985800000000001,122.26418285714286,0.26948561192546877,0.7490313068205371,0.7490313068205371,18.538313141113527,K32_R20_edge
both_clean,86.78019806318243,86.79577062460919,True,0.1198864,14.985800000000001,122.26418285714286,0.25857980715538226,0.7381255020504506,0.7381255020504506,15.571952094428841,K32_R20_edge
ecg_missing,105.03786228745416,105.06465517241382,True,0.1198864,14.985800000000001,122.26418285714286,0.26909838471148567,0.748644079606554,0.748644079606554,17.018831144597353,K32_R20_edge
ecg_missing,52.37557259985217,52.38649592549476,True,0.1198864,14.985800000000001,122.26418285714286,0.2701846605988106,0.7497303554938789,0.7497303554938789,17.848498790769067,K32_R20_edge
ecg_missing,81.7153557956013,81.78844056706653,True,0.1198864,14.985800000000001,122.26418285714286,0.26971260865279983,0.7492583035478682,0.7492583035478682,19.99894423706834,K32_R20_edge
ecg_missing,77.56015297312422,77.58620689655173,True,0.1198864,14.985800000000001,122.26418285714286,0.2697131411503067,0.749258836045375,0.749258836045375,18.18225510986466,K32_R20_edge
ecg_degraded,53.740974748992535,71.66359873410559,True,0.1198864,14.985800000000001,122.26418285714286,0.06322152613725562,0.542767221032324,0.542767221032324,18.762391859706263,K32_R20_edge
ecg_missing,88.4796901483625,88.51931330472104,True,0.1198864,14.985800000000001,122.26418285714286,0.2695173582437827,0.749063053138851,0.749063053138851,16.796220810997326,K32_R20_edge
both_degraded,101.1579703088394,101.8295316738555,True,0.1198864,14.985800000000001,122.26418285714286,0.19703773718647288,0.6765834320815413,0.6765834320815413,18.46169651437092,K32_R20_edge
ecg_missing,85.57646108625704,85.6164383561644,True,0.1198864,14.985800000000001,122.26418285714286,0.26962960483728243,0.7491752997323508,0.7491752997323508,19.863361263793387,K32_R20_edge
ppg_degraded,65.6058468642334,69.31785855848443,True,0.1198864,14.985800000000001,122.26418285714286,0.19214078137205892,0.6716864762671273,0.6716864762671273,18.5118487586826,K32_R20_edge
ecg_missing,100.39289126188453,100.30864197530866,True,0.1198864,14.985800000000001,122.26418285714286,0.26946991839236295,0.7490156132874313,0.7490156132874313,17.79532914766811,K32_R20_edge
ppg_missing,80.56975289129056,80.55853920515575,True,0.1198864,14.985800000000001,122.26418285714286,0.2466939676965857,0.7262396625916541,0.7262396625916541,18.92321432894338,K32_R20_edge
both_clean,80.65333306799198,82.16093193842086,True,0.1198864,14.985800000000001,122.26418285714286,0.2642615224337032,0.7438485436542147,0.7438072173287715,7.566732435170129,K32_R20_edge
both_clean,95.18181246213067,95.18674847381921,True,0.1198864,14.985800000000001,122.26418285714286,0.2548591047841923,0.7344047996792606,0.7344047996792606,16.952687634849244,K32_R20_edge
ppg_missing,58.87532214709739,58.85650224215247,True,0.1198864,14.985800000000001,122.26418285714286,0.2581859680798459,0.7377316629749142,0.7377316629749142,20.977106303168704,K32_R20_edge
ppg_missing,99.17760314715662,100.30864197530866,True,0.1198864,14.985800000000001,122.26418285714286,0.24358985180766235,0.7231355467027307,0.7231355467027307,18.996322505689882,K32_R20_edge
both_degraded,90.99721436019543,91.05960264900662,False,0.1198864,14.985800000000001,122.26418285714286,-0.4795444640879791,0.6217130091596306,1.2308070891798987e-06,6.008602553325242,K32_R20_edge
ppg_degraded,97.22581649328806,99.80874219339988,True,0.1198864,14.985800000000001,122.26418285714286,0.22428724736325178,0.7038329422583202,0.7038329422583202,20.119338665153094,K32_R20_edge
ppg_missing,61.496975541208116,63.492063492063494,True,0.1198864,14.985800000000001,122.26418285714286,0.2693164254457609,0.7488621203408292,0.7488621203408292,22.35336895473585,K32_R20_edge
ppg_missing,98.1418496680718,98.14612868047985,True,0.1198864,14.985800000000001,122.26418285714286,0.2313840852278657,0.7206769821696417,0.7109297801229341,7.228697488062041,K32_R20_edge
ppg_missing,61.47943556343202,61.54747948417351,True,0.1198864,14.985800000000001,122.26418285714286,0.23626433036965555,0.7158100252647239,0.7158100252647239,18.503755182499013,K32_R20_edge
ppg_degraded,54.89315704181077,62.06922772974982,True,0.1198864,14.985800000000001,122.26418285714286,0.14448148648882564,0.624027181383894,0.624027181383894,17.89016881766924,K32_R20_edge
ecg_degraded,101.31361845722421,99.24990073207765,True,0.1198864,14.985800000000001,122.26418285714286,0.13664605899822724,0.6161917538932956,0.6161917538932956,18.342756530400177,K32_R20_edge
ecg_missing,101.6770097706601,101.66840458811262,True,0.1198864,14.985800000000001,122.26418285714286,0.26931690147870097,0.7488625963737693,0.7488625963737693,16.9384018357671,K32_R20_edge
both_clean,102.59222578499484,102.63157894736845,True,0.1198864,14.985800000000001,122.26418285714286,0.2556127306419769,0.7351584255370452,0.7351584255370452,20.380054239821717,K32_R20_edge
both_clean,78.31458316152741,78.28810020876826,True,0.1198864,14.985800000000001,122.26418285714286,0.2604258399401355,0.7399715348352038,0.7399715348352038,18.354036710157544,K32_R20_edge
ecg_missing,66.44290331682309,66.44518272425249,True,0.1198864,14.985800000000001,122.26418285714286,0.2699606792258182,0.7495063741208865,0.7495063741208865,17.568284727075465,K32_R20_edge
both_degraded,50.42550971618998,67.11409395973155,False,0.1198864,14.985800000000001,122.26418285714286,-0.47101301551801444,0.39678152434302194,0.008532679377053863,6.443576906289698,K32_R20_edge
ppg_degraded,88.74325373449688,88.80516684607106,True,0.1198864,14.985800000000001,122.26418285714286,0.1740191688782874,0.6535648637733558,0.6535648637733558,16.274169665016156,K32_R20_edge
both_clean,93.19456301052159,94.164407301929,True,0.1198864,14.985800000000001,122.26418285714286,0.2553166790011295,0.7348623738961978,0.7348623738961978,18.10255437012914,K32_R20_edge
both_clean,100.13415299001645,100.11123470522806,True,0.1198864,14.985800000000001,122.26418285714286,0.2559247754599118,0.7354704703549801,0.7354704703549801,17.8936851167815,K32_R20_edge
both_degraded,66.91266964187253,78.68515451714266,True,0.1198864,14.985800000000001,122.26418285714286,-0.030034034676803264,0.4495116602182651,0.4495116602182651,18.812454310617685,K32_R20_edge
both_degraded,62.91309002977842,96.83150603077442,True,0.1198864,14.985800000000001,122.26418285714286,-0.08577962507329229,0.3937660698217761,0.3937660698217761,18.14915019513757,K32_R20_edge
ecg_missing,88.35988280399528,88.32976445396146,True,0.1198864,14.985800000000001,122.26418285714286,0.2697069878470952,0.7492526827421635,0.7492526827421635,19.07346032957495,K32_R20_edge
ppg_missing,98.30328998870058,100.20554984583762,True,0.1198864,14.985800000000001,122.26418285714286,0.24205190521276776,0.7215976001078361,0.7215976001078361,17.780208677191787,K32_R20_edge
ecg_missing,107.82025237069826,107.80287474332646,True,0.1198864,14.985800000000001,122.26418285714286,0.2691106924682047,0.748656387363273,0.748656387363273,21.65724792967262,K32_R20_edge
both_degraded,59.03148982527065,110.7639214752428,True,0.1198864,14.985800000000001,122.26418285714286,-0.1161275508972725,0.3634181439977959,0.3634181439977959,19.4088851010811,K32_R20_edge
ppg_degraded,78.9327432919602,82.04954912818884,True,0.1198864,14.985800000000001,122.26418285714286,0.2237639856717163,0.7033096805667847,0.7033096805667847,17.554194794285355,K32_R20_edge
ppg_missing,103.6829517317704,103.72340425531918,True,0.1198864,14.985800000000001,122.26418285714286,0.24228605026949612,0.7218317451645645,0.7218317451645645,18.26254013869525,K32_R20_edge
both_degraded,75.36301441672623,76.85120905655752,True,0.1198864,14.985800000000001,122.26418285714286,0.1314451303682228,0.6109908252632912,0.6109908252632912,18.08965660326929,K32_R20_edge
ecg_missing,85.37012372504289,87.95309168443498,True,0.1198864,14.985800000000001,122.26418285714286,0.2694659113546886,0.7490116062497569,0.7490116062497569,17.51166652402494,K32_R20_edge
ecg_missing,51.46944064960179,54.413542926239415,True,0.1198864,14.985800000000001,122.26418285714286,0.2701225134019751,0.7496682082970434,0.7496682082970434,18.263443407660965,K32_R20_edge
ecg_missing,90.40759322917634,90.46052631578948,True,0.1198864,14.985800000000001,122.26418285714286,0.08341221823639156,0.7486422445351146,0.5629579131314599,6.932705508405471,K32_R20_edge
ppg_missing,105.14531717802936,106.20915032679741,True,0.1198864,14.985800000000001,122.26418285714286,0.23836958725284718,0.7179152821479156,0.7179152821479156,19.090003361473094,K32_R20_edge
both_clean,99.60951977340326,100.59711301610281,True,0.1198864,14.985800000000001,122.26418285714286,0.2523343420275594,0.7318800370559269,0.7318800369226277,8.094727980095577,K32_R20_edge
ppg_degraded,103.1312160025968,104.00143916437963,True,0.1198864,14.985800000000001,122.26418285714286,0.15158319515161245,0.6311297362017305,0.6311288900466808,7.743726825440766,K32_R20_edge
ecg_missing,89.6213228312314,92.02453987730063,True,0.1198864,14.985800000000001,122.26418285714286,0.2696855229918606,0.7492312178869289,0.7492312178869289,19.1294332079117,K32_R20_edge
ecg_missing,64.73313603459066,64.72491909385113,True,0.1198864,14.985800000000001,122.26418285714286,0.2699877459561785,0.7495334408512468,0.7495334408512468,16.72608173538905,K32_R20_edge
both_degraded,96.11101993377525,96.15384615384616,True,0.1198864,14.985800000000001,122.26418285714286,0.10377881955555879,0.5833245144506272,0.5833245144506272,19.13239009746503,K32_R20_edge
both_clean,62.70048455645063,62.695924764890286,True,0.1198864,14.985800000000001,122.26418285714286,0.26428828080273953,0.7438339756978078,0.7438339756978078,17.866528210142615,K32_R20_edge
both_clean,99.87649007986766,99.78658361268108,True,0.1198864,14.985800000000001,122.26418285714286,0.25258209850376584,0.7321277933988342,0.7321277933988342,18.947642630933174,K32_R20_edge
ecg_missing,53.7630753542461,76.14785495462716,False,0.1198864,14.985800000000001,122.26418285714286,-0.47954569489506793,0.7497567404257007,3.7508021214841143e-16,5.473001853840048,K32_R20_edge
ecg_degraded,99.52926880361335,99.79467622112541,True,0.1198864,14.985800000000001,122.26418285714286,0.14125027304946336,0.6207959679445317,0.6207959679445317,18.99484240794071,K32_R20_edge
ecg_degraded,59.870435988446076,76.22096133298169,True,0.1198864,14.985800000000001,122.26418285714286,0.057478033517082146,0.5370237284121505,0.5370237284121505,19.316416325684497,K32_R20_edge
ecg_degraded,72.50881978979851,77.14715166422994,True,0.1198864,14.985800000000001,122.26418285714286,0.11514887097416004,0.5946945658692284,0.5946945658692284,20.79168033310434,K32_R20_edge
both_clean,69.00428999341786,69.04487917146145,True,0.1198864,14.985800000000001,122.26418285714286,0.26242941092916355,0.7419751058242319,0.7419751058242319,21.091792103565943,K32_R20_edge
ecg_missing,91.48022211666448,73.04514750909699,False,0.1198864,14.985800000000001,122.26418285714286,-0.47952663010481444,0.749974432235352,1.9064790253884228e-05,6.100570267858297,K32_R20_edge
ppg_missing,60.714312690462314,60.69364161849711,True,0.1198864,14.985800000000001,122.26418285714286,0.2608222877638448,0.7403679826589131,0.7403679826589131,18.835268690464503,K32_R20_edge
ppg_degraded,73.77536973301919,73.77049180327869,True,0.1198864,14.985800000000001,122.26418285714286,0.24162309255603243,0.7211687874511008,0.7211687874511008,17.9770578414977,K32_R20_edge
both_clean,50.349475706478856,50.39193729003359,True,0.1198864,14.985800000000001,122.26418285714286,0.2699826369193257,0.749528331814394,0.749528331814394,17.897354385353022,K32_R20_edge
ecg_degraded,65.74968276500609,74.60850654261408,True,0.1198864,14.985800000000001,122.26418285714286,0.08912349563405053,0.5686691905291189,0.5686691905291189,18.363770775190073,K32_R20_edge
ppg_degraded,75.27132885373732,77.58957887712373,True,0.1198864,14.985800000000001,122.26418285714286,0.23053656724734994,0.7100822621424183,0.7100822621424183,16.253023043172014,K32_R20_edge
both_degraded,56.35527420243947,110.54215326978024,True,0.1198864,14.985800000000001,122.26418285714286,-0.23525424993850197,0.37524217317033176,0.2442914449565664,6.877784901453998,K32_R20_edge
ecg_missing,87.98959676219346,87.95309168443498,True,0.1198864,14.985800000000001,122.26418285714286,0.26958465184536756,0.7491303467404359,0.7491303467404359,19.2639363856184,K32_R20_edge
ppg_degraded,72.82545619319194,73.04514750909699,True,0.1198864,14.985800000000001,122.26418285714286,-0.27069614809781384,0.6579783735106866,0.20884954679725448,6.718748274056653,K32_R20_edge
ppg_degraded,93.51763628457434,94.0861577075207,True,0.1198864,14.985800000000001,122.26418285714286,0.24348925565217516,0.7257839241338472,0.7230349505472435,7.320669047257238,K32_R20_edge
ppg_missing,89.23196066410367,92.30769230769232,True,0.1198864,14.985800000000001,122.26418285714286,0.26217871863771186,0.7417244135328678,0.7417244135327802,8.34154435323,K32_R20_edge
ppg_degraded,75.87360492664438,76.82034587975406,True,0.1198864,14.985800000000001,122.26418285714286,0.249499661856609,0.7290453567516774,0.7290453567516774,17.11427923870919,K32_R20_edge
ppg_degraded,102.03923033853195,101.93592908851691,True,0.1198864,14.985800000000001,122.26418285714286,0.22217244376142098,0.7017181386564894,0.7017181386564894,17.74106600478014,K32_R20_edge
ppg_missing,87.92810705001003,89.96728462377318,True,0.1198864,14.985800000000001,122.26418285714286,0.24674604422946156,0.7262917391245299,0.7262917391245299,16.053682967573444,K32_R20_edge
ppg_degraded,98.61646112637794,98.52333349335142,True,0.1198864,14.985800000000001,122.26418285714286,0.2085840821861905,0.689992063147528,0.6881297770812589,7.343268891120197,K32_R20_edge
ecg_missing,70.50768343640678,70.53291536050156,True,0.1198864,14.985800000000001,122.26418285714286,0.2698956070247442,0.7494413019198125,0.7494413019198125,18.42558343197735,K32_R20_edge
ppg_missing,82.62015738010734,84.52868852459018,True,0.1198864,14.985800000000001,122.26418285714286,0.24378603040240476,0.7233317252974731,0.7233317252974731,16.351428054061714,K32_R20_edge
ecg_degraded,61.777813106885205,78.53009353456687,True,0.1198864,14.985800000000001,122.26418285714286,-0.09538276450729338,0.517128579868785,0.384162930387775,6.927339771815809,K32_R20_edge
ppg_missing,109.76847140711767,109.71786833855798,True,0.1198864,14.985800000000001,122.26418285714286,0.2366128619251976,0.716158556820266,0.716158556820266,16.193404494689307,K32_R20_edge
both_degraded,64.59292785837962,98.45952698082168,True,0.1198864,14.985800000000001,122.26418285714286,-0.055880060005733916,0.42366563488933445,0.42366563488933445,16.88321174689369,K32_R20_edge
ecg_missing,65.41204803362616,68.1044267877412,True,0.1198864,14.985800000000001,122.26418285714286,0.2700563472739534,0.7496020421690217,0.7496020421690217,19.775172196696772,K32_R20_edge
ppg_missing,54.39140434345796,54.4041450777202,True,0.1198864,14.985800000000001,122.26418285714286,0.21403471368257165,0.7369172652731896,0.69358040857764,7.10188336399476,K32_R20_edge
ppg_missing,65.4681871398042,65.43075245365321,True,0.1198864,14.985800000000001,122.26418285714286,0.25754773377628776,0.7370934286793399,0.7370934286713561,8.192993254750702,K32_R20_edge
ppg_degraded,95.78771195264319,57.62897914379803,False,0.1198864,14.985800000000001,122.26418285714286,-0.4795456948950683,0.6366709368502762,2.7513995886701854e-21,5.274064409444547,K32_R20_edge
both_clean,91.87361424098488,92.41318609357077,True,0.1198864,14.985800000000001,122.26418285714286,0.25468095490200987,0.7342266497970782,0.7342266497970782,17.234971964815074,K32_R20_edge
ecg_degraded,57.72039273903017,71.15638715005302,True,0.1198864,14.985800000000001,122.26418285714286,0.054592651053943404,0.5345841541023946,0.5341383459490118,7.4169332134707116,K32_R20_edge
ppg_missing,72.57431008568565,77.9728095411237,False,0.1198864,14.985800000000001,122.26418285714286,-0.4795426936523754,0.7354815180436268,3.001242692923046e-06,6.033463269071007,K32_R20_edge
ecg_degraded,75.25528367704777,78.54994556525203,True,0.1198864,14.985800000000001,122.26418285714286,0.12126642286601153,0.6008121177616091,0.6008121177610799,8.276679785472949,K32_R20_edge
ppg_missing,89.89905478171764,89.96728462377318,True,0.1198864,14.985800000000001,122.26418285714286,0.24338525792072008,0.7229309528157885,0.7229309528157885,18.398326864291715,K32_R20_edge
ecg_missing,77.35573778262493,77.40825688073394,True,0.1198864,14.985800000000001,122.26418285714286,0.26925915071625534,0.7488048456113237,0.7488048456113237,17.508377045117346,K32_R20_edge
ppg_degraded,85.19109960953188,87.46044653149441,True,0.1198864,14.985800000000001,122.26418285714286,0.15902210926563032,0.6385678041606987,0.6385678041606987,18.43159827164726,K32_R20_edge
ecg_missing,100.38107621653654,100.33444816053515,True,0.1198864,14.985800000000001,122.26418285714286,0.2694745215331044,0.7490202164281727,0.7490202164281727,17.327066261243125,K32_R20_edge
ecg_degraded,93.58841661874223,94.54591356032607,True,0.1198864,14.985800000000001,122.26418285714286,0.23293419260273018,0.7124798874977984,0.7124798874977986,9.041949135161817,K32_R20_edge
ppg_degraded,71.90043581051353,71.85181406311258,True,0.1198864,14.985800000000001,122.26418285714286,0.18167544992033013,0.6612211542607453,0.6612211448153985,7.9321262699818735,K32_R20_edge
both_clean,76.90377856066905,77.85782998686982,True,0.1198864,14.985800000000001,122.26418285714286,0.2559198986172156,0.7354655935122839,0.7354655935122839,17.140971010873873,K32_R20_edge
both_clean,72.0619741814004,72.57974053057279,True,0.1198864,14.985800000000001,122.26418285714286,0.26109976803889995,0.7406454629339683,0.7406454629339683,17.67094584645226,K32_R20_edge
ecg_degraded,56.584079840401806,74.64392302984828,True,0.1198864,14.985800000000001,122.26418285714286,0.06582562191469932,0.5453713168097677,0.5453713168097677,20.118582024549266,K32_R20_edge
both_clean,62.1944926452438,62.203791469194314,True,0.1198864,14.985800000000001,122.26418285714286,0.26457018306756047,0.7441158779626288,0.7441158779626288,20.043902749043724,K32_R20_edge
ecg_missing,67.02838933664786,69.44444444444444,True,0.1198864,14.985800000000001,122.26418285714286,0.27008874382246967,0.749634438717538,0.749634438717538,17.499956482360336,K32_R20_edge
both_clean,68.84803373613813,68.88633754305394,True,0.1198864,14.985800000000001,122.26418285714286,0.25992634973759005,0.7394720446326584,0.7394720446326584,17.872041436122064,K32_R20_edge
ecg_degraded,68.78287152919626,70.04190693375928,True,0.1198864,14.985800000000001,122.26418285714286,0.24662062174799915,0.7261663166430675,0.7261663166430675,14.46650721503295,K32_R20_edge
ecg_degraded,84.60198297517712,86.29587015504653,True,0.1198864,14.985800000000001,122.26418285714286,0.14473850212076822,0.6242841970158366,0.6242841970158366,19.42163349110561,K32_R20_edge
both_clean,108.30139853718528,108.2718918069307,True,0.1198864,14.985800000000001,122.26418285714286,0.2530853564356325,0.7326439684656438,0.7326310513307008,7.6241462290830055,K32_R20_edge
ppg_missing,96.47984809542392,99.38837920489297,True,0.1198864,14.985800000000001,122.26418285714286,0.24112513050054507,0.7206708253956134,0.7206708253956134,18.152162560782713,K32_R20_edge
ppg_missing,97.46803689036832,97.40259740259742,True,0.1198864,14.985800000000001,122.26418285714286,0.25830931137534424,0.7378550062704126,0.7378550062704126,17.418125648317055,K32_R20_edge
both_degraded,95.55611003237479,97.1207858273111,True,0.1198864,14.985800000000001,122.26418285714286,-0.009642017274158027,0.46990367762091034,0.46990367762091034,17.688810583494252,K32_R20_edge
ppg_degraded,85.81926383142539,91.22727796993227,True,0.1198864,14.985800000000001,122.26418285714286,0.10847840205741832,0.5880240969524867,0.5880240969524867,21.107283682494536,K32_R20_edge
ppg_degraded,105.06153543025476,105.0101762289488,True,0.1198864,14.985800000000001,122.26418285714286,0.16226511793713294,0.6910037289670088,0.6418108128322013,7.0829094580543135,K32_R20_edge
ppg_degraded,91.37780932682486,91.31129743075337,True,0.1198864,14.985800000000001,122.26418285714286,0.24834476428972407,0.7278904591847924,0.7278904591847924,18.582860889620488,K32_R20_edge
both_clean,80.02138584421226,80.04268943436499,True,0.1198864,14.985800000000001,122.26418285714286,0.2587135186478427,0.738259213542911,0.738259213542911,17.923275924588403,K32_R20_edge
ecg_missing,54.62502851003232,54.61165048543689,True,0.1198864,14.985800000000001,122.26418285714286,0.2701122063798242,0.7496579012748925,0.7496579012748925,18.079426459294307,K32_R20_edge
ecg_missing,79.30695362513143,79.28118393234674,True,0.1198864,14.985800000000001,122.26418285714286,0.2697652917739331,0.7493109866690014,0.7493109866690014,19.382397920500626,K32_R20_edge
ecg_missing,62.76985972042006,65.35947712418302,True,0.1198864,14.985800000000001,122.26418285714286,0.2698723930436268,0.7494180879386951,0.7494180879386951,20.04287039687787,K32_R20_edge
ppg_degraded,57.96177785280723,76.82345999468484,True,0.1198864,14.985800000000001,122.26418285714286,0.027180960266880886,0.5067267946452173,0.5067266551619493,7.8121532955674295,K32_R20_edge
ecg_degraded,80.36389535176238,81.84383105834665,True,0.1198864,14.985800000000001,122.26418285714286,0.23786093313435652,0.7174066280294249,0.7174066280294249,20.429899374684574,K32_R20_edge
ppg_missing,97.10511755581754,97.08737864077673,True,0.1198864,14.985800000000001,122.26418285714286,0.23875339291422526,0.7182990878092936,0.7182990878092936,20.69590485911861,K32_R20_edge
both_clean,67.70038656833117,67.72009029345374,True,0.1198864,14.985800000000001,122.26418285714286,0.26188438313390444,0.741526287094296,0.7414300780289728,7.522248705851889,K32_R20_edge
ppg_missing,96.12630559454999,96.15384615384617,True,0.1198864,14.985800000000001,122.26418285714286,0.26820641059056444,0.7477521054856328,0.7477521054856328,18.172480137019395,K32_R20_edge
ecg_missing,81.53777138973524,81.52173913043478,True,0.1198864,14.985800000000001,122.26418285714286,0.27043015263373044,0.7499758475287988,0.7499758475287988,19.051995167235756,K32_R20_edge
ppg_missing,58.942881402242755,58.92255892255893,True,0.1198864,14.985800000000001,122.26418285714286,0.25801694445972484,0.7375626393547932,0.7375626393547932,19.912637349091998,K32_R20_edge
both_degraded,107.89806463878415,109.40765065834555,True,0.1198864,14.985800000000001,122.26418285714286,0.13592174194541085,0.6154674665494676,0.6154674368404792,7.8838599019473525,K32_R20_edge
both_clean,74.09817343331105,99.77827050997786,False,0.1198864,14.985800000000001,122.26418285714286,-0.4795456948950683,0.7408683876138143,2.1677034701633064e-23,5.197930570832751,K32_R20_edge
both_clean,67.71405533976174,68.64586272476767,True,0.1198864,14.985800000000001,122.26418285714286,0.26027412530718924,0.7398198202022576,0.7398198202022576,18.000696290026177,K32_R20_edge
ppg_missing,100.81990223802379,100.82730093071356,True,0.1198864,14.985800000000001,122.26418285714286,0.2369312592444116,0.71647695413948,0.71647695413948,16.140854885309775,K32_R20_edge
ecg_missing,57.46761995092879,57.4398249452954,True,0.1198864,14.985800000000001,122.26418285714286,0.270167344012798,0.7497130389078663,0.7497130389078663,16.66967493720334,K32_R20_edge
ecg_missing,94.0154276644222,94.04388714733544,True,0.1198864,14.985800000000001,122.26418285714286,0.2694260592213659,0.7489717541164342,0.7489717541164342,18.912655125923177,K32_R20_edge
ppg_degraded,61.2694845539281,78.28174805247434,True,0.1198864,14.985800000000001,122.26418285714286,0.04081441415778287,0.5203601090528512,0.5203601090528512,20.203275569986722,K32_R20_edge
ecg_missing,73.54950656075495,73.52941176470588,True,0.1198864,14.985800000000001,122.26418285714286,0.2704150089442538,0.7499607038393221,0.7499607038393221,18.478247960067094,K32_R20_edge
ecg_degraded,63.913992707728305,81.77695866999754,True,0.1198864,14.985800000000001,122.26418285714286,0.07049689218335653,0.5500425870784249,0.5500425870784249,15.988938899079567,K32_R20_edge
ppg_missing,100.47367956154321,101.56250000000003,True,0.1198864,14.985800000000001,122.26418285714286,0.23992165164462442,0.7194675251872924,0.7194673465396928,7.816495622961128,K32_R20_edge
ecg_missing,73.4044731163917,73.44940152339501,True,0.1198864,14.985800000000001,122.26418285714286,0.26990382525826945,0.7494495201533378,0.7494495201533378,18.432866288075868,K32_R20_edge
both_clean,108.48156877293735,108.45383759733039,True,0.1198864,14.985800000000001,122.26418285714286,0.2516317839782914,0.7313158542533993,0.7311774788733597,7.5018171347885705,K32_R20_edge
ecg_degraded,87.51568906490641,89.19962042034838,True,0.1198864,14.985800000000001,122.26418285714286,0.14361602351851932,0.6231617184135877,0.6231617184135877,18.498364972379147,K32_R20_edge
ecg_missing,91.61737008217492,91.56492785793563,True,0.1198864,14.985800000000001,122.26418285714286,0.2697535746009239,0.7492992694959922,0.7492992694959922,19.53053782278547,K32_R20_edge
both_clean,81.29150732794506,83.70999533883716,True,0.1198864,14.985800000000001,122.26418285714286,0.2591290202658028,0.7386747151608711,0.7386747151608711,19.3556442463656,K32_R20_edge
ecg_degraded,68.53809194453547,69.551497914007,True,0.1198864,14.985800000000001,122.26418285714286,0.1475727081524285,0.6271800265289257,0.6271184030474969,7.537041067785313,K32_R20_edge
ecg_degraded,73.73338526314572,76.67485628567728,True,0.1198864,14.985800000000001,122.26418285714286,0.24389837867236075,0.7234440735674291,0.7234440735674291,18.34540253254321,K32_R20_edge
ecg_missing,106.4560512597141,94.96943797287585,False,0.1198864,14.985800000000001,122.26418285714286,-0.3455919614685396,0.748627186216052,0.1339537334265287,6.638479102751757,K32_R20_edge
ecg_degraded,62.072192043479866,82.80423518554984,True,0.1198864,14.985800000000001,122.26418285714286,0.05427187137504242,0.5338175662701108,0.5338175662701108,18.006101822880183,K32_R20_edge
ecg_missing,109.29313407321274,109.30493273542602,True,0.1198864,14.985800000000001,122.26418285714286,0.26921000930812017,0.7487557042031885,0.7487557042031885,19.447773339955756,K32_R20_edge
ecg_degraded,95.49835172022911,96.91164888428708,True,0.1198864,14.985800000000001,122.26418285714286,0.18626995282427783,0.6658156477193462,0.6658156477193462,18.691754373512723,K32_R20_edge
ppg_degraded,71.58721558955662,73.49245955483723,True,0.1198864,14.985800000000001,122.26418285714286,0.24860143944621582,0.7281471343412842,0.7281471343412842,17.849499490085446,K32_R20_edge
ppg_degraded,88.49081537033621,76.29977632236984,False,0.1198864,14.985800000000001,122.26418285714286,-0.4792152307572983,0.7247414469001168,0.000330464137770011,6.22286403588497,K32_R20_edge
ecg_missing,72.85889235758525,72.89416846652269,True,0.1198864,14.985800000000001,122.26418285714286,0.26972018340031084,0.7492695325287599,0.7492658782953792,7.68522269475719,K32_R20_edge
both_degraded,72.8895759583952,72.84622528085923,True,0.1198864,14.985800000000001,122.26418285714286,0.06909899667624575,0.5486446915713141,0.5486446915713141,16.31895154747438,K32_R20_edge
both_degraded,80.22817701167178,80.34155187034244,True,0.1198864,14.985800000000001,122.26418285714286,0.20737629412515013,0.6869219890202185,0.6869219890202185,19.51755732762257,K32_R20_edge
both_clean,51.00336929812263,80.81896551724138,False,0.1198864,14.985800000000001,122.26418285714286,-0.47428335486969253,0.7444276926186671,0.005262340025375814,6.369289534522174,K32_R20_edge
both_degraded,79.61429359660377,81.651626935656,True,0.1198864,14.985800000000001,122.26418285714286,0.2002195266368102,0.6797652215318786,0.6797652215318786,15.46332358841033,K32_R20_edge
ppg_degraded,108.29590480681328,84.46663644494686,False,0.1198864,14.985800000000001,122.26418285714286,-0.47954337407720815,0.6398502682754877,2.3208178601506692e-06,6.029354758103096,K32_R20_edge
both_clean,67.12791372713471,67.11409395973155,True,0.1198864,14.985800000000001,122.26418285714286,0.26223795142432277,0.7417836463325188,0.7417836463193911,8.176231530073908,K32_R20_edge
ecg_missing,94.89307754459674,94.93670886075951,True,0.1198864,14.985800000000001,122.26418285714286,0.27026292592227513,0.7498086208173435,0.7498086208173435,16.006692956079643,K32_R20_edge
ppg_degraded,76.5673334042297,78.81032442237539,True,0.1198864,14.985800000000001,122.26418285714286,0.17672880642946953,0.6562745013245379,0.6562745013245379,18.974822671474996,K32_R20_edge
ppg_degraded,62.55686255706713,76.89638860129422,True,0.1198864,14.985800000000001,122.26418285714286,0.08903975949097076,0.5685854543860391,0.5685854543860391,17.826445122501713,K32_R20_edge
ecg_missing,104.30015424908777,104.2780748663102,True,0.1198864,14.985800000000001,122.26418285714286,0.2694331541325951,0.7489788490276634,0.7489788490276634,19.428854883336577,K32_R20_edge
ppg_missing,51.00963708081278,53.191489361702125,True,0.1198864,14.985800000000001,122.26418285714286,0.25158134221411815,0.7311270371091865,0.7311270371091865,16.514322454005097,K32_R20_edge
both_degraded,68.21053559597064,90.46052631578948,False,0.1198864,14.985800000000001,122.26418285714286,-0.4795456948950683,0.5339421841215044,1.0487681091280429e-20,5.298087816444419,K32_R20_edge
both_clean,109.94155293943625,53.128689492325854,False,0.1198864,14.985800000000001,122.26418285714286,-0.47641297138249866,0.7329160543168716,0.0031327235125696434,6.3391671262743765,K32_R20_edge
ecg_degraded,65.72880777139937,75.08490883148036,True,0.1198864,14.985800000000001,122.26418285714286,0.11519238147432076,0.5947507133121389,0.5947380763693891,7.6150102401877104,K32_R20_edge
both_clean,100.94267131155632,100.89686098654711,True,0.1198864,14.985800000000001,122.26418285714286,0.2528745884642651,0.7324202833593334,0.7324202833593334,18.83817442958356,K32_R20_edge
ppg_missing,86.34098891934227,86.29707112970713,True,0.1198864,14.985800000000001,122.26418285714286,0.25211180293334085,0.7316574978284092,0.7316574978284092,16.011811099768373,K32_R20_edge
both_clean,98.36214245162742,99.31595279803919,True,0.1198864,14.985800000000001,122.26418285714286,0.2521161934952348,0.7316618883903031,0.7316618883903031,21.77670838476972,K32_R20_edge
both_degraded,87.8190653266087,88.99526796918671,True,0.1198864,14.985800000000001,122.26418285714286,-0.0029876564321475395,0.47655803846292083,0.47655803846292083,18.73845992690322,K32_R20_edge
both_degraded,71.7618114234709,71.81049778119383,True,0.1198864,14.985800000000001,122.26418285714286,0.23374955614118142,0.7132952510362498,0.7132952510362498,18.360282686110843,K32_R20_edge
ecg_missing,95.64732707500895,95.59675550405564,True,0.1198864,14.985800000000001,122.26418285714286,0.2694095723552235,0.7489552672502918,0.7489552672502918,16.898371392976554,K32_R20_edge
ppg_degraded,51.58907293423834,70.68228595401825,True,0.1198864,14.985800000000001,122.26418285714286,0.06556054758058194,0.5451062424756503,0.5451062424756503,18.85612327513499,K32_R20_edge
ppg_missing,76.80877710406712,76.79180887372014,True,0.1198864,14.985800000000001,122.26418285714286,0.2535497853676579,0.7330954802627263,0.7330954802627262,9.187954159075208,K32_R20_edge
ecg_missing,72.31127419220635,72.34726688102894,True,0.1198864,14.985800000000001,122.26418285714286,0.2698952919532122,0.7494409868482805,0.7494409868482805,16.963878683035844,K32_R20_edge
both_degraded,78.62444033824097,84.64923054421207,True,0.1198864,14.985800000000001,122.26418285714286,0.05729164157344858,0.536837336468517,0.536837336468517,18.82905008626854,K32_R20_edge
ppg_degraded,57.65724118976418,77.54133311004537,True,0.1198864,14.985800000000001,122.26418285714286,0.030084864313836616,0.509630559208905,0.509630559208905,16.684864399125292,K32_R20_edge
ecg_degraded,63.35041195677635,80.55726520783617,True,0.1198864,14.985800000000001,122.26418285714286,0.053926679344742386,0.5334732363328667,0.5334723742398108,7.735425806826123,K32_R20_edge
ecg_missing,83.72309540598256,83.79888268156425,True,0.1198864,14.985800000000001,122.26418285714286,0.26966644099149234,0.7492121358865607,0.7492121358865607,18.500094071022765,K32_R20_edge
ppg_missing,73.26614693935724,73.21041214750541,True,0.1198864,14.985800000000001,122.26418285714286,0.2526375812152895,0.7321832761103578,0.7321832761103578,18.303997885946952,K32_R20_edge
ppg_missing,97.49937233542043,97.50812567713977,True,0.1198864,14.985800000000001,122.26418285714286,0.2385068713077425,0.7180525662028109,0.7180525662028109,18.208363988834485,K32_R20_edge
both_degraded,86.30819535665087,87.73041936068729,True,0.1198864,14.985800000000001,122.26418285714286,0.19569646840690413,0.6752421633019725,0.6752421633019725,17.977915052341512,K32_R20_edge
both_clean,101.67600108721965,101.66840458811264,True,0.1198864,14.985800000000001,122.26418285714286,0.2547076831238457,0.734253378018914,0.734253378018914,19.716861102350524,K32_R20_edge
ppg_missing,93.94165023953627,95.94882729211089,True,0.1198864,14.985800000000001,122.26418285714286,0.24219688908004422,0.7217425839751126,0.7217425839751126,20.41353249605443,K32_R20_edge
both_clean,86.1094068655139,86.11691022964509,True,0.1198864,14.985800000000001,122.26418285714286,0.2582395644270233,0.7377852593220916,0.7377852593220916,18.70679549725062,K32_R20_edge
ecg_degraded,67.25693613175974,91.0549553147003,False,0.1198864,14.985800000000001,122.26418285714286,-0.4795244765851079,0.7188303381581199,2.1218309960414478e-05,6.10635632187413,K32_R20_edge
both_clean,96.96562807557011,92.18103715990935,False,0.1198864,14.985800000000001,122.26418285714286,-0.4782414527140924,0.7309479877379714,0.0013042421809759135,6.290755078312214,K32_R20_edge
both_degraded,65.07605469026491,96.88876418407457,True,0.1198864,14.985800000000001,122.26418285714286,-0.12247147436908007,0.4242279243607835,0.3570742205259883,6.9935135559837835,K32_R20_edge
ecg_missing,54.512666708864266,54.54545454545454,True,0.1198864,14.985800000000001,122.26418285714286,0.27008718966678485,0.7496450987991341,0.7496328845618532,7.627987437630893,K32_R20_edge
ecg_missing,107.77187470659368,107.6923076923077,True,0.1198864,14.985800000000001,122.26418285714286,0.26926792147360484,0.7488136163686732,0.7488136163686732,15.492946424251077,K32_R20_edge
ecg_missing,82.40067230578815,82.41758241758242,True,0.1198864,14.985800000000001,122.26418285714286,0.27042627201406905,0.7499719669091374,0.7499719669091374,16.365253248873103,K32_R20_edge
both_clean,96.43365785298869,96.41228091403319,True,0.1198864,14.985800000000001,122.26418285714286,0.25675987352914903,0.7363055684242173,0.7363055684242173,18.490285143619204,K32_R20_edge
ecg_missing,81.75336845782161,81.78844056706653,True,0.1198864,14.985800000000001,122.26418285714286,0.26975421217014345,0.7492999070652118,0.7492999070652118,18.186800842765088,K32_R20_edge
both_clean,86.69478382230929,87.25211373664851,True,0.1198864,14.985800000000001,122.26418285714286,0.2590101756246778,0.7385558705197461,0.7385558705197461,16.926314756902997,K32_R20_edge
both_clean,52.03353503099037,52.053110332266954,True,0.1198864,14.985800000000001,122.26418285714286,0.2671643682949307,0.746710063189999,0.746710063189999,18.111610578662606,K32_R20_edge
ppg_missing,61.20762076122851,61.188811188811194,True,0.1198864,14.985800000000001,122.26418285714286,0.25744502950354237,0.7369907243986107,0.7369907243986107,17.911460247913194,K32_R20_edge
ecg_missing,90.48136372608664,80.59694141563773,False,0.1198864,14.985800000000001,122.26418285714286,-0.4795456948840344,0.7488610476624329,1.1033883183687223e-11,5.68479691205121,K32_R20_edge
ppg_degraded,84.2338758771499,86.37952693011992,True,0.1198864,14.985800000000001,122.26418285714286,0.23516483976038094,0.7147105346554493,0.7147105346554493,17.975755436535163,K32_R20_edge
both_clean,59.513302039202756,59.49011997678228,True,0.1198864,14.985800000000001,122.26418285714286,0.2696920263753229,0.7492377212703912,0.7492377212703912,15.55577889548075,K32_R20_edge
ecg_missing,107.12175612357109,107.1428571428571,True,0.1198864,14.985800000000001,122.26418285714286,0.27041318246993035,0.7499588773649987,0.7499588773649987,18.498108442799264,K32_R20_edge
ppg_missing,59.26121795284426,59.255079006772,True,0.1198864,14.985800000000001,122.26418285714286,0.2588881594417794,0.7384338543368477,0.7384338543368477,16.805523826327327,K32_R20_edge
ppg_degraded,80.61819498432112,81.61913612142028,True,0.1198864,14.985800000000001,122.26418285714286,0.15686016364805389,0.6364106071475194,0.6364058585431223,7.665353311958413,K32_R20_edge
ppg_degraded,58.64017250115546,79.25573292451871,True,0.1198864,14.985800000000001,122.26418285714286,0.028588155666528507,0.5081338505615969,0.5081338505615969,15.880542561173023,K32_R20_edge
ppg_missing,93.04230356637407,95.03695881731787,True,0.1198864,14.985800000000001,122.26418285714286,0.24106405436915834,0.7206097492688192,0.7206097492642267,8.210948093667286,K32_R20_edge
ppg_degraded,66.57878084570916,68.9146674936709,True,0.1198864,14.985800000000001,122.26418285714286,0.25435075609023255,0.7338964509853009,0.7338964509853009,20.546736466003807,K32_R20_edge
ppg_missing,58.048038507307,58.075221238938056,True,0.1198864,14.985800000000001,122.26418285714286,0.2620510257109567,0.741596720606025,0.741596720606025,17.4758412195372,K32_R20_edge
ecg_degraded,52.75923084023094,69.06239424563876,True,0.1198864,14.985800000000001,122.26418285714286,0.057528930566620014,0.5370746254616884,0.5370746254616884,17.08315070450695,K32_R20_edge
both_clean,60.49013227385742,60.483870967741936,True,0.1198864,14.985800000000001,122.26418285714286,0.270403021505306,0.7499487164003743,0.7499487164003743,16.604333924672993,K32_R20_edge
ecg_degraded,61.507923003413985,78.87869444943118,True,0.1198864,14.985800000000001,122.26418285714286,0.0663581297890512,0.5459038246841196,0.5459038246841196,19.318421156004828,K32_R20_edge
ecg_missing,82.21832477430755,82.23684210526316,True,0.1198864,14.985800000000001,122.26418285714286,0.2696972283074632,0.7492429232025315,0.7492429232025315,19.045683962821418,K32_R20_edge
ecg_degraded,77.06233317028347,77.77634096519537,True,0.1198864,14.985800000000001,122.26418285714286,0.1653545933050291,0.6449002882000975,0.6449002882000975,19.228667671351708,K32_R20_edge
both_degraded,107.43766203521224,107.26335842592829,True,0.1198864,14.985800000000001,122.26418285714286,0.08576154025501082,0.5653072351500792,0.5653072351500792,17.47560818723928,K32_R20_edge
ecg_missing,107.24908021199855,107.26072607260723,True,0.1198864,14.985800000000001,122.26418285714286,0.26864764087876053,0.7486352164770366,0.7481933357738288,7.437431936743467,K32_R20_edge
ecg_degraded,97.79276662810582,97.68478018068193,True,0.1198864,14.985800000000001,122.26418285714286,0.14398413348022698,0.6235298283752954,0.6235298283752954,17.8749165213186,K32_R20_edge
both_clean,90.2952580388422,90.26258205689277,True,0.1198864,14.985800000000001,122.26418285714286,0.2518648577386426,0.7314105526337109,0.7314105526337109,17.307259747624926,K32_R20_edge
ppg_degraded,100.70138549410078,100.72314049586778,True,0.1198864,14.985800000000001,122.26418285714286,0.1630606569732277,0.6426063518682961,0.6426063518682961,17.66705762348297,K32_R20_edge
ppg_degraded,106.32510970879308,106.13890209794553,True,0.1198864,14.985800000000001,122.26418285714286,0.14156623258801104,0.6211119274830794,0.6211119274830794,16.170634616674477,K32_R20_edge
ecg_degraded,51.357063733220166,68.46987463832477,True,0.1198864,14.985800000000001,122.26418285714286,0.0618467072844966,0.541392402179565,0.541392402179565,18.147455406400034,K32_R20_edge
both_clean,57.086313629051524,57.06521739130435,True,0.1198864,14.985800000000001,122.26418285714286,0.26447686164762246,0.7440225565426908,0.7440225565426908,20.0723387986852,K32_R20_edge
both_degraded,71.6158330810186,90.46052631578948,False,0.1198864,14.985800000000001,122.26418285714286,-0.4794689487449275,0.68726041268051,7.674615014081384e-05,6.160275444864667,K32_R20_edge
ecg_missing,55.61521118255598,58.33333333333333,True,0.1198864,14.985800000000001,122.26418285714286,0.27019948302118507,0.7497451779162534,0.7497451779162534,18.91510702274909,K32_R20_edge
both_clean,85.97146838319662,86.91857607029799,True,0.1198864,14.985800000000001,122.26418285714286,0.2564274689719532,0.7359731638670215,0.7359731638670215,19.72664017771853,K32_R20_edge
ppg_missing,65.62185334088652,65.64551422319475,True,0.1198864,14.985800000000001,122.26418285714286,0.2580841001014205,0.7376297949964888,0.7376297949964888,16.857845666706837,K32_R20_edge
ecg_degraded,65.86038374793952,73.20050645848333,True,0.1198864,14.985800000000001,122.26418285714286,0.1266795592232507,0.6062252541183191,0.6062252541183191,14.782864574694687,K32_R20_edge
ecg_degraded,67.29967931887194,69.08828403327882,True,0.1198864,14.985800000000001,122.26418285714286,0.24223243539918982,0.7217781302942582,0.7217781302942582,18.541281489326245,K32_R20_edge
both_clean,55.862939455063405,57.20044593605459,True,0.1198864,14.985800000000001,122.26418285714286,0.2594186343505284,0.7389643292455967,0.7389643292455967,18.276253513734773,K32_R20_edge
ecg_degraded,94.45666719428954,94.4386149003148,True,0.1198864,14.985800000000001,122.26418285714286,0.24093267325603096,0.7204783681510993,0.7204783681510993,18.87353741213498,K32_R20_edge
ecg_missing,89.040345775979,89.09287257019439,True,0.1198864,14.985800000000001,122.26418285714286,0.26969311459599293,0.7492388094910613,0.7492388094910613,17.929889417160158,K32_R20_edge
both_degraded,86.39048543847574,86.29383624691962,True,0.1198864,14.985800000000001,122.26418285714286,0.2265813773239841,0.7061270722190525,0.7061270722190525,17.93131341602481,K32_R20_edge
ppg_missing,52.04273493666653,55.08919202518363,True,0.1198864,14.985800000000001,122.26418285714286,0.2615240701836041,0.7410697650786724,0.7410697650786724,16.260832206865807,K32_R20_edge
ecg_missing,75.76784867833265,75.75757575757575,True,0.1198864,14.985800000000001,122.26418285714286,0.270442846396512,0.7499885412915803,0.7499885412915803,18.348665599779025,K32_R20_edge
ppg_missing,91.11221539399057,93.07135470527405,True,0.1198864,14.985800000000001,122.26418285714286,0.24746698882745932,0.7270126837225277,0.7270126837225277,18.52474704902359,K32_R20_edge
both_clean,59.38079899421518,59.389140271493225,True,0.1198864,14.985800000000001,122.26418285714286,0.2647492054552491,0.7442949003503174,0.7442949003503174,15.895920664312715,K32_R20_edge
ppg_missing,73.13947067945304,75.25083612040135,True,0.1198864,14.985800000000001,122.26418285714286,0.2530404719812687,0.732586166876337,0.732586166876337,17.21034522376052,K32_R20_edge
both_clean,51.19004872819622,51.194539249146764,True,0.1198864,14.985800000000001,122.26418285714286,0.2671313326693648,0.7466770275644331,0.7466770275644331,18.27270519990034,K32_R20_edge
ecg_degraded,54.911479824634526,90.46052631578948,False,0.1198864,14.985800000000001,122.26418285714286,-0.3780129738566636,0.5267811657349928,0.10153272103840474,6.647742910027671,K32_R20_edge
ppg_degraded,62.98721479994323,77.77373270366603,True,0.1198864,14.985800000000001,122.26418285714286,0.05764350389788465,0.537189198792953,0.537189198792953,17.644024948171378,K32_R20_edge
ppg_missing,74.87900966847492,74.83370288248337,True,0.1198864,14.985800000000001,122.26418285714286,0.24844619676738977,0.7279918916624581,0.7279918916624581,19.54625724630486,K32_R20_edge
ppg_missing,77.79440217724279,79.87220447284345,True,0.1198864,14.985800000000001,122.26418285714286,0.2505304138184869,0.7300761087135552,0.7300761087135552,17.79592390216962,K32_R20_edge
ppg_degraded,103.07129189708678,102.96245074601835,True,0.1198864,14.985800000000001,122.26418285714286,0.20258315688950956,0.6821288517845779,0.6821288517845779,20.852613127450866,K32_R20_edge
ecg_degraded,68.9995065304408,70.6840390831161,True,0.1198864,14.985800000000001,122.26418285714286,0.18791319596194023,0.6674588908570086,0.6674588908570086,18.24230332523234,K32_R20_edge
both_clean,51.28783257663148,51.282234502806205,True,0.1198864,14.985800000000001,122.26418285714286,0.2658757380244044,0.7454214372891483,0.7454214329194727,7.96656024679063,K32_R20_edge
both_clean,99.57340080626992,100.49048077943442,True,0.1198864,14.985800000000001,122.26418285714286,0.2534165226282796,0.7329622175233479,0.7329622175233479,19.274691822633006,K32_R20_edge
ppg_degraded,53.710816122414364,71.6184503773248,True,0.1198864,14.985800000000001,122.26418285714286,0.03950543781724892,0.5190511327123173,0.5190511327123173,18.854885071246823,K32_R20_edge
ppg_degraded,55.5795195597337,68.4224745187961,True,0.1198864,14.985800000000001,122.26418285714286,0.12459523936075834,0.6041409342558267,0.6041409342558267,15.684290077482014,K32_R20_edge
ppg_degraded,107.79090300438409,99.77827050997786,False,0.1198864,14.985800000000001,122.26418285714286,-0.47954569483090637,0.6932501071346868,6.416195191825737e-11,5.727895464879,K32_R20_edge
both_degraded,95.20192508770151,95.08689378825001,True,0.1198864,14.985800000000001,122.26418285714286,0.20200107300663106,0.6815467679016994,0.6815467679016994,17.46237913115848,K32_R20_edge
both_degraded,70.2712521667553,70.77355674865738,True,0.1198864,14.985800000000001,122.26418285714286,0.14222286346900592,0.6217685583640743,0.6217685583640743,17.47256485563128,K32_R20_edge
ppg_degraded,57.93073049715174,76.13713238027881,True,0.1198864,14.985800000000001,122.26418285714286,0.04994818777584332,0.5294938826709117,0.5294938826709117,16.698964679707533,K32_R20_edge
both_degraded,73.2038343903117,74.74533394550338,True,0.1198864,14.985800000000001,122.26418285714286,0.06330786699919222,0.5428535618942606,0.5428535618942606,14.792828037779188,K32_R20_edge
ppg_missing,70.35169356681041,72.42489270386265,True,0.1198864,14.985800000000001,122.26418285714286,0.25424532120421456,0.7337910160992828,0.7337910160992829,9.477532841255359,K32_R20_edge
both_clean,102.4664720865484,102.41596638655464,True,0.1198864,14.985800000000001,122.26418285714286,0.25146822849893075,0.7314232305287303,0.7310139233939991,7.440552080293864,K32_R20_edge
ecg_degraded,75.1251810388424,76.69273747665696,True,0.1198864,14.985800000000001,122.26418285714286,0.18465127500074874,0.6641969698958171,0.6641969698958171,17.671677103890083,K32_R20_edge
ppg_degraded,54.92270036093732,73.77254578099952,True,0.1198864,14.985800000000001,122.26418285714286,0.04186100635538515,0.5214067012504535,0.5214067012504535,16.844040493187194,K32_R20_edge
both_clean,105.60831214151517,105.63380281690144,True,0.1198864,14.985800000000001,122.26418285714286,0.26928276395757905,0.7488284588526474,0.7488284588526474,19.967663182501457,K32_R20_edge
ecg_degraded,87.3388018229156,88.68901774535279,True,0.1198864,14.985800000000001,122.26418285714286,0.23671245621461146,0.7162581511096798,0.7162581511096798,18.744465304669973,K32_R20_edge
ppg_missing,57.002591406860134,70.97791798107255,False,0.1198864,14.985800000000001,122.26418285714286,-0.46320915535747725,0.7397110196156941,0.01633653953759105,6.445513514650596,K32_R20_edge
ecg_degraded,56.790449602785344,75.22460666732674,True,0.1198864,14.985800000000001,122.26418285714286,0.0038894310564177637,0.5448912704965996,0.48343512595148613,7.033740330159055,K32_R20_edge
ecg_missing,77.95599446985585,77.96257796257797,True,0.1198864,14.985800000000001,122.26418285714286,0.26985497071453607,0.7494006656096044,0.7494006656096044,19.03544092147232,K32_R20_edge
both_degraded,55.52533794134697,111.14008542452545,True,0.1198864,14.985800000000001,122.26418285714286,-0.130036325685977,0.34950936920909137,0.34950936920909137,18.767603519674136,K32_R20_edge
both_degraded,87.90513153216551,91.0549553147003,True,0.1198864,14.985800000000001,122.26418285714286,0.1970481350190565,0.6766066624026231,0.6765938299141249,7.620580758696925,K32_R20_edge
ecg_degraded,86.98302746569462,87.23186804641252,True,0.1198864,14.985800000000001,122.26418285714286,0.14455841295560046,0.6241041078506688,0.6241041078506688,18.517312663765015,K32_R20_edge
both_degraded,51.924880917089226,104.67585427094373,True,0.1198864,14.985800000000001,122.26418285714286,-0.03621149532279876,0.4435451805909483,0.4433341995722696,7.449995940139367,K32_R20_edge
both_degraded,98.44536686247767,99.63059779575647,True,0.1198864,14.985800000000001,122.26418285714286,0.005119722307756597,0.48466541720282497,0.48466541720282497,15.826011598528511,K32_R20_edge
ecg_degraded,97.2076856563699,97.61056028297712,True,0.1198864,14.985800000000001,122.26418285714286,0.18947348027193345,0.6690191751670018,0.6690191751670018,17.99685529707484,K32_R20_edge
both_clean,104.9184961169185,104.951560818084,True,0.1198864,14.985800000000001,122.26418285714286,0.25634357860332674,0.7358892734983951,0.7358892734983951,15.224382155051412,K32_R20_edge
ppg_degraded,90.21839880430862,90.21356096233256,True,0.1198864,14.985800000000001,122.26418285714286,0.2483153294576883,0.7278610243527567,0.7278610243527567,15.636945585748709,K32_R20_edge
ppg_missing,91.5717339401134,91.56492785793563,True,0.1198864,14.985800000000001,122.26418285714286,0.24725798460012338,0.7268036794951918,0.7268036794951918,18.958754363653753,K32_R20_edge
both_clean,59.82449926719008,60.75610164793739,True,0.1198864,14.985800000000001,122.26418285714286,0.262418948024381,0.7419646429194493,0.7419646429194493,17.440231346391922,K32_R20_edge
ppg_degraded,51.433328838728706,71.46856000635385,True,0.1198864,14.985800000000001,122.26418285714286,0.06781672784679083,0.5473624227418592,0.5473624227418592,17.930291978922714,K32_R20_edge
ecg_missing,53.933789145105195,53.956834532374096,True,0.1198864,14.985800000000001,122.26418285714286,0.27041197885479945,0.7499585704290312,0.7499576737498678,7.748791186618894,K32_R20_edge
both_degraded,107.86768040962144,108.43379950715538,True,0.1198864,14.985800000000001,122.26418285714286,0.1338122728844292,0.6133579677794976,0.6133579677794976,14.849914150013333,K32_R20_edge
both_degraded,88.743281933578,91.73012159485111,True,0.1198864,14.985800000000001,122.26418285714286,0.11248068623910012,0.5920317938292863,0.5920263811341685,7.655744226624148,K32_R20_edge
ppg_missing,106.81439998960444,106.79079956188387,True,0.1198864,14.985800000000001,122.26418285714286,0.24015724723379273,0.7197029421288611,0.7197029421288611,17.919580739449582,K32_R20_edge
ppg_degraded,70.96306153232574,70.97791798107255,True,0.1198864,14.985800000000001,122.26418285714286,0.22814904989379414,0.7076947447888622,0.7076947447888625,8.622232603534954,K32_R20_edge
ppg_missing,95.31329459968484,95.33898305084747,True,0.1198864,14.985800000000001,122.26418285714286,0.24112290294107352,0.7206685978361419,0.7206685978361419,18.19118345350695,K32_R20_edge
ecg_missing,53.92393792170001,80.59694141563773,False,0.1198864,14.985800000000001,122.26418285714286,-0.47954395881150275,0.7499173247427542,1.7360835655894161e-06,6.013908716199723,K32_R20_edge
ecg_degraded,59.97230993557827,78.7932277980632,True,0.1198864,14.985800000000001,122.26418285714286,0.04393064465361319,0.5234763395486816,0.5234763395486816,18.012896151625505,K32_R20_edge
ecg_missing,66.6280000923194,90.39743861233757,False,0.1198864,14.985800000000001,122.26418285714286,-0.033758809589033205,0.7494546010843668,0.44578688530603516,6.850178441170824,K32_R20_edge
ecg_degraded,83.0190951020445,83.00191577557108,True,0.1198864,14.985800000000001,122.26418285714286,0.17336949021177828,0.6529151851068467,0.6529151851068467,17.754091543059804,K32_R20_edge
both_clean,83.4445328054546,84.446819803668,True,0.1198864,14.985800000000001,122.26418285714286,0.2051372082457602,0.7346355757535463,0.6846829031408286,7.087536562179634,K32_R20_edge
ppg_missing,79.93918713842089,80.99352051835854,True,0.1198864,14.985800000000001,122.26418285714286,0.2517453163193502,0.7312910781846633,0.7312910112144185,7.857875056258324,K32_R20_edge
ppg_degraded,75.46781507792466,75.34727111425322,True,0.1198864,14.985800000000001,122.26418285714286,0.1737904323923627,0.6533361272874311,0.6533361272874311,19.611261967329817,K32_R20_edge
ecg_missing,84.54230962034592,53.128689492325854,False,0.1198864,14.985800000000001,122.26418285714286,-0.4793310727706222,0.7492838947639271,0.0002146221244461333,6.201453088472791,K32_R20_edge
both_degraded,107.9997437232703,107.97518879980714,True,0.1198864,14.985800000000001,122.26418285714286,0.13832526974923542,0.6195711423689246,0.6178709646443038,7.34217861366168,K32_R20_edge
ppg_degraded,77.48477362916715,77.51954565940414,True,0.1198864,14.985800000000001,122.26418285714286,0.25259824805255277,0.7321439429476211,0.7321439429476211,19.372567488755127,K32_R20_edge
both_clean,100.2482853079043,100.20554984583764,True,0.1198864,14.985800000000001,122.26418285714286,0.2548795459171473,0.7344252408122156,0.7344252408122156,16.26695683656245,K32_R20_edge
ecg_missing,53.35231790191227,55.91054313099041,True,0.1198864,14.985800000000001,122.26418285714286,0.27022367539134445,0.7497693702864128,0.7497693702864128,18.864821919474423,K32_R20_edge
ecg_missing,73.13523543380346,73.21041214750542,True,0.1198864,14.985800000000001,122.26418285714286,0.26989076316323574,0.749436534074461,0.7494364580583041,7.853687746817869,K32_R20_edge
ecg_degraded,83.62978661854395,84.8968826912988,True,0.1198864,14.985800000000001,122.26418285714286,0.23545976975240057,0.715005464647469,0.715005464647469,17.867488121354363,K32_R20_edge
both_clean,87.21923333929624,87.79281724887174,True,0.1198864,14.985800000000001,122.26418285714286,0.24084506328609268,0.720390758181161,0.720390758181161,16.618704348380522,K32_R20_edge
ppg_degraded,65.00110039592067,74.4040339746693,True,0.1198864,14.985800000000001,122.26418285714286,0.14271617290011585,0.6222618677951842,0.6222618677951842,20.39373554267715,K32_R20_edge
ppg_degraded,73.95746080919571,73.93209200438118,True,0.1198864,14.985800000000001,122.26418285714286,0.25361064935509353,0.7331563442501619,0.7331563442501619,17.68566153053234,K32_R20_edge
ecg_degraded,106.8203701241414,88.47416860974721,False,0.1198864,14.985800000000001,122.26418285714286,-0.4795416886071302,0.6200764996705884,4.006287938118211e-06,6.0497192674222235,K32_R20_edge
ecg_missing,88.93104524071694,88.99676375404532,True,0.1198864,14.985800000000001,122.26418285714286,0.22161388322749787,0.7492520840503737,0.7011595781225662,7.093284970359415,K32_R20_edge
ecg_missing,85.09797490473767,85.0515463917526,True,0.1198864,14.985800000000001,122.26418285714286,0.26970515027641645,0.7492508451714848,0.7492508451714848,18.9848237910737,K32_R20_edge
both_degraded,53.91792263119046,108.3917135626727,True,0.1198864,14.985800000000001,122.26418285714286,-0.1333689674786061,0.34617672741646227,0.34617672741646227,15.497409408301477,K32_R20_edge
ppg_degraded,53.130575458588865,71.74508892769704,True,0.1198864,14.985800000000001,122.26418285714286,0.04346557444757638,0.5230112693426447,0.5230112693426447,15.705620389278701,K32_R20_edge
both_degraded,62.683906869923874,99.33456964501305,True,0.1198864,14.985800000000001,122.26418285714286,-0.0827440705365936,0.39680162435847477,0.39680162435847477,19.302214820328118,K32_R20_edge
ppg_missing,58.26936655091798,58.26859045504994,True,0.1198864,14.985800000000001,122.26418285714286,0.2591771124058227,0.738722807300891,0.738722807300891,14.962056086104674,K32_R20_edge
ppg_missing,109.02499575639726,109.0342679127726,True,0.1198864,14.985800000000001,122.26418285714286,0.23038311705174674,0.7099288119478611,0.7099288119468151,8.259779776995494,K32_R20_edge
both_degraded,50.16482885615985,88.83380422518961,True,0.1198864,14.985800000000001,122.26418285714286,-0.024967230032851114,0.45457846486221726,0.45457846486221726,17.60508871331049,K32_R20_edge
ecg_missing,71.95061175083103,71.96162046908316,True,0.1198864,14.985800000000001,122.26418285714286,0.26993381437646885,0.7494795092715372,0.7494795092715372,16.872268947361643,K32_R20_edge
ppg_degraded,53.5053469774281,70.81483230685191,True,0.1198864,14.985800000000001,122.26418285714286,0.03764766089379457,0.5171933557888629,0.5171933557888629,19.265909974394607,K32_R20_edge
ecg_missing,88.4006334990606,107.49602756487728,False,0.1198864,14.985800000000001,122.26418285714286,-0.4795456948950683,0.7490299959145764,1.4242120126521295e-17,5.413674365330988,K32_R20_edge
both_degraded,52.79199212449155,106.01910355276875,True,0.1198864,14.985800000000001,122.26418285714286,-0.058626991799508914,0.42091870309555945,0.42091870309555945,18.33702318852493,K32_R20_edge
both_degraded,54.104578132503335,93.19887243412563,True,0.1198864,14.985800000000001,122.26418285714286,-0.06712106384542349,0.4124246310496449,0.4124246310496449,16.607523471094137,K32_R20_edge
ppg_degraded,54.79655033648713,55.331758965706605,True,0.1198864,14.985800000000001,122.26418285714286,0.2534408369641807,0.732986531859249,0.732986531859249,14.617192411285775,K32_R20_edge
ecg_degraded,66.30710787817277,90.46052631578948,False,0.1198864,14.985800000000001,122.26418285714286,-0.46889112710737896,0.7214572363454919,0.010654567787689364,6.417113810849675,K32_R20_edge
ppg_missing,84.58148407979903,84.55467869222097,True,0.1198864,14.985800000000001,122.26418285714286,0.2322547857326881,0.7304319204604874,0.7118004806277565,7.177426760194435,K32_R20_edge
ppg_missing,98.32691705785123,100.30864197530866,True,0.1198864,14.985800000000001,122.26418285714286,0.24183286185425734,0.7213785567493257,0.7213785567493257,17.110728812079028,K32_R20_edge
ecg_missing,66.03149507007565,66.006600660066,True,0.1198864,14.985800000000001,122.26418285714286,0.2699364508572774,0.7494821457523457,0.7494821457523457,18.769568795423474,K32_R20_edge
ppg_missing,66.99026339416798,80.50047377344364,False,0.1198864,14.985800000000001,122.26418285714286,-0.47954569489506776,0.7481772025226674,5.42452885998935e-16,5.479939022574106,K32_R20_edge
both_clean,99.46892863711622,99.44751381215472,True,0.1198864,14.985800000000001,122.26418285714286,0.25455476176324005,0.7341004566583084,0.7341004566583084,18.199604431108643,K32_R20_edge
ecg_degraded,94.75690281057936,95.70360240199307,True,0.1198864,14.985800000000001,122.26418285714286,0.2370323669031814,0.7165780617982498,0.7165780617982498,17.228302617862212,K32_R20_edge
ecg_missing,57.60888490144008,57.62897914379803,True,0.1198864,14.985800000000001,122.26418285714286,0.2701147895059413,0.7497144171869602,0.7496604844010096,7.553380583450451,K32_R20_edge
ppg_degraded,98.38093608238142,57.31441048034934,False,0.1198864,14.985800000000001,122.26418285714286,-0.4795456948950683,0.7039315473507868,3.826986580702468e-26,5.108048722605183,K32_R20_edge
ecg_missing,99.87506651811687,99.88901220865706,True,0.1198864,14.985800000000001,122.26418285714286,0.2694727416437845,0.7490184365388528,0.7490184365388528,20.486308937271573,K32_R20_edge
ecg_missing,60.66954701402635,104.67585427094373,False,0.1198864,14.985800000000001,122.26418285714286,-0.46707074348611566,0.7496858160025606,0.012474951408952642,6.425349373739788,K32_R20_edge
ecg_degraded,87.6168799143532,87.67268862911797,True,0.1198864,14.985800000000001,122.26418285714286,0.168684299216592,0.7203911840939535,0.6482299941116604,7.0469469356642715,K32_R20_edge
ppg_missing,61.80461730927428,70.24387243201966,False,0.1198864,14.985800000000001,122.26418285714286,-0.47913158890861646,0.7377396460070151,0.0004141059864518632,6.232695089487059,K32_R20_edge
ppg_degraded,64.60956272168495,65.70318135269548,True,0.1198864,14.985800000000001,122.26418285714286,0.2570941373510069,0.7366398322460752,0.7366398322460752,17.30761075612248,K32_R20_edge
both_clean,79.64034531971852,81.97230277877736,True,0.1198864,14.985800000000001,122.26418285714286,0.2573716623051084,0.7369173572001767,0.7369173572001767,17.695102538584838,K32_R20_edge
ecg_missing,81.3332016770485,81.34490238611714,True,0.1198864,14.985800000000001,122.26418285714286,0.26972826104230146,0.7492739559373698,0.7492739559373698,17.74612007183553,K32_R20_edge
ppg_degraded,78.74201092389123,79.25878857893501,True,0.1198864,14.985800000000001,122.26418285714286,0.1559273167232238,0.6354730116182922,0.6354730116182922,18.40757436170366,K32_R20_edge
ppg_missing,82.46846319825252,82.50825082508251,True,0.1198864,14.985800000000001,122.26418285714286,0.22279976995304385,0.7159002278639632,0.7023454648481122,7.202058370222684,K32_R20_edge
both_degraded,62.78988058552714,115.59464790655441,True,0.1198864,14.985800000000001,122.26418285714286,-0.18489607495410304,0.29464961994096533,0.29464961994096533,19.917368066245405,K32_R20_edge
both_degraded,96.71482208767472,100.7699038583489,True,0.1198864,14.985800000000001,122.26418285714286,0.08071691770194656,0.5602626125970149,0.5602626125970149,18.599396124526418,K32_R20_edge
ppg_degraded,66.6709047217165,80.59694141563773,False,0.1198864,14.985800000000001,122.26418285714286,-0.3383028654635401,0.7356420839440584,0.1412428294315282,6.647255175156191,K32_R20_edge
ppg_degraded,104.76099738314662,104.7830478098328,True,0.1198864,14.985800000000001,122.26418285714286,0.24548624474802427,0.7250319396430926,0.7250319396430926,21.182372407261173,K32_R20_edge
both_degraded,80.90931821537538,84.80405952918743,True,0.1198864,14.985800000000001,122.26418285714286,0.13885928547984872,0.6184049803749171,0.6184049803749171,16.625402819385997,K32_R20_edge
ppg_missing,68.2210431766751,68.18181818181819,True,0.1198864,14.985800000000001,122.26418285714286,0.2664641894180659,0.7460098843131342,0.7460098843131342,16.936356411673064,K32_R20_edge
ppg_degraded,60.46303415049801,80.71111402681073,True,0.1198864,14.985800000000001,122.26418285714286,0.043217560581794164,0.5236108407924526,0.5227632554768625,7.3761589276705575,K32_R20_edge
ecg_missing,79.11223774496182,101.56250000000003,False,0.1198864,14.985800000000001,122.26418285714286,-0.46222756699756157,0.7493195536256605,0.017318127897506776,6.44883873111526,K32_R20_edge
both_degraded,72.57783800908115,77.4028934425998,True,0.1198864,14.985800000000001,122.26418285714286,0.10237748797002244,0.5819231828650908,0.5819231828650908,18.24909744839948,K32_R20_edge
ppg_degraded,87.38562744331597,93.12271227731168,True,0.1198864,14.985800000000001,122.26418285714286,0.11455175046455579,0.5940974460483818,0.5940974453596242,8.027512659812517,K32_R20_edge
ppg_missing,79.907574957377,81.9672131147541,True,0.1198864,14.985800000000001,122.26418285714286,0.24598330902476617,0.7255290039198345,0.7255290039198345,19.054439001605118,K32_R20_edge
ecg_degraded,52.217581880041806,66.8197906696311,True,0.1198864,14.985800000000001,122.26418285714286,0.044183442381210754,0.5237291372762791,0.5237291372762791,20.363113281797983,K32_R20_edge
ppg_missing,99.98568612851201,100.00000000000003,True,0.1198864,14.985800000000001,122.26418285714286,0.2698014926855781,0.7493471875806464,0.7493471875806464,17.94800458792294,K32_R20_edge
ppg_missing,53.10043634716376,54.17956656346749,True,0.1198864,14.985800000000001,122.26418285714286,0.2638344422600544,0.7433801371551227,0.7433801371551227,17.672448028851893,K32_R20_edge
ecg_missing,99.65570983155263,99.66777408637876,True,0.1198864,14.985800000000001,122.26418285714286,0.2692923434856192,0.7488380383806875,0.7488380383806875,16.405244318969167,K32_R20_edge
ecg_missing,98.76497860500658,98.79253567508235,True,0.1198864,14.985800000000001,122.26418285714286,0.2691094588938165,0.7486551537888848,0.7486551537888848,18.402472270201617,K32_R20_edge
ppg_degraded,105.43898751725371,89.86928104575162,False,0.1198864,14.985800000000001,122.26418285714286,-0.47939857000705477,0.6916548488720927,0.00014712488801355263,6.18814238762778,K32_R20_edge
ecg_degraded,89.86406246909196,89.86928104575162,True,0.1198864,14.985800000000001,122.26418285714286,0.14105235834876573,0.6244182280596369,0.6205980532438341,7.287449859196345,K32_R20_edge
ecg_missing,59.63741804632103,62.11180124223603,True,0.1198864,14.985800000000001,122.26418285714286,0.27001546969605256,0.7495611645911209,0.7495611645911209,16.34087959760944,K32_R20_edge
ecg_degraded,76.51576468724227,77.8151516020852,True,0.1198864,14.985800000000001,122.26418285714286,0.13714406906927623,0.6166897639643446,0.6166897639643446,18.014131502672413,K32_R20_edge
ecg_missing,76.36595961022823,78.86435331230285,True,0.1198864,14.985800000000001,122.26418285714286,0.2696536616914003,0.7493530826833944,0.7491993565864686,7.497384098786621,K32_R20_edge
ppg_degraded,87.93997918891489,90.95490250303763,True,0.1198864,14.985800000000001,122.26418285714286,0.2437063691211253,0.7232520640161937,0.7232520640161937,16.467588490054005,K32_R20_edge
both_clean,72.86825194424262,72.89416846652269,True,0.1198864,14.985800000000001,122.26418285714286,0.2628565737632343,0.7424022686583026,0.7424022686583026,15.73521101857697,K32_R20_edge
ecg_missing,90.5406852781471,90.55982436882549,True,0.1198864,14.985800000000001,122.26418285714286,0.26947572034839035,0.7490214152434587,0.7490214152434587,18.153814334403847,K32_R20_edge
both_degraded,62.23444280587026,123.36723313006642,True,0.1198864,14.985800000000001,122.26418285714286,-0.09554028045055096,0.3840054144445174,0.3840054144445174,19.476706803415603,K32_R20_edge
ecg_missing,71.20104668879353,71.17437722419929,True,0.1198864,14.985800000000001,122.26418285714286,0.2699490489534258,0.7494947438484941,0.7494947438484941,20.24463881966296,K32_R20_edge
ppg_missing,82.59880467724128,82.59911894273128,True,0.1198864,14.985800000000001,122.26418285714286,0.24917872155044607,0.7287244164455144,0.7287244164455144,17.887955609418157,K32_R20_edge
ecg_degraded,75.65906307286694,78.77373174711697,True,0.1198864,14.985800000000001,122.26418285714286,-0.21682671071852055,0.6049261019209051,0.2627189841765478,6.775290247202694,K32_R20_edge
both_degraded,57.35153904614001,85.04209140606943,True,0.1198864,14.985800000000001,122.26418285714286,-0.030788357690075926,0.44875733720499245,0.44875733720499245,18.157717704470354,K32_R20_edge
both_degraded,107.94968724575025,108.08523599051999,True,0.1198864,14.985800000000001,122.26418285714286,-0.022016563918391404,0.45752913097667697,0.45752913097667697,17.304468158029792,K32_R20_edge
both_clean,91.47772412818829,91.51204829956737,True,0.1198864,14.985800000000001,122.26418285714286,0.24140382517137893,0.7209495200664473,0.7209495200664473,16.078971451277837,K32_R20_edge
ppg_degraded,99.98210466746156,100.6020201380629,True,0.1198864,14.985800000000001,122.26418285714286,0.17530154134071807,0.6548472362357864,0.6548472362357864,18.12744440624617,K32_R20_edge
ecg_missing,71.44764477734878,71.42857142857143,True,0.1198864,14.985800000000001,122.26418285714286,0.27041710808192837,0.7499628029769967,0.7499628029769967,16.750581049932578,K32_R20_edge
ecg_missing,106.69375461014525,106.67396061269145,True,0.1198864,14.985800000000001,122.26418285714286,0.26926180698914587,0.7488075018842142,0.7488075018842142,18.71114668271584,K32_R20_edge
both_clean,98.74682603317055,99.27395996110113,True,0.1198864,14.985800000000001,122.26418285714286,0.24499515395072313,0.7245408488457915,0.7245408488457915,17.702878516390843,K32_R20_edge
ppg_missing,108.77037473527315,108.69565217391307,True,0.1198864,14.985800000000001,122.26418285714286,0.2543813589579618,0.7339272526095388,0.7339270538530301,7.812840968834119,K32_R20_edge
ppg_missing,61.843655143388325,61.83745583038869,True,0.1198864,14.985800000000001,122.26418285714286,0.2568072912892378,0.7363529861843061,0.7363529861843061,17.32267187831899,K32_R20_edge
ecg_missing,78.63016859604456,78.67132867132868,True,0.1198864,14.985800000000001,122.26418285714286,0.1347922359914624,0.7493709038459302,0.6143379308865308,6.976984221293184,K32_R20_edge
both_clean,73.15093964434216,73.13109425785483,True,0.1198864,14.985800000000001,122.26418285714286,0.2631444636462598,0.7426901585413281,0.7426901585413281,18.62275315393379,K32_R20_edge
ppg_degraded,86.83369973618221,87.49246213755762,True,0.1198864,14.985800000000001,122.26418285714286,0.18693147478846983,0.6664771696835382,0.6664771696835382,18.03175193998955,K32_R20_edge
ppg_degraded,65.0131840200776,79.28275418467074,True,0.1198864,14.985800000000001,122.26418285714286,0.08341991982581376,0.5629656147208819,0.5629656147208821,8.80332852901093,K32_R20_edge
ecg_missing,56.02833738504118,56.029882604055494,True,0.1198864,14.985800000000001,122.26418285714286,0.27011769124029755,0.7496633861353655,0.7496633861353659,9.02962371068055,K32_R20_edge
both_degraded,78.59699520973487,80.71504211780352,True,0.1198864,14.985800000000001,122.26418285714286,0.17873931702464174,0.6582850119197101,0.6582850119197101,17.26880403044274,K32_R20_edge
both_degraded,88.368316191178,90.8297876379629,True,0.1198864,14.985800000000001,122.26418285714286,0.16957206249312196,0.6491177573881903,0.6491177573881903,16.972708926760863,K32_R20_edge
both_degraded,73.0409251094786,74.742577214502,True,0.1198864,14.985800000000001,122.26418285714286,0.19788880138464715,0.6774344962797155,0.6774344962797155,18.853382178756124,K32_R20_edge
ecg_missing,109.24636056297723,109.1825307950728,True,0.1198864,14.985800000000001,122.26418285714286,0.2692320378299378,0.7487777327250061,0.7487777327250061,18.12818089926073,K32_R20_edge
ppg_degraded,74.35932632893389,75.74648456896273,True,0.1198864,14.985800000000001,122.26418285714286,0.22095698444206513,0.7005026793371335,0.7005026793371335,8.541339993881257,K32_R20_edge
ppg_missing,67.98893254626879,71.80851063829788,False,0.1198864,14.985800000000001,122.26418285714286,-0.47953661208682014,0.736202056386339,9.082808248163109e-06,6.073262443344545,K32_R20_edge
ecg_degraded,98.83386950597068,98.25100013380391,True,0.1198864,14.985800000000001,122.26418285714286,0.13839506367382803,0.6179407585688964,0.6179407585688964,17.564070663578374,K32_R20_edge
ecg_missing,78.00138818196777,77.96257796257797,True,0.1198864,14.985800000000001,122.26418285714286,0.2697123116294204,0.7492580065244887,0.7492580065244887,18.75983214931788,K32_R20_edge
ppg_missing,66.39300696195242,85.67044340621871,False,0.1198864,14.985800000000001,122.26418285714286,-0.4795456940293013,0.7487458456902893,8.657670348509421e-10,5.790633541032764,K32_R20_edge
ecg_degraded,67.18946146829639,68.4445509669509,True,0.1198864,14.985800000000001,122.26418285714286,0.23783429924724253,0.7173799941423109,0.7173799941423109,19.234860513118516,K32_R20_edge
ppg_degraded,106.8293473546543,107.49602756487728,True,0.1198864,14.985800000000001,122.26418285714286,0.1550186033648585,0.6345642982964392,0.6345642982599269,8.135422092057004,K32_R20_edge
both_degraded,107.70420488959533,84.76519889192261,False,0.1198864,14.985800000000001,122.26418285714286,-0.4790520934076464,0.5915099233046991,0.0004936014874219393,6.251930013287132,K32_R20_edge
ecg_degraded,88.77421377457922,90.8223388787254,True,0.1198864,14.985800000000001,122.26418285714286,0.128823770325872,0.6083694652209404,0.6083694652209404,18.887985372509387,K32_R20_edge
ppg_missing,66.72607860048582,66.74082313681869,True,0.1198864,14.985800000000001,122.26418285714286,0.2553672234729551,0.7349129183680234,0.7349129183680234,23.322553365366918,K32_R20_edge
ecg_degraded,92.6821426231391,92.68795056642638,True,0.1198864,14.985800000000001,122.26418285714286,0.16595278716188133,0.6454984820569497,0.6454984820569497,18.31801937348204,K32_R20_edge
ecg_degraded,63.00616891616653,83.19975287974648,True,0.1198864,14.985800000000001,122.26418285714286,0.04710245261085378,0.5266481475059221,0.5266481475059221,17.523863508093687,K32_R20_edge
both_degraded,69.32508124483616,71.63908899047334,True,0.1198864,14.985800000000001,122.26418285714286,0.1768837507053309,0.6620766159924897,0.6564294456003993,7.263469111121301,K32_R20_edge
ppg_missing,82.50418158216593,82.50825082508251,True,0.1198864,14.985800000000001,122.26418285714286,0.24937189880461996,0.7289175936996883,0.7289175936996883,18.152306224997126,K32_R20_edge
both_degraded,74.06864966987274,75.08490883148036,False,0.1198864,14.985800000000001,122.26418285714286,-0.25883793611370937,0.6084216000429751,0.22070775878135895,6.7413076084827335,K32_R20_edge
ecg_missing,71.06143175807522,86.07017868748459,False,0.1198864,14.985800000000001,122.26418285714286,-0.4795456908096178,0.7493720622717722,4.085450518625139e-09,5.831493704856976,K32_R20_edge
ecg_missing,108.44806576918928,108.33333333333334,True,0.1198864,14.985800000000001,122.26418285714286,0.26894633240234217,0.7484920272974105,0.7484920272974105,20.969252247231747,K32_R20_edge
both_clean,60.21237046878494,61.96542542934018,True,0.1198864,14.985800000000001,122.26418285714286,0.2621664633504968,0.7417121582455651,0.7417121582455651,16.738561233902203,K32_R20_edge
ppg_missing,86.82671353696506,88.80516684607106,True,0.1198864,14.985800000000001,122.26418285714286,0.09777190595360463,0.7274011561555909,0.577317600848673,6.958885573781262,K32_R20_edge
ecg_degraded,52.31248336903097,72.24070319261958,True,0.1198864,14.985800000000001,122.26418285714286,0.0599980578667686,0.539543752761837,0.539543752761837,16.74014307502058,K32_R20_edge
ppg_missing,55.50288422803427,56.63430420711974,True,0.1198864,14.985800000000001,122.26418285714286,0.25740759303402977,0.7369532879290981,0.7369532879290981,15.043203893414267,K32_R20_edge
ppg_degraded,62.59976030070347,76.58893967828611,True,0.1198864,14.985800000000001,122.26418285714286,0.06836991570120643,0.5487974382539318,0.5479156105962748,7.376623601165684,K32_R20_edge
ecg_missing,109.50117176086789,109.42760942760944,True,0.1198864,14.985800000000001,122.26418285714286,0.26887689149415045,0.748945121151571,0.7484225863892188,7.427572737170361,K32_R20_edge
ecg_missing,93.58547835366801,90.39743861233757,False,0.1198864,14.985800000000001,122.26418285714286,-0.35877494336180016,0.7488862778131554,0.12077075153326816,6.6259674318224056,K32_R20_edge
both_degraded,102.08228573775193,102.77907449245896,True,0.1198864,14.985800000000001,122.26418285714286,-0.022356842067015045,0.5527324752728984,0.4571888528280533,6.982366952147625,K32_R20_edge
both_degraded,52.96902707820299,103.00218256906062,True,0.1198864,14.985800000000001,122.26418285714286,-0.09416891763441443,0.38537677726065395,0.38537677726065395,19.15475630662052,K32_R20_edge
ppg_degraded,90.88630715916037,90.78025267754127,True,0.1198864,14.985800000000001,122.26418285714286,0.14396266231105825,0.6235083572061266,0.6235083572061266,20.68422898053109,K32_R20_edge
ppg_missing,76.39618876616035,76.37474541751529,True,0.1198864,14.985800000000001,122.26418285714286,0.2481096571781426,0.727655352073211,0.727655352073211,16.707951926054044,K32_R20_edge
both_clean,74.98519691332096,74.95887023525445,True,0.1198864,14.985800000000001,122.26418285714286,0.26165061821612884,0.7411963131111972,0.7411963131111972,17.503281819623027,K32_R20_edge
both_degraded,92.4952876548783,78.54994556525203,False,0.1198864,14.985800000000001,122.26418285714286,-0.4698769310649547,0.7023574558983013,0.009668763830113596,6.412335068010176,K32_R20_edge
both_degraded,68.49913703213483,70.24387243201966,True,0.1198864,14.985800000000001,122.26418285714286,0.1334418550378078,0.6129875499328762,0.6129875499328762,21.297829810931887,K32_R20_edge
ppg_missing,80.80806939626149,80.81896551724138,True,0.1198864,14.985800000000001,122.26418285714286,-0.050079642440137344,0.7316256249480575,0.429466052454931,6.84644118852478,K32_R20_edge
ppg_degraded,65.64348330942299,75.3666379844108,True,0.1198864,14.985800000000001,122.26418285714286,0.11087488759598685,0.5904205824910552,0.5904205824910552,18.218721880526275,K32_R20_edge
ecg_degraded,73.48424423554451,77.39469532137845,True,0.1198864,14.985800000000001,122.26418285714286,0.23886010536262947,0.7184058002576978,0.7184058002576978,16.722874431992555,K32_R20_edge
ppg_degraded,81.99957051228513,81.95465401744372,True,0.1198864,14.985800000000001,122.26418285714286,0.13997775970726645,0.6195234546023348,0.6195234546023348,19.424087067676798,K32_R20_edge
ecg_missing,59.47286016957579,59.523809523809526,True,0.1198864,14.985800000000001,122.26418285714286,0.2702318264945918,0.7497775213896601,0.7497775213896601,16.346101692233418,K32_R20_edge
both_degraded,66.57122731431221,77.32503742377787,True,0.1198864,14.985800000000001,122.26418285714286,0.022099819556887338,0.5016455144519557,0.5016455144519557,17.774812851059224,K32_R20_edge
both_degraded,75.22435431329242,75.20956131390547,True,0.1198864,14.985800000000001,122.26418285714286,0.20508436388151108,0.6846300587765795,0.6846300587765795,9.372262861760198,K32_R20_edge
ecg_degraded,78.36487871168933,83.16618769394053,True,0.1198864,14.985800000000001,122.26418285714286,0.12459803679835646,0.6041437316934248,0.6041437316934248,17.93498616299962,K32_R20_edge
ppg_degraded,98.00023808066109,98.83653172763142,True,0.1198864,14.985800000000001,122.26418285714286,0.21400957991733627,0.6935552748124046,0.6935552748124046,18.167770892867566,K32_R20_edge
both_degraded,88.57700683205596,88.7673392957438,True,0.1198864,14.985800000000001,122.26418285714286,0.1014202781440614,0.5809659730391298,0.5809659730391298,15.97379407548134,K32_R20_edge
ecg_missing,83.74940399132703,86.20689655172416,True,0.1198864,14.985800000000001,122.26418285714286,0.26977064329003503,0.7493163381851033,0.7493163381851033,17.78508257347641,K32_R20_edge
ppg_degraded,102.19204362202379,102.8883616846776,True,0.1198864,14.985800000000001,122.26418285714286,0.2183159111317705,0.6978676542003387,0.6978616060268389,7.658279933603532,K32_R20_edge
both_degraded,61.84093188660582,120.14995959018518,True,0.1198864,14.985800000000001,122.26418285714286,-0.15383016021267015,0.3257155346823982,0.3257155346823982,16.264481352459146,K32_R20_edge
both_clean,56.2449821106821,57.28631754572095,True,0.1198864,14.985800000000001,122.26418285714286,-0.3745812432210977,0.7422043018893424,0.10496445167397059,6.6108271130736975,K32_R20_edge
ecg_missing,73.62351280206413,76.35746606334841,True,0.1198864,14.985800000000001,122.26418285714286,0.2699077610037008,0.7494534558987691,0.7494534558987691,18.31489569090748,K32_R20_edge
ppg_degraded,58.23139733343669,66.6688670136162,True,0.1198864,14.985800000000001,122.26418285714286,0.14255111440721335,0.6220968093022817,0.6220968093022817,15.74500204456225,K32_R20_edge
ecg_degraded,83.35886228605199,84.68657908198557,True,0.1198864,14.985800000000001,122.26418285714286,0.22645359418575528,0.7059992890808237,0.7059992890808237,14.940319221635091,K32_R20_edge
both_degraded,84.41859992395308,85.87323593671707,True,0.1198864,14.985800000000001,122.26418285714286,0.22781195453746772,0.7073576494325361,0.7073576494325361,16.412055950489485,K32_R20_edge
both_degraded,57.89561298498141,107.12398041091188,True,0.1198864,14.985800000000001,122.26418285714286,-0.17887248966555902,0.30067320522950935,0.30067320522950935,17.5105761034969,K32_R20_edge
ecg_missing,92.96323968178359,92.97520661157027,True,0.1198864,14.985800000000001,122.26418285714286,0.26964406102453436,0.7491897559196027,0.7491897559196027,17.90793971220203,K32_R20_edge
ecg_missing,83.39236900553666,83.42602892102336,True,0.1198864,14.985800000000001,122.26418285714286,0.2694271400069809,0.7489728349020492,0.7489728349020492,18.50655097906452,K32_R20_edge
both_degraded,75.39091965617847,84.446819803668,False,0.1198864,14.985800000000001,122.26418285714286,-0.2956203788870503,0.7094181036869971,0.18392531600801804,6.687799364513124,K32_R20_edge
ecg_missing,105.04890639795849,105.06465517241382,True,0.1198864,14.985800000000001,122.26418285714286,0.26910525495451915,0.7486509498495875,0.7486509498495875,17.63085723863199,K32_R20_edge
ecg_degraded,101.35473766300059,102.13012804133407,True,0.1198864,14.985800000000001,122.26418285714286,0.24654606326678707,0.7260917581618554,0.7260917581618554,17.633731631704126,K32_R20_edge
ppg_degraded,63.25814982589202,78.91702023183174,True,0.1198864,14.985800000000001,122.26418285714286,0.040203315181383655,0.519749010076452,0.519749010076452,15.907195304011427,K32_R20_edge
ppg_missing,59.99499059154914,61.91950464396285,True,0.1198864,14.985800000000001,122.26418285714286,0.27038960146126206,0.7499352963563304,0.7499352963563304,18.89754499195565,K32_R20_edge
ppg_missing,104.93218423488304,104.95156081808399,True,0.1198864,14.985800000000001,122.26418285714286,0.24126623177877415,0.7208119266738425,0.7208119266738425,17.772127781799853,K32_R20_edge
both_clean,59.43511331082624,83.53769938185049,False,0.1198864,14.985800000000001,122.26418285714286,-0.4795456948950683,0.7371420339146504,5.59501734906821e-27,5.081102234350792,K32_R20_edge
both_degraded,95.43237958511729,105.86319218241044,False,0.1198864,14.985800000000001,122.26418285714286,-0.4300704480698989,0.675998521858969,0.04947524682516939,6.543618418012933,K32_R20_edge
ppg_missing,68.75102094872682,69.87577639751552,True,0.1198864,14.985800000000001,122.26418285714286,0.25264267569406934,0.7321883705891377,0.7321883705891377,17.78651836193525,K32_R20_edge
ppg_missing,71.67112079795083,71.65605095541402,True,0.1198864,14.985800000000001,122.26418285714286,0.252178587782476,0.7317242826775443,0.7317242826775443,18.28304713113285,K32_R20_edge
ppg_degraded,83.22347875806663,84.59202503269927,True,0.1198864,14.985800000000001,122.26418285714286,0.16827125041049584,0.6478169453055642,0.6478169453055642,17.74599287251581,K32_R20_edge
both_degraded,105.55785004540024,105.57404215318766,True,0.1198864,14.985800000000001,122.26418285714286,0.07513005206180945,0.5546757469568778,0.5546757469568778,16.933728186953726,K32_R20_edge
ppg_missing,50.12341058387719,50.11135857461024,True,0.1198864,14.985800000000001,122.26418285714286,0.2633377733382252,0.7428834682332935,0.7428834682332935,18.016559087837834,K32_R20_edge
both_degraded,59.73724006413919,100.14336999964027,True,0.1198864,14.985800000000001,122.26418285714286,-0.07104099031530514,0.40850470457976323,0.40850470457976323,17.09788243331578,K32_R20_edge
ppg_missing,93.21270671959694,77.65730987829268,False,0.1198864,14.985800000000001,122.26418285714286,-0.4795453018861662,0.7242987219973562,3.9300890216919815e-07,5.966117354025641,K32_R20_edge
both_degraded,73.66799176546975,77.80572938115549,True,0.1198864,14.985800000000001,122.26418285714286,-0.017868102684770567,0.4616775922102978,0.4616775922102978,19.416233667581547,K32_R20_edge
ppg_missing,67.26862519380786,70.3125,True,0.1198864,14.985800000000001,122.26418285714286,0.2593082686962281,0.7388539635912964,0.7388539635912964,19.013863277385887,K32_R20_edge
both_degraded,107.77373948765248,108.08443607069806,True,0.1198864,14.985800000000001,122.26418285714286,0.0830546492925327,0.5626003441876011,0.5626003441876011,18.969289085458207,K32_R20_edge
both_degraded,65.84170539945679,73.67737772643535,True,0.1198864,14.985800000000001,122.26418285714286,0.08732959266674234,0.5668752875618107,0.5668752875618107,17.57449968483988,K32_R20_edge
ppg_missing,92.85001747210333,92.87925696594428,True,0.1198864,14.985800000000001,122.26418285714286,0.24451056061226017,0.7240562555073286,0.7240562555073286,15.528619567096808,K32_R20_edge
ppg_missing,107.8535401455533,107.91366906474819,True,0.1198864,14.985800000000001,122.26418285714286,0.23551261021193615,0.7150583051070045,0.7150583051070045,18.09441058014416,K32_R20_edge
ecg_missing,95.76596337478625,95.74468085106385,True,0.1198864,14.985800000000001,122.26418285714286,0.2693654764252816,0.7489111713203499,0.7489111713203499,21.42563433336421,K32_R20_edge
both_degraded,92.5648421552307,85.67044340621871,False,0.1198864,14.985800000000001,122.26418285714286,-0.4795456948950683,0.7101431053369548,8.179286679023851e-33,4.910275406698791,K32_R20_edge
ppg_degraded,93.39240276606141,53.128689492325854,False,0.1198864,14.985800000000001,122.26418285714286,-0.4795456796823611,0.7213711942053764,1.521270719664957e-08,5.868814304344239,K32_R20_edge
both_degraded,98.31356640985675,99.13155235206939,True,0.1198864,14.985800000000001,122.26418285714286,0.03550780973718604,0.5150535046322544,0.5150535046322544,19.274074243868643,K32_R20_edge
ecg_degraded,66.27281893519537,73.75270762306484,True,0.1198864,14.985800000000001,122.26418285714286,0.12744186342200703,0.6069875583170754,0.6069875583170754,16.85463108806767,K32_R20_edge
both_degraded,87.60120351070549,88.09749680475679,True,0.1198864,14.985800000000001,122.26418285714286,0.08221006059716451,0.5617557554922329,0.5617557554922329,19.705802552600787,K32_R20_edge
ecg_missing,98.17315364261403,98.25327510917032,True,0.1198864,14.985800000000001,122.26418285714286,-0.34061867719232836,0.7489020783345041,0.13892701770273996,6.642941482517908,K32_R20_edge
both_clean,103.29377847780995,103.84850251179645,True,0.1198864,14.985800000000001,122.26418285714286,0.25235282517047447,0.7318985200655428,0.7318985200655428,17.524905995801937,K32_R20_edge
both_clean,104.35004919248348,104.33244476164047,True,0.1198864,14.985800000000001,122.26418285714286,0.2508044340232802,0.7303501289183485,0.7303501289183485,15.394931886200062,K32_R20_edge
ecg_missing,104.23378361524976,104.1666666666667,True,0.1198864,14.985800000000001,122.26418285714286,0.2700120782343151,0.7495577731293834,0.7495577731293834,16.884237683086127,K32_R20_edge
ppg_missing,55.85802796789236,55.90062111801242,True,0.1198864,14.985800000000001,122.26418285714286,0.26123811317138407,0.7407838080664524,0.7407838080664524,18.621840864815262,K32_R20_edge
ecg_missing,72.58436524267289,75.25083612040133,True,0.1198864,14.985800000000001,122.26418285714286,0.26994500247612513,0.7494906973711934,0.7494906973711934,18.669684745641092,K32_R20_edge
ecg_missing,77.38352500942514,79.95735607675907,True,0.1198864,14.985800000000001,122.26418285714286,0.2696090855587345,0.7491547804538028,0.7491547804538028,14.978847936319886,K32_R20_edge
both_clean,103.50112423801498,103.50648269657044,True,0.1198864,14.985800000000001,122.26418285714286,0.2532428012678725,0.7327884961629408,0.7327884961629408,17.23349677498813,K32_R20_edge
both_clean,75.1552171627918,75.08342602892104,True,0.1198864,14.985800000000001,122.26418285714286,0.2621687403691168,0.7417144352641851,0.7417144352641851,20.101180550409303,K32_R20_edge
both_degraded,65.89472620154783,75.71954042913501,True,0.1198864,14.985800000000001,122.26418285714286,-0.12947793823198878,0.4481800861735451,0.3500677566630796,6.950678470174844,K32_R20_edge
ecg_missing,51.1915263895555,54.08653846153845,True,0.1198864,14.985800000000001,122.26418285714286,0.27023917109618983,0.7497848659912582,0.7497848659912582,18.853749689155265,K32_R20_edge
ecg_missing,67.32525666572992,67.34006734006734,True,0.1198864,14.985800000000001,122.26418285714286,0.25565718350192573,0.7495262918108674,0.735202878396994,7.201308580149795,K32_R20_edge
ppg_degraded,96.84345108400566,97.80783196874403,True,0.1198864,14.985800000000001,122.26418285714286,0.21978035335646762,0.699326048251536,0.699326048251536,19.161725538533858,K32_R20_edge
ppg_degraded,51.21025628359109,69.27888011063746,True,0.1198864,14.985800000000001,122.26418285714286,0.050196396910028536,0.5297420918050969,0.5297420918050969,17.098154521317053,K32_R20_edge
both_degraded,59.899635676909256,57.31441048034934,False,0.1198864,14.985800000000001,122.26418285714286,-0.47954569489506793,0.33747872718974,3.703546730697627e-16,5.487740485309765,K32_R20_edge
ecg_degraded,68.65810525079387,70.95167778859813,True,0.1198864,14.985800000000001,122.26418285714286,0.24210185335830514,0.7216475482533735,0.7216475482533735,9.256746125233848,K32_R20_edge
ppg_missing,81.92066431307123,83.75634517766498,True,0.1198864,14.985800000000001,122.26418285714286,0.25152952466679784,0.7310752195618662,0.7310752195618662,16.919923416061813,K32_R20_edge
ecg_missing,71.78259909168882,71.80851063829788,True,0.1198864,14.985800000000001,122.26418285714286,0.2056874661733683,0.7495837184531036,0.6852331610684367,7.063547407861407,K32_R20_edge
both_degraded,102.95838167538595,103.01581794666838,True,0.1198864,14.985800000000001,122.26418285714286,0.14094081173926065,0.620486506634329,0.620486506634329,16.52755856358613,K32_R20_edge
ppg_degraded,62.448657731111865,76.28634825861454,True,0.1198864,14.985800000000001,122.26418285714286,0.05080727876273506,0.5303529736578034,0.5303529736578034,20.041452411846652,K32_R20_edge
both_degraded,83.6980640251414,81.43322475570034,False,0.1198864,14.985800000000001,122.26418285714286,-0.4795456948950683,0.7040026677847854,2.531166064096754e-44,4.6202827564790745,K32_R20_edge
both_degraded,96.66905030826197,96.47294720962209,True,0.1198864,14.985800000000001,122.26418285714286,-0.01435248632778185,0.4651932085672865,0.4651932085672865,18.098478897642202,K32_R20_edge
ppg_missing,105.77649374563919,101.43775267021677,False,0.1198864,14.985800000000001,122.26418285714286,-0.47935924961639365,0.7151326083419559,0.0001864452786747012,6.19721229218401,K32_R20_edge
ppg_missing,102.40881640048254,102.41596638655464,True,0.1198864,14.985800000000001,122.26418285714286,0.23720721312896553,0.7167529080240339,0.7167529080240339,19.4751088208549,K32_R20_edge
ppg_degraded,58.13126022444084,89.91805853041744,False,0.1198864,14.985800000000001,122.26418285714286,-0.47954569487947485,0.5890200324990855,1.5593453042617997e-11,5.698326302982829,K32_R20_edge
both_degraded,97.50800477873537,98.25782181066047,True,0.1198864,14.985800000000001,122.26418285714286,0.17491594968707236,0.6544616445821407,0.6544616445821407,17.988662206676185,K32_R20_edge
ppg_degraded,90.52077616988068,92.73707611161814,True,0.1198864,14.985800000000001,122.26418285714286,0.2427735702368513,0.7223192651319197,0.7223192651319197,16.55404193191763,K32_R20_edge
both_degraded,75.29621344322021,77.2947280242746,True,0.1198864,14.985800000000001,122.26418285714286,0.18158138246293665,0.6611272027092047,0.661127077358005,7.827798976322616,K32_R20_edge
both_degraded,51.534025937747785,101.43775267021677,True,0.1198864,14.985800000000001,122.26418285714286,-0.2537874119553058,0.3360983783837534,0.2257582829397625,6.888355358078753,K32_R20_edge
ecg_missing,60.07888825747918,62.56517205422315,True,0.1198864,14.985800000000001,122.26418285714286,0.27010759506955356,0.7496532899646219,0.7496532899646219,19.56606115849639,K32_R20_edge
ecg_degraded,94.96764957392347,94.96943797287585,True,0.1198864,14.985800000000001,122.26418285714286,0.14404050964905168,0.6235862045441215,0.6235862045441201,8.461876850462033,K32_R20_edge
ecg_degraded,55.040286066606484,73.59291964478825,True,0.1198864,14.985800000000001,122.26418285714286,0.059210321133000184,0.5387560160280686,0.5387560160280686,17.031571472943988,K32_R20_edge
ecg_missing,68.75899549928384,68.80733944954129,True,0.1198864,14.985800000000001,122.26418285714286,0.2702576823298361,0.7498033772249044,0.7498033772249044,17.00354529794114,K32_R20_edge
ecg_missing,65.31274629659626,65.28835690968444,True,0.1198864,14.985800000000001,122.26418285714286,0.27001294681583937,0.7495586417109077,0.7495586417109077,19.89095373143054,K32_R20_edge
both_degraded,94.76605381391843,94.63742441155773,True,0.1198864,14.985800000000001,122.26418285714286,0.1976839411327922,0.6772296360278606,0.6772296360278606,18.669855805143207,K32_R20_edge
both_degraded,71.54358975057906,77.00320971078088,True,0.1198864,14.985800000000001,122.26418285714286,0.09440063483748051,0.5739463297325489,0.5739463297325489,17.51693774106295,K32_R20_edge
both_degraded,55.23129445932511,105.12234953351168,True,0.1198864,14.985800000000001,122.26418285714286,-0.03603287836679613,0.44351281652827224,0.44351281652827224,17.70672464507573,K32_R20_edge
both_clean,72.226526108967,72.19251336898397,True,0.1198864,14.985800000000001,122.26418285714286,0.26274547421033584,0.7422911691054042,0.7422911691054042,19.233115042520232,K32_R20_edge
both_clean,69.60979260312091,88.7673392957438,False,0.1198864,14.985800000000001,122.26418285714286,-0.47884917358972034,0.7416485036505531,0.0006965213053479877,6.257791139854248,K32_R20_edge
both_degraded,93.02128203916385,93.07135470527403,True,0.1198864,14.985800000000001,122.26418285714286,0.1423131964080625,0.6218588913031309,0.6218588913031309,15.462336093801513,K32_R20_edge
ppg_missing,69.20733321192128,70.23933402705515,True,0.1198864,14.985800000000001,122.26418285714286,0.255322506002666,0.7348682008977343,0.7348682008977343,18.54883879535891,K32_R20_edge
ecg_degraded,91.61693894552239,92.05207562230126,True,0.1198864,14.985800000000001,122.26418285714286,0.19163950460517443,0.6711851995002428,0.6711851995002428,16.374530153472865,K32_R20_edge
both_clean,82.31566720602554,83.28588332468246,True,0.1198864,14.985800000000001,122.26418285714286,0.2569184550300551,0.7364641499306095,0.7364641499251234,8.205684630509428,K32_R20_edge
ecg_degraded,103.26396972346829,103.28040814763129,True,0.1198864,14.985800000000001,122.26418285714286,0.14172230917145856,0.6212680040665269,0.6212680040665269,19.09696565183652,K32_R20_edge
ppg_degraded,94.00191037661526,94.09258062504351,True,0.1198864,14.985800000000001,122.26418285714286,0.2359349084966751,0.720245111709934,0.7154806033917435,7.281886662212502,K32_R20_edge
both_clean,74.47512455218319,74.42116868798236,True,0.1198864,14.985800000000001,122.26418285714286,0.26115886233718394,0.7407045572322523,0.7407045572322523,19.254810807648862,K32_R20_edge
ppg_missing,79.09457109190666,81.16883116883118,True,0.1198864,14.985800000000001,122.26418285714286,0.2498414296978826,0.7293871245929509,0.729387124592951,9.388663873085736,K32_R20_edge
ppg_missing,78.2831455919202,78.30626450116009,True,0.1198864,14.985800000000001,122.26418285714286,0.2502935966227759,0.7300638820588599,0.7298392915178442,7.474851472405441,K32_R20_edge
ppg_degraded,102.3021438511115,102.04168078473859,True,0.1198864,14.985800000000001,122.26418285714286,0.15109120079513816,0.6306368956902065,0.6306368956902065,17.891673554979587,K32_R20_edge
ecg_degraded,58.28217030275275,78.75777554351305,True,0.1198864,14.985800000000001,122.26418285714286,0.042349876642467706,0.5218955715375361,0.5218955715375361,18.100233835984426,K32_R20_edge
ppg_missing,75.45380074571085,77.39938080495357,True,0.1198864,14.985800000000001,122.26418285714286,0.2517025866314508,0.7312482815265191,0.7312482815265191,16.79700997085264,K32_R20_edge
ecg_degraded,82.09472344887742,85.43233714443485,True,0.1198864,14.985800000000001,122.26418285714286,0.12093608360498831,0.6004817785000567,0.6004817785000567,19.984406962100856,K32_R20_edge
ecg_degraded,76.17336993432176,76.14785495462716,True,0.1198864,14.985800000000001,122.26418285714286,0.17222365273037632,0.6518980205017826,0.6517693476254447,7.499502130652056,K32_R20_edge
both_degraded,85.88170807992682,89.18414297267111,True,0.1198864,14.985800000000001,122.26418285714286,0.1427878459415597,0.6223335408366281,0.6223335408366281,19.57125842315851,K32_R20_edge
ppg_missing,79.93058572519095,81.9672131147541,True,0.1198864,14.985800000000001,122.26418285714286,0.24854433610578253,0.7280900310008509,0.7280900310008509,18.371797383449806,K32_R20_edge
ppg_degraded,74.82174455971804,74.95385794443486,True,0.1198864,14.985800000000001,122.26418285714286,0.22783946210508232,0.7073851570001507,0.7073851570001507,19.555058023760818,K32_R20_edge
ppg_missing,91.20877835695975,92.30769230769232,True,0.1198864,14.985800000000001,122.26418285714286,0.24773042576093407,0.7272761206560024,0.7272761206560024,17.61496775999091,K32_R20_edge
both_clean,69.75934794250801,70.74163442305507,True,0.1198864,14.985800000000001,122.26418285714286,0.2602043084436168,0.7397500033386851,0.7397500033386851,9.460312028032842,K32_R20_edge
ecg_degraded,86.4140608201414,105.92044829945381,False,0.1198864,14.985800000000001,122.26418285714286,-0.2710647306714788,0.7173226144479811,0.20848096422358953,6.704843012620848,K32_R20_edge
ecg_degraded,93.71350084003245,108.58324715615306,False,0.1198864,14.985800000000001,122.26418285714286,-0.479545694894887,0.7281482212346821,1.812720928406077e-13,5.595482663704708,K32_R20_edge
both_degraded,57.83879814763297,109.00838010522563,True,0.1198864,14.985800000000001,122.26418285714286,-0.13647380516754115,0.3430718897275272,0.3430718897275272,16.303784373323957,K32_R20_edge
both_clean,69.58712609029592,69.56482379063495,True,0.1198864,14.985800000000001,122.26418285714286,0.2622205393594557,0.741766234254524,0.741766234254524,19.633371719637825,K32_R20_edge
both_degraded,106.6822733359163,106.61000762864946,True,0.1198864,14.985800000000001,122.26418285714286,0.14297803170278822,0.6225237265978566,0.6225237265978566,18.503518350770708,K32_R20_edge
ppg_degraded,107.96127725375747,108.17820612898237,True,0.1198864,14.985800000000001,122.26418285714286,0.16036620736218365,0.639911902257252,0.639911902257252,15.757322877106104,K32_R20_edge
ecg_degraded,109.54332578813963,83.53769938185049,False,0.1198864,14.985800000000001,122.26418285714286,-0.47954566509840846,0.6251675341915317,2.9796659883018827e-08,5.892150348849154,K32_R20_edge
ppg_missing,52.55155003329625,54.460580912863065,True,0.1198864,14.985800000000001,122.26418285714286,0.2638407733253065,0.7433864682203748,0.7433864682203748,18.96928496150474,K32_R20_edge
ecg_degraded,99.59052613471096,100.07962641771324,True,0.1198864,14.985800000000001,122.26418285714286,0.18928701210672072,0.6688327070017891,0.6688327070017891,19.651100058774432,K32_R20_edge
ppg_missing,106.11654841965259,106.09357997823724,True,0.1198864,14.985800000000001,122.26418285714286,0.23143865106910766,0.7135328500625698,0.710984345964176,7.324633039771528,K32_R20_edge
both_clean,104.11666640331464,104.16666666666669,True,0.1198864,14.985800000000001,122.26418285714286,0.26731853944009615,0.7468642343351645,0.7468642343351645,18.938367517509473,K32_R20_edge
both_degraded,92.89647820883685,94.03690854498058,True,0.1198864,14.985800000000001,122.26418285714286,-0.11722774902767796,0.6924358030027905,0.3623179458673904,6.816506530805778,K32_R20_edge
ecg_degraded,90.53716057327338,90.5598243688255,True,0.1198864,14.985800000000001,122.26418285714286,0.16071259953897843,0.6651095458362573,0.6402582944340468,7.144228391791348,K32_R20_edge
ppg_missing,93.17639698930319,94.24083769633509,True,0.1198864,14.985800000000001,122.26418285714286,0.24895695740384882,0.7285135071145353,0.7285026522989172,7.632324950195907,K32_R20_edge
ppg_degraded,84.4931490888207,87.00469970375582,True,0.1198864,14.985800000000001,122.26418285714286,0.21996894071574735,0.6995146356108157,0.6995146356108157,19.613714946239018,K32_R20_edge
ecg_degraded,97.30520479059899,98.36439141067991,True,0.1198864,14.985800000000001,122.26418285714286,0.18372820707031667,0.663273901965385,0.663273901965385,17.55265681612513,K32_R20_edge
ppg_degraded,80.1157762280389,79.99954897403347,True,0.1198864,14.985800000000001,122.26418285714286,0.25309946645207365,0.732645161347142,0.732645161347142,19.541704837403636,K32_R20_edge
ecg_missing,63.5562499934737,66.22516556291392,True,0.1198864,14.985800000000001,122.26418285714286,0.27045337640861816,0.7499990713036865,0.7499990713036865,19.34195911019654,K32_R20_edge
ecg_degraded,55.660941498690015,70.68355816449413,True,0.1198864,14.985800000000001,122.26418285714286,0.052419809369876454,0.5319655042649448,0.5319655042649448,15.9998353023718,K32_R20_edge
ppg_degraded,104.49534339814234,104.45448092669837,True,0.1198864,14.985800000000001,122.26418285714286,0.24471359116527147,0.7242592860603398,0.7242592860603398,16.209033084239696,K32_R20_edge
ppg_missing,95.29273888418518,97.2972972972973,True,0.1198864,14.985800000000001,122.26418285714286,-0.009208933332629893,0.7202593900923222,0.4703367615624385,6.878789110026498,K32_R20_edge
ppg_degraded,60.63451614562059,81.51413732185401,True,0.1198864,14.985800000000001,122.26418285714286,0.03402332226700756,0.5135690171620759,0.5135690171620759,17.90997556576451,K32_R20_edge
both_degraded,99.34749663940534,99.94645068825392,True,0.1198864,14.985800000000001,122.26418285714286,0.056517770488057735,0.5360634653831261,0.5360634653831261,19.700916565267278,K32_R20_edge
ppg_missing,68.02080517545065,69.0890481064483,True,0.1198864,14.985800000000001,122.26418285714286,0.2566336922437577,0.736179387138826,0.736179387138826,17.103318279521186,K32_R20_edge
ecg_missing,88.13929832651587,54.4041450777202,False,0.1198864,14.985800000000001,122.26418285714286,-0.07342252773105445,0.7491293381861893,0.4061231671640139,6.825289509110798,K32_R20_edge
ppg_missing,71.36917146492192,71.34363852556481,True,0.1198864,14.985800000000001,122.26418285714286,0.2506867055828296,0.730232400477898,0.730232400477898,17.013137487512,K32_R20_edge
ppg_missing,62.84978517983858,64.86486486486487,True,0.1198864,14.985800000000001,122.26418285714286,0.25972796119434943,0.7392736560894178,0.7392736560894178,16.839800111346232,K32_R20_edge
ppg_missing,60.53652582696869,80.21390374331551,False,0.1198864,14.985800000000001,122.26418285714286,-0.2784822669910834,0.7387972622843232,0.20106342790398488,6.69491112732613,K32_R20_edge
both_degraded,54.257018644664456,108.64460997040733,True,0.1198864,14.985800000000001,122.26418285714286,-0.0737935872257427,0.40575210766932585,0.4057521076693257,8.551609150635581,K32_R20_edge
ecg_missing,54.46631338367951,54.413542926239415,True,0.1198864,14.985800000000001,122.26418285714286,0.27009108068546267,0.749636775580531,0.749636775580531,18.095817157014572,K32_R20_edge
ppg_missing,54.14541264395493,54.17956656346749,True,0.1198864,14.985800000000001,122.26418285714286,0.2633827926589151,0.7429284875539834,0.7429284875539834,19.17574192383282,K32_R20_edge
ppg_degraded,55.3951259982423,63.069715059001496,True,0.1198864,14.985800000000001,122.26418285714286,0.14076709676080468,0.620312791655873,0.620312791655873,19.051166112852062,K32_R20_edge
both_degraded,100.04175734000327,100.47130834084203,True,0.1198864,14.985800000000001,122.26418285714286,0.1674530205342466,0.646998715429315,0.646998715429315,15.822047065743602,K32_R20_edge
both_clean,81.06849953098074,81.08108108108108,True,0.1198864,14.985800000000001,122.26418285714286,0.26138636581896574,0.7409320607140341,0.7409320607140341,16.264866748754795,K32_R20_edge
both_degraded,57.71504088796816,86.33541639357784,False,0.1198864,14.985800000000001,122.26418285714286,-0.4795456948950683,0.38367301235732243,1.6912881573462206e-35,4.844768926233018,K32_R20_edge
ecg_degraded,81.49967893296858,82.67048523997656,True,0.1198864,14.985800000000001,122.26418285714286,0.18770853951686395,0.6672542344119323,0.6672542344119323,18.73469736389844,K32_R20_edge
ecg_missing,82.55778809324532,82.59911894273128,True,0.1198864,14.985800000000001,122.26418285714286,0.26953295562952845,0.7490786505245968,0.7490786505245968,18.23240507110593,K32_R20_edge
both_degraded,79.79552209665044,82.46509005421265,True,0.1198864,14.985800000000001,122.26418285714286,0.1710594611812558,0.6506051560763438,0.6506051560763242,8.38410819746911,K32_R20_edge
both_degraded,62.389181877015815,98.6214677003927,True,0.1198864,14.985800000000001,122.26418285714286,-0.05988579881778088,0.4199929975993345,0.4196598960772875,7.419940143577066,K32_R20_edge
both_clean,76.06387323347182,76.05592326326483,True,0.1198864,14.985800000000001,122.26418285714286,0.26216344569109656,0.7417091405861649,0.7417091405861649,15.160185202540177,K32_R20_edge
ecg_degraded,102.25138721416283,69.42867456138384,False,0.1198864,14.985800000000001,122.26418285714286,-0.4795455870717789,0.6217004852796538,1.0782328941657605e-07,5.930559303903209,K32_R20_edge
both_degraded,73.02412866710445,76.64127831577885,True,0.1198864,14.985800000000001,122.26418285714286,0.1156625121273197,0.5952082070223881,0.5952082070223881,19.896594064450102,K32_R20_edge
ppg_missing,80.2391145747298,109.37500000000001,False,0.1198864,14.985800000000001,122.26418285714286,-0.4795456948950683,0.7259561635981877,2.441358801314787e-28,5.039497342959247,K32_R20_edge
both_degraded,105.81454394450094,105.92584244208965,True,0.1198864,14.985800000000001,122.26418285714286,0.15100900342134516,0.6305546983164135,0.6305546983164135,20.293290335687974,K32_R20_edge
ppg_degraded,63.96808387666498,79.87450738879956,True,0.1198864,14.985800000000001,122.26418285714286,0.047833226075065245,0.5273789209701336,0.5273789209701336,17.452441107774828,K32_R20_edge
ecg_degraded,93.5304612083743,93.55509355509358,True,0.1198864,14.985800000000001,122.26418285714286,0.18880150265679496,0.6683471975518633,0.6683471975518633,16.864463746949035,K32_R20_edge
ecg_missing,79.0304800702344,78.67132867132868,False,0.1198864,14.985800000000001,122.26418285714286,-0.4795456948950683,0.7493075988253655,1.8156649728777677e-20,5.301456950083142,K32_R20_edge
ecg_missing,97.24207479797849,97.19222462203027,True,0.1198864,14.985800000000001,122.26418285714286,0.26923327957367754,0.7487789744687459,0.7487789744687459,17.479176962294787,K32_R20_edge
ppg_missing,71.5804108895471,71.58006362672323,True,0.1198864,14.985800000000001,122.26418285714286,0.25714046103646465,0.736686155931533,0.736686155931533,17.427193024434587,K32_R20_edge
both_degraded,82.54151689243626,83.98906863296013,True,0.1198864,14.985800000000001,122.26418285714286,0.043240082438655854,0.5227857773337242,0.5227857773337242,15.267294276747199,K32_R20_edge
ecg_missing,72.0971566190893,72.11538461538461,True,0.1198864,14.985800000000001,122.26418285714286,0.27042206022983056,0.7499677551248989,0.7499677551248989,15.34316044890881,K32_R20_edge
ecg_degraded,101.96895442717769,101.98744769874479,True,0.1198864,14.985800000000001,122.26418285714286,0.14131990245496973,0.6208655973500381,0.6208655973500381,17.88951453102221,K32_R20_edge
ecg_degraded,104.88907337951522,104.91929318210326,True,0.1198864,14.985800000000001,122.26418285714286,0.18907127679741487,0.6686169716926482,0.6686169716924832,8.317900789691118,K32_R20_edge
ecg_degraded,87.90927703124551,89.15028170983062,True,0.1198864,14.985800000000001,122.26418285714286,0.13721541762071754,0.6167611125157859,0.6167611125157859,19.526852644452923,K32_R20_edge
ppg_degraded,108.86121418776924,105.95168509887857,True,0.1198864,14.985800000000001,122.26418285714286,-0.1566082840370318,0.5947641413836288,0.32293741085803657,6.82568168733326,K32_R20_edge
ppg_degraded,93.92334091447091,94.85905156830508,True,0.1198864,14.985800000000001,122.26418285714286,0.24332209972635976,0.7228677946214281,0.7228677946214281,18.730474874074964,K32_R20_edge
ppg_missing,99.82543591809386,99.77827050997786,True,0.1198864,14.985800000000001,122.26418285714286,0.23280617680273075,0.7170130631803516,0.7123518716977991,7.283131370407879,K32_R20_edge
ppg_missing,103.68323899171551,103.72340425531918,True,0.1198864,14.985800000000001,122.26418285714286,0.24239691968137178,0.7219426145764402,0.7219426145764402,17.776881464293503,K32_R20_edge
ppg_degraded,66.31434570596721,69.9742940662402,True,0.1198864,14.985800000000001,122.26418285714286,0.1847552108137741,0.6643009057088425,0.6643009057088425,21.064345225376158,K32_R20_edge
ecg_degraded,109.20067581902654,109.1825307950728,True,0.1198864,14.985800000000001,122.26418285714286,0.18776222126696906,0.6673079161620374,0.6673079161620374,18.067764326866005,K32_R20_edge
ecg_degraded,73.4248414005689,73.44940152339501,True,0.1198864,14.985800000000001,122.26418285714286,0.19630250028382046,0.6758481951788888,0.6758481951788888,17.727215400375155,K32_R20_edge
ppg_degraded,79.8327526289511,90.46052631578948,False,0.1198864,14.985800000000001,122.26418285714286,-0.4795456948950682,0.640552180835576,1.229152827466573e-16,5.455287486758751,K32_R20_edge
ecg_missing,60.819423899779814,60.8342989571263,True,0.1198864,14.985800000000001,122.26418285714286,0.27007201834668,0.7496177132417483,0.7496177132417483,19.900245533949647,K32_R20_edge
ppg_degraded,99.28872710019843,100.08653097061597,True,0.1198864,14.985800000000001,122.26418285714286,0.23865345035437335,0.7181991452494417,0.7181991452494417,17.60366412108755,K32_R20_edge
ppg_degraded,70.21385760147143,72.82341735598631,True,0.1198864,14.985800000000001,122.26418285714286,0.21916891430738283,0.6987146092024512,0.6987146092024512,19.29707346698867,K32_R20_edge
both_degraded,91.36066672909007,92.05280515115224,True,0.1198864,14.985800000000001,122.26418285714286,0.05991410423410393,0.5394608202257613,0.5394597991291723,7.728357716398855,K32_R20_edge
ppg_missing,63.10133569209874,73.04514750909699,False,0.1198864,14.985800000000001,122.26418285714286,0.10990569035884279,0.7354220734815169,0.5894513852539112,6.964157071446835,K32_R20_edge
both_clean,71.08178363330777,71.0897756368337,True,0.1198864,14.985800000000001,122.26418285714286,0.26387929364874735,0.7434249885438157,0.7434249885438157,16.551058982271567,K32_R20_edge
ppg_missing,73.0546691769744,73.05194805194806,True,0.1198864,14.985800000000001,122.26418285714286,0.2530217822114808,0.7325674771065491,0.7325674771065491,14.861194108396122,K32_R20_edge
ppg_missing,64.19743963614278,64.1711229946524,True,0.1198864,14.985800000000001,122.26418285714286,0.2591954379558247,0.738741132850893,0.738741132850893,19.471583930074665,K32_R20_edge
ecg_missing,52.10380652415131,52.083333333333336,True,0.1198864,14.985800000000001,122.26418285714286,0.27041905721348863,0.749964752108557,0.749964752108557,17.25321784279718,K32_R20_edge
ppg_missing,96.21253496583361,96.15384615384617,True,0.1198864,14.985800000000001,122.26418285714286,0.26200946367584416,0.7415551585709125,0.7415551585709125,18.917246344343884,K32_R20_edge
ppg_degraded,107.02127978340076,107.07363791364203,True,0.1198864,14.985800000000001,122.26418285714286,0.14744289121563892,0.6269885861107073,0.6269885861107073,18.01550541561287,K32_R20_edge
ppg_degraded,63.5748714533765,79.16860815474642,True,0.1198864,14.985800000000001,122.26418285714286,0.05868345941434639,0.5382291543094148,0.5382291543094148,18.145066000748756,K32_R20_edge
ppg_missing,59.759081898242464,59.726962457337876,True,0.1198864,14.985800000000001,122.26418285714286,0.24850645167482055,0.7411358366300149,0.7280521465698889,7.2076992645806275,K32_R20_edge
both_degraded,70.85625052133466,82.32657308656114,True,0.1198864,14.985800000000001,122.26418285714286,0.0874386398625776,0.566984334757646,0.566984334757646,18.60855097747029,K32_R20_edge
ecg_missing,54.965960097782755,54.94505494505494,True,0.1198864,14.985800000000001,122.26418285714286,0.27011528333529883,0.7496609782303671,0.7496609782303671,16.875838130829123,K32_R20_edge
both_clean,88.98397254579437,88.94804202090714,True,0.1198864,14.985800000000001,122.26418285714286,0.25774580330166735,0.7372914981967357,0.7372914981967357,15.787598766690612,K32_R20_edge
both_clean,72.1131511519766,73.14559455948982,True,0.1198864,14.985800000000001,122.26418285714286,0.266767303603701,0.7463129984987693,0.7463129984987693,18.241570383834038,K32_R20_edge
ecg_missing,83.74871325600881,83.67139959432049,True,0.1198864,14.985800000000001,122.26418285714286,0.2697662646513039,0.7493119595463722,0.7493119595463722,20.694595662576965,K32_R20_edge
ecg_missing,104.35099918189793,104.38972162740903,True,0.1198864,14.985800000000001,122.26418285714286,0.2693426071453317,0.7488883020404,0.7488883020404,19.079677193009577,K32_R20_edge
ppg_degraded,101.69475973363696,102.31233095737134,True,0.1198864,14.985800000000001,122.26418285714286,0.1536348592973581,0.6331805541924265,0.6331805541924265,18.48234510077373,K32_R20_edge
both_degraded,105.3006115428187,106.10825317875903,True,0.1198864,14.985800000000001,122.26418285714286,0.11865918809311393,0.5982048829881823,0.5982048829881823,18.92192105782783,K32_R20_edge
ecg_degraded,106.10346300628345,106.08352102513498,True,0.1198864,14.985800000000001,122.26418285714286,0.1410423220142012,0.6205880169092696,0.6205880169092696,16.147074387600945,K32_R20_edge
both_clean,85.3891616051899,86.39267935063197,True,0.1198864,14.985800000000001,122.26418285714286,0.2550293192249397,0.734575014120008,0.734575014120008,15.5301925229465,K32_R20_edge
ppg_missing,80.13801715177703,80.21390374331551,True,0.1198864,14.985800000000001,122.26418285714286,-0.019874486842274993,0.730673933590549,0.4596712080527934,6.866848834498084,K32_R20_edge
ecg_degraded,52.25690993822418,72.60469723506884,True,0.1198864,14.985800000000001,122.26418285714286,0.06400678357370015,0.5435524784687685,0.5435524784687685,18.036255471122114,K32_R20_edge
ppg_missing,56.1464786828047,56.14973262032085,True,0.1198864,14.985800000000001,122.26418285714286,0.24300300374661465,0.7402430910307777,0.722548698641683,7.182884159848535,K32_R20_edge
both_clean,81.43540369247579,81.43322475570034,True,0.1198864,14.985800000000001,122.26418285714286,0.25981959422626427,0.7393713744656255,0.7393652891213326,7.660724458866679,K32_R20_edge
ecg_degraded,101.36049827666966,101.39659965800708,True,0.1198864,14.985800000000001,122.26418285714286,0.19027527086654494,0.6698209657616133,0.6698209657616133,17.413239960449285,K32_R20_edge
both_clean,75.95807364270391,78.2519953711211,True,0.1198864,14.985800000000001,122.26418285714286,0.2594620318746757,0.739007726769744,0.739007726769744,18.156255184339138,K32_R20_edge
ecg_missing,50.223761737183274,71.63908899047334,False,0.1198864,14.985800000000001,122.26418285714286,0.022691699602186647,0.7497456551296569,0.502237394497255,6.887410966999459,K32_R20_edge
both_clean,62.73818637171019,104.00143916437963,False,0.1198864,14.985800000000001,122.26418285714286,-0.47926654031646637,0.743457754763762,0.00027915457860196765,6.213824571684685,K32_R20_edge
both_clean,95.59822509318613,95.5911620557465,True,0.1198864,14.985800000000001,122.26418285714286,0.25501134866302516,0.7345570435580935,0.7345570435580935,17.70162555125071,K32_R20_edge
ecg_degraded,59.50507931178667,74.79008659480253,True,0.1198864,14.985800000000001,122.26418285714286,0.039331814454269705,0.5188775093493381,0.5188775093493381,16.537424157214804,K32_R20_edge
ppg_missing,61.97458010932414,61.98347107438017,True,0.1198864,14.985800000000001,122.26418285714286,0.270263356977218,0.7498090518722863,0.7498090518722863,16.562454002526223,K32_R20_edge
ecg_degraded,67.1321638522069,68.68992990978144,True,0.1198864,14.985800000000001,122.26418285714286,0.18666353234490407,0.6662092272399724,0.6662092272399724,17.353775885636956,K32_R20_edge
ppg_degraded,86.55700259368811,86.55482013715076,True,0.1198864,14.985800000000001,122.26418285714286,0.2487696118172532,0.7283153067123216,0.7283153067123216,15.589595346154542,K32_R20_edge
ppg_missing,100.1843332862446,100.20554984583764,True,0.1198864,14.985800000000001,122.26418285714286,0.24463823624871284,0.7241839311437812,0.7241839311437812,18.70573528347379,K32_R20_edge
ppg_missing,63.13369024567511,63.15789473684211,True,0.1198864,14.985800000000001,122.26418285714286,0.25785584640639886,0.7374015413014672,0.7374015413014672,18.493865094144564,K32_R20_edge
ppg_degraded,85.96807242688746,89.40695267320498,True,0.1198864,14.985800000000001,122.26418285714286,0.21417592636292426,0.6937216212579926,0.6937216212579926,19.524737714190312,K32_R20_edge
ecg_degraded,81.79643678880106,83.92904316262624,True,0.1198864,14.985800000000001,122.26418285714286,0.23879992288174245,0.7183456177768108,0.7183456177768108,18.610869701555668,K32_R20_edge
ecg_missing,76.69185238856889,76.70454545454545,True,0.1198864,14.985800000000001,122.26418285714286,0.2697981774381711,0.7493438723332394,0.7493438723332394,17.041133182628386,K32_R20_edge
ecg_missing,84.82523141934678,71.63908899047334,False,0.1198864,14.985800000000001,122.26418285714286,-0.4795454738988541,0.7492659605465819,2.2099621419759612e-07,5.946909830717613,K32_R20_edge
ecg_missing,98.84711141434894,109.40765065834555,False,0.1198864,14.985800000000001,122.26418285714286,-0.1916760796875166,0.7488371765155764,0.2878696152075518,6.751759492190863,K32_R20_edge
ecg_degraded,63.04928340070763,76.29977632236984,False,0.1198864,14.985800000000001,122.26418285714286,-0.13948441432627234,0.5291210656653238,0.34006128056879603,6.873597543189663,K32_R20_edge
ecg_degraded,79.83404905276558,80.47246960872295,True,0.1198864,14.985800000000001,122.26418285714286,0.1907647113650377,0.6703104062601061,0.6703104062601061,17.65829915596515,K32_R20_edge
both_degraded,55.8752336687677,95.9904674537593,True,0.1198864,14.985800000000001,122.26418285714286,-0.03658934446738387,0.4429563504276845,0.4429563504276845,19.083107627760747,K32_R20_edge
both_degraded,80.79425330412226,80.81896551724138,True,0.1198864,14.985800000000001,122.26418285714286,0.19688459096195965,0.676430285857028,0.676430285857028,16.732252632508743,K32_R20_edge
both_degraded,97.46047143921606,97.87733511825839,True,0.1198864,14.985800000000001,122.26418285714286,0.23093570184058476,0.7105265717798169,0.7104813967356531,7.559783742900375,K32_R20_edge
both_clean,109.91353343910225,109.8326359832636,True,0.1198864,14.985800000000001,122.26418285714286,0.25117680181287755,0.7307224967079459,0.7307224967079459,19.100670483396527,K32_R20_edge
ecg_degraded,78.54158324514704,78.55831918586387,True,0.1198864,14.985800000000001,122.26418285714286,0.149378075741198,0.6289237706362664,0.6289237706362664,19.624871073876758,K32_R20_edge
ecg_missing,67.79620404198539,67.79661016949153,True,0.1198864,14.985800000000001,122.26418285714286,0.2699432764256053,0.7494889713206736,0.7494889713206736,17.543905439757197,K32_R20_edge
ecg_degraded,84.77021491503163,84.74576271186442,True,0.1198864,14.985800000000001,122.26418285714286,0.2258180725644271,0.721162225416355,0.7053637674594955,7.190133183487682,K32_R20_edge
both_clean,72.30512328863891,72.89319741102821,True,0.1198864,14.985800000000001,122.26418285714286,0.2610464826381172,0.7405921775331855,0.7405921775331855,18.95733017836495,K32_R20_edge
ppg_missing,57.0201433471736,58.13953488372093,True,0.1198864,14.985800000000001,122.26418285714286,0.25620461073907413,0.7357503056341425,0.7357503056341425,16.367167919656648,K32_R20_edge
both_degraded,81.46991432182972,88.03081051640116,True,0.1198864,14.985800000000001,122.26418285714286,-0.053678492312524466,0.4258672025825439,0.4258672025825439,17.134222044986785,K32_R20_edge
both_clean,97.9481414603527,97.93253536452667,True,0.1198864,14.985800000000001,122.26418285714286,0.2558887707444715,0.7354344656395398,0.7354344656395398,19.080992804320424,K32_R20_edge
ppg_degraded,103.46763724238753,104.27191766168417,True,0.1198864,14.985800000000001,122.26418285714286,0.13761007468455666,0.617155769579625,0.617155769579625,16.824567623106606,K32_R20_edge
ppg_degraded,108.68667126202482,108.65263120986926,True,0.1198864,14.985800000000001,122.26418285714286,0.16099294159331978,0.6405386364883882,0.6405386364883882,20.57537972268361,K32_R20_edge
ppg_missing,72.06347737151378,72.0384204909285,True,0.1198864,14.985800000000001,122.26418285714286,0.2464712416062631,0.7260169365013315,0.7260169365013315,16.672575329472753,K32_R20_edge
ppg_degraded,65.09991065489146,71.0326951546746,True,0.1198864,14.985800000000001,122.26418285714286,0.17187127708168237,0.6514169719767507,0.6514169719767507,18.886970920748617,K32_R20_edge
both_clean,56.64924641277855,56.63919058180435,True,0.1198864,14.985800000000001,122.26418285714286,0.2652240759692642,0.7447697708643325,0.7447697708643325,17.882453344196605,K32_R20_edge
ppg_degraded,76.17391503796455,78.20373464010467,True,0.1198864,14.985800000000001,122.26418285714286,0.22703408457633945,0.7065797794714078,0.7065797794714078,16.36258971828777,K32_R20_edge
ppg_degraded,98.42162961482327,99.43755130580433,True,0.1198864,14.985800000000001,122.26418285714286,0.24295019289144648,0.7224958877865149,0.7224958877865149,19.005560333489672,K32_R20_edge
ppg_missing,64.07868725747106,92.77658282655854,False,0.1198864,14.985800000000001,122.26418285714286,-0.47953767173042516,0.7483157154287522,8.023164643172964e-06,6.068084917614083,K32_R20_edge
both_clean,100.97398988397593,100.95479964485155,True,0.1198864,14.985800000000001,122.26418285714286,0.2525739711616349,0.7321196660567032,0.7321196660567032,18.633251294649376,K32_R20_edge
ecg_degraded,92.70422106912068,93.24830093558398,True,0.1198864,14.985800000000001,122.26418285714286,0.2388876557834836,0.718433350678552,0.718433350678552,17.292624969048703,K32_R20_edge
ppg_missing,62.05656923156261,67.11409395973155,False,0.1198864,14.985800000000001,122.26418285714286,-0.4795205114719532,0.7373837104018537,2.5183423115138167e-05,6.1120522757343,K32_R20_edge
ppg_degraded,87.90509234835773,87.95309168443497,True,0.1198864,14.985800000000001,122.26418285714286,0.2171852349494754,0.6967309298445438,0.6967309298445438,17.31523796280267,K32_R20_edge
ppg_degraded,99.18153096761048,99.15335503380614,True,0.1198864,14.985800000000001,122.26418285714286,0.2227408797562701,0.7022865746513385,0.7022865746513385,19.121021082230374,K32_R20_edge
both_clean,105.97222196725842,105.97826086956522,True,0.1198864,14.985800000000001,122.26418285714286,0.19604533637207966,0.7320144491193739,0.675591031267148,7.074788631177551,K32_R20_edge
ecg_missing,59.73288582179526,62.24066390041494,True,0.1198864,14.985800000000001,122.26418285714286,0.27004217693700333,0.7495878718320717,0.7495878718320717,17.27779026143314,K32_R20_edge
both_clean,99.32091161934954,109.40765065834555,False,0.1198864,14.985800000000001,122.26418285714286,-0.4795455203525467,0.7373984025221677,1.74542521606378e-07,5.940093626249661,K32_R20_edge
ppg_missing,96.55094526990351,96.56652360515024,True,0.1198864,14.985800000000001,122.26418285714286,0.24500692558440407,0.7245526204794724,0.7245526204794724,17.1847193863238,K32_R20_edge
ppg_degraded,64.62329843849523,68.24877482776229,True,0.1198864,14.985800000000001,122.26418285714286,0.1788465282642976,0.658392223159366,0.658392223159366,17.702266215002975,K32_R20_edge
ecg_degraded,67.67488464008859,88.47416860974721,False,0.1198864,14.985800000000001,122.26418285714286,-0.4669745902667263,0.7248108662427842,0.012571104628342064,6.42824320569431,K32_R20_edge
ecg_missing,107.42504193513514,107.36196319018403,True,0.1198864,14.985800000000001,122.26418285714286,0.26936447733339414,0.7489101722284625,0.7489101722284625,17.99620917755689,K32_R20_edge
ecg_degraded,71.72096347762137,73.6439898724247,True,0.1198864,14.985800000000001,122.26418285714286,0.14190138619181913,0.6214470810868875,0.6214470810868875,20.50147739374239,K32_R20_edge
ecg_missing,67.3385663150266,67.34006734006734,True,0.1198864,14.985800000000001,122.26418285714286,0.26994999049573715,0.7494956853908055,0.7494956853908055,16.864886795672597,K32_R20_edge
ppg_degraded,93.20066715228302,93.16770186335405,True,0.1198864,14.985800000000001,122.26418285714286,0.22133296777444533,0.7008786626695137,0.7008786626695137,18.115679222398775,K32_R20_edge
ecg_degraded,57.97436062759717,80.0536645314588,True,0.1198864,14.985800000000001,122.26418285714286,0.04980591507260968,0.529351609967678,0.529351609967678,18.12797825958088,K32_R20_edge
both_degraded,78.99015899731369,78.89530146696592,True,0.1198864,14.985800000000001,122.26418285714286,0.15072768843873452,0.6302733877715292,0.6302733833338029,7.959532800488788,K32_R20_edge
both_clean,71.48798757425688,71.51370679380214,True,0.1198864,14.985800000000001,122.26418285714286,0.26139057553028927,0.7409362704253576,0.7409362704253576,19.11397115724093,K32_R20_edge
ppg_missing,82.63918057774131,84.61538461538463,True,0.1198864,14.985800000000001,122.26418285714286,0.25033602261420923,0.7298817175092775,0.7298817175092775,19.535821362892555,K32_R20_edge
ecg_degraded,86.19500863103033,87.70220342543581,True,0.1198864,14.985800000000001,122.26418285714286,0.13572362468992782,0.6152693195849962,0.6152693195849962,18.18996782138435,K32_R20_edge
both_clean,88.40644723402866,89.76377229416869,True,0.1198864,14.985800000000001,122.26418285714286,0.2530421704472872,0.7325878653423555,0.7325878653423555,14.61496190660769,K32_R20_edge
both_degraded,75.94394349132818,77.65730987829268,True,0.1198864,14.985800000000001,122.26418285714286,0.13574048773145797,0.6152861826265263,0.6152861826265263,20.272122365317845,K32_R20_edge
both_degraded,103.21594452524081,103.2272541762322,True,0.1198864,14.985800000000001,122.26418285714286,0.22813605850384622,0.7076817533989146,0.7076817533989146,17.610448711372694,K32_R20_edge
both_clean,100.14056554183755,100.11123470522806,True,0.1198864,14.985800000000001,122.26418285714286,0.257233548804146,0.7367792436992143,0.7367792436992143,17.269948482528704,K32_R20_edge
ecg_degraded,106.00146712352216,105.97826086956522,True,0.1198864,14.985800000000001,122.26418285714286,0.061219580086625654,0.6643121251884744,0.540765274981694,6.972842685197561,K32_R20_edge
ppg_missing,76.75433849739491,76.79180887372014,True,0.1198864,14.985800000000001,122.26418285714286,0.24901852673978875,0.7285642216348571,0.7285642216348571,17.68858327465004,K32_R20_edge
both_clean,93.80515486845815,94.76708560301013,True,0.1198864,14.985800000000001,122.26418285714286,0.24535234797712846,0.7248980428721968,0.7248980428721968,14.991339665217229,K32_R20_edge
ecg_degraded,75.84174720717638,76.75002324546242,True,0.1198864,14.985800000000001,122.26418285714286,0.18530872715452018,0.6648544220495886,0.6648544220495886,18.079089656892556,K32_R20_edge
ecg_missing,66.72696527183895,90.46052631578948,False,0.1198864,14.985800000000001,122.26418285714286,-0.23695341445692883,0.7495508960817305,0.24259228043813955,6.721919021051562,K32_R20_edge
ppg_degraded,89.11318682703524,89.85110561112548,True,0.1198864,14.985800000000001,122.26418285714286,0.14098385034350902,0.6205295452385774,0.6205295452385774,19.551003355904413,K32_R20_edge
ppg_missing,106.75922945063783,90.46052631578948,False,0.1198864,14.985800000000001,122.26418285714286,-0.4791005225268876,0.7136162963192368,0.00044517236818070026,6.237754018258401,K32_R20_edge
ppg_missing,98.25847285431179,98.25327510917032,True,0.1198864,14.985800000000001,122.26418285714286,0.24215741602647278,0.7217031109215412,0.7217031109215412,18.11418828833845,K32_R20_edge
ecg_degraded,67.11210646232104,57.62897914379803,False,0.1198864,14.985800000000001,122.26418285714286,-0.47940849531958296,0.6008093682186489,0.0001371995754853692,6.191290173934028,K32_R20_edge
ecg_degraded,63.686345381692234,79.70032531524048,True,0.1198864,14.985800000000001,122.26418285714286,0.048606535234874466,0.5281522301299428,0.5281522301299428,19.86672534589176,K32_R20_edge
ecg_missing,96.29872767129602,96.25668449197863,True,0.1198864,14.985800000000001,122.26418285714286,0.26936100951086966,0.748906704405938,0.748906704405938,16.84207854825603,K32_R20_edge
ppg_degraded,92.3077087662074,92.28187919463089,True,0.1198864,14.985800000000001,122.26418285714286,0.2328516486399086,0.712397343534977,0.712397343534977,15.818919840605659,K32_R20_edge
both_clean,101.81610477528801,101.80995475113127,True,0.1198864,14.985800000000001,122.26418285714286,0.2566081019000191,0.7361537967950874,0.7361537967950874,19.14280561367542,K32_R20_edge
ecg_missing,58.78169665753366,58.79059350503919,True,0.1198864,14.985800000000001,122.26418285714286,0.27011800181204076,0.7496636967071091,0.7496636967071091,15.527770572679863,K32_R20_edge
ppg_missing,101.7007541691748,101.69491525423732,True,0.1198864,14.985800000000001,122.26418285714286,0.24189066035499895,0.7214363552500673,0.7214363552500673,16.98380558559179,K32_R20_edge
both_degraded,75.95752715952494,82.55556262706527,False,0.1198864,14.985800000000001,122.26418285714286,-0.47954410192220076,0.34022265081406955,1.592972867531258e-06,6.0382884301776905,K32_R20_edge
both_clean,66.40072870355326,67.32822705353342,True,0.1198864,14.985800000000001,122.26418285714286,0.25387840977575066,0.733424104670819,0.733424104670819,18.244215258604175,K32_R20_edge
ecg_missing,70.59467974955773,64.1025641025641,False,0.1198864,14.985800000000001,122.26418285714286,-0.4795456948950683,0.7494631294342092,2.4790691023551137e-32,4.923020058330087,K32_R20_edge
ecg_missing,109.61023424076464,109.67379077615296,True,0.1198864,14.985800000000001,122.26418285714286,0.26911070648474217,0.7486564013798105,0.7486564013798105,20.088240142858172,K32_R20_edge
both_clean,107.36192750117972,101.43775267021677,False,0.1198864,14.985800000000001,122.26418285714286,0.18015292365422486,0.7340232229420369,0.6596986185492932,7.045761891672023,K32_R20_edge
ppg_missing,55.024762128807254,55.012224938875306,True,0.1198864,14.985800000000001,122.26418285714286,0.2388752424073507,0.7383227978694086,0.7184209373024191,7.172745406368265,K32_R20_edge
ecg_missing,68.91130806302536,68.96551724137932,True,0.1198864,14.985800000000001,122.26418285714286,0.2697864628153683,0.7493321577104366,0.7493321577104366,15.124954593719611,K32_R20_edge
ecg_degraded,93.17474147938809,76.14785495462716,False,0.1198864,14.985800000000001,122.26418285714286,-0.4294471375986959,0.667414369062113,0.050098557296372415,6.545979328063936,K32_R20_edge
both_degraded,52.11950789649734,104.18150597834688,True,0.1198864,14.985800000000001,122.26418285714286,-0.05755010958612083,0.42199558530894754,0.42199558530894754,20.701403175280532,K32_R20_edge
ppg_missing,52.15541926622978,54.12371134020618,True,0.1198864,14.985800000000001,122.26418285714286,0.2607400799189326,0.7402857748140009,0.7402857748140009,21.346770552799022,K32_R20_edge
both_clean,52.69341760530994,109.0342679127726,False,0.1198864,14.985800000000001,122.26418285714286,0.034853381636511534,0.7457111551169853,0.5143990765315799,6.897849528246331,K32_R20_edge
ppg_missing,102.10668999547107,102.09424083769636,True,0.1198864,14.985800000000001,122.26418285714286,0.23427623303264056,0.7138219279277089,0.7138219279277089,15.282326226658974,K32_R20_edge
both_degraded,70.0239463796591,73.95499056870896,True,0.1198864,14.985800000000001,122.26418285714286,0.027824524269795873,0.5073702191648642,0.5073702191648642,20.313564222977096,K32_R20_edge
ppg_missing,69.1243899662907,69.12442396313364,True,0.1198864,14.985800000000001,122.26418285714286,0.25841037601096545,0.7379560709060338,0.7379560709060338,17.923925043150664,K32_R20_edge
both_clean,97.60062926300904,97.56199232864537,True,0.1198864,14.985800000000001,122.26418285714286,0.25567858458660725,0.7352242794816756,0.7352242794816756,16.312851706668134,K32_R20_edge
ppg_degraded,69.11397748859613,70.54139304365448,True,0.1198864,14.985800000000001,122.26418285714286,0.24649285167371415,0.7260385465687825,0.7260385465687825,18.221028768350173,K32_R20_edge
ppg_degraded,94.30585133571341,96.15379239658378,True,0.1198864,14.985800000000001,122.26418285714286,0.24858777334819626,0.7281334682432646,0.7281334682432646,20.73447094071285,K32_R20_edge
ecg_degraded,72.1604437041932,73.51840120043973,True,0.1198864,14.985800000000001,122.26418285714286,0.24209289408600188,0.7216385889810703,0.7216385889810703,17.133967902674357,K32_R20_edge
ppg_missing,67.85115880274992,67.87330316742081,True,0.1198864,14.985800000000001,122.26418285714286,0.2560129630370153,0.7355586579320836,0.7355586579320836,16.968752818423905,K32_R20_edge
ppg_missing,73.23359085772024,73.21041214750542,True,0.1198864,14.985800000000001,122.26418285714286,0.2554968287091162,0.7350425236041845,0.7350425236041845,18.19536354878916,K32_R20_edge
ppg_missing,60.082234556408466,60.068649885583525,True,0.1198864,14.985800000000001,122.26418285714286,0.2593137143563948,0.7388594092514631,0.7388594092514631,19.297819046185182,K32_R20_edge
ecg_degraded,54.50066877844281,73.76237745359515,True,0.1198864,14.985800000000001,122.26418285714286,0.05433721714499252,0.5338829120400609,0.5338829120400609,20.93974551187983,K32_R20_edge
ppg_missing,102.2720867902249,102.30849947534107,True,0.1198864,14.985800000000001,122.26418285714286,0.24104287230380084,0.7205885671988692,0.7205885671988692,19.1064650573804,K32_R20_edge
both_degraded,102.10299078587309,102.80656814411758,True,0.1198864,14.985800000000001,122.26418285714286,0.1459297538102201,0.6254754487052885,0.6254754487052885,17.85823388612522,K32_R20_edge
ecg_degraded,77.64928057181005,78.53404588806184,True,0.1198864,14.985800000000001,122.26418285714286,0.18717368418244174,0.6667193790775101,0.6667193790775101,17.147216108262423,K32_R20_edge
ppg_degraded,91.30257354346949,92.18103715990935,True,0.1198864,14.985800000000001,122.26418285714286,3.8532454491097e-05,0.609501458841547,0.47958422734955947,6.954398030898281,K32_R20_edge
ppg_degraded,101.75897697574237,110.54215326978024,False,0.1198864,14.985800000000001,122.26418285714286,-0.47954476838667537,0.6378982580759167,9.265083929583551e-07,5.998212850901199,K32_R20_edge
ppg_degraded,73.44340255385774,75.0291966343085,True,0.1198864,14.985800000000001,122.26418285714286,0.2155355846529553,0.6950812795480237,0.6950812795480237,15.337499211817777,K32_R20_edge
ecg_degraded,92.70861970554557,93.58614958467501,True,0.1198864,14.985800000000001,122.26418285714286,0.23777889994066626,0.717569066500683,0.7173245948357346,7.469089054500521,K32_R20_edge
ppg_missing,95.28748520647943,95.33898305084747,True,0.1198864,14.985800000000001,122.26418285714286,0.23797129860451505,0.7175169934995834,0.7175169934995834,18.185843379876356,K32_R20_edge
ecg_missing,54.68447660183521,57.31441048034934,True,0.1198864,14.985800000000001,122.26418285714286,0.2700998178447837,0.7496455127398516,0.749645512739852,9.037347974616882,K32_R20_edge
both_clean,58.28972436963778,58.268590455049946,True,0.1198864,14.985800000000001,122.26418285714286,0.26506676939057067,0.744612464285639,0.744612464285639,18.487891765973462,K32_R20_edge
both_clean,95.01979894913832,98.6214677003927,False,0.1198864,14.985800000000001,122.26418285714286,-0.4795427919856963,0.7345951303830898,2.90290937196794e-06,6.0323412707023145,K32_R20_edge
both_degraded,92.33893624285993,106.27530364372474,False,0.1198864,14.985800000000001,122.26418285714286,-0.47937962236920073,0.6738804996520834,0.0001660725258675892,6.194689131524356,K32_R20_edge
ecg_missing,61.11604891881151,61.11757857974389,True,0.1198864,14.985800000000001,122.26418285714286,0.2700525240033042,0.7495982188983725,0.7495982188983725,18.386133511427335,K32_R20_edge
ppg_missing,99.60391537734056,99.55752212389382,True,0.1198864,14.985800000000001,122.26418285714286,0.23631854082212966,0.715864235717198,0.715864235717198,17.7364208307446,K32_R20_edge
ppg_degraded,98.05407025894374,98.30056710047474,True,0.1198864,14.985800000000001,122.26418285714286,0.218704367344979,0.6982500622400474,0.6982500622400474,19.08475125237888,K32_R20_edge
ecg_degraded,69.96461171750948,80.34195406814955,True,0.1198864,14.985800000000001,122.26418285714286,0.08129379205550047,0.5608394869505688,0.5608394869505688,15.43467170257967,K32_R20_edge
ppg_missing,70.41691994541826,70.45929018789144,True,0.1198864,14.985800000000001,122.26418285714286,0.25831660566310827,0.7378623005581766,0.7378623005581766,16.371138266232144,K32_R20_edge
both_degraded,56.63431960005529,112.76196611017433,True,0.1198864,14.985800000000001,122.26418285714286,-0.13380674313914248,0.3457389517559259,0.3457389517559259,16.99176545841715,K32_R20_edge
ecg_missing,76.72898935843413,76.70454545454545,True,0.1198864,14.985800000000001,122.26418285714286,0.2698967303957173,0.7494424252907856,0.7494424252907856,19.39200011600329,K32_R20_edge
both_clean,56.58567560471765,94.24083769633509,False,0.1198864,14.985800000000001,122.26418285714286,-0.38528232537723917,0.7432683599209433,0.09426336951782917,6.598770652021628,K32_R20_edge
ppg_degraded,82.60442851530684,82.55556262706527,True,0.1198864,14.985800000000001,122.26418285714286,0.22160008520198937,0.7012814783767427,0.7011457800970577,7.500590768611001,K32_R20_edge
both_clean,87.47499901226463,87.48674443266174,True,0.1198864,14.985800000000001,122.26418285714286,0.25800323039884815,0.7375489252939165,0.7375489252939165,16.916515779656205,K32_R20_edge
both_degraded,84.91646856252152,60.69364161849711,False,0.1198864,14.985800000000001,122.26418285714286,-0.4795456948950683,0.4906753376197934,1.1124948685619014e-37,4.785211450737625,K32_R20_edge
both_degraded,54.298912631098574,80.59694141563773,True,0.1198864,14.985800000000001,122.26418285714286,-0.19515165903771542,0.44132223430603107,0.28439403585735296,6.87446012257519,K32_R20_edge
both_clean,87.30022681990346,89.5822100288549,True,0.1198864,14.985800000000001,122.26418285714286,0.25687570425223977,0.7364213991473081,0.7364213991473081,16.51492482156122,K32_R20_edge
ecg_missing,95.13289586931788,95.04608294930877,True,0.1198864,14.985800000000001,122.26418285714286,0.1848344732929611,0.7490573478356541,0.6643801681880295,7.033481000383392,K32_R20_edge
ppg_missing,58.511192468205664,58.46325167037862,True,0.1198864,14.985800000000001,122.26418285714286,0.2570217341433139,0.7365674290383822,0.7365674290383822,18.078512837211832,K32_R20_edge
both_degraded,85.70460775198615,85.67044340621871,True,0.1198864,14.985800000000001,122.26418285714286,0.20175967912038195,0.6813410914809576,0.6813053740154503,7.569711088365503,K32_R20_edge
ecg_missing,99.14332851432209,99.11894273127756,True,0.1198864,14.985800000000001,122.26418285714286,0.2695383439318227,0.749084038826891,0.749084038826891,15.88916775358275,K32_R20_edge
ecg_missing,61.61716648278219,61.61971830985916,True,0.1198864,14.985800000000001,122.26418285714286,0.2700208833160787,0.749566578211147,0.749566578211147,18.306094877959715,K32_R20_edge
both_clean,104.80489524779401,104.7834957438635,True,0.1198864,14.985800000000001,122.26418285714286,0.2550229853187586,0.7345686802138269,0.7345686802138269,18.44159372196616,K32_R20_edge
ppg_missing,108.31484488484085,108.359133126935,True,0.1198864,14.985800000000001,122.26418285714286,0.23433829294045405,0.7138839878355224,0.7138839878355224,21.297135357564034,K32_R20_edge
ecg_degraded,92.69867337039373,94.51164367656685,True,0.1198864,14.985800000000001,122.26418285714286,0.1460104289844114,0.6255561238794798,0.6255561238794798,17.460034240107543,K32_R20_edge
both_clean,102.32214608147977,102.30849947534107,True,0.1198864,14.985800000000001,122.26418285714286,0.25343576808460316,0.7329814629796715,0.7329814629796715,16.28753183646646,K32_R20_edge
ppg_degraded,66.30696281216392,70.56582458841976,True,0.1198864,14.985800000000001,122.26418285714286,0.1269817995670861,0.6065274944621545,0.6065274944621545,15.725016021924553,K32_R20_edge
ecg_degraded,89.89810322218236,89.96728462377318,True,0.1198864,14.985800000000001,122.26418285714286,0.24068151433480633,0.7202272092298747,0.7202272092298747,18.65629495552665,K32_R20_edge
ecg_missing,105.56865526747461,105.51948051948055,True,0.1198864,14.985800000000001,122.26418285714286,0.27005248218841743,0.7495981770834858,0.7495981770834858,17.90343014975982,K32_R20_edge
ppg_degraded,52.683741244751374,73.1417645279733,True,0.1198864,14.985800000000001,122.26418285714286,0.05163363110813036,0.5326913266791558,0.5311793260031987,7.339952121256508,K32_R20_edge
both_clean,99.24947217934553,99.2840180188851,True,0.1198864,14.985800000000001,122.26418285714286,0.255487487178579,0.7350331820736473,0.7350331820736473,19.090183498648077,K32_R20_edge
both_clean,64.21539002351602,64.23982869379014,True,0.1198864,14.985800000000001,122.26418285714286,0.2637392833815075,0.7432849782765758,0.7432849782765758,20.003931307938522,K32_R20_edge
both_degraded,98.06678671578103,99.26080446201694,True,0.1198864,14.985800000000001,122.26418285714286,0.1259581243438469,0.6055038192389153,0.6055038192389153,22.334463081217564,K32_R20_edge
both_clean,88.54517241475935,88.5676441042578,True,0.1198864,14.985800000000001,122.26418285714286,0.25726002267877873,0.736805717573847,0.736805717573847,16.29446716576216,K32_R20_edge
both_clean,98.09267623829291,98.09159145431934,True,0.1198864,14.985800000000001,122.26418285714286,0.25473173053138737,0.7342774254264557,0.7342774254264557,20.17486230324739,K32_R20_edge
ecg_missing,74.05969881721347,74.01315789473685,True,0.1198864,14.985800000000001,122.26418285714286,0.2697312051673571,0.7492769000624254,0.7492769000624254,16.88718606339285,K32_R20_edge
both_clean,77.01296285075387,77.01035371666018,True,0.1198864,14.985800000000001,122.26418285714286,0.26114193368260324,0.7406876285776716,0.7406876285776716,18.81583481822182,K32_R20_edge
both_clean,105.45783951038891,105.99179888645581,True,0.1198864,14.985800000000001,122.26418285714286,0.24826398425123242,0.7278096791463008,0.7278096791463008,17.377445158683322,K32_R20_edge
ppg_degraded,54.2740220367522,74.93864555359194,True,0.1198864,14.985800000000001,122.26418285714286,0.05579838332171983,0.5353440782167882,0.5353440782167882,19.814091641517336,K32_R20_edge
ecg_missing,59.37204360815526,61.79196704428424,True,0.1198864,14.985800000000001,122.26418285714286,0.2700900530969525,0.7496357479920208,0.7496357479920208,19.353217851533664,K32_R20_edge
both_degraded,108.36994463067435,109.03700354018092,True,0.1198864,14.985800000000001,122.26418285714286,0.1944790699921366,0.674024764887205,0.674024764887205,18.456262528570626,K32_R20_edge
both_degraded,104.795078400651,104.89718955459412,True,0.1198864,14.985800000000001,122.26418285714286,0.2246983972005785,0.7042440920956469,0.7042440920956469,19.48429469183198,K32_R20_edge
both_degraded,58.81208325633689,53.128689492325854,False,0.1198864,14.985800000000001,122.26418285714286,-0.4795456948950683,0.4154616032815006,2.9208948951850456e-50,4.493282319495421,K32_R20_edge
both_degraded,108.40755302071346,108.3170784484709,True,0.1198864,14.985800000000001,122.26418285714286,0.1765669493906582,0.6561126442857262,0.6561126442857266,8.946998989476409,K32_R20_edge
ppg_missing,65.92732589112666,68.94790602655772,True,0.1198864,14.985800000000001,122.26418285714286,0.2565278260488198,0.7360735209438881,0.7360735209438881,17.29923926515891,K32_R20_edge
both_degraded,103.52641197615813,103.61317747077578,True,0.1198864,14.985800000000001,122.26418285714286,0.19471141195927266,0.674257106854341,0.674257106854341,16.211533079932803,K32_R20_edge
ecg_missing,104.28651365481551,104.2780748663102,True,0.1198864,14.985800000000001,122.26418285714286,0.26919523274277873,0.748740927637847,0.748740927637847,18.300491477705876,K32_R20_edge
both_degraded,51.4247476186802,91.4720510908733,True,0.1198864,14.985800000000001,122.26418285714286,-0.05436305638482291,0.42518263851024546,0.42518263851024546,17.335615450169666,K32_R20_edge
both_clean,50.58269809808866,52.059082312414944,True,0.1198864,14.985800000000001,122.26418285714286,0.2610347054446324,0.7405804003397007,0.7405804003397007,17.770524419302657,K32_R20_edge
ppg_missing,69.61969167816972,89.28571428571429,False,0.1198864,14.985800000000001,122.26418285714286,-0.4062411405675547,0.7346485893766295,0.07330455432751357,6.573650989612856,K32_R20_edge
ecg_missing,105.87070864133135,105.97826086956522,True,0.1198864,14.985800000000001,122.26418285714286,0.2691926266471551,0.7487383215422234,0.7487383215422234,16.488924872188882,K32_R20_edge
ecg_missing,97.48062130098538,97.50812567713979,True,0.1198864,14.985800000000001,122.26418285714286,0.2690388469637867,0.748584541858855,0.748584541858855,19.74228821812602,K32_R20_edge
both_clean,73.21105870760775,50.561797752808985,False,0.1198864,14.985800000000001,122.26418285714286,-0.4795456948950683,0.7410876733177646,1.5390786963636092e-18,5.375191493472579,K32_R20_edge
ecg_degraded,101.4806488292724,69.42867456138384,False,0.1198864,14.985800000000001,122.26418285714286,-0.4772672378710955,0.606030702901683,0.002278457023972861,6.331766822646299,K32_R20_edge
ecg_missing,68.45370981752046,68.4931506849315,True,0.1198864,14.985800000000001,122.26418285714286,0.2700272673103434,0.7495729622054117,0.7495729622054117,19.321915009999962,K32_R20_edge
ppg_degraded,70.84504415624653,106.27530364372474,False,0.1198864,14.985800000000001,122.26418285714286,-0.4795456948950683,0.6528888475741427,2.0622449248168244e-32,4.922460400393624,K32_R20_edge
ecg_missing,61.42869931032499,61.40350877192983,True,0.1198864,14.985800000000001,122.26418285714286,0.26991667390653,0.7494623688015983,0.7494623688015983,15.89244269652743,K32_R20_edge
ppg_missing,107.57306626561444,107.49724366041893,True,0.1198864,14.985800000000001,122.26418285714286,0.23650298502848544,0.7160486799235538,0.7160486799235538,19.06615803946727,K32_R20_edge
ppg_degraded,98.21783799221039,99.11419663986631,True,0.1198864,14.985800000000001,122.26418285714286,-0.2979387518216803,0.6193247421518943,0.18160694307338804,6.70621458403133,K32_R20_edge
ecg_missing,77.74548832464534,80.29978586723769,True,0.1198864,14.985800000000001,122.26418285714286,0.2696356064939978,0.7491813013890661,0.7491813013890661,18.38383980878384,K32_R20_edge
both_degraded,65.85659423530272,94.64788222835969,True,0.1198864,14.985800000000001,122.26418285714286,-0.04900094044280317,0.4305447544522652,0.4305447544522652,20.901995441553396,K32_R20_edge
ppg_degraded,107.95877603172218,108.49351683002871,True,0.1198864,14.985800000000001,122.26418285714286,0.208835961974997,0.6883816568803856,0.6883816568700654,8.181909731216617,K32_R20_edge
ecg_degraded,73.8091979335928,78.15285700814573,True,0.1198864,14.985800000000001,122.26418285714286,0.121443420392772,0.6009891152878404,0.6009891152878404,20.940320814487634,K32_R20_edge
ppg_missing,62.64233386801088,62.63048016701462,True,0.1198864,14.985800000000001,122.26418285714286,0.25640432780321093,0.7359500227955249,0.7359500226982792,8.10614562019248,K32_R20_edge
ecg_missing,75.47938288302187,77.96257796257797,True,0.1198864,14.985800000000001,122.26418285714286,0.2698607442886513,0.7494064391837196,0.7494064391837196,16.73617504226926,K32_R20_edge
ecg_missing,93.14730261506709,93.11512415349888,True,0.1198864,14.985800000000001,122.26418285714286,0.2697186500943693,0.7492779081099912,0.7492643449894376,7.62286044623522,K32_R20_edge
both_clean,96.24108793898426,96.25668449197862,True,0.1198864,14.985800000000001,122.26418285714286,0.2546360809097464,0.734181775804815,0.7341817758048147,8.538597315517649,K32_R20_edge
ecg_degraded,56.539133128189654,74.65757991064149,True,0.1198864,14.985800000000001,122.26418285714286,0.056046489988346056,0.5355921848834144,0.5355921848834144,17.006105332336126,K32_R20_edge
both_degraded,106.75584605322572,107.57511743083467,True,0.1198864,14.985800000000001,122.26418285714286,0.07795172461506428,0.5574974195101327,0.5574974195101327,17.59111142648365,K32_R20_edge
ecg_degraded,90.4742451569895,92.7896007832932,True,0.1198864,14.985800000000001,122.26418285714286,0.16243017932497994,0.6419758742200483,0.6419758742200483,16.53485162924904,K32_R20_edge
ecg_degraded,53.7497457239341,70.70457823656358,True,0.1198864,14.985800000000001,122.26418285714286,0.05049973103558781,0.5300454259379486,0.5300454259306562,8.184843483824313,K32_R20_edge
ppg_degraded,100.24618625954102,100.38383425856217,True,0.1198864,14.985800000000001,122.26418285714286,0.16757751912004992,0.6471232140151183,0.6471232140151183,17.469723869499983,K32_R20_edge
ppg_missing,108.31422421365355,109.375,True,0.1198864,14.985800000000001,122.26418285714286,0.23270679081050394,0.7122524857055723,0.7122524857055723,17.12839677318596,K32_R20_edge
ppg_degraded,100.26485853622803,100.91501033536774,True,0.1198864,14.985800000000001,122.26418285714286,0.13990914354228656,0.6194548384373549,0.6194548384373549,20.212140992831696,K32_R20_edge
ppg_missing,50.58709275766753,50.561797752808985,True,0.1198864,14.985800000000001,122.26418285714286,0.256190092536746,0.7424839193229038,0.7357357874318143,7.258788835249223,K32_R20_edge
both_degraded,78.38533449074329,83.53769938185049,True,0.1198864,14.985800000000001,122.26418285714286,0.09743482558263006,0.5782268643258357,0.5769805204776984,7.357905894621354,K32_R20_edge
ecg_degraded,85.35042643756519,85.35313022075994,True,0.1198864,14.985800000000001,122.26418285714286,0.18821083893183688,0.6677565338269053,0.6677565338269053,17.78896839155896,K32_R20_edge
ppg_missing,103.2799216221577,56.14973262032085,False,0.1198864,14.985800000000001,122.26418285714286,-0.47954569489506826,0.7168978114121521,4.7583280326162894e-17,5.43598615798293,K32_R20_edge
ppg_missing,80.16562912488915,82.23684210526316,True,0.1198864,14.985800000000001,122.26418285714286,0.25070623827947885,0.7302519331745472,0.7302519331745472,18.245039434498942,K32_R20_edge
ecg_degraded,54.639428922944035,71.20384234324086,True,0.1198864,14.985800000000001,122.26418285714286,0.04318973965025242,0.5227354345453208,0.5227354345453208,15.03427746454496,K32_R20_edge
both_clean,106.01153030216216,105.97826086956522,True,0.1198864,14.985800000000001,122.26418285714286,0.25317446456087517,0.7327201594559435,0.7327201594559435,19.420176109375724,K32_R20_edge
ecg_missing,107.10414786898184,107.03363914373085,True,0.1198864,14.985800000000001,122.26418285714286,0.2681147580456172,0.7476604529406855,0.7476604529406855,18.227815444464653,K32_R20_edge
both_clean,79.16973290083858,79.17025144446627,True,0.1198864,14.985800000000001,122.26418285714286,0.2614290495596327,0.740974744454701,0.740974744454701,19.430216558684815,K32_R20_edge
ecg_degraded,53.206564188999785,91.0549553147003,False,0.1198864,14.985800000000001,122.26418285714286,-0.47794272916170005,0.5356910387060929,0.0016029657333682485,6.318859834012025,K32_R20_edge
ppg_degraded,100.33344074988042,100.27838156772859,True,0.1198864,14.985800000000001,122.26418285714286,0.24476035663554097,0.7243060515306093,0.7243060515306093,19.697193435763314,K32_R20_edge
ppg_missing,94.50036058646123,96.4630225080386,True,0.1198864,14.985800000000001,122.26418285714286,0.24105492067734546,0.7206006155724138,0.7206006155724138,9.066341727356864,K32_R20_edge
ppg_degraded,108.27404478805525,108.78521679964122,True,0.1198864,14.985800000000001,122.26418285714286,0.14422506298523985,0.6451250795203999,0.6237707578803082,7.154982319622838,K32_R20_edge
both_clean,50.43882167224396,50.420297378882786,True,0.1198864,14.985800000000001,122.26418285714286,0.26715853105207094,0.7467042259471393,0.7467042259471393,16.90877769767327,K32_R20_edge
ecg_missing,76.12966697120581,108.02305050778125,False,0.1198864,14.985800000000001,122.26418285714286,-0.4795456948950683,0.7491876401318276,2.7928311910077457e-32,4.924471083617229,K32_R20_edge
ppg_missing,67.02814391794222,68.94790602655772,True,0.1198864,14.985800000000001,122.26418285714286,0.25367952958816736,0.7332252244832357,0.7332252244832357,19.662333670188907,K32_R20_edge
ecg_missing,56.462305740999874,59.188275084554675,True,0.1198864,14.985800000000001,122.26418285714286,0.2700605852744333,0.7496062801695016,0.7496062801695016,17.99226015446842,K32_R20_edge
ppg_degraded,94.10807616038579,95.10272521334115,True,0.1198864,14.985800000000001,122.26418285714286,0.2430502328403249,0.7225959277353933,0.7225959277353933,18.1230886545832,K32_R20_edge
ppg_missing,70.47289498262384,71.58006362672323,True,0.1198864,14.985800000000001,122.26418285714286,0.25479234895952535,0.7343380438545937,0.7343380438545937,21.06731103370484,K32_R20_edge
both_degraded,52.33814834726948,101.52683517691415,True,0.1198864,14.985800000000001,122.26418285714286,-0.14549590496166415,0.33404978993340423,0.33404978993340423,18.672291158121073,K32_R20_edge
both_clean,58.0176083435843,73.04514750909699,False,0.1198864,14.985800000000001,122.26418285714286,-0.4795456948950683,0.7432014339681698,3.0418560907938354e-26,5.10413022378435,K32_R20_edge
both_clean,98.36001783366201,98.36065573770495,True,0.1198864,14.985800000000001,122.26418285714286,0.25565694534979383,0.7352026402448621,0.7352026402448621,18.139399095303467,K32_R20_edge
ecg_degraded,86.3522610793628,86.33541639357784,True,0.1198864,14.985800000000001,122.26418285714286,0.18605717957458257,0.6656028744696508,0.6656028744696509,8.576806367615486,K32_R20_edge
both_clean,62.90303751041688,63.89595552046014,True,0.1198864,14.985800000000001,122.26418285714286,0.2600871638230104,0.7396328587180787,0.7396328587180787,17.646944731663496,K32_R20_edge
ecg_degraded,91.7625336801064,91.7016412910937,True,0.1198864,14.985800000000001,122.26418285714286,0.14645024207123325,0.6259959369663016,0.6259959369663016,17.417379603685923,K32_R20_edge
ppg_missing,57.824287622766235,59.99999999999999,True,0.1198864,14.985800000000001,122.26418285714286,0.25943522998352314,0.7389809248785915,0.7389809248785915,18.23533830897406,K32_R20_edge
both_degraded,90.39126545011874,91.42079392004653,True,0.1198864,14.985800000000001,122.26418285714286,0.23110635960575365,0.710652054500822,0.710652054500822,17.026713053461947,K32_R20_edge
ecg_missing,89.30241532536166,89.28571428571429,True,0.1198864,14.985800000000001,122.26418285714286,0.2704278249584549,0.7499735199763704,0.7499735198535232,8.098509514679513,K32_R20_edge
ecg_degraded,50.33154389195575,67.87502156495088,True,0.1198864,14.985800000000001,122.26418285714286,0.06520390233409556,0.5447495972291639,0.5447495972291639,19.991356483307495,K32_R20_edge
both_degraded,80.69092842492682,85.07152294967585,True,0.1198864,14.985800000000001,122.26418285714286,0.1686104200888321,0.6481561149839005,0.6481561149839005,19.67796058561751,K32_R20_edge
both_degraded,93.57892591596023,93.53693155336512,True,0.1198864,14.985800000000001,122.26418285714286,0.12895685404089408,0.6085025489359625,0.6085025489359625,17.839873618913234,K32_R20_edge
both_degraded,95.51202437738874,98.69871919943192,True,0.1198864,14.985800000000001,122.26418285714286,0.07945310447501475,0.5590011117403679,0.5589987993700831,7.692832663201535,K32_R20_edge
both_degraded,92.34250035362409,92.34017572977015,True,0.1198864,14.985800000000001,122.26418285714286,0.17670219697473943,0.6562478918698078,0.6562478918698078,18.339757614244917,K32_R20_edge
both_degraded,103.10273683225509,102.99209331359889,True,0.1198864,14.985800000000001,122.26418285714286,0.1291406644780625,0.6086863593731309,0.6086863593731309,16.889411917828134,K32_R20_edge
ppg_missing,95.37247042833883,95.44008483563097,True,0.1198864,14.985800000000001,122.26418285714286,0.2295645487186314,0.7184594050657199,0.7091102436136998,7.23168300249949,K32_R20_edge
both_clean,105.31939400164876,105.3498420225765,True,0.1198864,14.985800000000001,122.26418285714286,0.2521184527302231,0.7316641476252914,0.7316641476252914,17.98727163618377,K32_R20_edge
both_degraded,74.88842021492684,77.36231257654654,True,0.1198864,14.985800000000001,122.26418285714286,0.1487084841026668,0.6282541789977352,0.6282541789977352,19.42820999634971,K32_R20_edge
ppg_missing,52.04965919990928,52.083333333333336,True,0.1198864,14.985800000000001,122.26418285714286,0.2676459505375411,0.7471916454326094,0.7471916454326094,16.088863795914058,K32_R20_edge
ecg_missing,60.86020490043299,60.8342989571263,True,0.1198864,14.985800000000001,122.26418285714286,0.26999207299930744,0.7495377678943758,0.7495377678943758,17.758855611728208,K32_R20_edge
both_degraded,67.26693688316352,69.63672476940597,True,0.1198864,14.985800000000001,122.26418285714286,0.23490417728998358,0.714449872185052,0.714449872185052,16.391138182006042,K32_R20_edge
ecg_degraded,52.507496828199486,67.5845838503921,True,0.1198864,14.985800000000001,122.26418285714286,0.05831349622138094,0.5378591911164493,0.5378591911164493,19.785523143424093,K32_R20_edge
both_clean,56.48957251136291,56.4821448159467,True,0.1198864,14.985800000000001,122.26418285714286,0.2664055584811776,0.7459512533762459,0.7459512533762459,15.765517133528604,K32_R20_edge
ppg_degraded,81.12674726797427,82.42454500410261,True,0.1198864,14.985800000000001,122.26418285714286,0.24667055933288506,0.7262162542279534,0.7262162542279534,19.38764658496144,K32_R20_edge
both_clean,65.14936298791334,65.14657980456026,True,0.1198864,14.985800000000001,122.26418285714286,0.2653006388111851,0.7448463337062534,0.7448463337062534,18.76480055876193,K32_R20_edge
both_degraded,67.13210809374807,79.23313063406337,True,0.1198864,14.985800000000001,122.26418285714286,-0.0373117651599214,0.44223392973514697,0.44223392973514697,18.985251834274383,K32_R20_edge
both_clean,94.48817159771848,94.50171821305842,True,0.1198864,14.985800000000001,122.26418285714286,0.2556060094801557,0.735151704375224,0.735151704375224,20.503723151278912,K32_R20_edge
both_degraded,101.28077805881583,101.30004763397983,True,0.1198864,14.985800000000001,122.26418285714286,0.06903670333779666,0.548582398232865,0.548582398232865,16.922218023022346,K32_R20_edge
ecg_degraded,101.72238849404192,101.77453027139877,True,0.1198864,14.985800000000001,122.26418285714286,0.1927797377538032,0.6723254326488716,0.6723254326488716,17.6571405360888,K32_R20_edge
ppg_missing,72.23729584415332,85.67044340621871,False,0.1198864,14.985800000000001,122.26418285714286,0.22857127667346977,0.7370542347677885,0.7081169715685381,7.139770556630962,K32_R20_edge
ppg_degraded,92.5778043984269,93.71126416927252,True,0.1198864,14.985800000000001,122.26418285714286,0.23451410562284458,0.714059800517913,0.714059800517913,14.655938207093136,K32_R20_edge
both_degraded,101.13827797477148,101.1926170456686,True,0.1198864,14.985800000000001,122.26418285714286,0.06617599542555175,0.5457216903206201,0.5457216903206201,17.062161114216465,K32_R20_edge
both_clean,59.057452403668805,59.05511811023622,True,0.1198864,14.985800000000001,122.26418285714286,0.27044683656405893,0.7499925314591273,0.7499925314591273,17.025111869387963,K32_R20_edge
ppg_degraded,62.033220048327465,81.75271710546822,True,0.1198864,14.985800000000001,122.26418285714286,0.029518707552751104,0.5090644024478195,0.5090644024478195,20.348704803318228,K32_R20_edge
ecg_degraded,88.877617585704,90.39743861233757,True,0.1198864,14.985800000000001,122.26418285714286,-0.20222257419363293,0.7148232810767458,0.27732312070143544,6.753450516584567,K32_R20_edge
ppg_degraded,65.93302159522523,69.25778298892494,True,0.1198864,14.985800000000001,122.26418285714286,0.24499129200119052,0.7245369868962589,0.7245369868962589,17.403798668917663,K32_R20_edge
ecg_missing,61.56062922830456,64.1025641025641,True,0.1198864,14.985800000000001,122.26418285714286,0.27006086506902677,0.7496065599640951,0.7496065599640951,17.44798722301759,K32_R20_edge
ppg_missing,72.05121363935439,72.0384204909285,True,0.1198864,14.985800000000001,122.26418285714286,0.26103151452607526,0.7405772094211436,0.7405772094211436,19.086962362367522,K32_R20_edge
both_degraded,50.958994830333936,103.5289207899889,True,0.1198864,14.985800000000001,122.26418285714286,-0.05208446102164587,0.4274612338734225,0.4274612338734225,17.07158537205445,K32_R20_edge
ecg_missing,76.29915658764689,76.27118644067797,True,0.1198864,14.985800000000001,122.26418285714286,0.2698053552241548,0.7493510501192231,0.7493510501192231,17.726456302467724,K32_R20_edge
ppg_degraded,52.83619653262027,67.86284083674845,True,0.1198864,14.985800000000001,122.26418285714286,0.10496237702393485,0.5845080719190032,0.5845080719190032,15.992109658800874,K32_R20_edge
both_degraded,64.68261490396985,107.0470461464131,True,0.1198864,14.985800000000001,122.26418285714286,-0.07219448944522283,0.40735120544984554,0.40735120544984554,16.01155106916617,K32_R20_edge
both_degraded,63.0525320516803,112.22357773883272,True,0.1198864,14.985800000000001,122.26418285714286,-0.15979303011031926,0.3197526647847491,0.3197526647847491,17.301611228477956,K32_R20_edge
ecg_missing,69.76671403270738,72.34726688102894,True,0.1198864,14.985800000000001,122.26418285714286,0.2700415799912162,0.7495872748862845,0.7495872748862845,18.89747616217241,K32_R20_edge
ecg_degraded,57.52339738896419,75.63296605480113,True,0.1198864,14.985800000000001,122.26418285714286,0.05491509563989728,0.5344607905349656,0.5344607905349656,15.822201462613043,K32_R20_edge
both_clean,78.2717849854674,79.61310861167271,True,0.1198864,14.985800000000001,122.26418285714286,0.25613048641247066,0.735676181307539,0.735676181307539,18.178985545785206,K32_R20_edge
both_degraded,91.27139859948028,91.26106194690266,True,0.1198864,14.985800000000001,122.26418285714286,0.13223078545779288,0.6117764803528613,0.6117764803528613,17.738158650590574,K32_R20_edge
ecg_degraded,70.33573541025152,71.65043042863128,True,0.1198864,14.985800000000001,122.26418285714286,0.23986038554344347,0.7194060804385118,0.7194060804385118,19.447391108362446,K32_R20_edge
ppg_missing,105.63159312714497,105.63380281690144,True,0.1198864,14.985800000000001,122.26418285714286,0.2704408674580659,0.7499865623531342,0.7499865623531342,16.59027245723984,K32_R20_edge
both_degraded,101.58601273330166,101.73656834132296,True,0.1198864,14.985800000000001,122.26418285714286,0.1372210270991051,0.6167667219941735,0.6167667219941735,20.74060179070553,K32_R20_edge
both_degraded,68.36090812597621,68.74458008021982,True,0.1198864,14.985800000000001,122.26418285714286,0.1415718972948039,0.624326723526927,0.6211175921898723,7.299693717343838,K32_R20_edge
both_clean,52.33402421132858,53.30667193549712,True,0.1198864,14.985800000000001,122.26418285714286,0.26342034725907376,0.7429660421541421,0.7429660421541421,17.149760768898012,K32_R20_edge
ecg_degraded,96.09150204615342,96.051227321238,True,0.1198864,14.985800000000001,122.26418285714286,0.20800805225681285,0.6875537471518812,0.6875537471518812,18.628038895376154,K32_R20_edge
ecg_degraded,64.4007387743054,76.31004616012399,True,0.1198864,14.985800000000001,122.26418285714286,0.06929898127735734,0.5488446761724257,0.5488446761724257,17.3342880643229,K32_R20_edge
both_clean,69.92966243472509,88.47416860974721,False,0.1198864,14.985800000000001,122.26418285714286,-0.47954347691160254,0.7411258410845565,2.217983465792468e-06,6.022700540624399,K32_R20_edge
ecg_missing,84.7601135808101,84.74576271186442,True,0.1198864,14.985800000000001,122.26418285714286,0.26979322798799216,0.7493389228830605,0.7493389228830605,19.40743044674599,K32_R20_edge
ecg_missing,109.93278061322977,109.94764397905755,True,0.1198864,14.985800000000001,122.26418285714286,0.2691200538750154,0.7486657487700837,0.7486657487700837,18.961857175561637,K32_R20_edge
both_clean,67.98065399671951,84.46663644494686,False,0.1198864,14.985800000000001,122.26418285714286,-0.2519134774680642,0.7435106913613033,0.22763221742700412,6.712966334343044,K32_R20_edge
ecg_missing,78.11138017543968,80.64516129032258,True,0.1198864,14.985800000000001,122.26418285714286,0.2704389623723518,0.7499846572674201,0.7499846572674201,20.45441458066707,K32_R20_edge
ecg_degraded,87.64705297178503,90.13637207974197,True,0.1198864,14.985800000000001,122.26418285714286,0.18786125290934108,0.6674069478044095,0.6674069478044095,18.02814206705093,K32_R20_edge
ppg_missing,91.00234274941278,91.05960264900662,True,0.1198864,14.985800000000001,122.26418285714286,0.24403447932613875,0.7235801742212356,0.7235801742212071,8.376028723925904,K32_R20_edge
ppg_degraded,62.72997100698802,83.3111223808374,True,0.1198864,14.985800000000001,122.26418285714286,0.030246641923985965,0.5097923368190543,0.5097923368190543,15.718843549892899,K32_R20_edge
ppg_degraded,85.71930485013547,87.8091082598262,True,0.1198864,14.985800000000001,122.26418285714286,0.20357533673132566,0.683121031626394,0.683121031626394,16.088748874592053,K32_R20_edge
ppg_missing,82.6463865743898,105.86319218241044,False,0.1198864,14.985800000000001,122.26418285714286,-0.4795456948950683,0.7259676957805621,1.8038185481275807e-19,5.339448120718045,K32_R20_edge
ecg_degraded,89.51479176845653,89.47939262472886,True,0.1198864,14.985800000000001,122.26418285714286,0.2404067130298272,0.7199524079248956,0.7199524079248956,20.17654172430786,K32_R20_edge
ppg_missing,56.89981850199494,80.21390374331551,False,0.1198864,14.985800000000001,122.26418285714286,-0.45163774194793993,0.7388507429159124,0.027907952947128396,6.4865479441963405,K32_R20_edge
ecg_degraded,57.57767095621262,89.91805853041744,False,0.1198864,14.985800000000001,122.26418285714286,-0.4795456948950683,0.5374203505103755,1.4941765653782846e-36,4.813255161712261,K32_R20_edge
both_clean,108.53164942495744,108.52858368014982,True,0.1198864,14.985800000000001,122.26418285714286,0.2511129587449428,0.7306586536400111,0.7306586536400111,17.425332887264133,K32_R20_edge
both_clean,99.27809387272242,99.3129478041083,True,0.1198864,14.985800000000001,122.26418285714286,0.2553920174568995,0.7349377123519678,0.7349377123519678,16.622473145393275,K32_R20_edge
ppg_missing,99.65343890572998,99.55752212389382,True,0.1198864,14.985800000000001,122.26418285714286,0.23529897946378342,0.7148446743588518,0.7148446743588518,18.40320189710518,K32_R20_edge
both_degraded,106.04626448605443,106.52627161718652,True,0.1198864,14.985800000000001,122.26418285714286,0.10151749801827936,0.5810631929133477,0.5810631929133477,18.314880381612415,K32_R20_edge
ecg_missing,107.63886560107485,107.6923076923077,True,0.1198864,14.985800000000001,122.26418285714286,0.2689395282557298,0.7484852231507981,0.7484852231507981,17.233898200772213,K32_R20_edge
ppg_degraded,73.60925192599595,83.46398439567832,False,0.1198864,14.985800000000001,122.26418285714286,-0.47815628670494903,0.7037257316996344,0.0013894081901192692,6.296140686114854,K32_R20_edge
both_degraded,95.24403057421146,95.58658462570483,True,0.1198864,14.985800000000001,122.26418285714286,0.14261758510431322,0.6221632799993816,0.6221632799993816,18.650133217514984,K32_R20_edge
ppg_degraded,88.49720555333116,88.38552570447828,True,0.1198864,14.985800000000001,122.26418285714286,0.2082445571664151,0.6877902520614835,0.6877902520614835,18.991521902764024,K32_R20_edge
both_degraded,83.59101616768227,83.35593872432041,True,0.1198864,14.985800000000001,122.26418285714286,0.14276832623387403,0.6223140211289424,0.6223140211289424,20.48212095811368,K32_R20_edge
both_clean,90.76090299929203,90.75907590759077,True,0.1198864,14.985800000000001,122.26418285714286,0.2571109735554537,0.736656668450522,0.736656668450522,16.279725721513834,K32_R20_edge
both_clean,69.16600706747137,71.43323832393857,True,0.1198864,14.985800000000001,122.26418285714286,0.26051379679527914,0.7400594916903475,0.7400594916903475,16.98735187268496,K32_R20_edge
both_degraded,101.73072307612252,101.6907914935468,True,0.1198864,14.985800000000001,122.26418285714286,0.22845653831478463,0.708007961905452,0.708002233209853,7.661530447919473,K32_R20_edge
ppg_degraded,74.4213396924547,75.78451855153945,True,0.1198864,14.985800000000001,122.26418285714286,0.1644883471105253,0.6440340420055937,0.6440340420055937,16.98425190524995,K32_R20_edge
ppg_degraded,58.8907212626271,65.82354907492456,True,0.1198864,14.985800000000001,122.26418285714286,0.018179852028585245,0.6232288253608254,0.4977255469236536,6.962199544898581,K32_R20_edge
both_degraded,50.6588510608316,97.57578925629376,True,0.1198864,14.985800000000001,122.26418285714286,-0.046929548329645625,0.43261614656542274,0.43261614656542274,18.079606436548058,K32_R20_edge
both_degraded,88.35135992395261,89.18323210009335,True,0.1198864,14.985800000000001,122.26418285714286,0.12539421399734074,0.6049399088959403,0.6049399088924091,8.213909345236926,K32_R20_edge
both_clean,63.89790133789553,65.25781789976905,True,0.1198864,14.985800000000001,122.26418285714286,0.2583108860629831,0.7378565809580514,0.7378565809580514,17.872632006040497,K32_R20_edge
ecg_missing,107.36393359449167,107.37885462555063,True,0.1198864,14.985800000000001,122.26418285714286,0.26920118013187394,0.7487468750269423,0.7487468750269423,16.308025678993268,K32_R20_edge
ppg_missing,61.70026744472648,61.692126909518215,True,0.1198864,14.985800000000001,122.26418285714286,0.25718971503508786,0.7367354099301562,0.7367354099301562,22.34439555861366,K32_R20_edge
both_degraded,68.97076448309959,72.37682432651313,True,0.1198864,14.985800000000001,122.26418285714286,0.10336951596006749,0.5829152108551359,0.5829152108551359,19.2126391438074,K32_R20_edge
ecg_missing,109.04790102400564,109.03426791277262,True,0.1198864,14.985800000000001,122.26418285714286,0.26909327076091455,0.7486389656559829,0.7486389656559829,19.136411757966034,K32_R20_edge
ecg_degraded,81.19127721742571,86.99419139512989,True,0.1198864,14.985800000000001,122.26418285714286,0.10930150623322721,0.5888472011282956,0.5888472011282956,18.022973276498043,K32_R20_edge
ecg_degraded,105.32147593736003,105.2560249599179,True,0.1198864,14.985800000000001,122.26418285714286,0.14148315514812848,0.6210288500431969,0.6210288500431969,16.495479965546583,K32_R20_edge
ecg_missing,96.88626042972014,96.87836383207753,True,0.1198864,14.985800000000001,122.26418285714286,0.2693492661668439,0.7488949610619122,0.7488949610619122,16.778466196063686,K32_R20_edge
both_degraded,57.1379416081679,108.02305050778125,True,0.1198864,14.985800000000001,122.26418285714286,-0.1466565871034486,0.3328891485956231,0.3328891077916198,7.845898380782957,K32_R20_edge
ppg_degraded,62.95900621882569,77.01056509603163,True,0.1198864,14.985800000000001,122.26418285714286,0.04576944167278763,0.5253152632485645,0.525315136567856,7.817724853208065,K32_R20_edge
ecg_missing,73.23065344443202,75.92800899887514,True,0.1198864,14.985800000000001,122.26418285714286,0.26985181922993423,0.7493975141250026,0.7493975141250026,16.33993604590398,K32_R20_edge
ecg_degraded,102.85737504336556,102.38126132432622,True,0.1198864,14.985800000000001,122.26418285714286,0.13586247340446234,0.6175404420720212,0.6154081682995307,7.326908350279446,K32_R20_edge
both_degraded,70.0392969407139,70.27231793877242,True,0.1198864,14.985800000000001,122.26418285714286,0.19547891944934725,0.6750246143444156,0.6750246143444156,17.81950900807094,K32_R20_edge
ecg_degraded,77.78492231325944,82.30754361669612,True,0.1198864,14.985800000000001,122.26418285714286,0.13139372398209503,0.610939418889539,0.6109394188771634,8.171597373488556,K32_R20_edge
both_clean,78.84592892115946,78.85514018691589,True,0.1198864,14.985800000000001,122.26418285714286,0.2608467069397072,0.7403924018347755,0.7403924018347755,18.355142620548623,K32_R20_edge
ecg_degraded,69.48531482615118,70.78399270601386,True,0.1198864,14.985800000000001,122.26418285714286,0.24264090443437025,0.7221865993294386,0.7221865993294386,17.346445034236698,K32_R20_edge
ppg_missing,97.18911706899286,97.19222462203027,True,0.1198864,14.985800000000001,122.26418285714286,0.24086508970889342,0.7204107846039628,0.7204107846039618,8.48458191195126,K32_R20_edge
ecg_degraded,53.28960365397087,72.67074307223005,True,0.1198864,14.985800000000001,122.26418285714286,0.05425415905570686,0.5337998539507752,0.5337998539507752,16.93235451226046,K32_R20_edge
ppg_degraded,63.55460967482575,81.39083943038119,True,0.1198864,14.985800000000001,122.26418285714286,0.04994938031907926,0.5294950752141476,0.5294950752141476,16.35312945716707,K32_R20_edge
ppg_missing,99.50511242555531,99.48979591836736,True,0.1198864,14.985800000000001,122.26418285714286,0.24211228573454513,0.7216579806296135,0.7216579806296135,18.82252038699486,K32_R20_edge
both_clean,86.9805022042519,81.16883116883118,False,0.1198864,14.985800000000001,122.26418285714286,-0.4750827606123949,0.7324133704682383,0.004462934282673442,6.360205404514298,K32_R20_edge
ecg_degraded,80.70948978702981,80.7319698600646,True,0.1198864,14.985800000000001,122.26418285714286,0.23904238289633684,0.7188295728599331,0.7185880777914052,7.46988174128897,K32_R20_edge
both_degraded,72.17047782577231,71.99833194509819,True,0.1198864,14.985800000000001,122.26418285714286,0.09438740160137693,0.5739330964964453,0.5739330964964453,16.346180524896752,K32_R20_edge
ecg_degraded,57.808374607571594,73.81576354851006,True,0.1198864,14.985800000000001,122.26418285714286,0.04315235167694476,0.5226980465720131,0.5226980465720131,17.42387164997394,K32_R20_edge
both_clean,77.40705855220187,77.95959462435377,True,0.1198864,14.985800000000001,122.26418285714286,0.2585932413352287,0.738138936230297,0.738138936230297,16.78550121708401,K32_R20_edge
ecg_missing,109.22566854874222,109.26118626430801,True,0.1198864,14.985800000000001,122.26418285714286,0.26922271125991176,0.7487684061549801,0.7487684061549801,19.308216129140813,K32_R20_edge
ppg_degraded,85.7053084857371,86.55453581476272,True,0.1198864,14.985800000000001,122.26418285714286,0.15669059498838234,0.6362362898834507,0.6362362898834507,17.116579978216773,K32_R20_edge
ppg_degraded,84.59476104449551,85.852378617797,True,0.1198864,14.985800000000001,122.26418285714286,0.15888842406702774,0.6384341189620961,0.6384341189620961,17.216557629785342,K32_R20_edge
ppg_missing,109.40711509738105,109.42760942760944,True,0.1198864,14.985800000000001,122.26418285714286,0.2343596710659691,0.7139053659610375,0.7139053659610375,17.331010839355166,K32_R20_edge
ecg_degraded,103.12420281532368,103.64720106516921,True,0.1198864,14.985800000000001,122.26418285714286,0.1867264435994722,0.6662721384945406,0.6662721384945406,21.245082373317103,K32_R20_edge
both_clean,109.9519590967075,109.94764397905755,True,0.1198864,14.985800000000001,122.26418285714286,-0.13346342127347516,0.7307367007871017,0.3460822736215932,6.793533787871042,K32_R20_edge
ppg_degraded,107.21800037369759,107.19892334367748,True,0.1198864,14.985800000000001,122.26418285714286,0.2226689873108425,0.7022146822059109,0.7022146822059109,18.472864278381934,K32_R20_edge
both_degraded,90.04981110431589,92.25987793083434,True,0.1198864,14.985800000000001,122.26418285714286,0.20245704289067157,0.6820027377857399,0.6820027377857399,18.934892235558067,K32_R20_edge
ppg_degraded,68.31873161962737,90.39743861233757,False,0.1198864,14.985800000000001,122.26418285714286,-0.4795456948950604,0.6455078752066807,7.923288386486807e-15,5.534343430820361,K32_R20_edge
ecg_missing,87.68859068162938,87.71929824561404,True,0.1198864,14.985800000000001,122.26418285714286,0.2697207656051495,0.7492664618754094,0.7492664605002178,8.010445180398204,K32_R20_edge
ecg_degraded,70.8925901488264,73.69291361938231,True,0.1198864,14.985800000000001,122.26418285714286,0.1358742319021622,0.6154199267972306,0.6154199267972306,17.04271464503526,K32_R20_edge
ecg_missing,98.64617184751478,98.68421052631581,True,0.1198864,14.985800000000001,122.26418285714286,0.27032028342266706,0.7498659783177354,0.7498659783177354,16.113643762672464,K32_R20_edge
ecg_degraded,58.238027664545285,76.68979471220582,True,0.1198864,14.985800000000001,122.26418285714286,0.036825545677695255,0.5163712405727636,0.5163712405727636,16.16413606238505,K32_R20_edge
ecg_degraded,77.75278000871182,82.23019705790502,True,0.1198864,14.985800000000001,122.26418285714286,0.11656282832090636,0.5961085232159747,0.5961085232159747,18.131073994511627,K32_R20_edge
ecg_degraded,100.44656132881317,100.44642857142861,True,0.1198864,14.985800000000001,122.26418285714286,0.18423867213781786,0.6637843670328862,0.6637843670328862,16.535109438624833,K32_R20_edge
both_degraded,77.27072518731228,82.55556262706527,False,0.1198864,14.985800000000001,122.26418285714286,-0.47884894530750294,0.5981997116242164,0.0006967495875653734,6.268629188189522,K32_R20_edge
both_degraded,86.06107096519285,86.07017868748459,True,0.1198864,14.985800000000001,122.26418285714286,0.17857142301672635,0.6584556385959284,0.6581171179117947,7.445491690826594,K32_R20_edge
ppg_missing,55.89697627908098,55.91054313099041,True,0.1198864,14.985800000000001,122.26418285714286,0.2606017228623208,0.7401682577040233,0.7401474177573891,7.601086366769184,K32_R20_edge
ppg_degraded,67.1062990073867,68.97909159126175,True,0.1198864,14.985800000000001,122.26418285714286,0.17623014405539605,0.6557758389504644,0.6557758389504644,16.227627889215622,K32_R20_edge
ecg_missing,107.26911372126301,107.26072607260723,True,0.1198864,14.985800000000001,122.26418285714286,0.2692935135748497,0.748839208469918,0.748839208469918,20.181851761844012,K32_R20_edge
both_clean,89.41637271994949,89.38244853737812,True,0.1198864,14.985800000000001,122.26418285714286,0.2602417551292275,0.7397874500242958,0.7397874500242958,15.356635331100996,K32_R20_edge
both_degraded,71.89635012349707,77.24966930959437,True,0.1198864,14.985800000000001,122.26418285714286,0.17597299977730785,0.6612130858371411,0.6555186946723762,7.262761180047097,K32_R20_edge
both_clean,81.01287055794948,82.36827681590322,True,0.1198864,14.985800000000001,122.26418285714286,0.25466665824327633,0.7342123531383445,0.7342123531383447,9.523717056599587,K32_R20_edge
ppg_degraded,96.49211468800905,97.47544595690093,True,0.1198864,14.985800000000001,122.26418285714286,0.2093767947470474,0.6889224896421158,0.6889224896421158,16.510335840412843,K32_R20_edge
ppg_degraded,97.24822099681184,97.82268751231379,True,0.1198864,14.985800000000001,122.26418285714286,0.2215427690089944,0.7010884639040628,0.7010884639040628,17.46648992033788,K32_R20_edge
ppg_missing,99.67807633874372,99.59141981613895,True,0.1198864,14.985800000000001,122.26418285714286,0.24225066940591178,0.7217963643009802,0.7217963643009802,16.326750274194982,K32_R20_edge
both_clean,67.37856072785286,67.3783087276142,True,0.1198864,14.985800000000001,122.26418285714286,0.26195865283462344,0.7415043477296918,0.7415043477296918,18.867382939190996,K32_R20_edge
ecg_degraded,64.29835632788544,80.18810405077143,True,0.1198864,14.985800000000001,122.26418285714286,0.06066154060658791,0.5402072355016563,0.5402072355016563,17.42407946379814,K32_R20_edge
both_degraded,88.31050894995562,89.73349349840893,True,0.1198864,14.985800000000001,122.26418285714286,0.17533635617805654,0.6548820510731249,0.6548820510731249,16.931449694712388,K32_R20_edge
both_degraded,81.63203884253329,81.64463009681543,True,0.1198864,14.985800000000001,122.26418285714286,0.10270841186480983,0.5822541067598782,0.5822541067598782,17.785250487368366,K32_R20_edge
ecg_degraded,83.89320508988368,84.46663644494686,False,0.1198864,14.985800000000001,122.26418285714286,-0.47954569478400977,0.5960753981868334,1.1105857402669041e-10,5.744846659927154,K32_R20_edge
both_clean,62.876895092243224,62.874251497005986,True,0.1198864,14.985800000000001,122.26418285714286,0.263127810010057,0.7426735049051253,0.7426735049051253,18.493923266972537,K32_R20_edge
ppg_degraded,69.11744768992403,69.5509056013261,True,0.1198864,14.985800000000001,122.26418285714286,0.2299384259433429,0.7094841208384113,0.7094841208384113,18.28453939661474,K32_R20_edge
both_degraded,95.12319083397703,76.14785495462716,False,0.1198864,14.985800000000001,122.26418285714286,-0.4794636035639861,0.5506160937301933,8.20913310822109e-05,6.172617784095592,K32_R20_edge
ecg_degraded,71.49939543233228,79.30401646592881,True,0.1198864,14.985800000000001,122.26418285714286,0.09457670512611516,0.5741224000211835,0.5741224000211835,19.246874571723243,K32_R20_edge
ecg_degraded,95.44913303698593,95.44008483563096,True,0.1198864,14.985800000000001,122.26418285714286,0.18866318609478705,0.6682088809898554,0.6682088809898554,16.88316032522182,K32_R20_edge
both_degraded,52.79867976957369,103.1522796018194,True,0.1198864,14.985800000000001,122.26418285714286,-0.10957182885819194,0.36997386603687643,0.36997386603687643,20.76638328493301,K32_R20_edge
ppg_missing,107.0519707822742,112.76196611017433,False,0.1198864,14.985800000000001,122.26418285714286,-0.4795456948950683,0.7062835154090856,2.616265993275453e-43,4.643832189000211,K32_R20_edge
ppg_degraded,62.484382321333285,80.55791640695469,True,0.1198864,14.985800000000001,122.26418285714286,0.0413998894237474,0.5209455843188158,0.5209455843188158,19.135708739068765,K32_R20_edge
ecg_degraded,78.69245798305136,80.88396363411184,True,0.1198864,14.985800000000001,122.26418285714286,0.24117089169501582,0.7207165865900842,0.7207165865900842,15.170145184261317,K32_R20_edge
ppg_missing,105.2531151939327,106.27530364372474,True,0.1198864,14.985800000000001,122.26418285714286,0.2358778706523844,0.7157865981020961,0.7154235655474528,7.446280205835674,K32_R20_edge
ecg_degraded,65.20878095831334,72.11832304054559,True,0.1198864,14.985800000000001,122.26418285714286,0.15685377368177744,0.6363994685768458,0.6363994685768458,17.36227865679339,K32_R20_edge
both_degraded,63.64305635495781,117.06729565408833,True,0.1198864,14.985800000000001,122.26418285714286,-0.11422169280338534,0.36532400209168303,0.36532400209168303,18.647821168049425,K32_R20_edge
both_degraded,109.13844235594141,109.07598560250432,True,0.1198864,14.985800000000001,122.26418285714286,0.09483758102437079,0.5743832759194392,0.5743832759194392,16.97627315020338,K32_R20_edge
ppg_missing,104.26581003324054,104.2780748663102,True,0.1198864,14.985800000000001,122.26418285714286,0.23811994032135386,0.7176656352164222,0.7176656352164222,15.100220067618158,K32_R20_edge
ppg_degraded,81.93477183314707,82.32991880313898,True,0.1198864,14.985800000000001,122.26418285714286,0.25096187461610714,0.7305075695111755,0.7305075695111755,19.825679473317777,K32_R20_edge
ecg_missing,53.66131670353816,53.69928400954653,True,0.1198864,14.985800000000001,122.26418285714286,0.2700546123321777,0.749600307227246,0.749600307227246,20.474434119941176,K32_R20_edge
ecg_degraded,86.28012249253084,88.27306852027108,True,0.1198864,14.985800000000001,122.26418285714286,0.17998935740842703,0.6595350523034954,0.6595350523034954,17.791322790901084,K32_R20_edge
ecg_missing,65.09469125460238,65.14657980456026,True,0.1198864,14.985800000000001,122.26418285714286,0.2700285459601149,0.7495742408551832,0.7495742408551832,16.53303263644455,K32_R20_edge
ecg_degraded,62.84062855429893,83.30709154994518,True,0.1198864,14.985800000000001,122.26418285714286,0.04998653303489665,0.529532227929965,0.529532227929965,15.8010646501694,K32_R20_edge
ppg_missing,105.92858220035993,105.86319218241044,True,0.1198864,14.985800000000001,122.26418285714286,0.24211138369739726,0.7216579609474183,0.7216570785924656,7.747803656004215,K32_R20_edge
ecg_degraded,87.1653945330379,87.14963085363209,True,0.1198864,14.985800000000001,122.26418285714286,0.14954528141053303,0.6290909763056014,0.6290909763056014,18.14301630230763,K32_R20_edge
ppg_degraded,76.64237149861509,77.84448179912809,True,0.1198864,14.985800000000001,122.26418285714286,0.21807921746595393,0.6976249123610223,0.6976249123610223,17.39567329311783,K32_R20_edge
ecg_missing,53.75953151513982,56.33047210300429,True,0.1198864,14.985800000000001,122.26418285714286,0.2702188821346008,0.7497645770296691,0.7497645770296691,20.00615058375777,K32_R20_edge
ppg_degraded,72.29728391618063,72.45672940188564,True,0.1198864,14.985800000000001,122.26418285714286,0.2288932252916437,0.7084389201867121,0.7084389201867121,18.917323033763797,K32_R20_edge
both_degraded,101.83898898567031,102.73972602739727,True,0.1198864,14.985800000000001,122.26418285714286,-0.04210447206582723,0.43744122282924114,0.43744122282924114,15.560171616154435,K32_R20_edge
ecg_degraded,68.16057695748182,71.17222742736804,True,0.1198864,14.985800000000001,122.26418285714286,0.12939506459835592,0.6089407594934243,0.6089407594934243,17.260759091626888,K32_R20_edge
ppg_degraded,69.36765638413051,69.42867456138384,True,0.1198864,14.985800000000001,122.26418285714286,0.14995022980459727,0.6298186082446345,0.6294959246996656,7.445691985655264,K32_R20_edge
both_clean,86.41136400868476,86.4319790260288,True,0.1198864,14.985800000000001,122.26418285714286,0.25778518103299947,0.7373308759280678,0.7373308759280678,20.763232090934842,K32_R20_edge
both_clean,65.1284407172316,65.11158783342108,True,0.1198864,14.985800000000001,122.26418285714286,0.2628662093461966,0.7424119042412649,0.7424119042412649,20.708316221685518,K32_R20_edge
ppg_degraded,83.4160857685751,83.62578966814372,True,0.1198864,14.985800000000001,122.26418285714286,0.22141281012212077,0.7009585050171891,0.7009585050171891,15.710359368769643,K32_R20_edge
ecg_degraded,96.12095202933077,96.56810427694985,True,0.1198864,14.985800000000001,122.26418285714286,0.15097020493833946,0.6305158998334078,0.6305158998334078,18.9632937141421,K32_R20_edge
both_degraded,67.20042659926563,65.43075245365321,False,0.1198864,14.985800000000001,122.26418285714286,-0.47954569484307075,0.5955112150167754,5.1997563308090725e-11,5.726498407717891,K32_R20_edge
ppg_degraded,78.36505224768771,78.54579609965548,True,0.1198864,14.985800000000001,122.26418285714286,0.1705841694907554,0.6501298643858238,0.6501298643858238,19.983524984408465,K32_R20_edge
both_clean,84.57604019805768,84.6030033710992,True,0.1198864,14.985800000000001,122.26418285714286,0.2601665743853601,0.7397122692804284,0.7397122692804284,15.490921246173416,K32_R20_edge
ppg_degraded,71.79988348671644,71.80851063829789,True,0.1198864,14.985800000000001,122.26418285714286,0.2533640300436351,0.7329097249387034,0.7329097249387034,19.350084772801377,K32_R20_edge
both_clean,63.41710247327625,63.405797101449274,True,0.1198864,14.985800000000001,122.26418285714286,0.2643220100801695,0.7438677049752378,0.7438677049752378,20.926967595279365,K32_R20_edge
both_clean,56.8641120210499,56.84887385028056,True,0.1198864,14.985800000000001,122.26418285714286,0.26809141373863615,0.7476371086337045,0.7476371086337045,20.352169447434015,K32_R20_edge
both_degraded,83.92902752550366,86.02193843550134,True,0.1198864,14.985800000000001,122.26418285714286,0.08135173305688237,0.5608974279519507,0.5608974279519507,17.777975072035353,K32_R20_edge
ecg_missing,106.24575307225244,106.32497273718649,True,0.1198864,14.985800000000001,122.26418285714286,0.26911500240261993,0.7486606972976882,0.7486606972976882,18.25191054310893,K32_R20_edge
ppg_degraded,51.12597215044694,68.3917316724491,True,0.1198864,14.985800000000001,122.26418285714286,0.04820597053301568,0.527751665428084,0.527751665428084,18.075510903534713,K32_R20_edge
both_degraded,101.93980771220873,102.77104628043631,True,0.1198864,14.985800000000001,122.26418285714286,0.1440206085120529,0.6235663034071213,0.6235663034071213,17.946626552303975,K32_R20_edge
ppg_degraded,107.74838661458267,107.73480662983425,True,0.1198864,14.985800000000001,122.26418285714286,0.21667529261708884,0.6962209875121572,0.6962209875121572,19.46918062171325,K32_R20_edge
both_clean,82.53959008904884,83.46398439567832,True,0.1198864,14.985800000000001,122.26418285714286,0.18143451902660068,0.7374704705083414,0.6609802139216691,7.043111251803058,K32_R20_edge
both_clean,108.07300750687291,108.0246913580247,True,0.1198864,14.985800000000001,122.26418285714286,0.24496245981074194,0.7314517592793841,0.7245081547058103,7.255561184710991,K32_R20_edge
both_clean,92.28694619105022,92.28187919463089,True,0.1198864,14.985800000000001,122.26418285714286,0.255383710597534,0.7349294054926023,0.7349294054926023,18.53923823756344,K32_R20_edge
both_clean,82.71351248176097,104.00143916437963,False,0.1198864,14.985800000000001,122.26418285714286,-0.47527660453651516,0.7385766291081169,0.004269090358553145,6.357016522078947,K32_R20_edge
ppg_degraded,77.82050107369966,77.80114423658924,True,0.1198864,14.985800000000001,122.26418285714286,0.2506151956790302,0.7301608905740985,0.7301608905740985,17.433391731216325,K32_R20_edge
both_clean,77.9839404160214,77.9891214127475,True,0.1198864,14.985800000000001,122.26418285714286,0.2613420331376101,0.7409876243468112,0.7408877280326784,7.520191826103856,K32_R20_edge
ppg_degraded,90.91980362444771,90.85883795483608,True,0.1198864,14.985800000000001,122.26418285714286,0.2516346065989015,0.7311803014939698,0.7311803014939698,19.126873756499844,K32_R20_edge
both_degraded,64.07032212655702,110.61049361913112,True,0.1198864,14.985800000000001,122.26418285714286,-0.12599577580356985,0.3535499190914985,0.3535499190914985,18.343284417854438,K32_R20_edge
ppg_degraded,92.92406747021612,94.0292389743423,True,0.1198864,14.985800000000001,122.26418285714286,0.14558370833447343,0.6251294032295418,0.6251294032295418,20.25981326650473,K32_R20_edge
ecg_missing,79.45938422164843,79.44915254237289,True,0.1198864,14.985800000000001,122.26418285714286,0.2698032752800991,0.7493489701751674,0.7493489701751674,17.40818870565297,K32_R20_edge
both_clean,90.47973311229131,90.55982436882549,True,0.1198864,14.985800000000001,122.26418285714286,0.25611469935577674,0.7356603942508451,0.7356603942508451,18.340981999423164,K32_R20_edge
ppg_degraded,106.45170502473442,106.38246930066447,True,0.1198864,14.985800000000001,122.26418285714286,0.2415188360332453,0.7210645309283137,0.7210645309283137,15.811848394254774,K32_R20_edge
both_clean,64.00722090752184,64.02439024390245,True,0.1198864,14.985800000000001,122.26418285714286,0.26478905270908953,0.7443347476041579,0.7443347476041579,15.95593893444337,K32_R20_edge
ecg_missing,74.19353110766117,74.17582417582418,True,0.1198864,14.985800000000001,122.26418285714286,0.2696801171803986,0.7492258120754669,0.7492258120754669,17.176837263521954,K32_R20_edge
ppg_degraded,66.5096077385134,90.5598243688255,False,0.1198864,14.985800000000001,122.26418285714286,-0.4792155750237232,0.5993731648399694,0.0003301198713451151,6.231791367009072,K32_R20_edge
both_clean,53.160584883027894,53.128689492325854,True,0.1198864,14.985800000000001,122.26418285714286,0.25853075000711173,0.7424684989345651,0.73807644490218,7.289833003343466,K32_R20_edge
ecg_degraded,87.32538243097059,87.30158730158733,True,0.1198864,14.985800000000001,122.26418285714286,0.24080418531812986,0.7203501111085989,0.7203498802131982,7.805714930727241,K32_R20_edge
ecg_degraded,87.71120090045132,87.67268862911796,True,0.1198864,14.985800000000001,122.26418285714286,0.2427164753688119,0.7222621702638803,0.7222621702638803,19.54507410691839,K32_R20_edge
ppg_missing,109.9646510084724,109.94764397905755,True,0.1198864,14.985800000000001,122.26418285714286,0.23760502679535234,0.7171507216904207,0.7171507216904207,19.05720596709227,K32_R20_edge
both_clean,86.06161422428943,86.07287055150705,True,0.1198864,14.985800000000001,122.26418285714286,0.2558341275847062,0.7353798224797745,0.7353798224797745,17.970130479572386,K32_R20_edge
ecg_degraded,73.7663877565271,76.25281314175956,True,0.1198864,14.985800000000001,122.26418285714286,0.1901916718077098,0.6697373667027782,0.6697373667027782,15.452216552206789,K32_R20_edge
both_clean,104.06952316032354,104.1124718477172,True,0.1198864,14.985800000000001,122.26418285714286,0.25150973921994885,0.7310554341150172,0.7310554341150172,17.515408588870077,K32_R20_edge
ecg_missing,50.9230592716662,53.827751196172244,True,0.1198864,14.985800000000001,122.26418285714286,0.27018299244927485,0.7497286873443432,0.7497286873443432,18.771891645640913,K32_R20_edge
ppg_missing,68.16241815461404,68.18181818181819,True,0.1198864,14.985800000000001,122.26418285714286,0.26947102684064844,0.7490167217357169,0.7490167217357168,9.55914219479476,K32_R20_edge
both_clean,95.11574283285603,96.09678209488357,True,0.1198864,14.985800000000001,122.26418285714286,0.250821681743787,0.7303673766388553,0.7303673766388553,15.681603837304351,K32_R20_edge
ecg_degraded,59.68922081130045,80.13315447166916,True,0.1198864,14.985800000000001,122.26418285714286,0.05101468543973443,0.5305603803348028,0.5305603803348028,18.654446471233012,K32_R20_edge
ppg_degraded,71.6741585107675,77.89291315888234,True,0.1198864,14.985800000000001,122.26418285714286,-0.027635732917059005,0.5979197307728656,0.45190996197800937,6.9349989665306975,K32_R20_edge
both_clean,100.9438181934814,80.7319698600646,False,0.1198864,14.985800000000001,122.26418285714286,-0.2831479805562617,0.7336230863791839,0.19639771433880657,6.692479445645043,K32_R20_edge
both_degraded,70.68047896070776,70.83820587984266,True,0.1198864,14.985800000000001,122.26418285714286,0.006471428772880101,0.48601712366794847,0.48601712366794847,17.761135326842613,K32_R20_edge
both_degraded,64.57764253606304,95.582304203444,True,0.1198864,14.985800000000001,122.26418285714286,-0.07245471758468935,0.407090977310379,0.407090977310379,17.336625463029,K32_R20_edge
ppg_missing,103.43529609685098,103.50318471337583,True,0.1198864,14.985800000000001,122.26418285714286,0.24395217428085103,0.7234978691759194,0.7234978691759194,19.50080974213043,K32_R20_edge
both_clean,54.64503231647716,56.97490625870083,True,0.1198864,14.985800000000001,122.26418285714286,0.2658031440389194,0.7453488389339877,0.7453488389339877,18.279172356769433,K32_R20_edge
ppg_degraded,101.40150843684314,101.40753003915992,True,0.1198864,14.985800000000001,122.26418285714286,0.2506041631502713,0.7301498580453396,0.7301498580453396,18.66964622722694,K32_R20_edge
ecg_degraded,68.92307704384842,70.15435556468555,True,0.1198864,14.985800000000001,122.26418285714286,0.14510793438835734,0.6246536292834257,0.6246536292834257,17.896887876116573,K32_R20_edge
ppg_degraded,62.46708302927424,80.3416047438866,True,0.1198864,14.985800000000001,122.26418285714286,0.04942443186455459,0.528970126759623,0.528970126759623,19.00276613141289,K32_R20_edge
both_clean,79.27272578358694,79.28118393234675,True,0.1198864,14.985800000000001,122.26418285714286,0.2615061977333793,0.7410518926284476,0.7410518926284476,16.058438764967825,K32_R20_edge
ppg_degraded,79.0050868851539,79.49950343461569,True,0.1198864,14.985800000000001,122.26418285714286,0.25450372018843886,0.7340494150835072,0.7340494150835072,19.61865983125218,K32_R20_edge
ppg_degraded,107.8818192354117,107.91326104428654,True,0.1198864,14.985800000000001,122.26418285714286,0.2437458147212731,0.7232915096163415,0.7232915096163415,19.060340885220082,K32_R20_edge
ecg_degraded,95.15028197240613,94.96943797287585,False,0.1198864,14.985800000000001,122.26418285714286,-0.4755734603503832,0.667166420192805,0.0039722345446851215,6.358802982180888,K32_R20_edge
both_degraded,77.60734601297332,79.90559317434538,True,0.1198864,14.985800000000001,122.26418285714286,0.17934134361486664,0.658887038509935,0.658887038509935,15.112711595562486,K32_R20_edge
both_degraded,83.56689076266417,86.75928392375681,True,0.1198864,14.985800000000001,122.26418285714286,0.09676476408152668,0.576310458976595,0.576310458976595,19.25752680177086,K32_R20_edge
ppg_degraded,69.10209602783908,69.08477277857996,True,0.1198864,14.985800000000001,122.26418285714286,0.25439519548108375,0.7339408903761521,0.7339408903761521,14.673896698359435,K32_R20_edge
ecg_degraded,108.96329554006384,78.86435331230285,False,0.1198864,14.985800000000001,122.26418285714286,-0.060298541481274885,0.6722023969536414,0.4192471534137935,6.8641842216143,K32_R20_edge
both_clean,73.1563281870744,74.50480938322387,True,0.1198864,14.985800000000001,122.26418285714286,0.25550244990221077,0.7350481447972791,0.7350481447972791,16.041629604626817,K32_R20_edge
both_degraded,103.14136561878206,103.44634826566359,True,0.1198864,14.985800000000001,122.26418285714286,0.19400065218263163,0.6735463470777,0.6735463470777,16.769809243097953,K32_R20_edge
ppg_missing,89.36463114119937,89.38244853737812,True,0.1198864,14.985800000000001,122.26418285714286,0.23754596163567687,0.7170916565307452,0.7170916565307452,18.19369066140144,K32_R20_edge
ppg_missing,104.96864434619482,104.95156081808399,True,0.1198864,14.985800000000001,122.26418285714286,0.2344725660009801,0.7140182608960485,0.7140182608960485,18.628412568255012,K32_R20_edge
both_clean,71.27405964082772,71.80675147561607,True,0.1198864,14.985800000000001,122.26418285714286,0.2600951511258082,0.7396408460208765,0.7396408460208765,17.52845987136907,K32_R20_edge
ppg_missing,75.00178559627507,75.0,True,0.1198864,14.985800000000001,122.26418285714286,0.27044552651533355,0.7499912214104019,0.7499912214104019,17.594778641923664,K32_R20_edge
ppg_missing,72.1596177857453,72.11538461538461,True,0.1198864,14.985800000000001,122.26418285714286,0.2647190984222411,0.7442647933173094,0.7442647933173094,17.69574553032055,K32_R20_edge
both_degraded,99.62256909208315,98.9442027598797,True,0.1198864,14.985800000000001,122.26418285714286,0.12228158848019599,0.6018272833752644,0.6018272833752644,19.040829718983378,K32_R20_edge
ppg_missing,107.18736591747817,69.42867456138384,False,0.1198864,14.985800000000001,122.26418285714286,-0.4772176418780543,0.7445301787244,0.0023280530170139784,6.32132161630822,K32_R20_edge
ecg_degraded,99.47415993221894,100.11092616082743,True,0.1198864,14.985800000000001,122.26418285714286,0.14059615289715777,0.6201418477922261,0.6201418477922261,17.58755756564113,K32_R20_edge
ppg_degraded,77.08527635150956,77.33714676592763,True,0.1198864,14.985800000000001,122.26418285714286,0.21197033328049042,0.7038587346029013,0.6915160281755588,7.208235895054549,K32_R20_edge
both_clean,99.74580364568357,99.77827050997786,True,0.1198864,14.985800000000001,122.26418285714286,0.25720840164517395,0.7367540965402423,0.7367540965402423,19.342719882186863,K32_R20_edge
both_degraded,93.81118213837277,93.75000000000001,True,0.1198864,14.985800000000001,122.26418285714286,0.08149653674927604,0.5610422316443444,0.5610422316443444,17.683549961488293,K32_R20_edge
ppg_missing,81.14799425901131,81.16883116883118,True,0.1198864,14.985800000000001,122.26418285714286,0.24809423936918729,0.7276399342642557,0.7276399342642557,19.32781132820645,K32_R20_edge
ecg_missing,61.00970057581641,63.55932203389831,True,0.1198864,14.985800000000001,122.26418285714286,0.2703598434730183,0.7499055383680866,0.7499055383680866,18.938237190888845,K32_R20_edge
ecg_missing,64.27225600678831,66.96428571428571,True,0.1198864,14.985800000000001,122.26418285714286,0.2700754992188305,0.7496211941138988,0.7496211941138988,15.170334276867447,K32_R20_edge
both_degraded,92.22585531451054,92.77658282655854,True,0.1198864,14.985800000000001,122.26418285714286,0.07084884681600123,0.6193193110091018,0.5503945417110696,7.03524620627435,K32_R20_edge
both_clean,61.92436441851996,61.91037735849057,True,0.1198864,14.985800000000001,122.26418285714286,0.2638355908737248,0.7433812857687931,0.7433812857687931,16.24496474393157,K32_R20_edge
ppg_missing,83.6207590771441,83.61204013377927,True,0.1198864,14.985800000000001,122.26418285714286,0.2461580141576527,0.7257037090527211,0.7257037090527211,15.958926967975891,K32_R20_edge
ecg_degraded,98.25132245117567,98.86079782546057,True,0.1198864,14.985800000000001,122.26418285714286,0.14049595352140942,0.6200416484164778,0.6200416484164778,18.737142140000156,K32_R20_edge
ecg_degraded,89.23388464244967,89.18918918918921,True,0.1198864,14.985800000000001,122.26418285714286,0.18334249214477694,0.6628881870398453,0.6628881870398453,18.002235219768988,K32_R20_edge
ppg_degraded,86.58534303114797,87.79793770951531,True,0.1198864,14.985800000000001,122.26418285714286,0.21429004769832494,0.6938357425933933,0.6938357425933933,17.5619313248232,K32_R20_edge
both_clean,65.46400180230673,65.48158020370057,True,0.1198864,14.985800000000001,122.26418285714286,0.2631949473156922,0.7427406422107605,0.7427406422107605,20.296315574845917,K32_R20_edge
ppg_missing,57.19615811678996,58.333333333333336,True,0.1198864,14.985800000000001,122.26418285714286,0.25848989132835193,0.7380355862234202,0.7380355862234202,18.83566748400991,K32_R20_edge
ecg_missing,52.03459098480609,52.02312138728324,True,0.1198864,14.985800000000001,122.26418285714286,0.2701052919604661,0.7496509868555344,0.7496509868555344,20.39525544793233,K32_R20_edge
ppg_degraded,52.780405614102975,73.33532808475542,True,0.1198864,14.985800000000001,122.26418285714286,0.05868749155657494,0.5382331864516433,0.5382331864516433,18.009548486151363,K32_R20_edge
both_clean,63.90574763185233,63.89776357827476,True,0.1198864,14.985800000000001,122.26418285714286,0.26215990577637543,0.7417056006714438,0.7417056006714438,19.381764110606504,K32_R20_edge
both_clean,83.46096074631629,83.47301586989433,True,0.1198864,14.985800000000001,122.26418285714286,0.26088464400821926,0.7404303389032876,0.7404303389032876,17.9183790061326,K32_R20_edge
ppg_degraded,75.42081566955918,77.78310184031496,True,0.1198864,14.985800000000001,122.26418285714286,0.22181181458950316,0.7013575094845715,0.7013575094845715,15.777356508657114,K32_R20_edge
ppg_degraded,62.24593585019196,108.45383759733039,False,0.1198864,14.985800000000001,122.26418285714286,-0.47865919338246266,0.5041285948574904,0.0008865015126056783,6.289983480402863,K32_R20_edge
ppg_missing,68.16122832066796,68.18181818181819,True,0.1198864,14.985800000000001,122.26418285714286,0.2690498970328386,0.7485955919406158,0.7485955919279069,8.177655410052049,K32_R20_edge
both_degraded,77.67507744527157,79.12887991467034,True,0.1198864,14.985800000000001,122.26418285714286,0.1785394051078606,0.658085100002929,0.658085100002929,16.611029438223966,K32_R20_edge
ecg_degraded,97.93653379424936,98.6214677003927,False,0.1198864,14.985800000000001,122.26418285714286,-0.39920836198989934,0.6641656828911225,0.080337332905169,6.593665055082089,K32_R20_edge
both_clean,89.35574893379776,89.38244853737812,True,0.1198864,14.985800000000001,122.26418285714286,0.25313312866145926,0.7326788235565276,0.7326788235565276,18.08673901981198,K32_R20_edge
both_degraded,52.45433185064189,80.45452659808615,True,0.1198864,14.985800000000001,122.26418285714286,-0.07508894606579747,0.4044567488292709,0.4044567488292709,18.94648521085764,K32_R20_edge
ecg_missing,78.89113976399196,78.86435331230285,True,0.1198864,14.985800000000001,122.26418285714286,0.2698763521189324,0.7494220470140007,0.7494220470140007,19.960677496588797,K32_R20_edge
ecg_missing,61.159828451714475,61.162079510703364,True,0.1198864,14.985800000000001,122.26418285714286,0.26997541432896727,0.7495211092240356,0.7495211092240356,22.36640229101902,K32_R20_edge
ppg_missing,101.28997206285636,101.24610591900314,True,0.1198864,14.985800000000001,122.26418285714286,0.2194311039348822,0.6989767988299506,0.6989767988299506,19.153990123777344,K32_R20_edge
ppg_degraded,103.09425402604099,103.12215344618743,True,0.1198864,14.985800000000001,122.26418285714286,0.21301749638011247,0.6925631912751808,0.6925631912751808,15.966597002011921,K32_R20_edge
ppg_missing,83.27988266678845,83.24084350721422,True,0.1198864,14.985800000000001,122.26418285714286,0.24525379943667358,0.724799494331742,0.724799494331742,18.991442789189396,K32_R20_edge
both_degraded,94.18448254895583,96.30304477450476,True,0.1198864,14.985800000000001,122.26418285714286,0.14489779758945642,0.6244434924845248,0.6244434924845248,14.923667624419508,K32_R20_edge
ecg_missing,91.20686015097463,91.26106194690266,True,0.1198864,14.985800000000001,122.26418285714286,0.2696721020284965,0.7492177969235648,0.7492177969235648,18.83548663392615,K32_R20_edge
both_clean,99.01009207138742,99.00990099009903,True,0.1198864,14.985800000000001,122.26418285714286,0.255560703347732,0.7351063982428003,0.7351063982428003,15.585843990887044,K32_R20_edge
ecg_missing,66.72894465974719,69.52491309385863,True,0.1198864,14.985800000000001,122.26418285714286,0.26992620448508214,0.7494718993801505,0.7494718993801505,18.71825781768199,K32_R20_edge
ecg_missing,63.75729884811555,66.3716814159292,True,0.1198864,14.985800000000001,122.26418285714286,0.2700115183717419,0.7495572132668102,0.7495572132668102,19.258739740616296,K32_R20_edge
ecg_degraded,94.77854333683737,94.7844590907053,True,0.1198864,14.985800000000001,122.26418285714286,0.23592572330715988,0.7154714182022283,0.7154714182022283,18.188997841943088,K32_R20_edge
ecg_missing,107.54491556563055,107.61589403973508,True,0.1198864,14.985800000000001,122.26418285714286,0.26896403075228975,0.7485097256473581,0.7485097256473581,17.480702449225095,K32_R20_edge
both_clean,63.78906937024137,66.15569855610539,True,0.1198864,14.985800000000001,122.26418285714286,0.24644023904473067,0.7428336359455814,0.725985933939799,7.1872605556037765,K32_R20_edge
both_degraded,84.06643901239337,83.986562150056,True,0.1198864,14.985800000000001,122.26418285714286,0.20691108259665425,0.6864567774917226,0.6864567774917226,16.986319797739668,K32_R20_edge
ecg_missing,82.65317075191172,82.69018743109152,True,0.1198864,14.985800000000001,122.26418285714286,0.2695923305085592,0.7491380254036275,0.7491380254036275,18.678231507919193,K32_R20_edge
ppg_degraded,72.4134934037065,74.88400066867204,True,0.1198864,14.985800000000001,122.26418285714286,0.22149265830830156,0.7010383532033699,0.7010383532033699,15.797662601760607,K32_R20_edge
ppg_degraded,95.01426720412437,96.00045680047108,True,0.1198864,14.985800000000001,122.26418285714286,0.23811204667568786,0.7176577415707562,0.7176577415707562,17.688498002513793,K32_R20_edge
ecg_missing,57.9059808605503,60.69364161849711,True,0.1198864,14.985800000000001,122.26418285714286,0.2701690424938585,0.7497147373889268,0.7497147373889268,8.965332122185526,K32_R20_edge
both_degraded,72.30662442968554,76.6155133319998,True,0.1198864,14.985800000000001,122.26418285714286,0.14076857048845293,0.6203142653835213,0.6203142653835213,17.198084598358477,K32_R20_edge
ppg_degraded,75.8640337155444,76.29977632236984,True,0.1198864,14.985800000000001,122.26418285714286,0.2507799994170579,0.7303256943121262,0.7303256943121262,16.850935192008468,K32_R20_edge
ecg_missing,107.17998675868094,107.26072607260723,True,0.1198864,14.985800000000001,122.26418285714286,0.2677026343376047,0.747248329232673,0.747248329232673,17.65810974724515,K32_R20_edge
both_clean,91.05822742279332,91.05960264900662,True,0.1198864,14.985800000000001,122.26418285714286,0.2569016089660448,0.7364473038611131,0.7364473038611131,17.208999213860825,K32_R20_edge
both_clean,92.65753271740104,84.76519889192261,False,0.1198864,14.985800000000001,122.26418285714286,-0.14166157526621387,0.7311638250055663,0.3378841196288545,6.788215995273986,K32_R20_edge
ppg_degraded,109.98746861618534,109.94764397905757,True,0.1198864,14.985800000000001,122.26418285714286,0.1526653374726733,0.6322110323677417,0.6322110323677417,18.722071748882417,K32_R20_edge
both_clean,63.60672230177755,64.17401091200566,True,0.1198864,14.985800000000001,122.26418285714286,0.26586910730802077,0.7454148022030891,0.7454148022030891,19.24306615226618,K32_R20_edge
ecg_degraded,86.21159794425148,86.76001452475283,True,0.1198864,14.985800000000001,122.26418285714286,0.14276444613806027,0.6223101410331286,0.6223101410331286,16.472828980017503,K32_R20_edge
both_degraded,56.45970174574312,113.31796194328686,True,0.1198864,14.985800000000001,122.26418285714286,-0.11283815224848881,0.36670754264657957,0.36670754264657957,15.860433497082088,K32_R20_edge
ecg_degraded,59.74980044951714,76.21753660568176,True,0.1198864,14.985800000000001,122.26418285714286,0.05985907064951335,0.5394047655445817,0.5394047655445817,19.966649706992555,K32_R20_edge
both_degraded,91.76767045842948,78.67132867132868,False,0.1198864,14.985800000000001,122.26418285714286,-0.4785509538313949,0.6803871595020874,0.0009947410636733944,6.28030913634396,K32_R20_edge
ecg_missing,99.55900566062112,99.55752212389382,True,0.1198864,14.985800000000001,122.26418285714286,0.2694657725216562,0.7490114674167245,0.7490114674167245,17.442011171229613,K32_R20_edge
ppg_missing,88.14785537580411,88.14102564102564,True,0.1198864,14.985800000000001,122.26418285714286,0.25243202125108816,0.7319777161461565,0.7319777161461565,18.186113988613418,K32_R20_edge
ppg_missing,84.78697367371441,86.75078864353314,True,0.1198864,14.985800000000001,122.26418285714286,0.24575701941014094,0.7253027143052093,0.7253027143052093,18.089407547217412,K32_R20_edge
ecg_degraded,97.43784357775112,98.01719414890161,True,0.1198864,14.985800000000001,122.26418285714286,0.1407683293781672,0.6203140242732356,0.6203140242732356,16.713024824404943,K32_R20_edge
ecg_degraded,107.37424526910341,107.83812395198083,True,0.1198864,14.985800000000001,122.26418285714286,0.13999925276613945,0.6195449476612078,0.6195449476612078,14.680955907008615,K32_R20_edge
ecg_degraded,105.53133039513101,105.51948051948055,True,0.1198864,14.985800000000001,122.26418285714286,-0.27882905975456146,0.6258229080275625,0.2007166351405069,6.720435114727305,K32_R20_edge
both_clean,98.52662040975903,99.07573246990528,True,0.1198864,14.985800000000001,122.26418285714286,0.25630317054441193,0.7358488654394802,0.7358488654394802,18.647743792984187,K32_R20_edge
both_clean,75.927074269831,77.1932074312745,True,0.1198864,14.985800000000001,122.26418285714286,0.25675802228537165,0.73630371718044,0.73630371718044,18.6834103728987,K32_R20_edge
both_degraded,95.98004048017748,78.51681598605347,False,0.1198864,14.985800000000001,122.26418285714286,-0.4795360153058541,0.7052091337524151,9.679589214241473e-06,6.077222372948945,K32_R20_edge
both_clean,64.02993873912405,65.40021197816145,True,0.1198864,14.985800000000001,122.26418285714286,0.2582715964128835,0.7378172913079518,0.7378172913079518,18.413505958018135,K32_R20_edge
both_clean,104.24292068940937,104.7798313075504,True,0.1198864,14.985800000000001,122.26418285714286,0.25975449798695244,0.7393001928820206,0.7393001928820208,8.645869350983979,K32_R20_edge
both_degraded,66.7840582495737,68.62497987770108,True,0.1198864,14.985800000000001,122.26418285714286,0.23413693982579287,0.7136839467652976,0.7136826347208612,7.729664162132684,K32_R20_edge
ppg_missing,108.82308267113606,108.80829015544042,True,0.1198864,14.985800000000001,122.26418285714286,0.23618921666154125,0.7157349115566096,0.7157349115566096,19.924676535086572,K32_R20_edge
ppg_missing,68.10099529774648,68.1044267877412,True,0.1198864,14.985800000000001,122.26418285714286,0.255471407203465,0.7350171020985333,0.7350171020985333,19.26691511912796,K32_R20_edge
ppg_degraded,65.84499660521298,78.4518828451883,False,0.1198864,14.985800000000001,122.26418285714286,-0.3425979110396633,0.6062395674220591,0.13694778385540501,6.668513131505599,K32_R20_edge
both_clean,70.17964652230225,77.9728095411237,False,0.1198864,14.985800000000001,122.26418285714286,-0.479545694894735,0.7419108248158153,3.333565997963849e-13,5.607918336500461,K32_R20_edge
ecg_missing,79.10851370833285,79.1324736225088,True,0.1198864,14.985800000000001,122.26418285714286,0.2697105418482674,0.7492562367433357,0.7492562367433357,16.58756565245746,K32_R20_edge
ecg_degraded,62.01203860823597,82.96937746388699,True,0.1198864,14.985800000000001,122.26418285714286,0.04047327812714852,0.5200189730222169,0.5200189730222169,15.716313854037443,K32_R20_edge
ppg_degraded,65.8233915218761,68.42159251930573,True,0.1198864,14.985800000000001,122.26418285714286,0.24987801004528332,0.7294237049403517,0.7294237049403517,16.8746742714066,K32_R20_edge
ecg_degraded,103.05419410304485,103.06553911205074,True,0.1198864,14.985800000000001,122.26418285714286,0.14380911325165813,0.6233548081467265,0.6233548081467265,16.076566838468658,K32_R20_edge
both_degraded,105.87918894308459,105.92044829945381,True,0.1198864,14.985800000000001,122.26418285714286,0.19545831418543247,0.6750101017210551,0.6750040090805008,7.656353400892711,K32_R20_edge
ppg_degraded,59.322792956746326,78.68269874282488,True,0.1198864,14.985800000000001,122.26418285714286,0.026460044392695118,0.5060057392877635,0.5060057392877635,19.27709755805528,K32_R20_edge
ppg_missing,76.48107358556118,78.4518828451883,True,0.1198864,14.985800000000001,122.26418285714286,0.2640805575147607,0.7436292442149725,0.743626252409829,7.694112317925013,K32_R20_edge
ecg_missing,75.19078451250884,75.16703786191536,True,0.1198864,14.985800000000001,122.26418285714286,0.26981226547395304,0.7493579603690214,0.7493579603690214,14.490754819940015,K32_R20_edge
both_clean,99.69734695720295,99.66777408637874,True,0.1198864,14.985800000000001,122.26418285714286,0.25457309172045034,0.7341187866155187,0.7341187866155187,19.043248352322966,K32_R20_edge
both_degraded,89.62483695487857,91.06718952708822,True,0.1198864,14.985800000000001,122.26418285714286,0.12767004440311647,0.6072157392981848,0.6072157392981848,17.959389555928166,K32_R20_edge
ppg_degraded,74.48250053838598,77.9728095411237,True,0.1198864,14.985800000000001,122.26418285714286,0.11768529367765224,0.5972309885727206,0.5972309885727206,17.135015501759252,K32_R20_edge
ecg_degraded,97.32174757825658,97.80914341602411,True,0.1198864,14.985800000000001,122.26418285714286,0.23332200229939903,0.7128676971944674,0.7128676971944674,18.277381290494244,K32_R20_edge
ecg_degraded,86.30905933001168,86.8725457115804,True,0.1198864,14.985800000000001,122.26418285714286,0.0689263413150838,0.6198959891220083,0.5484720362101522,7.0313202802826655,K32_R20_edge
ppg_degraded,62.561665774780394,57.31441048034934,False,0.1198864,14.985800000000001,122.26418285714286,-0.3396457841515822,0.5350757998267145,0.13989991074348612,6.689023049525937,K32_R20_edge
ppg_missing,97.55768936319774,98.68421052631581,True,0.1198864,14.985800000000001,122.26418285714286,0.2432763248506361,0.7228220197459104,0.7228220197457045,8.31329351496139,K32_R20_edge
ppg_degraded,77.9382509889373,78.95447695132275,True,0.1198864,14.985800000000001,122.26418285714286,0.21718274418000516,0.6967284390750735,0.6967284390750735,21.052586039892866,K32_R20_edge
ecg_missing,103.21703001355806,103.21100917431195,True,0.1198864,14.985800000000001,122.26418285714286,0.26916812823103015,0.7487138231260985,0.7487138231260985,16.368542196451042,K32_R20_edge
ppg_degraded,89.91372141710163,89.91805853041744,True,0.1198864,14.985800000000001,122.26418285714286,0.24112939526462873,0.7280435876253673,0.7206750901596971,7.250781584566498,K32_R20_edge
ppg_missing,59.0687664270926,59.05511811023622,True,0.1198864,14.985800000000001,122.26418285714286,0.2699603948789176,0.7495060897739859,0.7495060897739859,18.210075866497025,K32_R20_edge
both_degraded,95.40054179248293,94.29701029681719,True,0.1198864,14.985800000000001,122.26418285714286,0.11968290171264051,0.5992285966077089,0.5992285966077089,19.733404568882122,K32_R20_edge
both_degraded,84.87234517133682,84.76519889192261,True,0.1198864,14.985800000000001,122.26418285714286,-0.00811009615054436,0.47441594717623625,0.471435598744524,7.285569285795051,K32_R20_edge
ecg_degraded,82.49476748842592,82.5082508250825,True,0.1198864,14.985800000000001,122.26418285714286,0.23844393129116048,0.7179896261862289,0.7179896261862289,18.712129680771056,K32_R20_edge
ecg_missing,75.18425328554909,75.16703786191536,True,0.1198864,14.985800000000001,122.26418285714286,0.26982629154348087,0.7493719864385492,0.7493719864385492,20.97043337766982,K32_R20_edge
both_clean,89.7734146857404,89.77149075081611,True,0.1198864,14.985800000000001,122.26418285714286,0.2572670066223505,0.7368127015174188,0.7368127015174188,19.370308393871333,K32_R20_edge
ppg_degraded,53.797387293516444,72.21730639115515,True,0.1198864,14.985800000000001,122.26418285714286,0.03969510085721962,0.519240795752288,0.519240795752288,19.019689397572414,K32_R20_edge
both_clean,80.23001374862505,80.2564072867601,True,0.1198864,14.985800000000001,122.26418285714286,0.26226432380279635,0.7418100186978647,0.7418100186978647,17.808511121040443,K32_R20_edge
ecg_degraded,106.1304031289141,106.46423712694403,True,0.1198864,14.985800000000001,122.26418285714286,0.14354162182934793,0.6230873167244163,0.6230873167244163,17.868658325015893,K32_R20_edge
both_clean,62.29202823305356,63.28382413194588,True,0.1198864,14.985800000000001,122.26418285714286,0.25969348518224605,0.7392391800773144,0.7392391800773144,18.318506938644354,K32_R20_edge
ppg_degraded,58.22080363343702,72.89090575431663,True,0.1198864,14.985800000000001,122.26418285714286,0.06698511047940492,0.5465308053744733,0.5465308053744733,17.50878452592227,K32_R20_edge
both_clean,74.6312206711391,74.58563535911601,True,0.1198864,14.985800000000001,122.26418285714286,0.26335635123634,0.7429020461314083,0.7429020461314083,18.16741160208081,K32_R20_edge
both_clean,81.17062651666294,72.42489270386265,False,0.1198864,14.985800000000001,122.26418285714286,-0.4795456948950389,0.738332520663527,2.942227447932556e-14,5.557836873619452,K32_R20_edge
ppg_degraded,72.59155007447983,72.81334291113735,True,0.1198864,14.985800000000001,122.26418285714286,0.17213232005304802,0.6516780149481164,0.6516780149481164,20.930589250256563,K32_R20_edge
both_clean,79.03646177394687,79.03055848261327,True,0.1198864,14.985800000000001,122.26418285714286,0.25981591234164875,0.7393616072367171,0.7393616072367171,17.439466916817004,K32_R20_edge
ecg_missing,90.48008763853099,90.46052631578948,True,0.1198864,14.985800000000001,122.26418285714286,0.26947437032319815,0.7490200842256528,0.7490200652182665,7.9095275876882,K32_R20_edge
ecg_degraded,97.56671411320126,76.14785495462716,False,0.1198864,14.985800000000001,122.26418285714286,-0.4771934020582592,0.6652445046917049,0.0023522928368091187,6.328266963074545,K32_R20_edge
ppg_degraded,53.095489213085486,70.31231205471664,True,0.1198864,14.985800000000001,122.26418285714286,0.03917317961765832,0.5187188745127267,0.5187188745127267,17.828385524215854,K32_R20_edge
ppg_degraded,72.90273284500638,77.45452112654321,True,0.1198864,14.985800000000001,122.26418285714286,0.12673482010505022,0.6062805150001186,0.6062805150001186,16.510599641974842,K32_R20_edge
ecg_degraded,87.15385496059693,88.47416860974721,True,0.1198864,14.985800000000001,122.26418285714286,0.13475484961781858,0.614300546000293,0.614300544512887,8.000073708975382,K32_R20_edge
ppg_missing,51.254939628009616,51.25284738041002,True,0.1198864,14.985800000000001,122.26418285714286,0.2628329998194023,0.7423786947144706,0.7423786947144706,15.732829507727708,K32_R20_edge
ecg_degraded,106.95176514832784,78.53009353456687,False,0.1198864,14.985800000000001,122.26418285714286,-0.4744510592205386,0.6665436005310889,0.005094635674529713,6.374137590872937,K32_R20_edge
ppg_degraded,88.44925859973526,89.48081919743005,True,0.1198864,14.985800000000001,122.26418285714286,0.21416591707984134,0.6937116119749599,0.6937116119749097,8.357064138863214,K32_R20_edge
ecg_degraded,79.10022046166898,80.45364611017638,True,0.1198864,14.985800000000001,122.26418285714286,0.23976784391325057,0.7193135388083189,0.7193135388083189,18.903864781249165,K32_R20_edge
both_degraded,76.89885811395143,77.95106438730487,True,0.1198864,14.985800000000001,122.26418285714286,0.0706036388166974,0.5501493337117658,0.5501493337117658,17.36004085220589,K32_R20_edge
both_degraded,58.835460916390026,117.57186518369726,True,0.1198864,14.985800000000001,122.26418285714286,-0.11808620478158155,0.3614594901134868,0.3614594901134868,17.175549590387913,K32_R20_edge
both_clean,53.97530018511939,53.956834532374096,True,0.1198864,14.985800000000001,122.26418285714286,0.2699009088315549,0.7494466037266232,0.7494466037266232,19.13502563071731,K32_R20_edge
ecg_missing,90.85800244292811,93.26424870466322,True,0.1198864,14.985800000000001,122.26418285714286,0.09506460846695519,0.7490774184615105,0.5746103033620236,6.941875777261394,K32_R20_edge
both_degraded,105.43916836934144,106.064788247895,True,0.1198864,14.985800000000001,122.26418285714286,0.19872065232494018,0.6782663472200086,0.6782663472200086,20.392854387165485,K32_R20_edge
both_clean,97.54211011267941,98.43379264484122,True,0.1198864,14.985800000000001,122.26418285714286,0.2549855820758146,0.7345312769708829,0.7345312769708829,19.603686244149717,K32_R20_edge
ecg_missing,51.287260095293064,51.31128848346636,True,0.1198864,14.985800000000001,122.26418285714286,0.2702120770555125,0.7497577719505808,0.7497577719505808,19.520577424484806,K32_R20_edge
ecg_degraded,52.33810891664527,67.02095503385813,True,0.1198864,14.985800000000001,122.26418285714286,0.06166718722111176,0.5412128821161801,0.5412128821161801,16.58753921859157,K32_R20_edge
both_clean,80.75950988545128,80.77600295002564,True,0.1198864,14.985800000000001,122.26418285714286,0.260391051154315,0.7399367460493833,0.7399367460493833,16.98076017020523,K32_R20_edge
ecg_degraded,84.39584753689329,85.1788540554819,True,0.1198864,14.985800000000001,122.26418285714286,0.13966232882294805,0.6192080237180164,0.6192080237180164,18.60077895157315,K32_R20_edge
both_clean,86.38078423213042,87.35361841450926,True,0.1198864,14.985800000000001,122.26418285714286,0.2555410965281694,0.7350867914232377,0.7350867914232377,19.596560358705958,K32_R20_edge
both_degraded,102.56148952663865,102.52365930599372,True,0.1198864,14.985800000000001,122.26418285714286,0.14209510432908012,0.6216407992241485,0.6216407992241485,18.09060175548486,K32_R20_edge
ecg_missing,103.8719472876617,103.83386581469652,True,0.1198864,14.985800000000001,122.26418285714286,0.2691722674739749,0.7487179623690432,0.7487179623690432,19.808955565410248,K32_R20_edge
both_clean,109.35766585356893,109.37500000000001,True,0.1198864,14.985800000000001,122.26418285714286,-0.04657888708493046,0.7324595327475661,0.4329668078101379,6.848405355979035,K32_R20_edge
both_degraded,70.01817688901713,77.09180582967011,True,0.1198864,14.985800000000001,122.26418285714286,0.004082483303606727,0.4836281781986751,0.4836281781986751,18.203241832208068,K32_R20_edge
both_clean,78.11263246432895,77.24966930959437,False,0.1198864,14.985800000000001,122.26418285714286,-0.4792478357801695,0.7488761206334383,0.00029785911489879776,6.21649047638744,K32_R20_edge
both_clean,109.61775877630208,109.63939506073515,True,0.1198864,14.985800000000001,122.26418285714286,0.2522065739599892,0.7317522688550575,0.7317522688550575,9.669728371853374,K32_R20_edge
ecg_degraded,92.02176770972312,93.07997184098586,True,0.1198864,14.985800000000001,122.26418285714286,0.18242693677579036,0.6619726316708587,0.6619726316708587,19.114973422191518,K32_R20_edge
ppg_missing,53.44609490136049,53.46232179226069,True,0.1198864,14.985800000000001,122.26418285714286,0.2617538749232818,0.7412995698183501,0.7412995698183501,19.538388977290545,K32_R20_edge
both_clean,104.57309556430249,105.16753924365956,True,0.1198864,14.985800000000001,122.26418285714286,0.2503539343188738,0.7298996292139421,0.7298996292139421,20.046431106056904,K32_R20_edge
ecg_degraded,87.00036420137678,86.98142556312823,True,0.1198864,14.985800000000001,122.26418285714286,0.24009614650234634,0.7196418413974147,0.7196418413974147,17.19702879566468,K32_R20_edge
ppg_missing,61.622735106051515,63.62672322375398,True,0.1198864,14.985800000000001,122.26418285714286,0.25802870341153733,0.7375743983066086,0.7375743983066056,8.44403870002407,K32_R20_edge
both_clean,70.86374328347112,77.24966930959437,False,0.1198864,14.985800000000001,122.26418285714286,-0.4795456948298549,0.7414655932833262,6.52134533391219e-11,5.72667244533589,K32_R20_edge
ppg_degraded,84.65955752651675,84.61492443111042,True,0.1198864,14.985800000000001,122.26418285714286,0.24978191319668697,0.7293276080917553,0.7293276080917553,20.086948027940828,K32_R20_edge
ecg_missing,89.16598664691097,89.1891891891892,True,0.1198864,14.985800000000001,122.26418285714286,0.2696719766864563,0.7492176715815246,0.7492176715815246,15.97516129145695,K32_R20_edge
ppg_degraded,74.6437085228825,76.14785495462716,False,0.1198864,14.985800000000001,122.26418285714286,-0.47854314853667584,0.6068573824933176,0.0010025463583925016,6.2866919706161,K32_R20_edge
ppg_missing,94.66154575677174,96.6702470461869,True,0.1198864,14.985800000000001,122.26418285714286,0.24428288063707138,0.7238285755321398,0.7238285755321398,18.254266026025814,K32_R20_edge
ppg_missing,81.96959154349386,84.96395468589084,True,0.1198864,14.985800000000001,122.26418285714286,0.2539085166646741,0.7334542115597424,0.7334542115597424,17.208468331237118,K32_R20_edge
ppg_missing,108.4854683713528,108.58324715615306,True,0.1198864,14.985800000000001,122.26418285714286,0.24148546955574746,0.7210503096768632,0.7210311644508158,7.604001418167305,K32_R20_edge
both_clean,101.20976378296324,101.12359550561803,True,0.1198864,14.985800000000001,122.26418285714286,0.25037186814766715,0.7299175630427355,0.7299175630427355,18.942267155122458,K32_R20_edge
both_clean,59.00579259770815,58.988764044943814,True,0.1198864,14.985800000000001,122.26418285714286,0.26447642120038145,0.7440221160954498,0.7440221160954498,18.122695785956168,K32_R20_edge
ecg_degraded,56.18526148472783,104.67585427094373,False,0.1198864,14.985800000000001,122.26418285714286,-0.4721170343270593,0.5408309998753094,0.007428660568008999,6.412184932641925,K32_R20_edge
both_clean,101.2117755819599,81.43322475570034,False,0.1198864,14.985800000000001,122.26418285714286,0.22733089269163642,0.735151523888199,0.7068765875867048,7.141627065198515,K32_R20_edge
ecg_degraded,86.4638403474637,92.05280515115224,False,0.1198864,14.985800000000001,122.26418285714286,-0.47954247379717074,0.7194544770066467,3.2210978975938254e-06,6.036713667605214,K32_R20_edge
ppg_degraded,108.57341398762567,105.57229485784056,True,0.1198864,14.985800000000001,122.26418285714286,0.17803573204334566,0.657581426938414,0.657581426938414,16.302481995246143,K32_R20_edge
