regime,hr_true,hr_delivered,decode_success,energy_j,power_mw,latency_ms,reward,piv,u_pir,snr_db,arm
ppg_degraded,55.13895002861746,73.28834386368452,True,0.1198864,14.985800000000001,142.05,0.04454620398303947,0.5259523187193115,0.5259523187193115,19.08078167194579,K32_R20_local
ppg_degraded,64.20863039576598,84.78931140801646,False,0.1198864,14.985800000000001,142.05,-0.48140122328352386,0.5380650525481827,4.891452748125763e-06,6.062048386051968,K32_R20_local
ecg_missing,98.0764679123838,98.03921568627453,True,0.1198864,14.985800000000001,142.05,0.26740407628390467,0.7488101910201767,0.7488101910201767,17.485621951329943,K32_R20_local
ecg_degraded,84.92972216386207,86.03127082513276,True,0.1198864,14.985800000000001,142.05,-0.19484570723533337,0.6648057948097164,0.28656040750093864,6.77377083698891,K32_R20_local
ecg_degraded,55.64771853442395,65.71741511500548,False,0.1198864,14.985800000000001,142.05,-0.46701924517756926,0.5505012750016458,0.014386869558702697,6.457962060150243,K32_R20_local
ecg_missing,75.98761641418842,75.98784194528875,True,0.1198864,14.985800000000001,142.05,0.26788553701281687,0.7492916517490888,0.7492916517490888,19.258887137674233,K32_R20_local
ecg_degraded,78.74307788845005,78.99615275148658,True,0.1198864,14.985800000000001,142.05,0.18760177471921916,0.6690078894554912,0.6690078894554912,17.397827415526162,K32_R20_local
both_degraded,59.584334878224716,86.64526840847113,True,0.1198864,14.985800000000001,142.05,-0.03315373518853867,0.44825237954773334,0.44825237954773334,17.22562070047674,K32_R20_local
ppg_degraded,94.07462908455287,94.35625497186761,True,0.1198864,14.985800000000001,142.05,0.16475469733193884,0.6461608120682109,0.6461608120682109,19.930476844708423,K32_R20_local
ppg_degraded,56.82032119528421,69.71142955035012,True,0.1198864,14.985800000000001,142.05,0.1305320895362392,0.6119382042725112,0.6119382042725112,18.34873376183184,K32_R20_local
ppg_degraded,73.47369142973972,77.71920112312594,True,0.1198864,14.985800000000001,142.05,0.12182916220669562,0.6032352769429676,0.6032352769429676,16.913297020928837,K32_R20_local
ppg_missing,81.00441095728182,109.94764397905755,False,0.1198864,14.985800000000001,142.05,-0.481406114736272,0.7281622526828706,7.679645468984871e-31,4.9656336211134615,K32_R20_local
ecg_missing,75.83768122485067,75.84269662921348,True,0.1198864,14.985800000000001,142.05,0.2679514817517255,0.7493575964879975,0.7493575964879975,18.03845735062822,K32_R20_local
ecg_missing,85.20791428628844,85.22727272727275,True,0.1198864,14.985800000000001,142.05,0.2685616607801367,0.7499677755164087,0.7499677755164087,14.267210465255449,K32_R20_local
both_clean,94.27026723752961,94.24083769633508,True,0.1198864,14.985800000000001,142.05,0.2536096740491351,0.7350157887854071,0.7350157887854071,18.82384497147178,K32_R20_local
both_clean,107.3760352901659,107.37885462555063,True,0.1198864,14.985800000000001,142.05,0.25076779631899065,0.7321739110552626,0.7321739110552626,19.202433830094662,K32_R20_local
ppg_degraded,67.05206982492749,68.02977092299554,True,0.1198864,14.985800000000001,142.05,0.24755496973718208,0.7289610844734541,0.7289610844734541,16.294270146694704,K32_R20_local
ppg_missing,88.9128324247895,81.47495223898446,False,0.1198864,14.985800000000001,142.05,-0.4807118630165988,0.7224906573921615,0.0006942517196731813,6.258934409224545,K32_R20_local
ppg_missing,91.77295980020932,91.76863181312571,True,0.1198864,14.985800000000001,142.05,0.23859163211304493,0.7199977468493169,0.7199977468493169,19.86611407086793,K32_R20_local
both_degraded,67.56324494074923,70.89733408956609,True,0.1198864,14.985800000000001,142.05,0.21074665496750336,0.6921527697037754,0.6921527697037754,21.54101306780478,K32_R20_local
both_degraded,50.08940501053017,96.39572633576365,True,0.1198864,14.985800000000001,142.05,-0.030731815497930772,0.45067429923834124,0.45067429923834124,19.440919223711525,K32_R20_local
ecg_degraded,108.40761648598476,108.47107438016529,True,0.1198864,14.985800000000001,142.05,0.14532287989750306,0.6267289946337751,0.6267289946337751,18.113000103959273,K32_R20_local
ppg_missing,67.90407338101254,69.87577639751552,True,0.1198864,14.985800000000001,142.05,0.2541572765893237,0.7355633913255957,0.7355633913255957,16.596613190739145,K32_R20_local
ppg_degraded,68.8391601220602,74.23141069795477,True,0.1198864,14.985800000000001,142.05,0.09130642261815683,0.5727125373544288,0.5727125373544288,16.858218508031232,K32_R20_local
ecg_degraded,103.50266422670943,103.50318471337584,True,0.1198864,14.985800000000001,142.05,0.1889077594538278,0.6703138741900998,0.6703138741900998,14.790331896485673,K32_R20_local
ppg_missing,85.10977639345448,85.13931888544893,True,0.1198864,14.985800000000001,142.05,0.24866157585374207,0.7300676905900141,0.7300676905900141,16.178838554896668,K32_R20_local
ppg_degraded,78.27857991090988,103.9445628997868,False,0.1198864,14.985800000000001,142.05,-0.48140392644386404,0.7001889927290793,2.1882924079228335e-06,6.024195312842194,K32_R20_local
ecg_degraded,96.39662057892897,96.40396109222124,True,0.1198864,14.985800000000001,142.05,0.18692258022101974,0.6683286949572917,0.6683286949572917,14.390841144065615,K32_R20_local
ecg_degraded,51.82076045974827,69.72472693847587,True,0.1198864,14.985800000000001,142.05,0.045637666337210926,0.5270437810734829,0.5270437810734829,16.19509096984895,K32_R20_local
ppg_missing,92.41790573933741,92.49743062692704,True,0.1198864,14.985800000000001,142.05,0.24691405047362583,0.7283201652098978,0.7283201652098978,16.364210799061336,K32_R20_local
ppg_missing,72.45463000870825,72.42489270386267,True,0.1198864,14.985800000000001,142.05,0.2545735541400909,0.7359796688763629,0.7359796688763629,17.652966996561204,K32_R20_local
ppg_missing,55.45116281025547,57.5027382256298,True,0.1198864,14.985800000000001,142.05,0.26019984618277275,0.7416110032983791,0.7416059609190447,7.669724238649072,K32_R20_local
both_degraded,89.63000404567369,89.61947076020526,True,0.1198864,14.985800000000001,142.05,0.1385242696172703,0.6199303843535423,0.6199303843535423,19.733307034604117,K32_R20_local
ppg_missing,105.88783128448128,105.97826086956522,True,0.1198864,14.985800000000001,142.05,0.23084655549008296,0.7132899626213032,0.712252670226355,7.382884309718848,K32_R20_local
ppg_degraded,62.431470084860074,80.14727539228669,True,0.1198864,14.985800000000001,142.05,0.03448622381380121,0.5158923385500732,0.5158923385500732,15.924234985115353,K32_R20_local
ecg_missing,87.80541198712058,87.71929824561404,True,0.1198864,14.985800000000001,142.05,0.26765685426359426,0.7490629690024407,0.7490629689998662,8.231667687162915,K32_R20_local
ppg_missing,67.88978543944549,69.87577639751552,True,0.1198864,14.985800000000001,142.05,0.25225356203146204,0.733659676767734,0.733659676767734,17.302058922608655,K32_R20_local
ecg_missing,94.50540080415982,94.50171821305842,True,0.1198864,14.985800000000001,142.05,0.2675030110722156,0.7489091258084876,0.7489091258084876,15.28332816044756,K32_R20_local
ecg_degraded,93.32988848852705,93.93294717804355,True,0.1198864,14.985800000000001,142.05,0.13708416168853368,0.6184902764248057,0.6184902764248057,19.434458502344942,K32_R20_local
ecg_missing,63.12292547412827,63.10096153846154,True,0.1198864,14.985800000000001,142.05,0.26827371224547086,0.7496798269817428,0.7496798269817428,17.884344312372626,K32_R20_local
ecg_missing,99.79321245645875,59.4563986409966,False,0.1198864,14.985800000000001,142.05,-0.2266946789617074,0.7488907688152345,0.2547114357745646,6.730178920909883,K32_R20_local
ecg_degraded,89.4591326523946,89.38244853737812,True,0.1198864,14.985800000000001,142.05,0.14366091879817025,0.6250670335344423,0.6250670335344423,15.33252090399184,K32_R20_local
ppg_degraded,90.96793447162102,92.01359762030347,True,0.1198864,14.985800000000001,142.05,0.2413808088177737,0.7227869235540457,0.7227869235540457,17.409392010625922,K32_R20_local
both_degraded,99.2045450102321,62.89308176100629,False,0.1198864,14.985800000000001,142.05,-0.23823109433562434,0.6579377134320831,0.24317502040064767,6.744629661357536,K32_R20_local
ppg_missing,75.71437425790772,75.67264573991032,True,0.1198864,14.985800000000001,142.05,0.23961702134349008,0.7210231360797621,0.7210231360797621,15.464619107588417,K32_R20_local
ppg_degraded,95.52232766929514,52.14368482039397,False,0.1198864,14.985800000000001,142.05,-0.48140611439845277,0.7166853997832262,3.3781920508476684e-10,5.76783372591395,K32_R20_local
ecg_degraded,102.70881107997523,102.73972602739728,True,0.1198864,14.985800000000001,142.05,0.24525887246871972,0.7266649872049917,0.7266649872049917,19.083013892404505,K32_R20_local
ppg_missing,56.139195315324464,56.14973262032085,True,0.1198864,14.985800000000001,142.05,0.2573357157065625,0.7387418304428345,0.7387418304428345,17.580921235285093,K32_R20_local
both_degraded,100.98610024796923,101.71218239111037,True,0.1198864,14.985800000000001,142.05,0.049936720411321835,0.5313428351475938,0.5313428351475938,15.230208091669285,K32_R20_local
both_clean,73.6356399579401,73.64932308327285,True,0.1198864,14.985800000000001,142.05,0.2596561474753785,0.7410622622116505,0.7410622622116505,16.357562100098374,K32_R20_local
both_degraded,78.7810354107365,103.9445628997868,False,0.1198864,14.985800000000001,142.05,-0.43427703684960806,0.710743825527808,0.04712907788666392,6.534547740290238,K32_R20_local
ecg_degraded,58.78007418549191,76.01360311416364,True,0.1198864,14.985800000000001,142.05,0.034435488031798,0.51584160276807,0.51584160276807,19.28348361133992,K32_R20_local
ecg_degraded,91.90558069682561,91.89937110158161,True,0.1198864,14.985800000000001,142.05,0.23737442313877347,0.7187805378750455,0.7187805378750455,16.90430844454884,K32_R20_local
ppg_degraded,67.51871695927106,69.1580819280792,True,0.1198864,14.985800000000001,142.05,0.24360382685244278,0.7250099415887148,0.7250099415887148,16.96877617502698,K32_R20_local
ecg_degraded,102.26834898761535,102.6785960297749,True,0.1198864,14.985800000000001,142.05,0.13987026385542603,0.621276378591698,0.621276378591698,17.530563595225757,K32_R20_local
both_degraded,66.52246261688462,69.25399717908397,True,0.1198864,14.985800000000001,142.05,0.18471185995837971,0.6661179746946517,0.6661179746946517,17.569037829383497,K32_R20_local
ecg_degraded,83.7085831238534,84.3219061361281,True,0.1198864,14.985800000000001,142.05,0.18603497380970382,0.6674410885459758,0.6674410885459758,18.81834484117689,K32_R20_local
both_degraded,73.97937326782716,74.01315789473685,True,0.1198864,14.985800000000001,142.05,0.1798637165013978,0.6612698312376698,0.6612698312376698,15.345796573142277,K32_R20_local
ecg_missing,86.77456951414635,89.38244853737814,True,0.1198864,14.985800000000001,142.05,0.2677424557259261,0.7491485704621981,0.7491485704621981,19.13885598706652,K32_R20_local
ecg_degraded,61.798354386327425,83.93717532576376,True,0.1198864,14.985800000000001,142.05,0.04446260825551688,0.5258687229917889,0.5258687229917889,17.443439294804524,K32_R20_local
ppg_missing,60.81725245058571,60.8342989571263,True,0.1198864,14.985800000000001,142.05,0.2558552739603977,0.7372613886966697,0.7372613886966697,21.053139480439793,K32_R20_local
both_degraded,94.81162313899029,94.78048416957061,True,0.1198864,14.985800000000001,142.05,0.17917928203863812,0.6605853967749101,0.6605853967749101,19.720820486970734,K32_R20_local
ppg_degraded,95.13340510215664,95.18546873141284,True,0.1198864,14.985800000000001,142.05,0.21399437302579252,0.6954004877620642,0.6954004877620645,8.824933516864307,K32_R20_local
ppg_missing,84.01867246717474,83.986562150056,True,0.1198864,14.985800000000001,142.05,0.24499394016330925,0.7264000548995813,0.7264000548995813,19.458856723201233,K32_R20_local
ppg_missing,105.2647806369758,105.29157667386612,True,0.1198864,14.985800000000001,142.05,0.23305748763081482,0.7144636023670868,0.7144636023670868,19.0556101220798,K32_R20_local
both_clean,62.34650289374113,64.62465543747028,True,0.1198864,14.985800000000001,142.05,0.26053312645433296,0.741939241190605,0.741939241190605,21.082582358900392,K32_R20_local
ppg_missing,101.0540674754991,51.48741418764302,False,0.1198864,14.985800000000001,142.05,-0.4540977506329708,0.7194929901141099,0.027308364103301196,6.486936255685467,K32_R20_local
ecg_missing,60.13923867962517,60.13745704467354,True,0.1198864,14.985800000000001,142.05,0.26819505257041626,0.7496011673066882,0.7496011673066882,18.858918020641084,K32_R20_local
ecg_missing,107.86146325365678,107.85398230088494,True,0.1198864,14.985800000000001,142.05,0.26739692232429196,0.748803037060564,0.748803037060564,16.85900030048657,K32_R20_local
both_clean,87.4215636863691,87.39406779661019,True,0.1198864,14.985800000000001,142.05,0.20351258844930767,0.7382640299169095,0.6849187031855797,7.0813997145289616,K32_R20_local
both_degraded,86.41302728060089,90.44515603412677,True,0.1198864,14.985800000000001,142.05,0.10825567216456103,0.589661786900833,0.589661786900833,17.668168359347195,K32_R20_local
both_clean,108.23352578795743,108.24742268041236,True,0.1198864,14.985800000000001,142.05,0.2505818065677868,0.7319879213040588,0.7319879213040588,18.905803616185988,K32_R20_local
ecg_missing,97.22196282732627,97.2972972972973,True,0.1198864,14.985800000000001,142.05,0.26776653766109565,0.7491726523973676,0.7491726523973676,14.644951784771262,K32_R20_local
ecg_missing,97.39504856531326,97.40259740259742,True,0.1198864,14.985800000000001,142.05,0.2685884440559024,0.7499945587921744,0.7499945587921744,18.071382060607313,K32_R20_local
both_degraded,53.24562547225791,106.76005213864316,True,0.1198864,14.985800000000001,142.05,-0.06115558988967309,0.4202505248465989,0.4202505248465989,17.209044558521168,K32_R20_local
ecg_degraded,72.1571783656652,78.94339730435543,True,0.1198864,14.985800000000001,142.05,0.104268525864076,0.5856746410740297,0.585674640600348,8.04077912802265,K32_R20_local
ppg_missing,55.09368632992808,55.08919202518363,True,0.1198864,14.985800000000001,142.05,0.25604027643969457,0.7374463911759666,0.7374463911759666,17.92838258621738,K32_R20_local
both_clean,61.61165488793087,61.61971830985915,True,0.1198864,14.985800000000001,142.05,0.26181140239626516,0.7432175171325371,0.7432175171325371,19.44203885597395,K32_R20_local
ecg_missing,62.83201944152883,76.3338487627589,False,0.1198864,14.985800000000001,142.05,-0.4594130179618547,0.749547595490157,0.021993096774417298,6.466738529707595,K32_R20_local
both_degraded,101.51851592995426,102.24226003048474,True,0.1198864,14.985800000000001,142.05,0.1780886368417041,0.6594947515779762,0.6594947515779761,8.510378273088637,K32_R20_local
ppg_degraded,57.60529878309833,77.25842329202426,True,0.1198864,14.985800000000001,142.05,0.031171311379267017,0.512577426115539,0.512577426115539,16.573605311522886,K32_R20_local
both_degraded,67.80546610336697,74.65527767313476,True,0.1198864,14.985800000000001,142.05,0.09705075906895258,0.5784568738052246,0.5784568738052246,17.699502574567642,K32_R20_local
ecg_degraded,79.57081873545995,80.21827617279553,True,0.1198864,14.985800000000001,142.05,0.23628381038725957,0.7176899251235316,0.7176899251235316,18.287273568256754,K32_R20_local
ppg_degraded,100.96762467137222,101.06517901043097,True,0.1198864,14.985800000000001,142.05,0.1524524310941461,0.6338585458304181,0.6338585458304181,17.947754984925066,K32_R20_local
ppg_missing,107.91388525024253,107.85398230088492,True,0.1198864,14.985800000000001,142.05,0.2398878922870891,0.7212940070233611,0.7212940070233611,16.541139348220966,K32_R20_local
both_degraded,92.4886862412345,92.66847964205189,True,0.1198864,14.985800000000001,142.05,0.1445981375959501,0.6260042523322221,0.6260042523322221,17.138917545623933,K32_R20_local
ppg_degraded,62.821233165832886,80.38585209003216,False,0.1198864,14.985800000000001,142.05,-0.481406114736272,0.5247127407575443,2.91892484190125e-21,5.278038486237248,K32_R20_local
both_degraded,82.69896088748024,90.89701999363449,True,0.1198864,14.985800000000001,142.05,-0.046518850177669234,0.43488726455860277,0.43488726455860277,20.85469934777824,K32_R20_local
ppg_missing,92.35754257921322,92.3852183650616,True,0.1198864,14.985800000000001,142.05,0.2413294586355104,0.7227355733717824,0.7227355733717824,15.634257800784116,K32_R20_local
both_degraded,53.11295166359751,102.1696172456871,True,0.1198864,14.985800000000001,142.05,-0.05810989572690697,0.42329621900936504,0.42329621900936504,15.203509174034007,K32_R20_local
ppg_missing,90.79305003344429,90.75907590759077,True,0.1198864,14.985800000000001,142.05,0.24555308439181414,0.7269591996542669,0.7269591991280862,8.044849516012466,K32_R20_local
ppg_missing,72.09691010834487,72.11538461538461,True,0.1198864,14.985800000000001,142.05,0.2675839228364621,0.7489900375727341,0.7489900375727341,18.414791390210908,K32_R20_local
ppg_degraded,85.3820172067525,86.45838060839037,True,0.1198864,14.985800000000001,142.05,0.24198162227225287,0.7233877370085249,0.7233877370085249,17.311253335774605,K32_R20_local
ecg_missing,90.1719968684999,84.68459532555174,False,0.1198864,14.985800000000001,142.05,-0.4809831096224475,0.7491051756632002,0.0004230051138245085,6.232980134725989,K32_R20_local
ppg_missing,90.14764976875614,90.16393442622952,True,0.1198864,14.985800000000001,142.05,0.24184927990860075,0.7232553946448728,0.7232553946448728,15.2802747660044,K32_R20_local
both_degraded,81.38298653155138,85.19732137805885,True,0.1198864,14.985800000000001,142.05,0.024198945996197794,0.5056050607324698,0.5056050607324698,19.287208284438424,K32_R20_local
ecg_missing,83.28424594790536,83.24084350721422,True,0.1198864,14.985800000000001,142.05,0.26755910854902426,0.7489652232852962,0.7489652232852962,17.255660709155027,K32_R20_local
ppg_degraded,61.888982816811975,79.68109662206331,True,0.1198864,14.985800000000001,142.05,0.04137494250691113,0.5227810572431831,0.5227810572431831,17.55408004579055,K32_R20_local
ppg_missing,79.71124349212413,79.70244420828907,True,0.1198864,14.985800000000001,142.05,0.24703304523773142,0.7284391599740034,0.7284391599740034,19.92140057487484,K32_R20_local
both_clean,57.524568358715186,57.534061401554496,True,0.1198864,14.985800000000001,142.05,0.2633273672188701,0.7447334819551421,0.7447334819551421,18.952082601108906,K32_R20_local
both_degraded,78.84482011556386,78.85936162243233,True,0.1198864,14.985800000000001,142.05,0.14677098741398611,0.6281771021502581,0.6281771021502581,18.402425899373583,K32_R20_local
ecg_degraded,82.17469553418869,84.86131225763538,True,0.1198864,14.985800000000001,142.05,0.12771126941309432,0.6091173841493663,0.6091173841493663,19.379137151911397,K32_R20_local
ecg_degraded,96.44628897861911,96.46302250803859,True,0.1198864,14.985800000000001,142.05,0.18852094432245672,0.6699270590587287,0.6699270590587287,18.166018745631366,K32_R20_local
ppg_degraded,73.61988757965115,75.11089749337995,True,0.1198864,14.985800000000001,142.05,0.24638345320589053,0.7277895679421625,0.7277895679421625,18.325257398970958,K32_R20_local
ecg_missing,51.17602511309657,51.19453924914676,True,0.1198864,14.985800000000001,142.05,0.2682977900063956,0.7497039047426676,0.7497039047426676,16.394006037408516,K32_R20_local
ppg_missing,81.66499599281019,81.69934640522877,True,0.1198864,14.985800000000001,142.05,0.03897690624502873,0.7322855181426773,0.5203830209813007,6.909090230818047,K32_R20_local
both_degraded,62.31394954700527,117.79638057802771,True,0.1198864,14.985800000000001,142.05,-0.09607751519578192,0.3853285995404899,0.3853285995404901,8.774958639574823,K32_R20_local
ecg_missing,94.47545139166212,92.80089988751408,False,0.1198864,14.985800000000001,142.05,-0.47793729991627293,0.7490303479827679,0.0034688148199990354,6.343846287447332,K32_R20_local
both_clean,73.3218338250042,73.28990228013029,True,0.1198864,14.985800000000001,142.05,0.2587106907439673,0.7401168054802393,0.7401168054802393,19.150708942427727,K32_R20_local
ppg_degraded,72.82838984796814,72.8822214402118,True,0.1198864,14.985800000000001,142.05,-0.155263405725418,0.6651443788252706,0.326142709010854,6.8012672858928065,K32_R20_local
both_degraded,104.56727478615781,104.5517416070813,True,0.1198864,14.985800000000001,142.05,0.14016020368752494,0.621566318423797,0.621566318423797,18.491910672127574,K32_R20_local
ecg_missing,73.57822663731254,82.9986995412737,False,0.1198864,14.985800000000001,142.05,-0.48138269589413185,0.7498248543757913,2.3418842140124367e-05,6.108555717879779,K32_R20_local
ecg_degraded,70.9310946290934,76.65357838255193,False,0.1198864,14.985800000000001,142.05,-0.23225961432450226,0.7220334200588998,0.24914650041176975,6.732630291960838,K32_R20_local
ecg_missing,70.88118412149537,70.90336134453781,True,0.1198864,14.985800000000001,142.05,0.26787062065854533,0.7492767353948173,0.7492767353948173,17.999321371165582,K32_R20_local
both_degraded,78.84593421815492,79.47200598202087,True,0.1198864,14.985800000000001,142.05,0.1438370096655263,0.6252431244017983,0.6252431244017983,17.268734453634533,K32_R20_local
ppg_missing,55.59752652508483,55.61440677966101,True,0.1198864,14.985800000000001,142.05,0.254219713126363,0.735625827862635,0.735625827862635,16.66280970612829,K32_R20_local
ppg_missing,82.80484447674289,102.09424083769636,False,0.1198864,14.985800000000001,142.05,-0.05008629066138145,0.7297126847514928,0.43131982407489056,6.848390090199792,K32_R20_local
ppg_degraded,105.28564772202691,105.24348814058905,True,0.1198864,14.985800000000001,142.05,0.15299449819454017,0.6344007526485463,0.6344006129308122,7.821533417238466,K32_R20_local
ecg_missing,83.7753238927842,61.664953751284685,False,0.1198864,14.985800000000001,142.05,-0.4810790762291591,0.7493535903717823,0.0003270385071129092,6.2208126039356975,K32_R20_local
ecg_missing,94.63461244103283,94.71871412169921,True,0.1198864,14.985800000000001,142.05,0.2676362354865232,0.7490423502227952,0.7490423502227952,15.711271099926176,K32_R20_local
ecg_missing,106.82843978994063,106.79079956188387,True,0.1198864,14.985800000000001,142.05,0.26631015893842064,0.7486485412616505,0.7477162736746926,7.3925232991559975,K32_R20_local
ecg_missing,100.52692322593484,100.5586592178771,True,0.1198864,14.985800000000001,142.05,-0.2453563071486183,0.7489289818426792,0.2360498075876537,6.71761019032201,K32_R20_local
ppg_degraded,94.64038061674887,96.30350193163054,True,0.1198864,14.985800000000001,142.05,0.1418642613837078,0.6232703761199798,0.6232703761199798,16.58997172196952,K32_R20_local
ecg_degraded,98.78982435167364,98.78856479829167,True,0.1198864,14.985800000000001,142.05,0.23491793274647657,0.7163240474827486,0.7163240474827486,17.13687647695836,K32_R20_local
ppg_degraded,99.2083424976174,99.46641387231512,True,0.1198864,14.985800000000001,142.05,0.1544860778399392,0.6358921925762112,0.6358921925762112,18.82095048998143,K32_R20_local
both_degraded,65.22531168572199,105.9178672785821,True,0.1198864,14.985800000000001,142.05,-0.08377753809865154,0.39762857663762047,0.39762857663762047,17.830162259714236,K32_R20_local
ecg_degraded,78.91778283130296,78.90816452291514,True,0.1198864,14.985800000000001,142.05,0.2311294907453139,0.7125356054815858,0.7125356054815859,8.525377737354457,K32_R20_local
both_degraded,70.5630050395109,70.51225382906338,True,0.1198864,14.985800000000001,142.05,0.23523057567373765,0.7166366904100097,0.7166366904100097,17.668798207812173,K32_R20_local
ecg_degraded,65.70399761771925,72.80676074757237,True,0.1198864,14.985800000000001,142.05,0.18788330595294536,0.6692894206892174,0.6692894206892174,15.949987054160728,K32_R20_local
ppg_degraded,84.29309498735783,84.1799195253489,True,0.1198864,14.985800000000001,142.05,0.23288699957288797,0.71429311430916,0.71429311430916,17.81307180696548,K32_R20_local
both_clean,69.07315537045541,69.12442396313364,True,0.1198864,14.985800000000001,142.05,0.26132373006300696,0.7428816037793351,0.742729844799279,7.497615207054625,K32_R20_local
ecg_degraded,87.11939274635914,87.11721224920804,True,0.1198864,14.985800000000001,142.05,0.1843231158658503,0.6657292306021223,0.6657292306021223,16.94192545420351,K32_R20_local
ppg_missing,84.94499181630542,89.14038678079451,False,0.1198864,14.985800000000001,142.05,-0.29075365806480397,0.7275719953894573,0.190652456671468,6.689346077339685,K32_R20_local
ecg_missing,56.263938462918276,56.27009646302251,True,0.1198864,14.985800000000001,142.05,0.26832548296837316,0.7497315977046451,0.7497315977046451,20.718688207116948,K32_R20_local
ppg_degraded,76.54505909354502,62.89308176100629,False,0.1198864,14.985800000000001,142.05,-0.272791583270895,0.7133902200034745,0.20861453146537698,6.705788896230522,K32_R20_local
ppg_missing,73.39129243881318,73.36956521739131,True,0.1198864,14.985800000000001,142.05,0.24804340929002947,0.7294495240263015,0.7294495240263015,17.618293100047072,K32_R20_local
ecg_degraded,92.39914466602308,92.90888586336027,True,0.1198864,14.985800000000001,142.05,0.23795523439063473,0.7193613491269067,0.7193613491269067,16.224937137089587,K32_R20_local
ecg_missing,55.28797062862314,79.27274071525106,False,0.1198864,14.985800000000001,142.05,-0.481406114736272,0.7496683292206888,2.6424281699713573e-18,5.384269037714534,K32_R20_local
ppg_missing,60.13749034759984,62.11180124223603,True,0.1198864,14.985800000000001,142.05,0.2567358207053752,0.7381419354416472,0.7381419354416472,18.108116296256455,K32_R20_local
ecg_missing,80.75584735732947,95.33300150324432,False,0.1198864,14.985800000000001,142.05,-0.48140611473626177,0.7490793084055121,1.0232753713607821e-14,5.536456139238522,K32_R20_local
ppg_degraded,74.27562373086893,74.17910761306423,True,0.1198864,14.985800000000001,142.05,0.24023642802894576,0.7216425427652178,0.7216425427652178,14.554870140895494,K32_R20_local
both_clean,89.92080081090316,90.83700222701592,True,0.1198864,14.985800000000001,142.05,0.2524361363439637,0.7338422510802357,0.7338422510802357,18.578801854553358,K32_R20_local
ecg_missing,69.97140126535102,70.02074688796681,True,0.1198864,14.985800000000001,142.05,0.26815059313313566,0.7495567078694076,0.7495567078694076,14.604919952516315,K32_R20_local
ppg_degraded,61.83312610069976,81.84661553201984,True,0.1198864,14.985800000000001,142.05,0.028036074830235545,0.5094421895665076,0.5094421895665076,17.170461356223264,K32_R20_local
both_clean,105.91072539585171,105.9192137065007,True,0.1198864,14.985800000000001,142.05,0.24865603257205396,0.730062147308326,0.730062147308326,16.216321000223637,K32_R20_local
ecg_missing,64.6337895993821,64.6551724137931,True,0.1198864,14.985800000000001,142.05,0.26855939889157693,0.7499655136278489,0.7499655136278489,16.855270393350146,K32_R20_local
ppg_missing,58.82385844599408,58.85650224215247,True,0.1198864,14.985800000000001,142.05,0.2395888556911059,0.7414150957765444,0.7209949704273779,7.170909716910736,K32_R20_local
ppg_missing,66.7936492590928,69.80351602895553,True,0.1198864,14.985800000000001,142.05,0.2554932701515415,0.7368993848878186,0.7368993848878135,8.431395595297673,K32_R20_local
ecg_missing,70.38346264091189,70.38581856100105,True,0.1198864,14.985800000000001,142.05,0.26798963387076596,0.749395748607038,0.749395748607038,19.186065768720344,K32_R20_local
ppg_missing,63.50695955956169,63.492063492063494,True,0.1198864,14.985800000000001,142.05,0.25003934228020414,0.7314454570164761,0.7314454570164761,20.318953955606712,K32_R20_local
ecg_degraded,82.17898706383484,82.9986995412737,True,0.1198864,14.985800000000001,142.05,0.2352818199826451,0.716687934718917,0.7166879347189171,9.117430632630443,K32_R20_local
ecg_degraded,106.21603074006195,106.20915032679741,True,0.1198864,14.985800000000001,142.05,0.07551852554779862,0.7156793873608801,0.5569246402840706,6.948820780547142,K32_R20_local
ppg_missing,57.561131090906635,57.56578947368421,True,0.1198864,14.985800000000001,142.05,0.2570975052311458,0.7385036199674178,0.7385036199674178,16.84248603404076,K32_R20_local
ecg_degraded,74.9098767730012,74.91675915649279,True,0.1198864,14.985800000000001,142.05,0.24199263331900403,0.723398748055276,0.723398748055276,19.175298805193698,K32_R20_local
both_degraded,90.08944646203821,90.83147155336634,True,0.1198864,14.985800000000001,142.05,0.13578240269865652,0.6171885174349285,0.6171885174349285,16.031905999996763,K32_R20_local
both_degraded,103.08289894912453,103.12005836103647,True,0.1198864,14.985800000000001,142.05,0.18894562262551998,0.670351737361792,0.670351737361792,17.676392081080103,K32_R20_local
ecg_degraded,109.98818169711188,109.99646621395803,True,0.1198864,14.985800000000001,142.05,0.183114141415498,0.66452025615177,0.66452025615177,18.009354424130382,K32_R20_local
both_clean,58.61821678086113,58.626500712268175,True,0.1198864,14.985800000000001,142.05,0.2676856095633409,0.7490917242996129,0.7490917242996129,20.400669081358213,K32_R20_local
ecg_missing,82.23786346563897,82.23684210526316,True,0.1198864,14.985800000000001,142.05,0.26786206891855074,0.7492681836548227,0.7492681836548227,14.986977994124913,K32_R20_local
both_degraded,102.87203172352952,74.7141685828409,False,0.1198864,14.985800000000001,142.05,-0.48140611472446165,0.6134508655150402,1.1810302816621496e-11,5.6909481236321415,K32_R20_local
both_clean,53.18178049150531,53.19148936170213,True,0.1198864,14.985800000000001,142.05,0.26847752336781877,0.7498836381040908,0.7498836381040908,18.466017679502,K32_R20_local
ecg_degraded,85.29758935134751,86.1361909117057,True,0.1198864,14.985800000000001,142.05,0.18588571968076142,0.6672918344170334,0.6672918344170334,19.579584589906883,K32_R20_local
ppg_degraded,60.43468096329762,51.48741418764302,False,0.1198864,14.985800000000001,142.05,-0.45845976480767203,0.5133827543974626,0.02294634992859995,6.5003033339352925,K32_R20_local
ppg_degraded,96.06981572992572,87.71929824561404,False,0.1198864,14.985800000000001,142.05,-0.46998067820893297,0.6912991172757103,0.01142543652733904,6.424876159133798,K32_R20_local
both_clean,106.25786208361473,106.32497273718649,False,0.1198864,14.985800000000001,142.05,-0.4814060965117969,0.7313594729320737,1.8224475083522763e-08,5.87353648829173,K32_R20_local
ecg_degraded,82.29729155964074,83.21896885953949,True,0.1198864,14.985800000000001,142.05,0.2374000092988177,0.7188061240350897,0.7188061240350897,18.039582394201343,K32_R20_local
ecg_missing,50.53798839502615,50.561797752808985,True,0.1198864,14.985800000000001,142.05,0.08611383592454006,0.7497490568694042,0.5675199506608121,6.935686883026856,K32_R20_local
both_clean,53.855019298882524,54.863857525865605,True,0.1198864,14.985800000000001,142.05,0.2589466513574165,0.7403527660936885,0.7403527660936885,16.913778992887284,K32_R20_local
ppg_missing,74.94211543515334,74.91675915649279,True,0.1198864,14.985800000000001,142.05,0.253197904910819,0.734604019647091,0.734604019647091,16.983013256284778,K32_R20_local
both_clean,100.83823821390251,100.82730093071356,True,0.1198864,14.985800000000001,142.05,0.25190532417423345,0.7333114389105054,0.7333114389105054,21.586542149889787,K32_R20_local
both_clean,64.20601536021987,65.57930680448885,True,0.1198864,14.985800000000001,142.05,0.25524898603996177,0.7366551007762338,0.7366551007762338,19.227334303943643,K32_R20_local
both_clean,90.14825438793045,90.65571890326396,True,0.1198864,14.985800000000001,142.05,0.2531625286447749,0.7345686533047571,0.7345686433810469,7.934303949356296,K32_R20_local
ppg_missing,74.31847052743595,100.16327939015676,False,0.1198864,14.985800000000001,142.05,-0.481406114736272,0.7278661787534342,4.616094950319824e-21,5.28010633732305,K32_R20_local
both_degraded,65.90931141008178,83.92273407062366,True,0.1198864,14.985800000000001,142.05,-0.018917673634353562,0.46248844110191845,0.46248844110191845,18.136245411874192,K32_R20_local
ppg_missing,92.23334648163122,92.21311475409837,True,0.1198864,14.985800000000001,142.05,0.23813327758869587,0.7195393923249679,0.7195393923249679,15.511845018402381,K32_R20_local
ppg_missing,68.49540534289036,68.4931506849315,True,0.1198864,14.985800000000001,142.05,0.20597270825659,0.738012882733668,0.687378822992862,7.0866367380807525,K32_R20_local
ppg_degraded,72.31285695256935,51.48741418764302,False,0.1198864,14.985800000000001,142.05,-0.25260207432382425,0.6482400709024172,0.22880404041244773,6.736522303235542,K32_R20_local
ecg_degraded,95.91861852606185,95.93908617566083,True,0.1198864,14.985800000000001,142.05,0.23508402583028667,0.7164901405665587,0.7164901405665587,18.850297811730915,K32_R20_local
ecg_missing,79.71199451594227,82.32711306256861,True,0.1198864,14.985800000000001,142.05,0.2678056484935554,0.7492117632298274,0.7492117632298274,19.214326782634373,K32_R20_local
ecg_degraded,97.03511365730358,97.04588608023936,True,0.1198864,14.985800000000001,142.05,0.1655118871112861,0.6469180018475581,0.6469180018475581,15.44765430138407,K32_R20_local
ppg_degraded,80.97803187020787,81.12502624001814,True,0.1198864,14.985800000000001,142.05,0.24617086440045924,0.7275769791386143,0.7275769791367313,8.241126168698006,K32_R20_local
ecg_degraded,59.59829990119988,75.66084380003245,True,0.1198864,14.985800000000001,142.05,0.03942704558781177,0.5208371683945103,0.5208331603240838,7.663898458085101,K32_R20_local
ppg_degraded,76.62186945192359,102.75204298088913,False,0.1198864,14.985800000000001,142.05,0.033649464002950026,0.7255241982436189,0.515055578739222,6.908694827662551,K32_R20_local
both_degraded,102.36590375797846,103.10387696280851,True,0.1198864,14.985800000000001,142.05,0.17025966855772426,0.6516657832939963,0.6516657832939963,18.257185640893205,K32_R20_local
ecg_missing,83.8950707020085,86.38743455497384,True,0.1198864,14.985800000000001,142.05,0.26783137294730036,0.7492374876835723,0.7492374876835723,17.596597068562303,K32_R20_local
ecg_missing,107.88893297520958,107.91366906474819,True,0.1198864,14.985800000000001,142.05,0.26756796101895236,0.7489740757552243,0.7489740757552243,18.880254052196324,K32_R20_local
ppg_missing,50.06890482463385,50.055617352614014,True,0.1198864,14.985800000000001,142.05,0.2613574480620769,0.7427635627983489,0.7427635627983489,16.934994427688395,K32_R20_local
ppg_missing,70.42198796310595,70.45929018789144,True,0.1198864,14.985800000000001,142.05,0.25613936553000155,0.7375454802662735,0.7375454802662735,17.28200971860742,K32_R20_local
both_degraded,96.14300925148778,96.051227321238,True,0.1198864,14.985800000000001,142.05,0.12336130614416155,0.6047674208804336,0.6047674208804336,15.587463290199981,K32_R20_local
ppg_degraded,91.16905767911055,91.62332121558373,True,0.1198864,14.985800000000001,142.05,0.21896304248078416,0.7003691572170562,0.7003691572170562,17.033028341150658,K32_R20_local
ecg_degraded,83.65871866029298,84.68459532555174,True,0.1198864,14.985800000000001,142.05,0.18171095650747618,0.6641869222204115,0.6631170712437482,7.376469666719961,K32_R20_local
ecg_missing,89.82458180927652,89.77149075081611,True,0.1198864,14.985800000000001,142.05,0.2679180273772073,0.7493241421134793,0.7493241421134793,18.785781533788622,K32_R20_local
both_clean,102.58585418346323,102.52365930599372,True,0.1198864,14.985800000000001,142.05,0.24839066668206325,0.7297967814183353,0.7297967814183353,18.825485101073635,K32_R20_local
both_degraded,91.01308655186713,93.07135470527405,True,0.1198864,14.985800000000001,142.05,0.22770550535113301,0.709111620087405,0.709111620087405,18.71424411668742,K32_R20_local
ecg_degraded,82.83371352759758,84.79029663722444,True,0.1198864,14.985800000000001,142.05,0.18770136679664154,0.6691074815329136,0.6691074815329136,19.42175891799238,K32_R20_local
ecg_missing,83.7481081650236,83.70535714285715,True,0.1198864,14.985800000000001,142.05,0.2677296765855069,0.7491357913994026,0.7491357913217789,8.114751796111237,K32_R20_local
ecg_missing,89.98261549761753,92.40246406570841,True,0.1198864,14.985800000000001,142.05,0.2677840073970453,0.7491901221333173,0.7491901221333173,17.859202774286075,K32_R20_local
both_degraded,69.43473173024924,70.70341957032049,True,0.1198864,14.985800000000001,142.05,0.20180067984695718,0.6832067945832292,0.6832067945832292,18.09461740989275,K32_R20_local
ppg_missing,90.16611237326796,92.11873080859776,True,0.1198864,14.985800000000001,142.05,0.24269384296058152,0.7240999576968535,0.7240999576968535,19.95769747240384,K32_R20_local
ecg_degraded,86.90049921434337,89.2482552596886,True,0.1198864,14.985800000000001,142.05,0.237938000515903,0.719344115252175,0.719344115252175,14.881037808526273,K32_R20_local
ppg_degraded,97.15464749397273,97.08737864077673,True,0.1198864,14.985800000000001,142.05,0.21571290571744797,0.69711902045372,0.69711902045372,16.307923190052364,K32_R20_local
both_degraded,78.81350818451318,78.78151260504202,True,0.1198864,14.985800000000001,142.05,0.17117221807425256,0.6525783328105246,0.6525783328105246,16.630631084068064,K32_R20_local
ppg_missing,51.620518980139046,51.60550458715596,True,0.1198864,14.985800000000001,142.05,0.2620370939134266,0.7434432086496986,0.7434432086496986,17.47618440281874,K32_R20_local
both_clean,82.21529394256166,63.29113924050633,False,0.1198864,14.985800000000001,142.05,-0.48140605639678274,0.739432653341189,5.83394892529743e-08,5.906918356780187,K32_R20_local
both_clean,101.46129760624832,101.46130140515946,True,0.1198864,14.985800000000001,142.05,0.25328665684926893,0.7346927715855409,0.7346927715855409,17.227360890908493,K32_R20_local
both_clean,88.40113947345289,109.94764397905755,False,0.1198864,14.985800000000001,142.05,-0.481406114736272,0.732322421862239,2.5780459049371216e-29,5.010123536032456,K32_R20_local
ecg_degraded,88.60834724816158,91.87866932558897,True,0.1198864,14.985800000000001,142.05,0.18835073932621108,0.6697568540624831,0.6697568540624831,16.549538041525246,K32_R20_local
both_clean,73.4569273389808,73.44940152339501,True,0.1198864,14.985800000000001,142.05,0.25952772559959497,0.740933840335867,0.740933840335867,15.698649384459987,K32_R20_local
ecg_degraded,71.39429023685534,71.35306553911205,True,0.1198864,14.985800000000001,142.05,0.14992049734018634,0.6313266120764583,0.6313266120764583,14.747216198012277,K32_R20_local
ppg_missing,93.1344158136128,93.07135470527405,True,0.1198864,14.985800000000001,142.05,0.24470270457740342,0.7261088193136754,0.7261088193136754,15.899980257384163,K32_R20_local
both_clean,54.66667570189368,56.008426847219894,True,0.1198864,14.985800000000001,142.05,0.25933383975490304,0.740739954491175,0.740739954491175,19.23990217512477,K32_R20_local
ppg_degraded,101.98635630726815,102.07936198854202,True,0.1198864,14.985800000000001,142.05,0.15768453137920738,0.6390906461154794,0.6390906461154794,18.300769651437665,K32_R20_local
ppg_degraded,102.57739473463123,103.23690444391418,True,0.1198864,14.985800000000001,142.05,0.24437281748985176,0.7257789322261238,0.7257789322261238,18.606985865052593,K32_R20_local
ecg_degraded,107.74666288099701,107.72417926188709,True,0.1198864,14.985800000000001,142.05,0.13874331530204778,0.6201494300383198,0.6201494300383198,18.38078102189474,K32_R20_local
ppg_degraded,58.14065638578246,76.49674498247931,True,0.1198864,14.985800000000001,142.05,0.05246555847513149,0.5338716732114035,0.5338716732114035,18.683708586082847,K32_R20_local
ecg_missing,56.92265076164068,56.89001264222503,True,0.1198864,14.985800000000001,142.05,0.26831244864210996,0.7497185633783819,0.7497185633783819,18.870528117289908,K32_R20_local
both_clean,103.64131139643285,103.667138020387,True,0.1198864,14.985800000000001,142.05,0.2522278190244979,0.7336339337607699,0.7336339337607699,21.09502873258413,K32_R20_local
both_degraded,74.06752399332557,74.00611021589683,True,0.1198864,14.985800000000001,142.05,0.1504805035776551,0.6318866183139271,0.6318866183139271,16.12738873199014,K32_R20_local
ppg_missing,66.22164884876669,66.2251655629139,True,0.1198864,14.985800000000001,142.05,0.2549696895151837,0.7363758042514557,0.7363758042514557,16.950481911299907,K32_R20_local
both_degraded,72.93287969120779,84.65946015875217,False,0.1198864,14.985800000000001,142.05,-0.46977938614289316,0.5365620088180131,0.011626728593378832,6.444129283140397,K32_R20_local
ppg_degraded,89.57023352055253,89.57654723127037,True,0.1198864,14.985800000000001,142.05,0.2213874851426755,0.7027935998789475,0.7027935998789475,18.163899540868293,K32_R20_local
ecg_degraded,59.6896187491107,81.4217309354988,True,0.1198864,14.985800000000001,142.05,0.04797305391562138,0.5293791686518934,0.5293791686518934,17.78572136878186,K32_R20_local
ppg_missing,79.22983348508288,81.25677139761648,True,0.1198864,14.985800000000001,142.05,0.24946497447519136,0.7308710892114634,0.7308710892114634,19.35694611784055,K32_R20_local
ecg_degraded,89.60304485289427,90.60258039386864,True,0.1198864,14.985800000000001,142.05,0.18933194117075172,0.6707380559070237,0.6707380559070237,19.49844845536393,K32_R20_local
ppg_degraded,93.24633017327797,93.31204684720396,True,0.1198864,14.985800000000001,142.05,0.23189192408670958,0.7132980388229816,0.7132980388229816,17.413988008251522,K32_R20_local
ppg_missing,50.735754066253556,50.73280721533258,True,0.1198864,14.985800000000001,142.05,0.259126056211092,0.740532170947364,0.740532170947364,17.64923282746382,K32_R20_local
ecg_degraded,98.65378549791262,98.68421052631581,True,0.1198864,14.985800000000001,142.05,0.1902203060268798,0.6716264207631518,0.6716264207631518,19.882263549768318,K32_R20_local
ecg_degraded,76.05077596885361,76.94949771191551,True,0.1198864,14.985800000000001,142.05,0.23700985229802188,0.7184159670342939,0.7184159670342939,17.171053417398735,K32_R20_local
ecg_missing,76.14794217858606,76.09921082299887,True,0.1198864,14.985800000000001,142.05,0.26811118821318963,0.7495173029494616,0.7495173029494616,18.332111792966913,K32_R20_local
ppg_missing,83.74165149194941,83.79888268156425,True,0.1198864,14.985800000000001,142.05,0.24588128670602652,0.7272874014422985,0.7272874014422985,19.980445231139626,K32_R20_local
ppg_degraded,66.80813105678946,66.88962229014564,True,0.1198864,14.985800000000001,142.05,0.2512083304020912,0.7326144451383632,0.7326144451383632,17.595000522912056,K32_R20_local
ecg_degraded,103.20330551974126,104.18393056097594,True,0.1198864,14.985800000000001,142.05,0.17657315453687397,0.6579792705018244,0.657979269273146,8.009800511402982,K32_R20_local
ppg_missing,62.728128053058796,62.761506276150634,True,0.1198864,14.985800000000001,142.05,0.25502923099942804,0.7364353457357,0.7364353457357,16.106116234263418,K32_R20_local
ppg_missing,82.56303366271905,82.59911894273128,True,0.1198864,14.985800000000001,142.05,0.24191452483385614,0.7233206395701282,0.7233206395701282,17.48527573745382,K32_R20_local
ppg_degraded,60.08250222996548,79.70933364410061,True,0.1198864,14.985800000000001,142.05,0.023531705613284912,0.5049378203495569,0.5049378203495569,18.90526197135376,K32_R20_local
ecg_missing,86.96697962020974,86.93361433087462,True,0.1198864,14.985800000000001,142.05,0.2678864745540453,0.7492925892903173,0.7492925892903173,17.90251909804832,K32_R20_local
ppg_missing,104.11439849465094,104.05549626467453,True,0.1198864,14.985800000000001,142.05,0.22518429046246216,0.7065904051987342,0.7065904051987342,19.520473344399672,K32_R20_local
ppg_degraded,102.95819906948758,103.09539439673105,True,0.1198864,14.985800000000001,142.05,0.15478801390342115,0.6361941286396932,0.6361941286396932,19.938133619442425,K32_R20_local
both_degraded,58.08081006715449,102.88147353873775,True,0.1198864,14.985800000000001,142.05,-0.06925691100346035,0.41214920373281166,0.41214920373281166,18.543544732308526,K32_R20_local
both_degraded,87.49212493081599,91.2194410098915,True,0.1198864,14.985800000000001,142.05,0.08046557996783202,0.561871694704104,0.561871694704104,20.44572384203213,K32_R20_local
ppg_degraded,103.55313972863273,103.54942245289182,True,0.1198864,14.985800000000001,142.05,0.1557343051374606,0.6371404198737326,0.6371404198737326,18.073923170933483,K32_R20_local
ppg_missing,62.01652279505864,62.05673758865248,True,0.1198864,14.985800000000001,142.05,0.2659697067427403,0.7473758214790123,0.7473758214790123,17.73131724888078,K32_R20_local
both_degraded,74.88447302454755,83.2819916149985,True,0.1198864,14.985800000000001,142.05,-0.09719118266505741,0.3842149320712146,0.3842149320712146,18.845358922722443,K32_R20_local
both_clean,92.78931125381631,92.78350515463919,True,0.1198864,14.985800000000001,142.05,0.2546875361679007,0.7360936509041727,0.7360936509041727,16.95777483543627,K32_R20_local
both_degraded,94.2861557542665,94.22618400925535,True,0.1198864,14.985800000000001,142.05,-0.010994930665438407,0.4704111840708336,0.4704111840708336,18.424531956771766,K32_R20_local
both_clean,77.07066960075898,77.06785632874642,True,0.1198864,14.985800000000001,142.05,0.25995975812794186,0.7416817092858715,0.7413658728642138,7.456371148767658,K32_R20_local
ecg_degraded,88.31711459647936,89.65854946156409,True,0.1198864,14.985800000000001,142.05,0.18169876224260975,0.6631048769788818,0.6631048769788818,16.847443118748686,K32_R20_local
ecg_degraded,90.13513337437023,90.59943717947039,True,0.1198864,14.985800000000001,142.05,0.2339007492003902,0.7153068639366622,0.7153068639366622,17.9358874770366,K32_R20_local
ecg_degraded,71.18736768571642,74.66814159292035,False,0.1198864,14.985800000000001,142.05,-0.26077942247632385,0.5842864730521088,0.22062669225994813,6.748487278748485,K32_R20_local
both_clean,89.12441442412695,89.14038678079451,True,0.1198864,14.985800000000001,142.05,0.2579746655369592,0.7393807802844247,0.7393807802732312,8.181575561039,K32_R20_local
ppg_missing,84.64534764279983,84.70225872689939,True,0.1198864,14.985800000000001,142.05,0.24663037228086584,0.7280364870260478,0.7280364870171379,8.188835661533073,K32_R20_local
ppg_degraded,91.84315721407516,92.32286008522921,True,0.1198864,14.985800000000001,142.05,0.22887862568006181,0.7102847404163338,0.7102847404163338,17.97936646334923,K32_R20_local
both_degraded,80.69870163722551,83.75334178798445,True,0.1198864,14.985800000000001,142.05,0.1272447591859334,0.6086508739222054,0.6086508739222054,20.746751589322493,K32_R20_local
ppg_degraded,70.1858650317101,74.13554698344961,True,0.1198864,14.985800000000001,142.05,0.12111480222395035,0.6025209169602224,0.6025209169602224,19.38592637748113,K32_R20_local
both_clean,76.06413324567299,76.09921082299887,True,0.1198864,14.985800000000001,142.05,0.2601400297757252,0.7418453840287544,0.7415461445119972,7.4594774166452895,K32_R20_local
both_degraded,105.3476803740482,104.65486393658912,True,0.1198864,14.985800000000001,142.05,0.08432831553790823,0.5657344302741802,0.5657344302741802,17.400659846678042,K32_R20_local
both_clean,61.25331777977547,61.26021003500584,True,0.1198864,14.985800000000001,142.05,0.26208882253308924,0.7434949372693612,0.7434949372693612,18.364171137379362,K32_R20_local
ppg_degraded,58.89816888620027,77.67649961366081,True,0.1198864,14.985800000000001,142.05,0.03777777657048568,0.5191838913067577,0.5191838913067577,14.005846096924481,K32_R20_local
ppg_missing,50.729172926127305,50.73280721533258,True,0.1198864,14.985800000000001,142.05,0.2597416041495679,0.7411477188858399,0.7411477188858399,18.440224395591354,K32_R20_local
ppg_degraded,101.12878525684886,101.12359550561801,True,0.1198864,14.985800000000001,142.05,0.24530253701850172,0.7267086517547737,0.7267086517547737,18.78409165477679,K32_R20_local
ecg_missing,109.31888945682977,109.375,True,0.1198864,14.985800000000001,142.05,0.26724301312508,0.748649127861352,0.748649127861352,19.452933935648268,K32_R20_local
ecg_degraded,64.1880206462802,80.91768457187588,True,0.1198864,14.985800000000001,142.05,0.06013716930731198,0.541543284043584,0.541543284043584,18.712226151194674,K32_R20_local
both_degraded,65.96588284252033,75.72391491251597,True,0.1198864,14.985800000000001,142.05,0.10889200191007856,0.5902981166463506,0.5902981166463506,18.268564454673662,K32_R20_local
ppg_degraded,61.90233230716254,78.45699405198978,True,0.1198864,14.985800000000001,142.05,0.05306860574335296,0.534474720479625,0.534474720479625,19.07182920573629,K32_R20_local
both_clean,86.01154746947412,87.0641004990397,True,0.1198864,14.985800000000001,142.05,0.2541165958425771,0.7355227105788491,0.7355227105788491,18.01813231978266,K32_R20_local
ppg_missing,79.10650431747186,57.42690488631234,False,0.1198864,14.985800000000001,142.05,-0.3372835128402736,0.7288535581151208,0.1441226018959984,6.650997615434521,K32_R20_local
ppg_missing,99.2345673436643,99.28716904276988,True,0.1198864,14.985800000000001,142.05,0.23682112312979867,0.7182272378660707,0.7182272378660707,16.33145662977232,K32_R20_local
ppg_degraded,62.58225857647673,79.83717957187933,True,0.1198864,14.985800000000001,142.05,0.036023785549523825,0.5179221888158162,0.5174299002857958,7.409044665797897,K32_R20_local
ppg_degraded,102.67614988435285,102.63157894736844,True,0.1198864,14.985800000000001,142.05,0.14746108325651666,0.6288671979927887,0.6288671979927887,16.222150696717517,K32_R20_local
ecg_missing,77.83709092381952,102.75204298088913,False,0.1198864,14.985800000000001,142.05,0.024075569993244925,0.7492898741880314,0.5054816847295169,6.8898658474938825,K32_R20_local
ecg_missing,98.47200871408327,98.46827133479215,True,0.1198864,14.985800000000001,142.05,0.26757169092608607,0.748977805662358,0.748977805662358,18.194434676813625,K32_R20_local
both_degraded,98.1248369083354,63.76195536663125,False,0.1198864,14.985800000000001,142.05,-0.4814054386190663,0.4907918569963198,6.761172056567699e-07,5.9964528739075185,K32_R20_local
ppg_missing,104.64501368269293,104.61373390557944,True,0.1198864,14.985800000000001,142.05,0.2373391015029396,0.7187452162392116,0.7187452162392116,17.11809399999902,K32_R20_local
ppg_degraded,79.92880702058083,73.9392443997108,False,0.1198864,14.985800000000001,142.05,-0.4814061147362718,0.6536819968845841,1.6422640721672245e-16,5.460240262831113,K32_R20_local
both_clean,86.57624374271111,87.11210045544429,True,0.1198864,14.985800000000001,142.05,0.2544685550071148,0.7358746697433868,0.7358746697433868,17.635460155432085,K32_R20_local
ecg_missing,83.66184483717927,84.78931140801646,False,0.1198864,14.985800000000001,142.05,-0.42805685094576784,0.7492270128539933,0.05334926379050413,6.541072426182692,K32_R20_local
both_degraded,61.4181606340179,122.53371908413763,True,0.1198864,14.985800000000001,142.05,-0.0986947838833547,0.3827113308529173,0.3827113308529173,17.423567276196085,K32_R20_local
both_degraded,80.09130201103464,80.0329168662898,True,0.1198864,14.985800000000001,142.05,0.18034370992335683,0.6617498246596288,0.6617498246596288,17.25111514145448,K32_R20_local
both_clean,105.59715245207735,105.57651077696534,True,0.1198864,14.985800000000001,142.05,0.2658353831277704,0.7472414978640424,0.7472414978640424,16.467385511311797,K32_R20_local
both_clean,104.53390683257803,104.5587627585075,True,0.1198864,14.985800000000001,142.05,0.25284521303331847,0.7345946347233702,0.7342513277695905,7.451016445858214,K32_R20_local
ecg_missing,51.29027175201408,54.15162454873646,True,0.1198864,14.985800000000001,142.05,0.2683818664434356,0.7497879811797076,0.7497879811797076,18.847132317558373,K32_R20_local
ppg_degraded,89.8013524251902,90.72802812373813,True,0.1198864,14.985800000000001,142.05,0.15500137398258598,0.636407488718858,0.636407488718858,17.22823226243396,K32_R20_local
both_clean,69.60629802427303,71.88927627729232,True,0.1198864,14.985800000000001,142.05,0.25982094933087546,0.7412270640671474,0.7412270640671474,16.507977401244386,K32_R20_local
ppg_missing,58.156323566041024,59.32203389830509,True,0.1198864,14.985800000000001,142.05,0.2678211822350787,0.7492272969713507,0.7492272969713507,18.628054119382927,K32_R20_local
ppg_missing,58.36639065678893,60.483870967741936,True,0.1198864,14.985800000000001,142.05,0.26012726909508715,0.7415333838313591,0.7415333838313591,18.715853753884048,K32_R20_local
ppg_missing,97.6976866521494,97.71986970684041,True,0.1198864,14.985800000000001,142.05,0.2402321560617854,0.7216382707980574,0.7216382707980574,18.79679539667543,K32_R20_local
ecg_degraded,107.54995826236404,106.04362592693433,True,0.1198864,14.985800000000001,142.05,0.13689480077874663,0.6183920542200555,0.6183009155150186,7.51539427854951,K32_R20_local
both_clean,81.21444169358473,81.25677139761648,True,0.1198864,14.985800000000001,142.05,0.25973242808254954,0.7411385428188215,0.7411385428188215,17.334445871471566,K32_R20_local
ppg_missing,73.01122359981638,72.97297297297298,True,0.1198864,14.985800000000001,142.05,0.2522302799076284,0.7336363946439004,0.7336363946439004,19.440819319084103,K32_R20_local
ppg_missing,80.59321793412659,80.64516129032258,True,0.1198864,14.985800000000001,142.05,0.2622550416570873,0.7436611563933593,0.7436611563933593,18.258992755447974,K32_R20_local
ppg_missing,99.75755802969456,99.77827050997786,True,0.1198864,14.985800000000001,142.05,0.23796440461214255,0.7193705193484146,0.7193705193484146,17.90874826782256,K32_R20_local
both_degraded,94.80460763706697,94.73391829402185,True,0.1198864,14.985800000000001,142.05,0.22675179643902202,0.708157911175294,0.708157911175294,16.874115231985922,K32_R20_local
ppg_degraded,53.84715790456588,81.47495223898446,False,0.1198864,14.985800000000001,142.05,-0.4088676690366837,0.523928948520583,0.07253844569958828,6.608442853402814,K32_R20_local
ecg_degraded,62.751810933663805,82.56300227813918,True,0.1198864,14.985800000000001,142.05,0.03681519727571184,0.5182213120119838,0.5182213120119838,18.694293379598076,K32_R20_local
ppg_missing,102.06228900249087,101.98744769874479,True,0.1198864,14.985800000000001,142.05,0.2440664459930473,0.7254725607293193,0.7254725607293193,17.77455590201143,K32_R20_local
ppg_missing,79.58479657417065,80.7319698600646,True,0.1198864,14.985800000000001,142.05,0.24947657318317587,0.7308826879194479,0.7308826879194479,17.19854274491282,K32_R20_local
both_clean,89.46367002967327,92.20893602344142,True,0.1198864,14.985800000000001,142.05,0.2537599183970149,0.7351660331332869,0.7351660331332869,17.23783276873215,K32_R20_local
both_degraded,96.65134640044465,98.17923828330528,True,0.1198864,14.985800000000001,142.05,0.09198258629037029,0.6510458320297928,0.5733887010266423,7.027362683448455,K32_R20_local
both_clean,88.19585353675228,88.23529411764709,True,0.1198864,14.985800000000001,142.05,0.26662136820639964,0.7480274829426716,0.7480274829426716,19.393795215717837,K32_R20_local
ecg_degraded,94.03369666715884,94.96709133256385,True,0.1198864,14.985800000000001,142.05,0.21081868199357992,0.6922247967298519,0.6922247967298519,15.291248186603172,K32_R20_local
both_degraded,82.73853320032745,100.5586592178771,False,0.1198864,14.985800000000001,142.05,-0.45814958896181895,0.5794099151336893,0.02325652577445305,6.491459474599763,K32_R20_local
ppg_missing,63.75965612051346,63.76195536663125,True,0.1198864,14.985800000000001,142.05,0.2546048268281223,0.7360109415643943,0.7360109415643943,19.0575580275895,K32_R20_local
ppg_missing,61.22565809898859,65.71741511500548,False,0.1198864,14.985800000000001,142.05,-0.481406114736272,0.7405870153155624,6.6161782262977355e-19,5.360860399912125,K32_R20_local
ecg_degraded,109.61231824033827,109.61545278155175,True,0.1198864,14.985800000000001,142.05,0.23127727723268546,0.7126833919689575,0.7126833919689575,17.626829403701446,K32_R20_local
both_degraded,50.630432898779574,103.65829847555926,True,0.1198864,14.985800000000001,142.05,-0.061477724544191946,0.4199283945980127,0.41992839019208006,7.944135107673359,K32_R20_local
ppg_degraded,91.45472947530934,102.52365930599372,False,0.1198864,14.985800000000001,142.05,-0.48140611473625816,0.6821716160904786,1.3809376840535002e-14,5.544260295415692,K32_R20_local
both_degraded,102.83925352372816,103.64753099593375,True,0.1198864,14.985800000000001,142.05,0.08237940742553387,0.5719619986292725,0.5637855221618059,7.224388975739326,K32_R20_local
ppg_missing,63.884492390019886,92.87925696594428,False,0.1198864,14.985800000000001,142.05,-0.0935197047818084,0.7377938384573088,0.3878864099544636,6.817661134908502,K32_R20_local
ecg_degraded,52.91241115138854,72.09678226514792,True,0.1198864,14.985800000000001,142.05,0.057351991012856963,0.538758105749129,0.538758105749129,16.236666747014823,K32_R20_local
ecg_degraded,73.95480916923738,75.45333572553488,True,0.1198864,14.985800000000001,142.05,0.23742721582801998,0.718833330564292,0.718833330564292,18.181666508274375,K32_R20_local
ecg_degraded,69.79752258133095,73.9392443997108,True,0.1198864,14.985800000000001,142.05,-0.3997468015658879,0.6193946316685721,0.08165931317038408,6.603011719857073,K32_R20_local
ecg_missing,77.69535986033627,80.21390374331551,True,0.1198864,14.985800000000001,142.05,0.2680845652553295,0.7494906799916015,0.7494906799916015,17.585970045851607,K32_R20_local
both_clean,75.64495006565645,75.62973102567389,True,0.1198864,14.985800000000001,142.05,0.25824567911270396,0.739651793848976,0.739651793848976,18.036122887879582,K32_R20_local
both_clean,106.5214651474812,106.50048913237845,True,0.1198864,14.985800000000001,142.05,0.25151611691143066,0.7329222316477026,0.7329222316477026,17.684463298829918,K32_R20_local
ppg_degraded,57.15956000775544,75.7373845196264,True,0.1198864,14.985800000000001,142.05,0.03148978725513111,0.5128959019914031,0.5128959019914031,17.431575020454876,K32_R20_local
ppg_degraded,106.64147432075225,107.11068558891414,True,0.1198864,14.985800000000001,142.05,0.21296184495791828,0.6944062806675875,0.6943679596941903,7.567077572533614,K32_R20_local
ecg_missing,52.74473713963757,58.85650224215247,False,0.1198864,14.985800000000001,142.05,-0.48140601747079104,0.7497256713087559,9.726548092267475e-08,5.92176344086028,K32_R20_local
ecg_missing,106.29430179380209,106.32497273718649,True,0.1198864,14.985800000000001,142.05,0.2673472028689226,0.7487533176051946,0.7487533176051946,16.129224340325727,K32_R20_local
both_clean,69.98004153153579,92.87925696594428,False,0.1198864,14.985800000000001,142.05,-0.3665599545665848,0.7415186544426114,0.11484616016968721,6.621232120802879,K32_R20_local
ppg_degraded,93.6251866656152,93.69996552026689,True,0.1198864,14.985800000000001,142.05,0.23135483840598817,0.7127609531422602,0.7127609531422602,19.277284119391382,K32_R20_local
ppg_degraded,50.18560647574318,69.18970353812783,True,0.1198864,14.985800000000001,142.05,0.10715723391608259,0.5885633486523546,0.5885633486523546,20.32186280143802,K32_R20_local
ecg_degraded,76.8365525077941,103.35924849932911,False,0.1198864,14.985800000000001,142.05,-0.481406114736272,0.7184532943324273,9.009503497211258e-48,4.542265830180227,K32_R20_local
both_degraded,90.66577119810566,90.80129187079,True,0.1198864,14.985800000000001,142.05,0.17318827064078682,0.6545943853770588,0.6545943853770588,19.922801565074295,K32_R20_local
ecg_degraded,87.69949924250298,87.76595744680851,True,0.1198864,14.985800000000001,142.05,0.18619686529375237,0.6676029800300244,0.6676029800300244,19.000287222793617,K32_R20_local
both_clean,98.38213732878091,99.31490763913777,True,0.1198864,14.985800000000001,142.05,0.24946810131218813,0.7308742160484601,0.7308742160484601,18.419921561357643,K32_R20_local
ppg_missing,59.20540747751657,59.255079006772,True,0.1198864,14.985800000000001,142.05,0.257809879373961,0.739215994110233,0.739215994110233,14.846702829766208,K32_R20_local
ppg_degraded,74.07202971811815,75.61131815104999,True,0.1198864,14.985800000000001,142.05,-0.2454717971910523,0.7019145793995608,0.2359343175452197,6.72819207701953,K32_R20_local
ecg_degraded,86.82142684650685,86.8421052631579,True,0.1198864,14.985800000000001,142.05,0.18963471708036309,0.6710408318166351,0.6710408318166351,19.49928905217542,K32_R20_local
ppg_degraded,51.723755430808936,88.77584284576979,False,0.1198864,14.985800000000001,142.05,-0.4566925054471629,0.5288672869201312,0.024713609289109113,6.504018345666462,K32_R20_local
ecg_degraded,100.13954748558025,100.22271714922051,True,0.1198864,14.985800000000001,142.05,0.1805414265841209,0.6619475413203929,0.6619475413203929,19.623681800813724,K32_R20_local
both_clean,74.97426258430569,103.9445628997868,False,0.1198864,14.985800000000001,142.05,-0.15720269981620902,0.7306580456308371,0.324203414920063,6.779675287481668,K32_R20_local
both_clean,64.76471926110288,64.77443621359562,True,0.1198864,14.985800000000001,142.05,0.26036950492088556,0.7417756196571575,0.7417756196571575,19.318225969318732,K32_R20_local
ecg_degraded,63.34774856473702,79.27274071525106,True,0.1198864,14.985800000000001,142.05,0.07752310945655186,0.5589292241935035,0.5589292241928239,8.266110104451666,K32_R20_local
ecg_missing,89.05516186299079,89.09287257019439,True,0.1198864,14.985800000000001,142.05,0.2678132149793922,0.7492193297156642,0.7492193297156642,16.679765278100643,K32_R20_local
ecg_missing,52.870299790531156,52.87896592244418,True,0.1198864,14.985800000000001,142.05,0.2682518254947575,0.7496579402310295,0.7496579402310295,15.89827689693962,K32_R20_local
both_clean,64.66725145967841,67.04052696395765,True,0.1198864,14.985800000000001,142.05,0.26730417296127235,0.7487102876975443,0.7487102876975443,17.86115297065743,K32_R20_local
both_clean,68.23503634022154,68.25938566552902,True,0.1198864,14.985800000000001,142.05,0.25832356299467757,0.7397296777309496,0.7397296777309496,18.41466799813167,K32_R20_local
ecg_degraded,65.50950843273692,71.8387376878387,True,0.1198864,14.985800000000001,142.05,0.1048993629832509,0.5863054777195229,0.5863054777195229,16.205997314464007,K32_R20_local
ecg_missing,93.83638177855478,83.70535714285715,False,0.1198864,14.985800000000001,142.05,-0.4814060802793324,0.748799645520937,3.445693960451265e-08,5.891130825469061,K32_R20_local
both_clean,85.54624905001342,102.09424083769636,False,0.1198864,14.985800000000001,142.05,-0.48140112229402776,0.7363859030902424,4.992442244236492e-06,6.0514444954620785,K32_R20_local
both_degraded,104.2378170150946,104.0048139534166,True,0.1198864,14.985800000000001,142.05,0.0636630418211506,0.5450691565574226,0.5450691565574226,16.967408954127404,K32_R20_local
ecg_missing,92.05864241242654,92.07589285714286,True,0.1198864,14.985800000000001,142.05,0.2678391295948727,0.7492452443311447,0.7492452443311447,17.39938861903348,K32_R20_local
ppg_degraded,67.6673424798571,67.56838747436245,True,0.1198864,14.985800000000001,142.05,0.2469321907418475,0.7283383054781195,0.7283383054781195,17.497224876057285,K32_R20_local
ppg_degraded,69.45408861780766,72.37358193327807,True,0.1198864,14.985800000000001,142.05,0.224026679104141,0.705432793840413,0.705432793840413,19.953120921927123,K32_R20_local
both_clean,57.39469118273434,57.377049180327866,True,0.1198864,14.985800000000001,142.05,0.2637434136795134,0.7451495284157854,0.7451495284157854,17.279198958896345,K32_R20_local
ecg_degraded,64.55261183188732,76.65357838255193,True,0.1198864,14.985800000000001,142.05,-0.013755707991425748,0.5789860849701249,0.46765040674484626,6.968411383798724,K32_R20_local
both_clean,86.2772029831056,86.29707112970713,True,0.1198864,14.985800000000001,142.05,0.2528261280425452,0.7342322427788172,0.7342322427788172,16.456993046612997,K32_R20_local
ppg_missing,93.85978117871278,93.84775808133475,True,0.1198864,14.985800000000001,142.05,0.24033305821022669,0.7217391729464987,0.7217391729464987,16.545824718996943,K32_R20_local
ppg_degraded,67.7538495782034,67.75816833218188,True,0.1198864,14.985800000000001,142.05,0.25245546128018775,0.7338615760164597,0.7338615760164597,18.833209834720193,K32_R20_local
ecg_missing,70.65380464279116,76.13200855091563,False,0.1198864,14.985800000000001,142.05,-0.4813938825677671,0.7494559337812491,1.223216850489204e-05,6.0837028444937244,K32_R20_local
both_degraded,98.17358590910561,91.19543825469722,False,0.1198864,14.985800000000001,142.05,-0.4206290167014194,0.5480104298486044,0.06077709803485258,6.584497665666398,K32_R20_local
both_clean,107.50875939419915,107.49724366041893,True,0.1198864,14.985800000000001,142.05,0.25027144550077446,0.7316775602370464,0.7316775602370464,19.20007160084874,K32_R20_local
ppg_missing,55.082921224780854,55.08919202518363,True,0.1198864,14.985800000000001,142.05,0.2596315181998022,0.7410376329360742,0.7410376329360742,17.498614778232493,K32_R20_local
both_clean,54.27612711359533,54.2637622658184,True,0.1198864,14.985800000000001,142.05,0.2633912521834512,0.7447973669197232,0.7447973669197232,16.833251240241978,K32_R20_local
ecg_degraded,95.55251127272118,96.79874525795786,True,0.1198864,14.985800000000001,142.05,0.13204039964522488,0.6134465143815122,0.6134465143814969,8.390598597435197,K32_R20_local
both_clean,79.74108745853121,79.70244420828907,True,0.1198864,14.985800000000001,142.05,0.25118722285693323,0.7325933375932052,0.7325933375932052,18.770187315967707,K32_R20_local
both_clean,75.50072088931505,76.95800037151677,False,0.1198864,14.985800000000001,142.05,-0.4814016568396658,0.7415085617857576,4.457896606207804e-06,6.047146172103773,K32_R20_local
ppg_degraded,88.01393982275678,88.04695837780152,True,0.1198864,14.985800000000001,142.05,0.21993566414567348,0.7013417788819455,0.7013417788819455,16.38546567605006,K32_R20_local
ecg_degraded,95.62352407156004,95.60787058893591,True,0.1198864,14.985800000000001,142.05,0.1452419617051293,0.6266480764414013,0.6266480764414013,16.027912943154686,K32_R20_local
both_degraded,54.19089942982161,78.890489202374,True,0.1198864,14.985800000000001,142.05,-0.05550294701165822,0.4259031677246138,0.4259031677246138,15.905062041769412,K32_R20_local
ppg_degraded,107.70862317435694,117.79638057802771,False,0.1198864,14.985800000000001,142.05,-0.39671404848976904,0.6072409013436667,0.08469206624650291,6.60926450614057,K32_R20_local
ecg_missing,107.48402061970415,107.49724366041893,True,0.1198864,14.985800000000001,142.05,0.2673131214168369,0.7487192361531089,0.7487192361531089,17.556555140470394,K32_R20_local
ppg_missing,74.99918283614329,76.06490872210954,True,0.1198864,14.985800000000001,142.05,0.2685920540913716,0.7499981688276436,0.7499981688276436,20.54984144961877,K32_R20_local
ecg_missing,78.17380960673398,78.20646506777894,True,0.1198864,14.985800000000001,142.05,0.2674612144425394,0.7488673291788114,0.7488673291788114,18.145857594571318,K32_R20_local
both_clean,66.33800853921669,67.27297878389489,True,0.1198864,14.985800000000001,142.05,0.2631995665327485,0.7446056812690205,0.7446056812690205,17.60495965637007,K32_R20_local
both_degraded,85.24907947232572,85.17520618187447,True,0.1198864,14.985800000000001,142.05,0.0011673174237702751,0.4825734321600423,0.4825734321600423,18.36747306292413,K32_R20_local
both_degraded,62.30887916035567,98.35815381377633,True,0.1198864,14.985800000000001,142.05,-0.12931865339943568,0.3520874613368363,0.3520874613368363,21.599579110028348,K32_R20_local
both_degraded,82.07643904199351,75.52441800361383,False,0.1198864,14.985800000000001,142.05,-0.48130578102661137,0.6822696712785797,0.00010033370966064277,6.172026357945324,K32_R20_local
ppg_missing,104.26005506237104,104.1666666666667,True,0.1198864,14.985800000000001,142.05,0.24465145421173232,0.7260575689480043,0.7260575689480043,18.17958147944851,K32_R20_local
ppg_degraded,80.37094515468047,82.77021635111345,True,0.1198864,14.985800000000001,142.05,0.22364357769370094,0.705049692429973,0.705049692429973,18.633853298133012,K32_R20_local
ppg_degraded,99.62532805991823,99.82730020783298,True,0.1198864,14.985800000000001,142.05,0.21373727087398933,0.6951433856102613,0.6951433856102613,19.115306585218498,K32_R20_local
both_degraded,60.751568036126685,103.35924849932911,True,0.1198864,14.985800000000001,142.05,-0.12432674606162067,0.35707936867465134,0.35707936867465134,17.467518061837254,K32_R20_local
both_clean,103.01105693914504,103.01909440942899,True,0.1198864,14.985800000000001,142.05,0.2500635908474908,0.7314697055837628,0.7314697055837628,17.872180759749995,K32_R20_local
both_clean,57.39149766886264,57.377049180327866,True,0.1198864,14.985800000000001,142.05,0.26328848263840504,0.744694597374677,0.744694597374677,17.534660756045096,K32_R20_local
ecg_missing,62.7716946621913,62.72401433691757,True,0.1198864,14.985800000000001,142.05,0.2682617556717049,0.7496678704079769,0.7496678704079769,15.86084095245942,K32_R20_local
both_degraded,93.2143167598687,94.09292118229439,True,0.1198864,14.985800000000001,142.05,0.22362394126320864,0.7050300559994807,0.7050300559994807,16.55457278071221,K32_R20_local
both_clean,68.11929392790697,69.3745673306316,True,0.1198864,14.985800000000001,142.05,0.25486957921018866,0.7362756939464606,0.7362756939464606,19.79123343237845,K32_R20_local
ecg_degraded,57.134753698752206,73.468460368912,True,0.1198864,14.985800000000001,142.05,0.03783801013058267,0.5192441248668547,0.5192441248668547,18.44454071077071,K32_R20_local
both_clean,55.207772172776714,81.47495223898446,False,0.1198864,14.985800000000001,142.05,-0.043331689176048425,0.7434936104310604,0.4380744255602236,6.847495562864402,K32_R20_local
both_degraded,97.59791182431391,99.01423660680736,True,0.1198864,14.985800000000001,142.05,0.17113985145835856,0.6525459661946306,0.6525459661946306,18.14860981641057,K32_R20_local
ecg_degraded,51.18594701647352,78.00374993086314,False,0.1198864,14.985800000000001,142.05,-0.481406114736272,0.5313055568758339,6.271080462650534e-21,5.289954193379977,K32_R20_local
ppg_degraded,53.38059550605404,62.537733116860004,True,0.1198864,14.985800000000001,142.05,0.14770858938977674,0.6291147041260488,0.6291147041260488,17.581839371555645,K32_R20_local
ppg_degraded,106.73126394313586,106.67396061269146,True,0.1198864,14.985800000000001,142.05,0.24242985594879443,0.7238359706850664,0.7238359706850664,16.30617639466332,K32_R20_local
both_degraded,96.92901090246664,97.0403327399703,True,0.1198864,14.985800000000001,142.05,0.21638772464401948,0.6977938393802915,0.6977938393802915,18.808265121801615,K32_R20_local
both_clean,72.22609479414665,72.23073206389022,True,0.1198864,14.985800000000001,142.05,0.25987770499188884,0.7412838197281608,0.7412838197281608,19.066704156070273,K32_R20_local
ecg_degraded,61.5425116938015,82.9986995412737,False,0.1198864,14.985800000000001,142.05,-0.47110151282656476,0.5324857383939412,0.010304601909707237,6.435988230660493,K32_R20_local
ppg_missing,102.03073023913988,103.17460317460319,True,0.1198864,14.985800000000001,142.05,0.24341324867331673,0.7248193634095887,0.7248193634095887,17.632050365969434,K32_R20_local
ecg_degraded,97.25872260436728,107.83131321708426,False,0.1198864,14.985800000000001,142.05,-0.481406114736272,0.6014771525645205,1.9358069061682948e-59,4.303141410707642,K32_R20_local
ppg_missing,90.11118083964155,92.02453987730063,True,0.1198864,14.985800000000001,142.05,0.24352561972119138,0.7249317344574634,0.7249317344574634,18.337074553208172,K32_R20_local
ppg_missing,81.82304074876973,84.78931140801646,True,0.1198864,14.985800000000001,142.05,-0.14888984084895543,0.7325483638727255,0.3325162738873166,6.784414358877659,K32_R20_local
ppg_missing,81.51607946033117,83.61204013377927,True,0.1198864,14.985800000000001,142.05,0.26850203874540696,0.7499081534816789,0.7499081534816789,16.58191843269271,K32_R20_local
ppg_missing,108.67631977871852,81.12502624001814,False,0.1198864,14.985800000000001,142.05,-0.4688700792577431,0.7487086793910451,0.012536035478528877,6.425780555309319,K32_R20_local
both_clean,81.3374315824576,82.68464930314319,True,0.1198864,14.985800000000001,142.05,0.2527312036601674,0.7341373183964394,0.7341373183964394,18.872514465796982,K32_R20_local
both_clean,55.04187488224524,56.03186217962601,True,0.1198864,14.985800000000001,142.05,0.25964143569389314,0.7410475504301651,0.7410475504301651,18.379151931227252,K32_R20_local
ppg_degraded,54.48769474092933,67.27478550519831,True,0.1198864,14.985800000000001,142.05,0.140210479534607,0.621616594270879,0.621616594270879,18.470256064073887,K32_R20_local
ppg_missing,85.73322658849389,76.95800037151677,False,0.1198864,14.985800000000001,142.05,-0.44082292103970666,0.7322292500793384,0.04058319369656532,6.518604423746671,K32_R20_local
ppg_missing,93.96074345782014,94.04388714733544,True,0.1198864,14.985800000000001,142.05,0.2411465916293948,0.7225527063656668,0.7225527063656668,19.631876567592027,K32_R20_local
both_degraded,87.69452348523917,91.51123320412374,True,0.1198864,14.985800000000001,142.05,0.003139296678970371,0.4845454114152424,0.4845454114152424,16.649766389180577,K32_R20_local
ecg_missing,94.56913707203074,94.53781512605043,True,0.1198864,14.985800000000001,142.05,0.2675344019911831,0.7489405167274551,0.7489405167274551,17.918047678914064,K32_R20_local
ecg_missing,67.65177657905355,62.89308176100629,False,0.1198864,14.985800000000001,142.05,-0.481406114736272,0.7495344825098932,2.1276593824638555e-18,5.380545431796444,K32_R20_local
ecg_missing,72.26761853207019,72.19251336898397,True,0.1198864,14.985800000000001,142.05,0.2681451081514928,0.7495512228877648,0.7495512228877648,16.903472181544373,K32_R20_local
ecg_missing,65.92038649324255,65.93406593406593,True,0.1198864,14.985800000000001,142.05,0.26810319853021886,0.7495093132664908,0.7495093132664908,18.51748808727762,K32_R20_local
both_clean,72.35581960803432,74.7141685828409,True,0.1198864,14.985800000000001,142.05,0.25792939725079894,0.7394024470166636,0.7393355119870709,7.541359963540015,K32_R20_local
both_degraded,65.99773010944075,79.25638284454904,True,0.1198864,14.985800000000001,142.05,-0.007488645360135737,0.47391746937613627,0.47391746937613627,18.93794477222523,K32_R20_local
both_degraded,100.0482993740152,100.93508055839744,False,0.1198864,14.985800000000001,142.05,-0.2851766412578314,0.6346482909811308,0.1962294734784406,6.714534465582868,K32_R20_local
both_clean,58.869675666617525,58.88930119338454,True,0.1198864,14.985800000000001,142.05,0.2630035072593934,0.7444096219956654,0.7444096219956654,16.20987093665456,K32_R20_local
ppg_missing,62.47339878750614,64.51612903225806,True,0.1198864,14.985800000000001,142.05,0.26659502003400765,0.7483267029436802,0.7480011347702796,7.455140189633968,K32_R20_local
ecg_missing,92.84451779548152,92.80089988751408,True,0.1198864,14.985800000000001,142.05,0.2677638548685605,0.7491699696048325,0.7491699696048325,16.19081855977992,K32_R20_local
ppg_degraded,73.87527564602973,73.95736620436644,True,0.1198864,14.985800000000001,142.05,0.25285242057598084,0.7342585353122528,0.7342585353122528,14.770527082851666,K32_R20_local
both_degraded,70.47612543257617,88.90086206896552,False,0.1198864,14.985800000000001,142.05,-0.4813945382350576,0.6494069349088775,1.1576501214351268e-05,6.0870268010692055,K32_R20_local
both_clean,108.46728313299343,78.00374993086314,False,0.1198864,14.985800000000001,142.05,-0.4695708491065733,0.7320615367672516,0.011835265629698645,6.423344862494112,K32_R20_local
ppg_degraded,103.6280703588626,103.70771885115865,True,0.1198864,14.985800000000001,142.05,0.15911447335219134,0.6405205880884633,0.6405205880884633,20.204243412383068,K32_R20_local
ecg_missing,63.136577628320225,63.09148264984228,True,0.1198864,14.985800000000001,142.05,0.268265111879502,0.749671226615774,0.749671226615774,16.26079889411948,K32_R20_local
both_degraded,59.3206609771279,95.06550453019274,True,0.1198864,14.985800000000001,142.05,-0.0835500985224212,0.3978560162138508,0.3978560162138508,17.611238441570173,K32_R20_local
both_clean,79.54189806615742,79.51914207132691,True,0.1198864,14.985800000000001,142.05,0.25695380829687803,0.73835992303315,0.73835992303315,17.613286603598013,K32_R20_local
ecg_degraded,84.44675666512919,85.90772988070619,True,0.1198864,14.985800000000001,142.05,0.1863252767626931,0.6677313914989651,0.6677313914989651,17.941802254723214,K32_R20_local
both_clean,70.8036242578098,70.79667469830592,True,0.1198864,14.985800000000001,142.05,0.2645986881340268,0.7460048028702988,0.7460048028702988,15.70205422953871,K32_R20_local
both_degraded,85.48606022942309,86.23082710090038,True,0.1198864,14.985800000000001,142.05,0.1269781514599271,0.6083842661961991,0.6083842661961991,17.910484575981446,K32_R20_local
ppg_missing,90.69098427104737,90.75907590759077,True,0.1198864,14.985800000000001,142.05,0.23960159379547089,0.7210077085317429,0.7210077085317429,15.937514818384827,K32_R20_local
both_degraded,98.87748241875812,99.47091481677211,True,0.1198864,14.985800000000001,142.05,0.09675055807880553,0.5781566728150775,0.5781566728150775,17.601258195649276,K32_R20_local
ppg_degraded,64.53009627889708,76.13200855091563,True,0.1198864,14.985800000000001,142.05,0.08391167687586856,0.5653177921777689,0.5653177916121406,8.032951164952552,K32_R20_local
ppg_missing,88.70666922037191,91.64969450101833,True,0.1198864,14.985800000000001,142.05,0.24373962412494413,0.7251457388612161,0.7251457388612161,19.122202921392052,K32_R20_local
both_clean,53.485766954075714,53.47581393172521,True,0.1198864,14.985800000000001,142.05,0.2648148064864641,0.7462209212227361,0.7462209212227361,18.216148895255465,K32_R20_local
ecg_degraded,53.88839698205203,72.97764979959562,True,0.1198864,14.985800000000001,142.05,0.04977114514039963,0.5311772598766716,0.5311772598766716,17.1534195621861,K32_R20_local
ecg_degraded,53.32126106485847,64.57245614858213,True,0.1198864,14.985800000000001,142.05,0.07090198273198714,0.5523080974682592,0.5523080974682592,19.404688116077573,K32_R20_local
ecg_degraded,56.98243150647982,78.17439476243354,True,0.1198864,14.985800000000001,142.05,0.059279575263540475,0.5406856899998125,0.5406856899998125,17.92431263516698,K32_R20_local
ecg_missing,96.90535645943837,96.98275862068967,True,0.1198864,14.985800000000001,142.05,0.2675898333919832,0.7489959481282552,0.7489959481282552,17.42040853963228,K32_R20_local
ppg_missing,72.25219082692924,72.19251336898397,True,0.1198864,14.985800000000001,142.05,0.25614736997228676,0.7375534847085587,0.7375534847085587,15.478588029992842,K32_R20_local
ecg_degraded,79.56922687650857,79.53340402969248,True,0.1198864,14.985800000000001,142.05,0.22736917646085422,0.7225452042527704,0.7087752911971262,7.201531267662005,K32_R20_local
both_clean,77.05398314696869,106.32497273718649,False,0.1198864,14.985800000000001,142.05,-0.4814060500950959,0.7407941952236632,6.464117605609606e-08,5.90990279899571,K32_R20_local
ecg_degraded,62.42426847250392,79.03375790559343,True,0.1198864,14.985800000000001,142.05,0.044482919345610696,0.5258890340818827,0.5258890340818827,20.098496544518756,K32_R20_local
ppg_missing,52.74659760377526,69.12442396313364,False,0.1198864,14.985800000000001,142.05,-0.46720184074253557,0.7416378583941695,0.014204273993736439,6.43525045399364,K32_R20_local
ecg_degraded,60.909846192418655,76.06123791657998,True,0.1198864,14.985800000000001,142.05,0.05129271484540391,0.5326988295816759,0.5326988295816759,17.075704008074243,K32_R20_local
ecg_degraded,101.4974264065005,101.50742527652687,True,0.1198864,14.985800000000001,142.05,0.23031485552056677,0.7197142913244011,0.7117209702568388,7.24378785889704,K32_R20_local
both_clean,70.31785075700373,70.34883476444277,True,0.1198864,14.985800000000001,142.05,0.2614845165895798,0.7428906313258518,0.7428906313258518,14.970588007924757,K32_R20_local
ecg_degraded,75.23218624644257,75.25083612040133,True,0.1198864,14.985800000000001,142.05,0.18704011870408924,0.6714777390204898,0.6684462334403612,7.308680724432423,K32_R20_local
ecg_missing,65.8640761922112,65.86169045005488,True,0.1198864,14.985800000000001,142.05,0.2681043587783258,0.7495104735145978,0.7495104735145978,20.2680692942444,K32_R20_local
both_degraded,94.4726756564115,94.33071756824187,True,0.1198864,14.985800000000001,142.05,-0.051364068084423085,0.4300420466518489,0.4300420466518489,15.939781183513968,K32_R20_local
ecg_missing,92.14194751090102,92.17877094972067,True,0.1198864,14.985800000000001,142.05,0.2677422930461873,0.7491484077824593,0.7491484077824593,16.37922769793493,K32_R20_local
ecg_missing,73.02981878621179,75.75757575757575,True,0.1198864,14.985800000000001,142.05,0.26796869706413967,0.7493748118004745,0.7493748118004117,8.352308470118539,K32_R20_local
ecg_missing,80.38304248581613,80.38585209003216,True,0.1198864,14.985800000000001,142.05,0.2678936597172837,0.7492997744535557,0.7492997744535557,20.677376495473837,K32_R20_local
ppg_missing,73.74876604757769,87.71929824561404,False,0.1198864,14.985800000000001,142.05,-0.4814017540147487,0.7295605985117678,4.3607215232723125e-06,6.0469395662789935,K32_R20_local
ppg_degraded,84.39954008881932,75.25083612040133,False,0.1198864,14.985800000000001,142.05,0.180917083869396,0.7264269690149623,0.662323198605668,7.0606292565548365,K32_R20_local
ecg_missing,85.61543578246318,88.23529411764709,True,0.1198864,14.985800000000001,142.05,0.267745808651451,0.749151923387723,0.749151923387723,17.009787112190335,K32_R20_local
both_clean,84.64690215169213,84.65946015875217,True,0.1198864,14.985800000000001,142.05,0.18815743039054625,0.7383888830812438,0.6695635451268183,7.054771983007825,K32_R20_local
both_clean,104.09482638964477,98.75871476356473,False,0.1198864,14.985800000000001,142.05,-0.45020792759815287,0.7328516987202865,0.031198187138119105,6.496273349459931,K32_R20_local
both_clean,107.01484542159,107.03363914373085,True,0.1198864,14.985800000000001,142.05,0.2511173373585242,0.7325234520947962,0.7325234520947962,18.758825224800216,K32_R20_local
ppg_missing,53.08392919340482,88.23529411764709,False,0.1198864,14.985800000000001,142.05,-0.481406114736272,0.7396260013877961,1.0013110718401714e-29,4.997866249448451,K32_R20_local
both_clean,72.78485342913709,72.77701170013708,True,0.1198864,14.985800000000001,142.05,0.2552714946316809,0.7366776093679529,0.7366776093679529,19.104418437389118,K32_R20_local
ppg_missing,52.42086288534103,52.386495925494756,True,0.1198864,14.985800000000001,142.05,0.2514864724060018,0.7328925871422738,0.7328925871422738,17.869215245615557,K32_R20_local
ppg_degraded,72.48108742370661,73.90622683437525,True,0.1198864,14.985800000000001,142.05,0.21866022739304128,0.7000663421293133,0.7000663421293133,18.97580403727416,K32_R20_local
ecg_missing,98.18387141131478,98.14612868047985,True,0.1198864,14.985800000000001,142.05,0.26747478857799784,0.7488809033142698,0.7488809033142698,18.89521323034793,K32_R20_local
both_clean,90.76962483131479,109.79729729729728,False,0.1198864,14.985800000000001,142.05,-0.4006484097124015,0.7362229849153655,0.0807577050238705,6.583353065435,K32_R20_local
both_degraded,84.04005002488194,86.38522795198168,True,0.1198864,14.985800000000001,142.05,0.1990477991234542,0.6804539138597262,0.6804539138597262,18.56778238588885,K32_R20_local
both_clean,55.178153400949185,55.20504731861199,True,0.1198864,14.985800000000001,142.05,0.26278633878758223,0.7441924535238542,0.7441924535238542,19.647125559228797,K32_R20_local
both_clean,98.68213185626949,79.26022160916736,False,0.1198864,14.985800000000001,142.05,-0.4814061141665899,0.7499937241280958,5.696820800331562e-10,5.779883870950764,K32_R20_local
ppg_missing,86.7463823445093,86.75078864353314,True,0.1198864,14.985800000000001,142.05,0.24257432291269668,0.7239804376489687,0.7239804376489687,20.47199053020315,K32_R20_local
ecg_missing,68.15800452303877,68.18181818181819,True,0.1198864,14.985800000000001,142.05,0.26854537563629727,0.7499515101695607,0.7499514903725693,7.90796420191964,K32_R20_local
both_clean,97.11990907678512,97.07280224109027,True,0.1198864,14.985800000000001,142.05,0.25236050827141937,0.7337666230076914,0.7337666230076914,18.421522855370306,K32_R20_local
ppg_degraded,52.34374258316605,72.05701839823801,True,0.1198864,14.985800000000001,142.05,0.0644621677608537,0.5458682824971257,0.5458682824971257,18.97487646970377,K32_R20_local
both_clean,61.25268099025487,103.35924849932911,False,0.1198864,14.985800000000001,142.05,-0.010760865868260827,0.744269471148697,0.4706452488680112,6.868456424714749,K32_R20_local
both_degraded,97.34728131622825,97.70753538189258,True,0.1198864,14.985800000000001,142.05,0.12649584443802223,0.6079019591742942,0.6079019591742942,16.516287344341194,K32_R20_local
ecg_missing,52.75415298491672,52.75498241500586,True,0.1198864,14.985800000000001,142.05,0.2682927580385736,0.7496988727748456,0.7496988727748456,19.694056557575518,K32_R20_local
ecg_degraded,57.928916190750485,79.63360828604957,True,0.1198864,14.985800000000001,142.05,0.006445628584314667,0.5260781233051604,0.4878517433205867,7.0808311798254175,K32_R20_local
ecg_missing,80.09698954446489,80.042689434365,True,0.1198864,14.985800000000001,142.05,0.26787917393117106,0.749285288667443,0.749285288667443,17.983975259795127,K32_R20_local
ppg_degraded,92.60729865278087,93.42081769722246,True,0.1198864,14.985800000000001,142.05,0.25683033878559275,0.7382364535218647,0.7382364535218647,18.974508755339507,K32_R20_local
ecg_missing,85.3554883323711,85.40372670807454,True,0.1198864,14.985800000000001,142.05,0.2610420566009211,0.7489582216989343,0.7424481713371931,7.262080009969361,K32_R20_local
ecg_missing,52.21651992892497,52.20417633410673,True,0.1198864,14.985800000000001,142.05,0.2683366126053613,0.7497427273416333,0.7497427273416333,16.48070605525537,K32_R20_local
ecg_missing,66.48805607332301,107.83131321708426,False,0.1198864,14.985800000000001,142.05,-0.18869707387752502,0.7495887417964893,0.292709040858747,6.754658415242771,K32_R20_local
both_clean,92.37243744714877,63.76195536663125,False,0.1198864,14.985800000000001,142.05,-0.09917723831470374,0.7362023844960899,0.3822288764215683,6.8146223046406105,K32_R20_local
both_degraded,70.90348769266873,76.14604263833061,True,0.1198864,14.985800000000001,142.05,0.06014372645919067,0.5415498411954627,0.5415498411954627,16.92932174629147,K32_R20_local
ppg_missing,61.653095923340715,61.664953751284685,True,0.1198864,14.985800000000001,142.05,0.25637257813455055,0.7377786928708228,0.7377786928708225,8.593087029652795,K32_R20_local
ppg_degraded,50.1365306200696,88.90086206896552,False,0.1198864,14.985800000000001,142.05,-0.481390769754905,0.6279146606440836,1.534498136696332e-05,6.0990523004441375,K32_R20_local
both_degraded,65.76259494797978,106.85235628275834,False,0.1198864,14.985800000000001,142.05,-0.45729755682513756,0.5006815605216797,0.02410855791113442,6.506542088756991,K32_R20_local
both_clean,105.84654461025903,105.86319218241044,True,0.1198864,14.985800000000001,142.05,0.25148006561536124,0.7328861803516332,0.7328861803516332,17.343958037499338,K32_R20_local
both_clean,52.97248333668864,52.94117647058824,True,0.1198864,14.985800000000001,142.05,0.264177344133328,0.7455834588696,0.7455834588696,17.219123130360416,K32_R20_local
ecg_degraded,83.18870619841182,83.19641847844689,True,0.1198864,14.985800000000001,142.05,0.24191982921804148,0.7233259439543135,0.7233259439543135,17.77204485750468,K32_R20_local
both_degraded,104.58057518569993,104.61816624348052,True,0.1198864,14.985800000000001,142.05,0.2249344131996938,0.7063405279359658,0.7063405279359658,16.243381898986502,K32_R20_local
ppg_degraded,92.0361763756691,92.07589285714286,True,0.1198864,14.985800000000001,142.05,0.1621173337145108,0.6435234484507828,0.6435234484507828,17.66595562272857,K32_R20_local
ppg_missing,66.85847569482586,66.88963210702342,True,0.1198864,14.985800000000001,142.05,0.25776275633143336,0.7391688710677053,0.7391688710677053,15.08048383409596,K32_R20_local
both_clean,88.9150003636772,91.31607659736858,True,0.1198864,14.985800000000001,142.05,0.2558527968032815,0.7372589115395535,0.7372589115395535,17.645586742755082,K32_R20_local
ecg_degraded,57.163735107279294,77.56263539736284,True,0.1198864,14.985800000000001,142.05,0.055203413645051026,0.536609528381323,0.536609528381323,18.094253521040766,K32_R20_local
both_degraded,79.93368066645641,85.34442738261669,True,0.1198864,14.985800000000001,142.05,0.06788010107386558,0.5492862158101376,0.5492862158101376,19.33654815689996,K32_R20_local
both_clean,65.79302415866486,67.26333860837033,True,0.1198864,14.985800000000001,142.05,0.26331167037139863,0.7447177851076706,0.7447177851076706,19.79025673922415,K32_R20_local
ppg_missing,102.54040164956592,102.52365930599372,True,0.1198864,14.985800000000001,142.05,0.24097720361679478,0.7223833183530668,0.7223833183530668,16.8411167895705,K32_R20_local
ecg_degraded,101.95828933794434,102.55479657726454,True,0.1198864,14.985800000000001,142.05,0.13629472261482026,0.6177008373510923,0.6177008373510923,20.666786642231674,K32_R20_local
both_clean,95.7097404139928,95.72583639844059,True,0.1198864,14.985800000000001,142.05,0.25456873245590567,0.7360039462694099,0.7359748471921777,7.584062007851796,K32_R20_local
ecg_degraded,72.53375706880956,95.72583639844059,False,0.1198864,14.985800000000001,142.05,-0.47982431771350537,0.7226451381938539,0.0015817970227666332,6.301686267604317,K32_R20_local
ppg_degraded,97.81621902059837,98.75871476356473,True,0.1198864,14.985800000000001,142.05,0.038180678033874406,0.6368661684408607,0.5195867927701464,6.974141778975458,K32_R20_local
ecg_missing,108.79193948997107,108.80829015544042,True,0.1198864,14.985800000000001,142.05,0.2670605426670772,0.7484666574033492,0.7484666574033492,20.44083206431092,K32_R20_local
both_degraded,72.16655021025008,72.07760716759037,True,0.1198864,14.985800000000001,142.05,0.07442772641813447,0.5558338411544065,0.5558338411544065,16.59155689592979,K32_R20_local
ppg_missing,81.51170237051802,81.43322475570034,True,0.1198864,14.985800000000001,142.05,0.22297392698861732,0.7043800417248893,0.7043800417248893,18.53973754691871,K32_R20_local
both_degraded,59.746222149725945,111.10100433873133,True,0.1198864,14.985800000000001,142.05,-0.10653325304870123,0.3748728617177331,0.3748728616875708,8.123666601954062,K32_R20_local
ecg_degraded,56.4997905284785,75.96101584285117,True,0.1198864,14.985800000000001,142.05,0.05233626845169662,0.5337423831879686,0.5337423831879686,18.755386080058265,K32_R20_local
both_clean,93.2084566240282,93.21518342693835,True,0.1198864,14.985800000000001,142.05,0.25548869018206716,0.7368948049183391,0.7368948049183391,17.652750894958636,K32_R20_local
both_degraded,53.61674955223578,107.87415714877919,True,0.1198864,14.985800000000001,142.05,-0.1004383071667426,0.3809678075695294,0.3809678075695294,17.659347287576125,K32_R20_local
ppg_degraded,86.08118562259207,86.0738299884411,True,0.1198864,14.985800000000001,142.05,0.22210644698866236,0.7035125617249344,0.7035125617249344,18.210865372562466,K32_R20_local
ppg_missing,56.81684969041714,58.011049723756905,True,0.1198864,14.985800000000001,142.05,0.26858878861104224,0.7499949033473142,0.7499949033473142,17.426685799429276,K32_R20_local
both_degraded,90.14165942479869,90.16393442622952,True,0.1198864,14.985800000000001,142.05,0.12935921278734044,0.6107653275236125,0.6107653275236125,17.277298074819214,K32_R20_local
ppg_missing,95.20726677541678,97.19222462203024,True,0.1198864,14.985800000000001,142.05,0.24092771697507545,0.7223338317113475,0.7223338317113475,17.41341833586658,K32_R20_local
ecg_missing,106.45414162990264,106.44104803493451,True,0.1198864,14.985800000000001,142.05,0.2674151036318752,0.7488212183681472,0.7488212183681472,15.82343098190054,K32_R20_local
both_degraded,73.39421099306381,73.48658385047447,True,0.1198864,14.985800000000001,142.05,0.05158394012394333,0.5329900548602153,0.5329900548602153,14.976433696979056,K32_R20_local
both_clean,73.36920981888866,73.3695652173913,True,0.1198864,14.985800000000001,142.05,0.2596412505431232,0.7410473652793952,0.7410473652793952,16.001251420390187,K32_R20_local
ppg_degraded,73.97880310154724,77.77058789381942,True,0.1198864,14.985800000000001,142.05,0.12341759120784859,0.6048237059441206,0.6048237059441206,17.153385511227057,K32_R20_local
ppg_degraded,92.34857230271757,92.34542194932871,True,0.1198864,14.985800000000001,142.05,0.14050709056688984,0.6219132053031619,0.6219132053031619,17.265425469848207,K32_R20_local
both_clean,97.26321108406827,97.19222462203027,True,0.1198864,14.985800000000001,142.05,0.25001174882557137,0.7314178635618434,0.7314178635618434,15.058598113403843,K32_R20_local
both_clean,56.94392246409419,58.33791950771634,True,0.1198864,14.985800000000001,142.05,-0.24698002525009205,0.7411161912415463,0.23442608948617996,6.718188739796346,K32_R20_local
both_clean,69.4860508098232,70.74505781802587,True,0.1198864,14.985800000000001,142.05,0.2617348005994122,0.7431409153471683,0.7431409153356842,8.180872845283064,K32_R20_local
ecg_missing,53.314278771948636,55.91054313099041,True,0.1198864,14.985800000000001,142.05,0.26832274968286335,0.7497288644191353,0.7497288644191353,16.419042987115354,K32_R20_local
ppg_missing,64.09401528008323,64.1025641025641,True,0.1198864,14.985800000000001,142.05,0.2684288328403395,0.7498349475766115,0.7498349475766115,20.092391949147412,K32_R20_local
both_degraded,94.02426588421505,94.04388714733544,True,0.1198864,14.985800000000001,142.05,0.22549508832488543,0.7069012030611574,0.7069012030611574,18.278122483112913,K32_R20_local
ecg_missing,106.20840223393978,106.27530364372468,True,0.1198864,14.985800000000001,142.05,0.2673421002711777,0.7487482150074497,0.7487482150074497,17.383708120002982,K32_R20_local
both_degraded,108.82007447827824,79.63360828604957,False,0.1198864,14.985800000000001,142.05,-0.4782951490118674,0.6166196056239654,0.0031109657244045366,6.348894330381018,K32_R20_local
ppg_degraded,54.089246571661135,63.44544598481082,True,0.1198864,14.985800000000001,142.05,0.16004220226205004,0.641448316998322,0.641448316998322,8.772117234243375,K32_R20_local
ecg_degraded,74.11448861529429,80.90247718957312,True,0.1198864,14.985800000000001,142.05,0.11391378772789576,0.5953199024641678,0.5953199024641678,17.31360911041692,K32_R20_local
both_clean,102.34632567953425,102.2727272727273,True,0.1198864,14.985800000000001,142.05,0.2508303328242722,0.7322364475605442,0.7322364475605442,19.48165997018215,K32_R20_local
ppg_missing,80.28699763920307,80.29978586723769,True,0.1198864,14.985800000000001,142.05,0.24733517770063942,0.7287412924369114,0.7287412924369114,15.729246231769165,K32_R20_local
ppg_degraded,70.9697466978238,71.27411540679505,True,0.1198864,14.985800000000001,142.05,0.16162781842868237,0.6430339331649544,0.6430339331649544,17.39216128290797,K32_R20_local
ecg_missing,96.94182219581225,96.87836383207753,True,0.1198864,14.985800000000001,142.05,0.2675483823994544,0.7489544971357264,0.7489544971357264,19.509247927151897,K32_R20_local
ecg_degraded,101.85971616121381,101.90627557423049,True,0.1198864,14.985800000000001,142.05,0.1864094767496072,0.6678155914858792,0.6678155914858792,15.985230607072218,K32_R20_local
both_degraded,58.75566644810788,117.7094720067971,True,0.1198864,14.985800000000001,142.05,-0.09623813663245537,0.38516797810381664,0.38516797810381664,18.92201952575689,K32_R20_local
ecg_missing,81.03009243511184,80.99352051835854,True,0.1198864,14.985800000000001,142.05,0.2678472171189514,0.7492533318552234,0.7492533318552234,17.12267111644794,K32_R20_local
ecg_missing,58.832940124834124,58.85650224215247,True,0.1198864,14.985800000000001,142.05,0.26829980450929597,0.749705919245568,0.749705919245568,19.676782482644427,K32_R20_local
both_degraded,60.812353737204084,70.70540586157924,False,0.1198864,14.985800000000001,142.05,-0.481406114736272,0.2805587153350011,1.9927213171913708e-32,4.932320684221944,K32_R20_local
both_clean,81.83906289606713,105.24348814058905,False,0.1198864,14.985800000000001,142.05,-0.4814060532195292,0.7373605492439559,6.151674279333517e-08,5.908571259732195,K32_R20_local
both_clean,65.16691679122944,65.75636302080575,True,0.1198864,14.985800000000001,142.05,0.26200929476338414,0.7440387398952366,0.7434154094996561,7.416658056830923,K32_R20_local
both_clean,98.30228429421373,98.2694250003554,True,0.1198864,14.985800000000001,142.05,0.2518006714768341,0.7332067862131061,0.7332067862131061,15.45802471428015,K32_R20_local
ecg_missing,71.9236019942706,71.8849840255591,True,0.1198864,14.985800000000001,142.05,0.26790272803708076,0.7493088427733527,0.7493088427733527,17.49578906916705,K32_R20_local
ppg_missing,60.87709539274631,95.33300150324432,False,0.1198864,14.985800000000001,142.05,-0.35912283678495355,0.7397154403941222,0.12228327795131845,6.628904311325134,K32_R20_local
ppg_degraded,87.75472263471329,74.7141685828409,False,0.1198864,14.985800000000001,142.05,-0.48140225450037566,0.7252503800016709,3.8602358963496235e-06,6.042817337182025,K32_R20_local
both_clean,65.72156559886255,65.71741511500547,True,0.1198864,14.985800000000001,142.05,0.26098886084562084,0.7423949755818928,0.7423949755818928,17.514173415258448,K32_R20_local
both_degraded,53.983538152594065,107.83131321708426,True,0.1198864,14.985800000000001,142.05,-0.15106317200280092,0.3303429427984275,0.3303429427334711,8.09199259643079,K32_R20_local
ecg_degraded,109.94611356899108,110.55476499598404,True,0.1198864,14.985800000000001,142.05,0.22973421031750232,0.7111403250537743,0.7111403250537743,17.812326140349,K32_R20_local
ecg_degraded,61.05542926082709,76.95800037151677,True,0.1198864,14.985800000000001,142.05,0.060137373140369633,0.5415434980108613,0.5415434878766416,7.921544237359977,K32_R20_local
ppg_missing,57.878438959597545,60.0,True,0.1198864,14.985800000000001,142.05,0.25794798207056485,0.7393540968068368,0.7393540968068368,16.271043162938316,K32_R20_local
ppg_missing,78.83390446667792,79.95735607675907,True,0.1198864,14.985800000000001,142.05,0.24385641850174647,0.7252625332380185,0.7252625332380185,18.534082440725086,K32_R20_local
both_clean,50.23753799069525,50.2514387574606,True,0.1198864,14.985800000000001,142.05,0.2638827582387539,0.7452888729750259,0.7452888729750259,17.704833873077796,K32_R20_local
ppg_degraded,97.35987077971433,97.45489259174781,True,0.1198864,14.985800000000001,142.05,0.25665204279939596,0.738058157535668,0.738058157535668,21.47328809812824,K32_R20_local
ppg_degraded,54.510966218429296,70.96213444527106,True,0.1198864,14.985800000000001,142.05,0.056134471785535135,0.5375405865218071,0.5375405865218071,17.655573651888815,K32_R20_local
ecg_missing,52.3726569151252,52.38649592549476,True,0.1198864,14.985800000000001,142.05,0.26835243481863175,0.7497585495549037,0.7497585495549037,19.508643650465643,K32_R20_local
ppg_degraded,107.96243509177197,76.95800037151677,False,0.1198864,14.985800000000001,142.05,0.042080812237739774,0.7221747399657676,0.5234869269740118,6.917014701801161,K32_R20_local
ppg_missing,81.00437482229924,68.18181818181819,False,0.1198864,14.985800000000001,142.05,-0.47229278065029323,0.7278425467854774,0.009113334085978763,6.405964957875743,K32_R20_local
both_clean,105.7250362090385,106.20817158184867,True,0.1198864,14.985800000000001,142.05,0.24572860638641028,0.7271347211226823,0.7271347211226823,16.82973239064323,K32_R20_local
ecg_degraded,103.82549816426625,103.28208138387832,True,0.1198864,14.985800000000001,142.05,0.14060498987593786,0.6220111046122099,0.6220111046122099,18.0078707256313,K32_R20_local
both_degraded,94.03945300440185,95.04306706060238,True,0.1198864,14.985800000000001,142.05,-0.003174481006109087,0.4782316337301629,0.4782316337301629,19.25125762605629,K32_R20_local
ppg_missing,51.77912239343012,51.783659378596084,True,0.1198864,14.985800000000001,142.05,0.25927184638987494,0.7406779611261469,0.7406779611261469,16.975762660697196,K32_R20_local
ppg_missing,88.62635103505609,88.70967741935485,True,0.1198864,14.985800000000001,142.05,0.24355610638746453,0.7249622211237365,0.7249622211237365,18.947095520439376,K32_R20_local
ecg_degraded,53.90296858568705,72.11733727752346,True,0.1198864,14.985800000000001,142.05,0.048277632140374095,0.5296837468766461,0.5296837468766461,17.386841503542318,K32_R20_local
ppg_degraded,50.6403066379972,62.906644330367264,True,0.1198864,14.985800000000001,142.05,0.13289713417424856,0.6143032489105206,0.6143032489105206,18.17252678556601,K32_R20_local
both_degraded,100.66395639231615,101.2920864430635,True,0.1198864,14.985800000000001,142.05,0.025242090780703972,0.506662057889205,0.506648205516976,7.602547672031312,K32_R20_local
both_clean,68.40820148968287,68.92039181835263,True,0.1198864,14.985800000000001,142.05,0.2583420462434575,0.7397481609797295,0.7397481609797295,15.424039021873446,K32_R20_local
ecg_degraded,94.8294373873332,95.46172834015024,True,0.1198864,14.985800000000001,142.05,0.23524032357194372,0.7166464383082157,0.7166464383082157,19.13798802252655,K32_R20_local
both_clean,81.78876647040474,83.19103553315256,True,0.1198864,14.985800000000001,142.05,0.25265686267966264,0.7340629774159346,0.7340629774159346,12.996144931203453,K32_R20_local
ecg_missing,97.0470480886041,96.98275862068967,True,0.1198864,14.985800000000001,142.05,0.267623097655961,0.749029212392233,0.749029212392233,16.602736364997085,K32_R20_local
ecg_degraded,88.38674056076323,89.75465230345283,True,0.1198864,14.985800000000001,142.05,0.14264006274411248,0.6240461774803845,0.6240461774803845,17.414351449215527,K32_R20_local
ppg_missing,108.36587385096671,108.45383759733039,True,0.1198864,14.985800000000001,142.05,0.2346581013389122,0.7160642160751842,0.7160642160751842,18.50779687221045,K32_R20_local
ecg_missing,78.4861354137895,78.48837209302326,True,0.1198864,14.985800000000001,142.05,0.26790087915794764,0.7493069938942196,0.7493069938942196,18.055146224723966,K32_R20_local
both_clean,101.19191333853092,101.18198031953582,True,0.1198864,14.985800000000001,142.05,0.24859293580766176,0.7299990505439338,0.7299990505439338,17.15452660591423,K32_R20_local
ppg_missing,99.30905531371005,99.22822491730983,True,0.1198864,14.985800000000001,142.05,0.23354803713193553,0.7149541518682075,0.7149541518682075,16.708101352898844,K32_R20_local
ecg_missing,85.20264939710209,85.22727272727273,True,0.1198864,14.985800000000001,142.05,0.26853068870027846,0.7499368034365504,0.7499368034365504,18.341580650278118,K32_R20_local
both_degraded,80.38052908434932,80.22240339433694,True,0.1198864,14.985800000000001,142.05,0.0667824580154325,0.5481885727517045,0.5481885727517045,19.143353752832034,K32_R20_local
both_degraded,75.8102126349273,81.69303130056723,True,0.1198864,14.985800000000001,142.05,0.1296146722518349,0.6110207869881069,0.6110207869881069,16.408695707875513,K32_R20_local
both_clean,88.76222333409844,90.25545629998713,True,0.1198864,14.985800000000001,142.05,0.25339460737702874,0.7348007221133007,0.7348007221133007,18.427105472191844,K32_R20_local
ecg_missing,61.750388332119115,61.692126909518215,True,0.1198864,14.985800000000001,142.05,0.2682402574962612,0.7496463722325332,0.7496463722325332,18.251398515171243,K32_R20_local
ppg_degraded,76.35143375345483,79.75565971519845,True,0.1198864,14.985800000000001,142.05,0.13717230065199773,0.6185784153882697,0.6185784153882697,18.51879844820209,K32_R20_local
ppg_missing,88.82476622767993,88.80516684607105,True,0.1198864,14.985800000000001,142.05,0.24517987747584094,0.726585992212113,0.726585992212113,15.039636227628188,K32_R20_local
ecg_missing,68.44219170233661,104.7256724844695,False,0.1198864,14.985800000000001,142.05,-0.4187777569422464,0.7495397017978361,0.0626283577940256,6.556152094910405,K32_R20_local
ppg_degraded,63.002944464799526,81.8190760838698,True,0.1198864,14.985800000000001,142.05,0.03614173414771608,0.5175478488839881,0.5175478488839881,16.26551131550263,K32_R20_local
both_clean,56.38060697525785,57.42690488631234,True,0.1198864,14.985800000000001,142.05,0.26473142996829596,0.746137544704568,0.746137544704568,18.00072754999211,K32_R20_local
ppg_missing,98.27088219296822,99.28716904276988,True,0.1198864,14.985800000000001,142.05,0.2423941010745069,0.7238002158107789,0.7238002158107789,16.813692263699423,K32_R20_local
ppg_missing,102.54374821370014,79.53340402969248,False,0.1198864,14.985800000000001,142.05,-0.48140560352505596,0.7244771862861383,5.112112160302546e-07,5.97454704365407,K32_R20_local
ppg_degraded,100.03955943564415,77.06785632874642,False,0.1198864,14.985800000000001,142.05,-0.481406114718447,0.738191943901601,1.7824957771379362e-11,5.696189393002329,K32_R20_local
ecg_degraded,92.39050684901164,92.38521836506159,True,0.1198864,14.985800000000001,142.05,0.18934126214032646,0.6707473768765985,0.6707473768765985,19.542925044295888,K32_R20_local
ppg_missing,86.27674210911854,86.20689655172416,True,0.1198864,14.985800000000001,142.05,0.2564123531917257,0.7378344127535872,0.7378184679279977,7.614177536050031,K32_R20_local
ppg_degraded,53.475790621157024,74.7141685828409,False,0.1198864,14.985800000000001,142.05,-0.4814060738687016,0.6223219394524945,4.086757036316969e-08,5.901509737349931,K32_R20_local
ecg_missing,102.84348363197233,102.85714285714289,True,0.1198864,14.985800000000001,142.05,0.26735808401083033,0.7487641987471023,0.7487641987471023,16.14010228988975,K32_R20_local
ppg_degraded,78.41187577733062,78.36990595611287,True,0.1198864,14.985800000000001,142.05,0.22772265562114982,0.7091287703574218,0.7091287703574218,17.19858613190929,K32_R20_local
ecg_degraded,91.1938695444448,91.91394063490098,True,0.1198864,14.985800000000001,142.05,0.14093972172934346,0.6223458364656155,0.6223458364656155,18.41122136778658,K32_R20_local
both_degraded,57.26409385258379,110.41565772178922,True,0.1198864,14.985800000000001,142.05,-0.09046642544137692,0.3909396892948951,0.3909396892948951,16.074892426741933,K32_R20_local
ecg_missing,94.74517061392861,94.71871412169921,True,0.1198864,14.985800000000001,142.05,0.26753090976017374,0.7489370244964457,0.7489370244964457,18.27418388365115,K32_R20_local
ppg_degraded,58.8115779032927,77.67766957141947,True,0.1198864,14.985800000000001,142.05,0.02822172057094766,0.5096278353072197,0.5096278353072197,20.584328334519753,K32_R20_local
ppg_degraded,107.5036054032485,107.6918547794203,True,0.1198864,14.985800000000001,142.05,0.14178287676417847,0.6231889915004505,0.6231889915004505,18.027417708826267,K32_R20_local
both_clean,92.63880554315608,92.69662921348315,True,0.1198864,14.985800000000001,142.05,0.25855900368211443,0.7399651184183864,0.7399651184183864,17.316263463111024,K32_R20_local
ppg_degraded,81.8378219644857,81.83460297010829,True,0.1198864,14.985800000000001,142.05,0.22255488896196565,0.7039610036982377,0.7039610036982377,13.367798892137895,K32_R20_local
ppg_degraded,89.19747568009959,89.5645910046079,True,0.1198864,14.985800000000001,142.05,0.21702082048219765,0.6984269352184697,0.6984269352184697,18.098553962318046,K32_R20_local
ppg_missing,63.78859340301903,63.76195536663125,True,0.1198864,14.985800000000001,142.05,0.25530817162155445,0.7367142863578264,0.7367142863578264,16.757921337833512,K32_R20_local
ecg_degraded,79.94405396983339,81.47316443423213,True,0.1198864,14.985800000000001,142.05,0.18103353569083805,0.6624396504271101,0.6624396504271101,18.952641904628354,K32_R20_local
both_degraded,55.16558235725349,110.36049448725977,True,0.1198864,14.985800000000001,142.05,-0.08255349307651824,0.39885262165975377,0.39885262165975377,19.48232911329081,K32_R20_local
ecg_degraded,66.77206228621868,68.44670096805369,True,0.1198864,14.985800000000001,142.05,0.1844367856598739,0.6658429003961459,0.6658429003961459,16.94444685261197,K32_R20_local
ppg_degraded,67.12859350845062,74.08561240990426,True,0.1198864,14.985800000000001,142.05,0.10291692896452778,0.5843230437007998,0.5843230437007998,16.821310710725268,K32_R20_local
both_clean,59.907976280842874,59.93150684931506,True,0.1198864,14.985800000000001,142.05,0.2638909500223437,0.7452970647586157,0.7452970647586157,18.23415563650039,K32_R20_local
ppg_degraded,74.96609598062184,75.54292755691053,True,0.1198864,14.985800000000001,142.05,0.23008144812038958,0.7114875628566616,0.7114875628566616,15.21551370786326,K32_R20_local
both_clean,53.79400811394663,81.47495223898446,False,0.1198864,14.985800000000001,142.05,-0.09030232207328728,0.7461660289191983,0.39110379266298473,6.816924231269332,K32_R20_local
ecg_missing,51.54683181787245,54.47941888619854,True,0.1198864,14.985800000000001,142.05,0.26836960903857615,0.7497757240210465,0.7497757237748481,8.07358180702542,K32_R20_local
both_degraded,69.95940435821207,72.93427394870491,True,0.1198864,14.985800000000001,142.05,-0.030655105031200693,0.4507510097050713,0.4507510097050713,15.397066651318566,K32_R20_local
both_clean,109.48532489230897,110.05445695600868,True,0.1198864,14.985800000000001,142.05,0.25121479349300496,0.732620908229277,0.732620908229277,16.90387427337019,K32_R20_local
ppg_missing,93.62337149352038,93.65244536940688,True,0.1198864,14.985800000000001,142.05,0.24170236883528942,0.7231084835715614,0.7231084835715614,17.258297046675963,K32_R20_local
both_degraded,75.66383819824892,81.85537801783475,True,0.1198864,14.985800000000001,142.05,-0.03277229585478871,0.4486338188814833,0.4486338188814833,18.164483318182377,K32_R20_local
ecg_missing,61.96307695858539,61.98347107438017,True,0.1198864,14.985800000000001,142.05,0.26856103486693234,0.7499671496032043,0.7499671496032043,16.402381517518048,K32_R20_local
ecg_degraded,57.292948608265405,77.57605716106445,True,0.1198864,14.985800000000001,142.05,0.04609210126227729,0.5274982159985493,0.5274982159985493,17.22811419701377,K32_R20_local
ecg_missing,74.99049168776186,63.76195536663125,False,0.1198864,14.985800000000001,142.05,-0.4785989551129138,0.7499918897373448,0.002807159623358206,6.33151167491998,K32_R20_local
ppg_degraded,89.20287930865743,89.81335623681119,True,0.1198864,14.985800000000001,142.05,0.16226497468306125,0.6436710894193333,0.6436710894193333,19.17136790287518,K32_R20_local
both_degraded,99.56721413534797,99.59141981613894,True,0.1198864,14.985800000000001,142.05,0.17645855125529133,0.6578646659915633,0.6578646659915633,17.09193588134815,K32_R20_local
both_degraded,77.74769380178607,81.37595289111066,True,0.1198864,14.985800000000001,142.05,0.005377586672975699,0.4867837014092477,0.4867837014092477,17.80818106527246,K32_R20_local
ecg_missing,101.11147945672788,101.12359550561801,True,0.1198864,14.985800000000001,142.05,0.2675930539919082,0.7489991687281802,0.7489991687281802,18.127875251545746,K32_R20_local
ecg_missing,98.67770518546472,98.68421052631581,True,0.1198864,14.985800000000001,142.05,0.26858996413489894,0.7499960788711709,0.7499960788711709,18.183522578624206,K32_R20_local
ecg_missing,100.97791020472731,101.01010101010104,True,0.1198864,14.985800000000001,142.05,0.26755059459040315,0.7489567093266751,0.7489567093266751,18.15224743431866,K32_R20_local
ppg_missing,69.91526209182878,69.93006993006993,True,0.1198864,14.985800000000001,142.05,0.25343605056987367,0.7348421653061457,0.7348421653061457,18.02473430676415,K32_R20_local
both_clean,78.01962200155876,78.00374993086314,True,0.1198864,14.985800000000001,142.05,0.25283790083353547,0.738360447422451,0.7342440155698075,7.294009285080363,K32_R20_local
ecg_degraded,59.61667847085474,81.47495223898446,True,0.1198864,14.985800000000001,142.05,0.04346699892488074,0.5249613730902543,0.5248731136611527,7.508261466843434,K32_R20_local
ecg_degraded,85.07368698805331,85.13931888544893,True,0.1198864,14.985800000000001,142.05,0.1412157875506699,0.6226219022869419,0.6226219022869419,20.006131843594634,K32_R20_local
both_degraded,52.542111995353245,104.32521854829619,True,0.1198864,14.985800000000001,142.05,-0.05384352250893872,0.4275625922273333,0.4275625922273333,17.288705821109048,K32_R20_local
ecg_degraded,78.17075143505386,78.17174914750474,True,0.1198864,14.985800000000001,142.05,0.1856695878498469,0.6670757025861189,0.6670757025861189,18.919568587003994,K32_R20_local
ppg_missing,59.81647009821869,59.79498861047836,True,0.1198864,14.985800000000001,142.05,0.2556990507940787,0.7371051655303507,0.7371051655303507,19.039199066970536,K32_R20_local
ecg_missing,78.6622959256571,78.69884575026234,True,0.1198864,14.985800000000001,142.05,0.2679901183021714,0.7493962714772039,0.7493962330384434,7.881414066176281,K32_R20_local
ppg_missing,60.87671320798333,61.91950464396285,True,0.1198864,14.985800000000001,142.05,0.25339431023966213,0.7348004249759341,0.7348004249759341,16.259934629225718,K32_R20_local
ppg_missing,50.09026774167785,52.26480836236933,True,0.1198864,14.985800000000001,142.05,0.2609927580779015,0.7423988728141735,0.7423988728141735,17.713318032953293,K32_R20_local
both_degraded,75.30536805920377,78.25700206730414,True,0.1198864,14.985800000000001,142.05,0.10050638522370584,0.5819124999599778,0.5819124999599778,18.755766624129617,K32_R20_local
ecg_degraded,75.695914333043,78.7878108412857,True,0.1198864,14.985800000000001,142.05,0.12372307086161008,0.6051291855978821,0.6051291855978821,18.03573725869567,K32_R20_local
ecg_degraded,82.46607847267225,84.6513696864496,True,0.1198864,14.985800000000001,142.05,0.19024971306659647,0.6716558278028685,0.6716558278028685,17.764044582370534,K32_R20_local
both_degraded,57.47928840760106,111.42094739760802,True,0.1198864,14.985800000000001,142.05,-0.126105572123805,0.355300542612467,0.355300542612467,19.5476648459273,K32_R20_local
ppg_degraded,79.89616845280784,80.51868477263993,True,0.1198864,14.985800000000001,142.05,0.1407283820545653,0.7261431233204166,0.6221344967908373,7.0058019774453655,K32_R20_local
ppg_degraded,67.98038402209885,69.64579207375138,True,0.1198864,14.985800000000001,142.05,0.24758667761009603,0.728992792346368,0.728992792346368,15.317601680503186,K32_R20_local
both_degraded,54.88319759521259,104.34448875621176,True,0.1198864,14.985800000000001,142.05,-0.09533784556303684,0.38606826917323517,0.38606826917323517,17.73957520574492,K32_R20_local
ppg_missing,74.61241485195842,74.66814159292035,True,0.1198864,14.985800000000001,142.05,0.2542739497043854,0.7356800644406574,0.7356800644406574,19.225999296683767,K32_R20_local
ecg_degraded,90.0116320364676,91.8121342596405,True,0.1198864,14.985800000000001,142.05,0.18705109250575516,0.6684572072420272,0.6684572072420272,15.136694547801026,K32_R20_local
ppg_degraded,68.1696463166624,70.7286858966194,True,0.1198864,14.985800000000001,142.05,0.1792059412279612,0.6606120559642332,0.6606120559642332,19.28878366971474,K32_R20_local
ecg_missing,92.80599373441198,92.80089988751408,True,0.1198864,14.985800000000001,142.05,0.267680833768752,0.7490883069151277,0.749086948505024,7.730276973370081,K32_R20_local
ppg_missing,97.3262684089193,62.89308176100629,False,0.1198864,14.985800000000001,142.05,-0.3387556910676665,0.7125674189498652,0.14265042366860545,6.652578019660149,K32_R20_local
ppg_degraded,50.84100552152224,69.86224444383774,True,0.1198864,14.985800000000001,142.05,0.05747045081253203,0.538876565548804,0.538876565548804,19.5346259198541,K32_R20_local
ecg_degraded,62.93338636469588,80.38008185157634,True,0.1198864,14.985800000000001,142.05,0.06899444072354513,0.5504005554598171,0.5504005554598171,17.854858831018973,K32_R20_local
ppg_missing,67.01870681538081,68.94790602655772,True,0.1198864,14.985800000000001,142.05,0.24877286096295684,0.7301914536257923,0.7301789756992288,7.6256688208343535,K32_R20_local
both_clean,85.53807926832594,85.51881413911062,True,0.1198864,14.985800000000001,142.05,0.2582162414575017,0.7396223561937737,0.7396223561937737,17.92066588172556,K32_R20_local
both_clean,79.21806388091665,79.82736511668716,True,0.1198864,14.985800000000001,142.05,0.2578603455515624,0.7392664602878344,0.7392664602878344,16.51579817368704,K32_R20_local
both_degraded,84.08409953174856,87.53205686041599,True,0.1198864,14.985800000000001,142.05,-0.08039998255440525,0.40100613218186676,0.40100613218186676,19.277113817767034,K32_R20_local
ppg_degraded,54.42796547850157,71.10991321247313,True,0.1198864,14.985800000000001,142.05,0.04908217931014517,0.5304882940464172,0.5304882940464172,18.294425952913883,K32_R20_local
ppg_missing,67.22666681871897,67.18924972004478,True,0.1198864,14.985800000000001,142.05,0.25387083031451035,0.7352769450507823,0.7352769450507823,20.76763384922673,K32_R20_local
both_clean,59.64793890629953,95.33300150324432,False,0.1198864,14.985800000000001,142.05,-0.463022041398445,0.7438583230257493,0.018384073337826965,6.453791825277958,K32_R20_local
both_clean,94.75971911694714,95.33300150324432,True,0.1198864,14.985800000000001,142.05,0.25283121355151356,0.7349591116128534,0.7342373282877855,7.4070635137801375,K32_R20_local
ecg_degraded,91.00883847035009,91.96983767458104,True,0.1198864,14.985800000000001,142.05,0.23436836098576966,0.7157744757220417,0.7157744757220417,17.349464805234994,K32_R20_local
both_degraded,68.29323601429111,76.95800037151677,False,0.1198864,14.985800000000001,142.05,-0.4814025049729953,0.37673552059440446,3.6097632766704748e-06,6.063966653889175,K32_R20_local
both_clean,102.56997563943787,102.5744061070728,True,0.1198864,14.985800000000001,142.05,0.2487302119563746,0.7301363266926466,0.7301363266926466,18.14517730960846,K32_R20_local
ecg_missing,58.13756561418017,58.13953488372093,True,0.1198864,14.985800000000001,142.05,0.26859353695619265,0.7499996516924646,0.7499996516924646,19.169651425130656,K32_R20_local
ppg_degraded,51.06924287147994,71.79008053867875,True,0.1198864,14.985800000000001,142.05,0.07014172728981652,0.5515478420260885,0.5515478420260885,17.48806985834356,K32_R20_local
ecg_missing,72.4014649094861,72.42489270386267,True,0.1198864,14.985800000000001,142.05,0.26804622101724346,0.7494523357535154,0.7494523357535154,17.173483648051743,K32_R20_local
both_clean,90.10709938728384,90.16393442622952,True,0.1198864,14.985800000000001,142.05,0.25694933714296525,0.7383554518792372,0.7383554518792372,17.761168957799573,K32_R20_local
ppg_missing,106.77035048329952,106.70731707317071,True,0.1198864,14.985800000000001,142.05,0.2346427018273908,0.7160488165636628,0.7160488165636628,20.190863790218366,K32_R20_local
both_clean,80.51870795451306,80.55853920515575,True,0.1198864,14.985800000000001,142.05,-0.1988796271214631,0.7413880857112191,0.2825264876148089,6.7501572910152925,K32_R20_local
both_clean,58.18924610923995,59.56346740639837,True,0.1198864,14.985800000000001,142.05,0.2599610065781543,0.7413671213144263,0.7413671213144263,19.438863218252575,K32_R20_local
ecg_degraded,85.84211020007277,85.86800351866434,True,0.1198864,14.985800000000001,142.05,0.1916633009745037,0.6730694157107757,0.6730694157107757,16.286306953505658,K32_R20_local
both_degraded,51.008326175457654,103.48620921216495,True,0.1198864,14.985800000000001,142.05,-0.05855124426203453,0.42470587126335235,0.4228548704742375,7.311103008452924,K32_R20_local
ppg_missing,99.08252898659495,99.00990099009901,True,0.1198864,14.985800000000001,142.05,0.23697654860108622,0.7183826633373582,0.7183826633373582,20.521152291247237,K32_R20_local
ppg_degraded,69.34560506430068,71.73424533215298,True,0.1198864,14.985800000000001,142.05,0.2517894606075372,0.7331955753438092,0.7331955753438092,19.146027786561323,K32_R20_local
both_clean,56.11010603500788,56.10972568578553,True,0.1198864,14.985800000000001,142.05,0.2644260180394589,0.7458321327757309,0.7458321327757309,18.7244124948353,K32_R20_local
ppg_missing,58.95754563788721,58.92255892255893,True,0.1198864,14.985800000000001,142.05,0.2541312711997206,0.7355373859359926,0.7355373859359926,21.0169422834718,K32_R20_local
both_degraded,99.71805525219814,78.00374993086314,False,0.1198864,14.985800000000001,142.05,-0.48063179113856314,0.43526495396675874,0.0007743235977088508,6.290596252136239,K32_R20_local
both_degraded,104.38558694741513,52.14368482039397,False,0.1198864,14.985800000000001,142.05,-0.42904349996458446,0.5138044561400845,0.052362614771687514,6.575791807809759,K32_R20_local
both_clean,61.072816986463835,61.0822772601814,True,0.1198864,14.985800000000001,142.05,0.2631149777488799,0.7445210924851519,0.7445210924851519,17.916474435023233,K32_R20_local
both_degraded,109.88491719835787,107.83131321708426,False,0.1198864,14.985800000000001,142.05,-0.48140611473320416,0.5142115999866326,3.0678495915927203e-12,5.6642927450473595,K32_R20_local
ecg_missing,101.61811771624127,101.5801354401806,True,0.1198864,14.985800000000001,142.05,0.26765187928238116,0.7490579940186531,0.7490579940186531,17.890880070452297,K32_R20_local
ecg_degraded,69.76265658558788,72.66797965756027,True,0.1198864,14.985800000000001,142.05,0.1720786657160859,0.6534847804523579,0.6534847804523579,16.126902993582032,K32_R20_local
ecg_degraded,53.067346949820454,90.65571890326396,False,0.1198864,14.985800000000001,142.05,-0.48140072835016784,0.5335553359714441,5.38638610416605e-06,6.065876494697015,K32_R20_local
ppg_missing,59.07412969299688,59.05511811023622,True,0.1198864,14.985800000000001,142.05,0.2678954083664648,0.7493015231027368,0.7493015231027368,18.754874368391988,K32_R20_local
ecg_degraded,76.18542643967152,77.58639187156211,True,0.1198864,14.985800000000001,142.05,0.18242327822213725,0.6638293929584093,0.6638293929584093,17.48957601685077,K32_R20_local
both_clean,62.330915326487684,89.14038678079451,False,0.1198864,14.985800000000001,142.05,-0.481406114736272,0.737905492756905,2.0973835335260136e-28,5.037287045328899,K32_R20_local
ecg_degraded,60.91655492433519,78.25256501445558,True,0.1198864,14.985800000000001,142.05,0.037798778333217244,0.5192048930694892,0.5192048930694892,18.102380532731594,K32_R20_local
ecg_missing,66.36311233364611,66.3716814159292,True,0.1198864,14.985800000000001,142.05,0.2685872436797488,0.7499933584160208,0.7499933584160208,19.53727468546727,K32_R20_local
ppg_degraded,102.65826148722341,103.26839222717446,True,0.1198864,14.985800000000001,142.05,0.2200641460815103,0.7014702608177823,0.7014702608177823,19.119385247281574,K32_R20_local
ecg_degraded,52.18693782688468,69.24287853879838,True,0.1198864,14.985800000000001,142.05,0.06208937191543099,0.543495486651703,0.543495486651703,17.922828691548467,K32_R20_local
ecg_degraded,105.34748327171553,105.82565975938103,True,0.1198864,14.985800000000001,142.05,0.15878298938701377,0.6401891041232858,0.6401891041232858,19.93642851735723,K32_R20_local
ecg_missing,76.95564013817535,76.87927107061503,True,0.1198864,14.985800000000001,142.05,0.26790316416143406,0.749309278897706,0.749309278897706,18.539029094403347,K32_R20_local
ecg_missing,94.279827774952,94.2857142857143,True,0.1198864,14.985800000000001,142.05,0.26767242732531044,0.7490785420615824,0.7490785420615824,20.558838993573794,K32_R20_local
ecg_degraded,80.71606840468928,80.73196986006458,True,0.1198864,14.985800000000001,142.05,0.18986258369526668,0.6712686984315387,0.6712686984315387,18.76797875297857,K32_R20_local
ppg_degraded,106.7237970225732,107.12147558761778,True,0.1198864,14.985800000000001,142.05,0.21563724644875484,0.6970433611850269,0.6970433611850269,18.93906404081035,K32_R20_local
ecg_missing,60.87747540268718,63.42494714587738,True,0.1198864,14.985800000000001,142.05,0.2682827085575568,0.7496888232938288,0.7496888232938288,15.672841121521035,K32_R20_local
both_degraded,65.3176523574125,67.1744679375607,True,0.1198864,14.985800000000001,142.05,0.22070608034961717,0.7021121950858892,0.7021121950858892,17.20331073755401,K32_R20_local
ppg_degraded,80.49033644451005,80.47214289519779,True,0.1198864,14.985800000000001,142.05,0.24969553927460567,0.7311016540108777,0.7311016540108777,14.787189498337902,K32_R20_local
ecg_degraded,80.45668594257961,80.43811568680356,True,0.1198864,14.985800000000001,142.05,0.16446473873335368,0.6458708534696257,0.6458708534696257,17.768417157580178,K32_R20_local
ppg_degraded,69.8615783522871,71.09112402440914,True,0.1198864,14.985800000000001,142.05,0.24605423822000486,0.7274603529562769,0.7274603529562769,17.469715030783806,K32_R20_local
ppg_missing,68.31891887162232,68.31983805668015,True,0.1198864,14.985800000000001,142.05,0.2565678168302932,0.7379739315665652,0.7379739315665652,16.374068663496157,K32_R20_local
ecg_degraded,55.34834142322083,74.80778800337404,True,0.1198864,14.985800000000001,142.05,0.035762666788737775,0.5399735821608732,0.5171687815250098,7.1331304218129095,K32_R20_local
ppg_missing,80.13169790301589,80.12820512820514,True,0.1198864,14.985800000000001,142.05,0.24840022268010234,0.7298063374163744,0.7298063374163744,19.609601872189288,K32_R20_local
both_clean,99.83651865342149,99.88901220865706,True,0.1198864,14.985800000000001,142.05,0.2560048152020474,0.7374109299383194,0.7374109299383194,20.466903609113192,K32_R20_local
ppg_degraded,102.00906706850307,101.9334841315844,True,0.1198864,14.985800000000001,142.05,0.24027365932375325,0.7216797740600253,0.7216797740600253,17.3887060626993,K32_R20_local
both_degraded,74.88209538128737,79.97490306316723,True,0.1198864,14.985800000000001,142.05,0.06095851341123585,0.5423646281475079,0.5423646281475079,14.874777880031122,K32_R20_local
ppg_degraded,108.77397047426035,108.71157368251347,True,0.1198864,14.985800000000001,142.05,0.15824734398892706,0.6396534587251991,0.6396534587251991,14.187265306802225,K32_R20_local
ecg_degraded,108.01831436999447,107.97342192691028,True,0.1198864,14.985800000000001,142.05,0.18268863692464202,0.664094751660914,0.664094751660914,19.04495232072368,K32_R20_local
ppg_degraded,69.17056676470231,71.41738156315797,True,0.1198864,14.985800000000001,142.05,0.16927155336227587,0.6506776680985479,0.6506776680985479,16.56440607584102,K32_R20_local
ppg_degraded,56.99275337606344,71.59904534606206,False,0.1198864,14.985800000000001,142.05,-0.48140606154686527,0.5187065498942343,5.318940673937244e-08,5.914707867277054,K32_R20_local
ecg_missing,100.14431284687379,101.80995475113127,False,0.1198864,14.985800000000001,142.05,-0.481406114736272,0.7490995713713037,1.5826132113131113e-47,4.547271131082918,K32_R20_local
both_degraded,106.44359750977972,106.50759412879015,True,0.1198864,14.985800000000001,142.05,0.16682696653463472,0.6482330812709067,0.6482330812709067,17.464824626614693,K32_R20_local
ecg_missing,88.94932044864716,88.99676375404532,True,0.1198864,14.985800000000001,142.05,0.2677707808890584,0.7491768956253304,0.7491768956253304,19.137964235100455,K32_R20_local
ppg_degraded,107.86339523761066,107.9136690647482,True,0.1198864,14.985800000000001,142.05,0.24041526669894234,0.7218213814352143,0.7218213814352143,18.034672583458352,K32_R20_local
ppg_degraded,78.65226746206368,79.26022160916736,True,0.1198864,14.985800000000001,142.05,0.22002079605364536,0.7042630097373909,0.7014269107899174,7.316506261729756,K32_R20_local
ppg_degraded,81.42864338197336,83.68903189077614,True,0.1198864,14.985800000000001,142.05,-0.2687609289596464,0.6422648771051074,0.21264518577662558,6.725667617873169,K32_R20_local
ppg_missing,54.44543611569015,56.4516129032258,True,0.1198864,14.985800000000001,142.05,0.2617009576970703,0.7431070724333423,0.7431070724333423,20.399710877650122,K32_R20_local
ecg_degraded,72.1988850499597,78.45399994117706,True,0.1198864,14.985800000000001,142.05,0.1259666757152105,0.6073727904514825,0.6073727904514825,19.49580487259684,K32_R20_local
ecg_degraded,105.47677081471893,105.46569741796311,True,0.1198864,14.985800000000001,142.05,0.22931700677586112,0.7107231215121331,0.7107231215121331,17.462768576178632,K32_R20_local
ppg_missing,56.197001191056614,56.20985010706638,True,0.1198864,14.985800000000001,142.05,0.2569150539590584,0.7383211686953304,0.7383211686953304,16.62748330332059,K32_R20_local
ecg_degraded,58.24913816218221,77.24964189413149,True,0.1198864,14.985800000000001,142.05,0.04193174010236681,0.5233378548386388,0.5233378548386388,18.532817306465223,K32_R20_local
both_degraded,51.98499576689116,83.07454597048233,True,0.1198864,14.985800000000001,142.05,-0.06954613555029418,0.4176516785749782,0.41185997918597783,7.226757743983135,K32_R20_local
ecg_degraded,79.74296009171456,80.28497243414667,True,0.1198864,14.985800000000001,142.05,0.24304025347151906,0.7244463682077911,0.7244463682077911,18.17002702130642,K32_R20_local
both_degraded,86.20748587117457,86.25255171970348,True,0.1198864,14.985800000000001,142.05,0.23646241115428748,0.7178685258905595,0.7178685258905595,18.849972580299664,K32_R20_local
both_clean,81.95016840233579,83.28839164181736,True,0.1198864,14.985800000000001,142.05,0.2500882071523374,0.7314943218886094,0.7314943218886094,19.566846371618652,K32_R20_local
both_clean,102.73990040385581,102.73972602739728,True,0.1198864,14.985800000000001,142.05,0.26859383475303683,0.7499999494893088,0.7499999494893088,19.912897851793236,K32_R20_local
both_degraded,90.83655483040957,82.15081217277536,False,0.1198864,14.985800000000001,142.05,-0.48140606670614366,0.5072487915729741,4.8030128330730025e-08,5.9123315354435,K32_R20_local
ecg_missing,88.21670902869944,88.23529411764707,True,0.1198864,14.985800000000001,142.05,0.2685586415714573,0.7499647563077293,0.7499647563077293,15.852039327837051,K32_R20_local
ecg_missing,86.16261484813134,69.99874385404044,False,0.1198864,14.985800000000001,142.05,-0.48138561947959796,0.748458842247,2.0495256673999772e-05,6.103443662810022,K32_R20_local
ppg_degraded,80.35702052495682,81.51211285822698,True,0.1198864,14.985800000000001,142.05,0.19544926107317187,0.6768553758094439,0.6768553758094439,17.930835369397933,K32_R20_local
both_degraded,54.47686702301346,82.56778725367205,True,0.1198864,14.985800000000001,142.05,-0.04771368339273504,0.43369243134353697,0.43369243134353697,16.97927366036596,K32_R20_local
ppg_missing,55.840867556786414,55.851063829787236,True,0.1198864,14.985800000000001,142.05,0.26033990671453894,0.7417460214508109,0.7417460214508109,18.160515026734515,K32_R20_local
ecg_degraded,88.64553614914735,89.58900834322192,True,0.1198864,14.985800000000001,142.05,0.2361994651867502,0.7176055799230222,0.7176055799230222,19.375631853571182,K32_R20_local
both_clean,62.71319060564995,62.72401433691757,True,0.1198864,14.985800000000001,142.05,0.26253691738849044,0.744056078693506,0.7439430321247624,7.513751049726308,K32_R20_local
both_clean,74.92341003567527,76.84111803510352,True,0.1198864,14.985800000000001,142.05,0.25678373462059895,0.7381898493568709,0.7381898493568709,18.117248468263714,K32_R20_local
ppg_missing,88.84110514563592,99.21580417224972,False,0.1198864,14.985800000000001,142.05,-0.43349014351194604,0.7224920193374247,0.04791597122432596,6.534562666925114,K32_R20_local
ecg_degraded,85.98387308590907,88.09764642711356,True,0.1198864,14.985800000000001,142.05,0.125776600353294,0.607182715089566,0.607182715089566,19.111122265381866,K32_R20_local
both_degraded,64.65771978858496,108.49512176131462,True,0.1198864,14.985800000000001,142.05,-0.12470076458159027,0.376259415026123,0.35670535015468174,7.11377794744394,K32_R20_local
ppg_degraded,66.0382811355897,73.71813129921856,True,0.1198864,14.985800000000001,142.05,0.12525986175436046,0.6066659764906325,0.6066659764906325,16.3926557735588,K32_R20_local
both_degraded,58.43477786129022,113.1269397477774,True,0.1198864,14.985800000000001,142.05,-0.1337295094578245,0.3476766052784475,0.3476766052784475,16.416523653742317,K32_R20_local
both_clean,89.75034066839646,90.69597912409458,True,0.1198864,14.985800000000001,142.05,0.25311726746683477,0.7345233822031068,0.7345233822031068,17.877950491973632,K32_R20_local
ecg_missing,93.17837206808582,93.11512415349888,True,0.1198864,14.985800000000001,142.05,0.26785916339994215,0.7492652977069298,0.7492652781362141,7.9083835359324794,K32_R20_local
ppg_missing,57.91618800897866,57.94701986754967,True,0.1198864,14.985800000000001,142.05,0.2602416047164881,0.7416477194527601,0.7416477194527601,18.33319350374864,K32_R20_local
ecg_missing,66.24427753944529,66.2251655629139,True,0.1198864,14.985800000000001,142.05,0.26805421826714243,0.7494603330034144,0.7494603330034144,16.791964056212013,K32_R20_local
both_clean,58.92274311153567,58.92255892255893,True,0.1198864,14.985800000000001,142.05,0.2628269746539487,0.7442330893902207,0.7442330893902207,18.947389846131056,K32_R20_local
both_clean,86.72878477181106,86.70576684205284,True,0.1198864,14.985800000000001,142.05,0.25906541659298427,0.7404715313292562,0.7404715313292562,17.30706082101456,K32_R20_local
both_degraded,67.76680105518392,70.22524903422038,True,0.1198864,14.985800000000001,142.05,0.07820526303532618,0.5596113777715982,0.5596113777715982,19.349673083979187,K32_R20_local
ppg_degraded,102.18971995749715,102.06502616019662,True,0.1198864,14.985800000000001,142.05,0.1572312833333334,0.6386373980696054,0.6386373980696054,19.201796536266897,K32_R20_local
both_degraded,65.97401869177213,84.32035383103424,True,0.1198864,14.985800000000001,142.05,0.00036668767768785997,0.48177280241395987,0.48177280241395987,17.712334631473993,K32_R20_local
ecg_degraded,88.66131100410041,88.61439312567133,True,0.1198864,14.985800000000001,142.05,0.23724953330077894,0.718655648037051,0.718655648037051,16.448579412989062,K32_R20_local
both_clean,88.16218756422393,70.2576112412178,False,0.1198864,14.985800000000001,142.05,-0.48140611473627193,0.7292337270004726,4.445528892997132e-17,5.434454005889437,K32_R20_local
both_clean,106.51106098729304,106.497862045338,True,0.1198864,14.985800000000001,142.05,0.2503975502124602,0.7318036649487322,0.7318036649487322,19.915799970395494,K32_R20_local
ppg_degraded,93.37478911227824,91.16751336488514,False,0.1198864,14.985800000000001,142.05,-0.4813994482468446,0.7250851268562551,6.666489427399586e-06,6.062459921947909,K32_R20_local
both_degraded,105.98042345588274,107.23331458851384,True,0.1198864,14.985800000000001,142.05,0.13887341771216824,0.6202795324484403,0.6202795324484403,20.565222738603893,K32_R20_local
ecg_degraded,85.05770554295964,85.0515463917526,True,0.1198864,14.985800000000001,142.05,0.23762164946617295,0.719027764202445,0.719027764202445,18.101403339407454,K32_R20_local
ecg_missing,50.20703310102715,53.00353356890459,True,0.1198864,14.985800000000001,142.05,0.2683543518119091,0.7497604665481811,0.7497604665481811,18.51068675912586,K32_R20_local
both_degraded,69.58421073885518,76.45080347477797,True,0.1198864,14.985800000000001,142.05,-0.08475788019183159,0.3966482345444404,0.3966482345444404,17.904878660551898,K32_R20_local
ppg_degraded,94.43148232655984,94.48487004877155,True,0.1198864,14.985800000000001,142.05,0.19978401956810324,0.6811901343043752,0.6811901343043752,18.119869595579118,K32_R20_local
ppg_degraded,70.56202999876854,72.99689342227445,True,0.1198864,14.985800000000001,142.05,0.2208136909183022,0.7022198056545742,0.7022198056545742,19.530371916767578,K32_R20_local
ppg_degraded,89.47730629965429,89.246107345723,True,0.1198864,14.985800000000001,142.05,0.10983270657819935,0.7014062393723147,0.5912388213144714,6.994486087270621,K32_R20_local
ecg_degraded,57.053760014423624,76.09293706175983,True,0.1198864,14.985800000000001,142.05,0.05344690925331067,0.5348530239895827,0.5348530239895827,18.81333527041406,K32_R20_local
both_clean,88.79748312606279,88.80516684607105,True,0.1198864,14.985800000000001,142.05,0.25653090807385465,0.7379370228101266,0.7379370228101266,16.7573611316095,K32_R20_local
ecg_missing,73.10918519461688,75.84269662921349,True,0.1198864,14.985800000000001,142.05,0.26799181940926325,0.7493979341455352,0.7493979341455352,18.39439230184424,K32_R20_local
ppg_missing,106.76499600791621,107.91366906474818,True,0.1198864,14.985800000000001,142.05,0.23712048970667168,0.7185266044429437,0.7185266044429437,14.773448660725133,K32_R20_local
ppg_degraded,54.279949022931845,71.9648878776119,True,0.1198864,14.985800000000001,142.05,0.038774013494806726,0.5201801282310787,0.5201801282310787,14.984459623869164,K32_R20_local
both_degraded,71.63437809397675,77.1562547427999,True,0.1198864,14.985800000000001,142.05,0.20267547957639634,0.6840815943126684,0.6840815943126684,17.84483394822629,K32_R20_local
both_clean,96.04700710893408,96.0464823010564,True,0.1198864,14.985800000000001,142.05,0.25421580016576045,0.7356219791440093,0.7356219149020324,7.859817411061467,K32_R20_local
both_clean,73.53375429714028,73.52941176470588,True,0.1198864,14.985800000000001,142.05,0.2685653165496596,0.7499714312859316,0.7499714312859316,17.932471806703102,K32_R20_local
both_clean,77.74815180610085,77.76112733882593,True,0.1198864,14.985800000000001,142.05,0.25675176796998983,0.7381578827062618,0.7381578827062618,19.314612750201956,K32_R20_local
both_clean,70.06311219546407,70.05331972387057,True,0.1198864,14.985800000000001,142.05,0.2550056738005552,0.7364117885368272,0.7364117885368272,18.18819078054219,K32_R20_local
ecg_degraded,55.85202319854223,74.12184845624763,True,0.1198864,14.985800000000001,142.05,0.06272736555866856,0.5441334802949406,0.5441334802949406,16.162847306193783,K32_R20_local
ecg_missing,69.20823615498165,69.20415224913495,True,0.1198864,14.985800000000001,142.05,0.21999830534087575,0.7494569015928361,0.7014044200771478,7.093394572431571,K32_R20_local
ecg_degraded,102.59935247183043,103.66938086320003,True,0.1198864,14.985800000000001,142.05,0.13278408074609818,0.6141901954823702,0.6141901954823702,18.411238171784497,K32_R20_local
ppg_degraded,96.03865215833476,95.94882729211088,True,0.1198864,14.985800000000001,142.05,0.21655456758958927,0.7001093895495197,0.6979606823258613,7.33477778276333,K32_R20_local
both_degraded,68.58470659451868,72.05889834563266,True,0.1198864,14.985800000000001,142.05,0.14230934382940533,0.6237154585656773,0.6237154585656773,17.198740195770107,K32_R20_local
both_degraded,90.10906357096587,91.29999581870085,True,0.1198864,14.985800000000001,142.05,0.14339919288270866,0.6248053076189807,0.6248053076189807,15.585630436866145,K32_R20_local
ecg_missing,97.64009238106524,97.61388286334058,True,0.1198864,14.985800000000001,142.05,0.26764702687139824,0.7490531416076702,0.7490531416076702,18.055461297013245,K32_R20_local
both_clean,97.81778665380583,98.74262146508009,True,0.1198864,14.985800000000001,142.05,0.2508223134683027,0.7322284282045747,0.7322284282045747,17.853218517303954,K32_R20_local
ecg_degraded,53.31713873826164,72.09659873509653,True,0.1198864,14.985800000000001,142.05,0.05510131764138652,0.5365074323776585,0.5365074323776585,18.167404480507848,K32_R20_local
ppg_missing,59.845796725674155,61.7283950617284,True,0.1198864,14.985800000000001,142.05,0.25754034311157653,0.7389464578478485,0.7389464578478485,19.629858396926245,K32_R20_local
both_clean,107.3743198433952,107.37885462555062,True,0.1198864,14.985800000000001,142.05,0.25124376679414623,0.7326498815304182,0.7326498815304182,18.131657941647525,K32_R20_local
ppg_missing,66.79330676064666,66.74082313681869,True,0.1198864,14.985800000000001,142.05,0.2542506716953558,0.7356567864316278,0.7356567864316278,16.63118089156925,K32_R20_local
both_clean,96.71369889021943,96.72117615374123,True,0.1198864,14.985800000000001,142.05,0.25287967440890874,0.7342857891451807,0.7342857891451807,17.98350671078545,K32_R20_local
both_degraded,87.8218636138313,87.76595744680853,True,0.1198864,14.985800000000001,142.05,0.0989159823026681,0.5803220970389401,0.5803220970389401,20.21837533237574,K32_R20_local
ppg_missing,102.33216193137088,103.50318471337583,True,0.1198864,14.985800000000001,142.05,0.23921371612331357,0.7206198308595856,0.7206198308595856,16.497686856211057,K32_R20_local
both_clean,54.69061034558772,85.37437533019398,False,0.1198864,14.985800000000001,142.05,-0.48140609782802635,0.7465731204364017,1.6908245615829597e-08,5.870829385572113,K32_R20_local
ecg_missing,106.03838208990018,105.97826086956522,True,0.1198864,14.985800000000001,142.05,0.2674708388385683,0.7488769535748403,0.7488769535748403,16.901340106744392,K32_R20_local
both_clean,102.55782036540411,102.50569476082008,True,0.1198864,14.985800000000001,142.05,0.2509381609652476,0.7323442757015196,0.7323442757015196,14.690995235220774,K32_R20_local
both_degraded,64.30619842340124,103.78103482128003,True,0.1198864,14.985800000000001,142.05,-0.183979545353219,0.297426569383053,0.297426569383053,17.07326420040183,K32_R20_local
ecg_missing,92.65623057259208,92.68795056642638,True,0.1198864,14.985800000000001,142.05,0.2678642605650455,0.7492703753013175,0.7492703753013175,19.38716026368224,K32_R20_local
ppg_degraded,50.36074433736174,65.04390496254037,True,0.1198864,14.985800000000001,142.05,0.12602079618990172,0.6074269109261737,0.6074269109261737,17.502499420524423,K32_R20_local
both_degraded,101.92180804616149,101.93235387032354,True,0.1198864,14.985800000000001,142.05,0.07077679304669707,0.5521829077829691,0.5521829077829691,15.497343241206416,K32_R20_local
ecg_missing,74.87200873272779,77.31958762886597,True,0.1198864,14.985800000000001,142.05,0.2438349794440953,0.7492741268940668,0.7252410941803673,7.157742749771003,K32_R20_local
ppg_degraded,94.42946548163923,62.89308176100629,False,0.1198864,14.985800000000001,142.05,-0.4585320258166178,0.6968877853948547,0.022874088919654218,6.475416295736029,K32_R20_local
ecg_missing,97.70310070847063,97.71986970684041,True,0.1198864,14.985800000000001,142.05,0.26749689431188034,0.7489030090481523,0.7489030090481523,15.920586953422243,K32_R20_local
ppg_missing,51.595696011965856,51.60550458715596,True,0.1198864,14.985800000000001,142.05,0.2610100715346552,0.7424161862709272,0.7424161862709272,19.11047355233703,K32_R20_local
both_degraded,102.92584162490905,102.75204298088913,True,0.1198864,14.985800000000001,142.05,-0.06445984733114349,0.6241965726521043,0.4169462674051285,6.886428422841093,K32_R20_local
both_clean,56.29910052629629,56.30046030103895,True,0.1198864,14.985800000000001,142.05,0.2638640355091865,0.7452701502454585,0.7452701502454585,19.346491854037826,K32_R20_local
ppg_missing,59.29396435766788,59.32203389830509,True,0.1198864,14.985800000000001,142.05,0.25283077732819176,0.7342368920644637,0.7342368920644637,18.219177722587002,K32_R20_local
ecg_degraded,77.38118798331391,78.70874106710174,True,0.1198864,14.985800000000001,142.05,0.18242034789546238,0.6638264626317344,0.6638264626317344,18.62061742456131,K32_R20_local
ecg_missing,65.20687344604877,65.21739130434783,True,0.1198864,14.985800000000001,142.05,0.2685835661180101,0.7499896808542821,0.7499896808542821,18.08265349702356,K32_R20_local
both_degraded,88.88162613377051,88.77584284576979,True,0.1198864,14.985800000000001,142.05,0.0764184690527159,0.5578889886393082,0.5578245837889879,7.528488929005402,K32_R20_local
both_clean,61.433926335020246,61.98747399705359,True,0.1198864,14.985800000000001,142.05,-0.22463608512874642,0.7455216809607778,0.2567700296075256,6.732310833953407,K32_R20_local
both_degraded,87.37939165360885,87.39406779661019,True,0.1198864,14.985800000000001,142.05,0.130612484739303,0.6120193396591772,0.612018599475575,7.7482854674162125,K32_R20_local
both_degraded,95.69794099356955,83.07454597048233,False,0.1198864,14.985800000000001,142.05,-0.48140545495371995,0.660738372299833,6.597825520371221e-07,5.985835759344107,K32_R20_local
ecg_degraded,107.81762294161338,107.2348205450783,True,0.1198864,14.985800000000001,142.05,0.1387546123429261,0.6201607270791981,0.6201607270791981,18.69142686438076,K32_R20_local
ecg_degraded,73.9624030841348,77.96383084886028,True,0.1198864,14.985800000000001,142.05,0.13329675864296478,0.6147028733792368,0.6147028733792368,17.49938245972983,K32_R20_local
ppg_degraded,67.1601342928458,73.9392443997108,False,0.1198864,14.985800000000001,142.05,-0.48139592907218204,0.7226649489587199,1.0185664089936765e-05,6.078210320087765,K32_R20_local
ppg_missing,84.65708883512926,86.65966386554622,True,0.1198864,14.985800000000001,142.05,0.24672399940007997,0.7281383699109611,0.728130114136352,7.645480698223321,K32_R20_local
ppg_missing,89.07960359079341,89.09287257019439,True,0.1198864,14.985800000000001,142.05,0.2446653952243988,0.7260715099606708,0.7260715099606708,21.26274108910338,K32_R20_local
ecg_missing,105.38152005363085,105.40540540540543,True,0.1198864,14.985800000000001,142.05,0.26748915911901444,0.7488952738552864,0.7488952738552864,21.79249314552086,K32_R20_local
ecg_degraded,85.14163659451822,86.17789823737404,True,0.1198864,14.985800000000001,142.05,0.23614501472717245,0.7175511294634445,0.7175511294634445,17.209737455804582,K32_R20_local
ppg_degraded,76.30847670597475,78.32291092158904,True,0.1198864,14.985800000000001,142.05,0.1710627218651032,0.6524688366013752,0.6524688366013752,18.27731816712974,K32_R20_local
ecg_degraded,67.85717297831249,68.87497103563673,True,0.1198864,14.985800000000001,142.05,0.24016993898083575,0.7215760537171078,0.7215760537171078,19.738259764787617,K32_R20_local
ecg_missing,93.51249477579412,93.5374149659864,True,0.1198864,14.985800000000001,142.05,0.26777807833138884,0.7491841930676608,0.7491841930676608,16.6554711540909,K32_R20_local
both_degraded,88.25631466015273,88.1808854848417,True,0.1198864,14.985800000000001,142.05,-0.007589798397037406,0.4738163163392346,0.4738163163392346,18.848601230706826,K32_R20_local
ecg_missing,54.299686346380675,56.87973997833152,True,0.1198864,14.985800000000001,142.05,0.26827340592789334,0.7496795206641653,0.7496795206641653,16.721413311934676,K32_R20_local
ecg_degraded,67.95741146320873,69.72849340907042,True,0.1198864,14.985800000000001,142.05,0.24227644676772078,0.7236825615039928,0.7236825615039928,19.882882868421262,K32_R20_local
both_degraded,60.02936759550024,113.63673656639665,True,0.1198864,14.985800000000001,142.05,-0.12000480266756439,0.3614013120687076,0.3614013120687076,14.83615921493583,K32_R20_local
ppg_degraded,79.72679201512864,79.7872340425532,True,0.1198864,14.985800000000001,142.05,0.25309901197032564,0.7347167970628983,0.7345051267065976,7.4785360056355445,K32_R20_local
ppg_missing,72.86674470093891,74.91675915649279,True,0.1198864,14.985800000000001,142.05,0.2611023330700279,0.7425084478062999,0.7425084478062999,16.763958423048933,K32_R20_local
ecg_missing,59.5292950153936,59.523809523809526,True,0.1198864,14.985800000000001,142.05,0.2685913127923563,0.7499974275286283,0.7499974275286283,20.28472747322199,K32_R20_local
ecg_degraded,81.79449228900191,82.90684977742916,True,0.1198864,14.985800000000001,142.05,0.0684380209978365,0.7144645838862475,0.5498441357341085,6.943423791102386,K32_R20_local
ppg_missing,89.55833486034416,89.57654723127037,True,0.1198864,14.985800000000001,142.05,0.2456946420117573,0.7271007567480293,0.7271007567480293,18.030666842131623,K32_R20_local
ppg_degraded,70.4674801262884,73.88262265128175,True,0.1198864,14.985800000000001,142.05,0.21130518835135795,0.69271130308763,0.69271130308763,15.825439961739614,K32_R20_local
both_clean,100.0723527160041,100.11123470522806,True,0.1198864,14.985800000000001,142.05,0.25091921480636753,0.7323253295426395,0.7323253295426395,17.784212324388637,K32_R20_local
both_clean,56.09045478360268,56.089743589743584,True,0.1198864,14.985800000000001,142.05,0.2646751219483667,0.7460812366846387,0.7460812366846387,17.049346261440235,K32_R20_local
both_degraded,53.44733133371293,107.17003923694804,True,0.1198864,14.985800000000001,142.05,-0.09527616054624474,0.38612995419002727,0.38612995419002727,18.297572599264104,K32_R20_local
both_clean,92.44097624430827,92.43631387060113,True,0.1198864,14.985800000000001,142.05,0.2576726249508418,0.7390787396871138,0.7390787396871138,17.219719642759827,K32_R20_local
both_clean,83.79016556684596,80.38585209003216,False,0.1198864,14.985800000000001,142.05,-0.481406114736272,0.7410913869385181,8.117177609582647e-103,3.597868354961293,K32_R20_local
both_degraded,95.10731805635015,95.08781628966669,True,0.1198864,14.985800000000001,142.05,0.07676923795419002,0.558175352690462,0.558175352690462,17.06583683948998,K32_R20_local
ecg_degraded,106.08425998265147,106.09357997823723,True,0.1198864,14.985800000000001,142.05,0.23385999557765239,0.7152661103139244,0.7152661103139244,17.99606557436048,K32_R20_local
ppg_degraded,80.65708233052631,78.00374993086314,False,0.1198864,14.985800000000001,142.05,-0.481406114736272,0.7181534467139319,2.348507258258511e-33,4.8952063986727765,K32_R20_local
ppg_degraded,99.0216481077573,99.21580417224972,True,0.1198864,14.985800000000001,142.05,0.16155978795534412,0.642988305477479,0.6429659026916161,7.590432032416567,K32_R20_local
ecg_degraded,88.87382298110977,91.69495197540017,True,0.1198864,14.985800000000001,142.05,0.23758373821705928,0.7189898529533313,0.7189898529533313,17.83279007049247,K32_R20_local
both_clean,80.85287587388449,80.8189655172414,True,0.1198864,14.985800000000001,142.05,0.25877725614346186,0.7401833708797338,0.7401833708797338,16.98083341217888,K32_R20_local
both_degraded,80.19671233201177,81.59564052715814,True,0.1198864,14.985800000000001,142.05,0.18080848016993503,0.662810968792176,0.662214594906207,7.4123612244102,K32_R20_local
ecg_degraded,109.51617418211298,83.07454597048233,False,0.1198864,14.985800000000001,142.05,-0.45856717004626557,0.6236684216436609,0.022838944690006396,6.484067266811035,K32_R20_local
ecg_missing,70.74415698971893,73.28990228013029,True,0.1198864,14.985800000000001,142.05,0.26753027717496075,0.748990774222447,0.7489363919112327,7.552898620130476,K32_R20_local
both_clean,75.47943695709552,76.48014926474023,True,0.1198864,14.985800000000001,142.05,0.25619596994904065,0.7376020846853126,0.7376020846853126,19.401959966358522,K32_R20_local
ecg_missing,78.46891045593229,80.99352051835855,True,0.1198864,14.985800000000001,142.05,-0.18382353163146883,0.7492416069515777,0.2975825831048032,6.75783791260685,K32_R20_local
ecg_degraded,88.38743344810476,89.8698776288083,True,0.1198864,14.985800000000001,142.05,0.1887561850749704,0.6701622998112424,0.6701622998112424,18.200071699144672,K32_R20_local
ecg_missing,53.658585962060876,61.664953751284685,False,0.1198864,14.985800000000001,142.05,0.05338430059772251,0.749728344948366,0.5347904153339945,6.910567575445101,K32_R20_local
both_degraded,89.10177010962579,90.1697959211197,True,0.1198864,14.985800000000001,142.05,0.1878009191120044,0.6692070338482764,0.6692070338482764,18.07311763108908,K32_R20_local
both_degraded,52.30155751655011,104.78479847587246,True,0.1198864,14.985800000000001,142.05,-0.07604822034437383,0.4053578943918982,0.4053578943918982,16.84117234140445,K32_R20_local
ecg_missing,72.76935449805285,72.73706896551725,True,0.1198864,14.985800000000001,142.05,0.2684343566319382,0.7498404713685607,0.7498404713682102,8.297328885454103,K32_R20_local
both_clean,76.54074275007096,74.66814159292035,False,0.1198864,14.985800000000001,142.05,-0.07092264934817263,0.7498287891347549,0.4104834653880994,6.827769495193478,K32_R20_local
ppg_degraded,83.95794416260495,100.93508055839744,False,0.1198864,14.985800000000001,142.05,-0.48138906800360004,0.7062351876347907,1.7046732671943727e-05,6.098576519393053,K32_R20_local
ppg_degraded,84.29450588913787,84.22304663204905,True,0.1198864,14.985800000000001,142.05,0.2560770113046274,0.7374831260408994,0.7374831260408994,19.673658463579738,K32_R20_local
ecg_missing,86.21305287172741,86.20689655172414,True,0.1198864,14.985800000000001,142.05,0.26859003090021666,0.7499961456364886,0.7499961456364886,15.997006002375503,K32_R20_local
ppg_missing,51.4711301795936,51.48741418764302,True,0.1198864,14.985800000000001,142.05,0.225097466039113,0.7414634574160726,0.706503580775385,7.122948352565458,K32_R20_local
ecg_missing,69.71224698107727,69.76744186046511,True,0.1198864,14.985800000000001,142.05,0.2680461821242965,0.7494522968605685,0.7494522968605685,16.586586209833747,K32_R20_local
ppg_missing,94.28579447239544,94.33962264150945,True,0.1198864,14.985800000000001,142.05,0.24030062157801416,0.7217067363142862,0.7217067363142862,20.08990128035671,K32_R20_local
ppg_degraded,75.03278209146572,76.62563512772078,True,0.1198864,14.985800000000001,142.05,0.23246605159913428,0.7138721663354063,0.7138721663354063,18.646064898145767,K32_R20_local
ecg_degraded,99.57821202659764,100.18730263137027,True,0.1198864,14.985800000000001,142.05,0.13901664346475343,0.6204227582010254,0.6204227582010254,16.533533773331712,K32_R20_local
ppg_missing,82.61458855493825,82.69018743109152,True,0.1198864,14.985800000000001,142.05,0.24454996104729612,0.7259560757835681,0.7259560757835681,20.49028654593321,K32_R20_local
ecg_missing,84.15863358309417,84.1750841750842,True,0.1198864,14.985800000000001,142.05,0.26796543433567815,0.7493715490719501,0.7493715490719501,18.94147618406268,K32_R20_local
ppg_degraded,90.59286135863212,90.59819563248351,True,0.1198864,14.985800000000001,142.05,0.14118158504018188,0.6225876997764539,0.6225876997764539,14.834175081031237,K32_R20_local
both_clean,108.97436803552675,109.47650113650539,True,0.1198864,14.985800000000001,142.05,0.24602859304088545,0.7274347077771575,0.7274347077771575,17.26886397262105,K32_R20_local
ppg_missing,50.23469650136134,52.44755244755244,True,0.1198864,14.985800000000001,142.05,0.26219565744315526,0.7436017721794272,0.7436017721794272,17.68811776527624,K32_R20_local
both_degraded,57.121316595348034,110.55563032265526,True,0.1198864,14.985800000000001,142.05,-0.09188893170098658,0.38951718303528515,0.38951718303528543,8.696973500700382,K32_R20_local
ppg_degraded,55.32573607943227,70.70540586157924,True,0.1198864,14.985800000000001,142.05,-0.1133924695669539,0.5306481388016532,0.3680136451693181,6.8998242062327595,K32_R20_local
ppg_degraded,62.37846243334654,83.13859000815899,True,0.1198864,14.985800000000001,142.05,0.034367387227140535,0.5157735019634125,0.5157735019634125,18.420440408795656,K32_R20_local
ppg_degraded,51.24587650973248,66.65630084435364,True,0.1198864,14.985800000000001,142.05,0.041260375576509224,0.5226664903127812,0.5226664903127812,18.61293176144543,K32_R20_local
ecg_degraded,109.26291511720665,109.26118626430802,True,0.1198864,14.985800000000001,142.05,0.1827668309809494,0.6641729797332675,0.6641729457172214,7.88147487271608,K32_R20_local
ppg_degraded,59.006662860199555,79.51093034452438,True,0.1198864,14.985800000000001,142.05,0.026366381995997088,0.5077724967322691,0.5077724967322691,17.986357911466836,K32_R20_local
ecg_degraded,78.45378637820316,78.45188284518831,True,0.1198864,14.985800000000001,142.05,0.23865233959163115,0.7200584543279032,0.7200584543279032,18.868335972775046,K32_R20_local
both_degraded,102.91210981538273,74.66814159292035,False,0.1198864,14.985800000000001,142.05,-0.48140593127260983,0.6366490223440836,1.8346366213499222e-07,5.946186564382873,K32_R20_local
ecg_degraded,78.44809691747847,78.423541746799,True,0.1198864,14.985800000000001,142.05,0.2421904969817881,0.7235966117180601,0.7235966117180601,15.927227975618482,K32_R20_local
both_clean,64.81363093431861,105.97826086956522,False,0.1198864,14.985800000000001,142.05,-0.4812383675489969,0.7429357031917267,0.00016774718727508863,6.1907873753589815,K32_R20_local
ecg_missing,67.52652537867783,67.56756756756756,True,0.1198864,14.985800000000001,142.05,0.26844681737557813,0.7498529321118501,0.7498529321118501,19.631775425129366,K32_R20_local
both_degraded,75.31383382223729,77.53149928606408,True,0.1198864,14.985800000000001,142.05,0.01334592201661292,0.4949917721882252,0.4947520367528849,7.448953219728613,K32_R20_local
ecg_missing,68.44718920402545,68.45841784989858,True,0.1198864,14.985800000000001,142.05,0.2681304596135757,0.7495365743498477,0.7495365743498477,16.361401302049973,K32_R20_local
both_clean,78.2426337193109,78.21104775137135,True,0.1198864,14.985800000000001,142.05,0.2596383163345975,0.7410444310708695,0.7410444310708695,21.71821677517231,K32_R20_local
both_clean,74.79037535843707,76.58442881812623,True,0.1198864,14.985800000000001,142.05,0.2579474009730995,0.7393535157093715,0.7393535157093715,17.93015559969902,K32_R20_local
both_clean,54.882312863371666,56.188339509504964,True,0.1198864,14.985800000000001,142.05,0.2593445492746183,0.7407506640108903,0.7407506640108903,17.486915243108903,K32_R20_local
ecg_missing,102.4465511067462,102.52365930599372,True,0.1198864,14.985800000000001,142.05,0.2508669439013946,0.7489206246367637,0.7322730586376666,7.1889274637642355,K32_R20_local
both_clean,108.14645872498114,108.1754116142629,True,0.1198864,14.985800000000001,142.05,0.25083060564270615,0.7322367203789781,0.7322367203789781,16.08470783091888,K32_R20_local
ppg_degraded,83.7506407344369,86.1283725014942,True,0.1198864,14.985800000000001,142.05,0.19595969337958144,0.6773658081158535,0.6773658081158535,18.580397284149768,K32_R20_local
ecg_missing,55.665436400730194,55.69306930693069,True,0.1198864,14.985800000000001,142.05,0.26819196189438915,0.7495980766306611,0.7495980766306611,17.183923491219346,K32_R20_local
ecg_missing,104.53131734458111,71.73219978746015,False,0.1198864,14.985800000000001,142.05,-0.47928153888623676,0.7489273584452666,0.0021245758500352276,6.315888245472541,K32_R20_local
ecg_missing,71.76406387936913,71.73219978746015,True,0.1198864,14.985800000000001,142.05,0.26812322635639824,0.7495457059860227,0.7495293410926702,7.613672873448433,K32_R20_local
ecg_missing,72.89528831969197,72.97297297297298,True,0.1198864,14.985800000000001,142.05,0.26811865582708944,0.7495247705633614,0.7495247705633614,18.65834775952958,K32_R20_local
ecg_missing,65.3222224527903,65.359477124183,True,0.1198864,14.985800000000001,142.05,0.2680178700211365,0.7494239847574085,0.7494239847574085,17.757338120115488,K32_R20_local
ppg_missing,105.73504962653361,105.74837310195234,True,0.1198864,14.985800000000001,142.05,0.2319274274981186,0.7133335422343906,0.7133335422343906,16.32432315624052,K32_R20_local
ppg_degraded,91.521231912459,92.51563518457334,True,0.1198864,14.985800000000001,142.05,0.09452698911280602,0.7342994436216685,0.575933103849078,6.952765335618229,K32_R20_local
both_clean,68.05403979911627,70.28026423026738,True,0.1198864,14.985800000000001,142.05,0.2607176165691543,0.7421237313054263,0.7421237313054263,17.543118731001705,K32_R20_local
both_clean,72.16521702632755,73.4803697490259,True,0.1198864,14.985800000000001,142.05,0.2597023895242105,0.7411085042604825,0.7411085042604825,18.2874608621051,K32_R20_local
both_clean,75.36838235721262,76.64083045503587,True,0.1198864,14.985800000000001,142.05,0.25683943754492816,0.7382455522812001,0.7382455522812001,17.614968626722877,K32_R20_local
ecg_missing,72.83346044771505,75.503355704698,True,0.1198864,14.985800000000001,142.05,0.26856335789621527,0.7499694726324873,0.7499694726324873,17.025368594408267,K32_R20_local
ecg_degraded,90.34066333716956,91.11835141630108,True,0.1198864,14.985800000000001,142.05,0.14484386373861172,0.6262499784748837,0.6262499784748837,16.120508343567874,K32_R20_local
ecg_degraded,106.96983200811685,89.246107345723,False,0.1198864,14.985800000000001,142.05,-0.48140611443133535,0.7125793044905104,3.049366252328374e-10,5.765412266158332,K32_R20_local
both_degraded,52.580823941314144,95.28944428000693,True,0.1198864,14.985800000000001,142.05,-0.028344771611727073,0.45306134312454494,0.45306134312454494,18.7406603188677,K32_R20_local
ecg_missing,100.87523251273447,100.93167701863358,True,0.1198864,14.985800000000001,142.05,0.2675857432677276,0.7489918580039996,0.7489918580039996,16.496350324498373,K32_R20_local
ecg_missing,100.95474052264413,100.8968609865471,True,0.1198864,14.985800000000001,142.05,0.26743795553684596,0.748844070273118,0.748844070273118,15.647485018037571,K32_R20_local
ppg_degraded,63.14404618015023,74.70486385944344,True,0.1198864,14.985800000000001,142.05,0.08868022892592312,0.5700863436621951,0.5700863436621951,19.024059299696297,K32_R20_local
ecg_degraded,108.69235832549708,108.69565217391309,True,0.1198864,14.985800000000001,142.05,0.16024099052318455,0.6416471052594566,0.6416471052594566,16.55906672386474,K32_R20_local
ppg_degraded,102.5656299056644,102.57969316090134,True,0.1198864,14.985800000000001,142.05,0.21722071715210037,0.6986268318883724,0.6986268318883724,18.9683598083223,K32_R20_local
ppg_degraded,93.35718860032286,94.26393151999059,True,0.1198864,14.985800000000001,142.05,0.16477252680844026,0.6461786415447123,0.6461786415447123,17.69582855595015,K32_R20_local
ecg_degraded,56.41629462608294,75.09780825747636,True,0.1198864,14.985800000000001,142.05,0.03389421551404618,0.5153003302503182,0.5153003302503182,17.113313580375117,K32_R20_local
ecg_missing,76.8384107928722,76.84426229508198,True,0.1198864,14.985800000000001,142.05,0.26793704573264837,0.7493431604689204,0.7493431604689204,20.50980991828256,K32_R20_local
ppg_degraded,95.43863344918978,95.29306300689514,True,0.1198864,14.985800000000001,142.05,0.21992001189422486,0.7013261266304969,0.7013261266304969,15.024045684741445,K32_R20_local
both_degraded,83.24177352462182,84.6641075296757,True,0.1198864,14.985800000000001,142.05,0.1212678363055231,0.6253380042071626,0.6026739510417951,7.146953256058194,K32_R20_local
ppg_missing,53.526275469334784,53.57142857142857,True,0.1198864,14.985800000000001,142.05,0.2638418216268174,0.7452479363630894,0.7452479363630894,16.879782272479556,K32_R20_local
ecg_degraded,95.8320660227699,97.19189845201605,True,0.1198864,14.985800000000001,142.05,0.1352459077484283,0.6166520224847003,0.6166520224847003,17.563103118995258,K32_R20_local
both_clean,74.62079716594837,74.66814159292035,True,0.1198864,14.985800000000001,142.05,0.2468059662895116,0.7430276749185694,0.7282120810257836,7.197854600163997,K32_R20_local
both_degraded,63.227886910212405,86.40155885896917,True,0.1198864,14.985800000000001,142.05,-0.014463543138118007,0.466942571598154,0.466942571598154,18.987498659064038,K32_R20_local
ecg_missing,70.856232545355,73.52941176470588,True,0.1198864,14.985800000000001,142.05,0.26789347329582497,0.749299588032097,0.749299588032097,17.811966390883523,K32_R20_local
both_degraded,56.21884785897097,102.77821744832892,True,0.1198864,14.985800000000001,142.05,-0.1325437329985574,0.3511613821272895,0.3488623817377146,7.282627957411161,K32_R20_local
ppg_missing,71.66828696962824,71.65605095541402,True,0.1198864,14.985800000000001,142.05,0.25392117154079213,0.7353272862770641,0.7353272862770641,16.92782815377875,K32_R20_local
ppg_degraded,50.93181536261547,78.00374993086314,False,0.1198864,14.985800000000001,142.05,-0.481406114736272,0.552060179154405,1.2949268609721556e-29,5.00490306522794,K32_R20_local
ppg_missing,109.90556882881862,109.94764397905755,True,0.1198864,14.985800000000001,142.05,0.23725579897903273,0.7186619137333818,0.7186619137153047,8.16414625180262,K32_R20_local
ecg_missing,58.20282698511656,58.13953488372093,True,0.1198864,14.985800000000001,142.05,0.2682333449085715,0.7496394596448435,0.7496394596448435,17.547720650509252,K32_R20_local
ecg_degraded,70.33982284331799,72.66732695673069,True,0.1198864,14.985800000000001,142.05,0.18416278060616834,0.6655688953424403,0.6655688953424403,15.959142250711455,K32_R20_local
ppg_missing,68.05434219383771,68.02721088435374,True,0.1198864,14.985800000000001,142.05,0.25549076185191805,0.73689687658819,0.73689687658819,16.963086197505092,K32_R20_local
both_degraded,77.57301779417588,77.63975155279503,True,0.1198864,14.985800000000001,142.05,-0.27077599474405284,0.6189498720956392,0.21063011999221917,6.730270432939841,K32_R20_local
ppg_degraded,70.34406640346242,70.80012221747292,True,0.1198864,14.985800000000001,142.05,0.22226310437381527,0.7294011983951324,0.7036692191100873,7.149354409219353,K32_R20_local
ppg_missing,103.23965822997648,103.21100917431195,True,0.1198864,14.985800000000001,142.05,0.2349158231434846,0.7163219378797566,0.7163219378797566,19.724940282437228,K32_R20_local
ppg_missing,61.23096051656629,63.224446786090624,True,0.1198864,14.985800000000001,142.05,0.2591932907397197,0.7405994054759917,0.7405994054759917,15.196228563869962,K32_R20_local
ecg_missing,109.82557662700374,109.79729729729728,True,0.1198864,14.985800000000001,142.05,0.26728302704956536,0.7486895713912624,0.7486891417858373,7.780820559207454,K32_R20_local
ppg_missing,73.55261658663143,75.5879059350504,True,0.1198864,14.985800000000001,142.05,0.26705860920679564,0.7484647239430676,0.7484647239430676,16.510115643980306,K32_R20_local
ecg_degraded,108.96672049122807,108.99410389007542,True,0.1198864,14.985800000000001,142.05,0.21188312822434666,0.6932892429606187,0.6932892429606187,18.51784779450251,K32_R20_local
ppg_degraded,70.08300699818736,72.52622151786885,True,0.1198864,14.985800000000001,142.05,0.1739498015115372,0.6553559162478092,0.6553559162478092,15.81840327678351,K32_R20_local
ppg_degraded,54.83382318796411,69.0543220442741,True,0.1198864,14.985800000000001,142.05,0.12900910907112742,0.6104225583276969,0.6104152238073994,7.642698882719351,K32_R20_local
ppg_degraded,100.00606820927574,100.16327939015676,True,0.1198864,14.985800000000001,142.05,0.16569348090281513,0.6470995956390985,0.6470995956390871,8.401642609670116,K32_R20_local
ppg_missing,59.50689719275933,59.523809523809526,True,0.1198864,14.985800000000001,142.05,0.2677746771605199,0.7492528308536281,0.7491807918967919,7.538185626802361,K32_R20_local
ecg_missing,94.5687155636792,94.61009174311928,True,0.1198864,14.985800000000001,142.05,0.267620009472259,0.749026124208531,0.749026124208531,16.763572034577688,K32_R20_local
ppg_missing,102.82759393637787,103.9445628997868,True,0.1198864,14.985800000000001,142.05,0.22963186938923866,0.7110379949615931,0.7110379841255107,7.929596386691479,K32_R20_local
ecg_degraded,63.049142085916934,79.76827988844988,True,0.1198864,14.985800000000001,142.05,0.04139588693519917,0.5228020016714712,0.5228020016714712,17.353543415260383,K32_R20_local
ecg_missing,69.04811000173808,69.01840490797547,True,0.1198864,14.985800000000001,142.05,0.26805950724745736,0.7494656219837293,0.7494656219837293,19.759913431438573,K32_R20_local
both_degraded,83.84795760338176,85.99584856442209,True,0.1198864,14.985800000000001,142.05,0.20081744391556924,0.6822235586518413,0.6822235586518413,18.69695816002665,K32_R20_local
ppg_degraded,102.14479414299284,102.09424083769636,True,0.1198864,14.985800000000001,142.05,0.13869760828712988,0.6252687770355534,0.6201037230234019,7.265818512394588,K32_R20_local
ppg_missing,101.31352460571439,101.24610591900314,True,0.1198864,14.985800000000001,142.05,0.21112357489573755,0.6925296896320096,0.6925296896320096,14.001018838416753,K32_R20_local
ecg_degraded,79.18798801723133,85.40598051188509,True,0.1198864,14.985800000000001,142.05,0.12267024619771297,0.604076360933985,0.604076360933985,18.21369951709219,K32_R20_local
ecg_degraded,83.99627999787958,86.39684917406268,True,0.1198864,14.985800000000001,142.05,0.12450932825050234,0.6059154429867744,0.6059154429867744,17.839947100147242,K32_R20_local
ppg_degraded,98.20133904288701,98.20032257213506,True,0.1198864,14.985800000000001,142.05,0.24288480007341276,0.7242909148096848,0.7242909148096848,19.612083215209992,K32_R20_local
both_degraded,59.30270056990293,114.03554711548625,True,0.1198864,14.985800000000001,142.05,-0.1173214420941028,0.3640846726421692,0.3640846726421692,18.075323742621773,K32_R20_local
ecg_missing,105.90189199102906,105.97826086956522,True,0.1198864,14.985800000000001,142.05,0.2669276863146964,0.748792548960243,0.7483338010509684,7.435245386547064,K32_R20_local
both_clean,101.82654500491884,101.80995475113127,True,0.1198864,14.985800000000001,142.05,0.25267708164792674,0.734160796304864,0.7340831963841987,7.533175998987433,K32_R20_local
ecg_degraded,64.02868099130932,80.83121615593748,True,0.1198864,14.985800000000001,142.05,0.039327716953644044,0.520733831689916,0.520733831689916,16.10396708144821,K32_R20_local
ecg_missing,87.73605927486406,87.76595744680853,True,0.1198864,14.985800000000001,142.05,0.2676144379360706,0.7490205526723426,0.7490205526723426,18.956057599371878,K32_R20_local
both_degraded,93.93785343774843,95.9876086741997,True,0.1198864,14.985800000000001,142.05,0.07046706223609969,0.5518731769723717,0.5518731769723717,19.801115427926522,K32_R20_local
ppg_missing,88.86199104505152,88.90086206896552,True,0.1198864,14.985800000000001,142.05,0.24621935957182164,0.7276255152300061,0.7276254743080937,7.877698388042974,K32_R20_local
ppg_degraded,54.33181764987868,65.71171828556818,True,0.1198864,14.985800000000001,142.05,0.14102102774958972,0.6224271424858617,0.6224271424858617,18.03247379885484,K32_R20_local
both_clean,53.710038305703684,80.99352051835855,False,0.1198864,14.985800000000001,142.05,-0.48139101446805055,0.741108458261852,1.5100268221441647e-05,6.0920951555032055,K32_R20_local
both_clean,63.38099383778851,68.94790602655772,False,0.1198864,14.985800000000001,142.05,-0.08237605334712769,0.7388840793733421,0.3990300613891443,6.824317954050946,K32_R20_local
ppg_degraded,56.28119630541675,76.25167237355484,True,0.1198864,14.985800000000001,142.05,0.03280460791483401,0.514210722651106,0.514210722651106,15.693656091554296,K32_R20_local
ecg_degraded,79.0831909568775,88.22877875160341,True,0.1198864,14.985800000000001,142.05,0.08551390217948665,0.5669200169157587,0.5669200169157587,18.832930711129567,K32_R20_local
ppg_missing,94.24158406158946,94.33962264150944,True,0.1198864,14.985800000000001,142.05,0.24460108870634537,0.7260072034426174,0.7260072034426174,15.931018718531627,K32_R20_local
both_degraded,84.56515228057958,84.680715771563,True,0.1198864,14.985800000000001,142.05,0.1442518210447671,0.6256579357810391,0.6256579357810391,17.663018662783873,K32_R20_local
ecg_missing,104.35551355127384,70.70540586157924,False,0.1198864,14.985800000000001,142.05,-0.14709221644514456,0.7485663634148678,0.33431389829112745,6.781019468395139,K32_R20_local
ecg_degraded,79.42456166893018,85.1468316087222,True,0.1198864,14.985800000000001,142.05,0.1054449819295559,0.5868510966658279,0.5868510966658279,18.68476809562427,K32_R20_local
ecg_degraded,76.95601799170534,76.94673380566157,True,0.1198864,14.985800000000001,142.05,0.21738437712335293,0.6987904918596256,0.6987904918596249,8.486142150540827,K32_R20_local
ppg_degraded,57.643940588834674,74.64062503648023,True,0.1198864,14.985800000000001,142.05,0.04968901928622697,0.531095134022499,0.531095134022499,18.258583408047322,K32_R20_local
ppg_degraded,107.21899089529336,107.20188592687744,True,0.1198864,14.985800000000001,142.05,0.21711811925239136,0.6985242339886634,0.6985242339886634,18.378896018050288,K32_R20_local
both_degraded,90.3509328353955,90.31337051158465,True,0.1198864,14.985800000000001,142.05,0.20743151851184774,0.6888376332481198,0.6888376332481198,21.376513066880175,K32_R20_local
ecg_missing,108.82292456736403,108.80829015544042,True,0.1198864,14.985800000000001,142.05,0.2672401784643979,0.7486462932006699,0.7486462932006699,16.747780507165103,K32_R20_local
both_clean,106.08235949701685,106.09357997823722,True,0.1198864,14.985800000000001,142.05,0.2514090373582189,0.7328151520944909,0.7328151520944909,16.1946057916417,K32_R20_local
ppg_degraded,55.109836498457796,75.52441800361383,True,0.1198864,14.985800000000001,142.05,0.0522975852285125,0.5338630051551048,0.5337036999647845,7.4765642959387755,K32_R20_local
both_degraded,86.20539169728872,86.20689655172416,True,0.1198864,14.985800000000001,142.05,0.20837229103219115,0.6897869734892845,0.6897784057684632,7.641105146790344,K32_R20_local
ecg_missing,79.23635584180295,79.22535211267606,True,0.1198864,14.985800000000001,142.05,0.2680409173373493,0.7494470320736213,0.7494470320736213,14.85861295968204,K32_R20_local
both_degraded,95.25817293249715,95.0886555843632,True,0.1198864,14.985800000000001,142.05,0.20033828406382062,0.6817443988000926,0.6817443988000926,19.64484115116432,K32_R20_local
both_degraded,52.678736426296595,103.34440177480857,True,0.1198864,14.985800000000001,142.05,-0.14322778866189925,0.3381783260743731,0.33817832607437276,8.478569021632495,K32_R20_local
ecg_missing,89.55356980045102,89.57654723127037,True,0.1198864,14.985800000000001,142.05,0.2676938965745103,0.7491000113107823,0.7491000113107823,18.491394545229213,K32_R20_local
ecg_degraded,86.64561899758675,89.19492899859253,True,0.1198864,14.985800000000001,142.05,0.12699924862000803,0.60840536335628,0.60840536335628,18.49297967728901,K32_R20_local
ppg_missing,72.39755122554669,72.42489270386267,True,0.1198864,14.985800000000001,142.05,0.2506112537319208,0.7320173684681928,0.7320173684681928,21.285714253590733,K32_R20_local
ecg_degraded,57.53754356058364,72.25237427238116,True,0.1198864,14.985800000000001,142.05,0.05181322620973775,0.5332193409460098,0.5332193409460098,19.438910345565315,K32_R20_local
ecg_missing,91.15257318293237,91.16022099447515,True,0.1198864,14.985800000000001,142.05,0.26762592785373857,0.7490320425900105,0.7490320425900105,19.08101855685284,K32_R20_local
ecg_missing,52.877617802359374,52.87896592244418,True,0.1198864,14.985800000000001,142.05,0.26829031273249465,0.7496964274687666,0.7496964274687666,14.462948288150983,K32_R20_local
ecg_missing,70.25442255587137,70.2576112412178,True,0.1198864,14.985800000000001,142.05,0.22818696538011632,0.7494526626791957,0.7095930801163883,7.111575347282818,K32_R20_local
ppg_missing,51.64729577146614,51.60550458715596,True,0.1198864,14.985800000000001,142.05,0.25838808133679797,0.73979419607307,0.73979419607307,16.428269616068075,K32_R20_local
both_degraded,68.43731810206603,69.83364444247246,True,0.1198864,14.985800000000001,142.05,0.17426698993371895,0.655673104669991,0.655673104669991,17.020295320393885,K32_R20_local
ppg_degraded,64.96131456111625,76.34004908602233,True,0.1198864,14.985800000000001,142.05,0.07529324818182473,0.5566993629180967,0.5566993629180967,18.457002179379987,K32_R20_local
both_clean,87.14995659688293,89.48215239247124,True,0.1198864,14.985800000000001,142.05,0.261700282381459,0.743106397117731,0.743106397117731,17.57930194489616,K32_R20_local
ecg_missing,91.03830620260022,91.05960264900662,True,0.1198864,14.985800000000001,142.05,0.2676678839322874,0.7490739986685594,0.7490739986685594,17.265535222159823,K32_R20_local
both_degraded,92.47878911791702,93.50274795802913,True,0.1198864,14.985800000000001,142.05,0.14484138836849816,0.6262475031047702,0.6262475031047702,18.363014948059075,K32_R20_local
both_clean,74.63108628303388,74.585635359116,True,0.1198864,14.985800000000001,142.05,0.26150241817063563,0.7429085329069076,0.7429085329069076,17.253650949535125,K32_R20_local
both_clean,95.25539246722079,95.23809523809526,True,0.1198864,14.985800000000001,142.05,0.25406255711929754,0.7354686718555695,0.7354686718555695,9.236333954790137,K32_R20_local
ecg_degraded,89.62814011389449,89.67391304347827,True,0.1198864,14.985800000000001,142.05,0.23321584989381752,0.7146219646300895,0.7146219646300895,16.8649669335212,K32_R20_local
both_degraded,82.05962528007998,82.2041229803884,True,0.1198864,14.985800000000001,142.05,0.14405441505062958,0.6254605297869016,0.6254605297869016,17.19224052550556,K32_R20_local
ecg_degraded,96.74387074182333,96.71005396098171,True,0.1198864,14.985800000000001,142.05,0.15841855412987152,0.6398246688661435,0.6398246688661435,16.389744297563954,K32_R20_local
ppg_degraded,108.29939435203414,108.43549328177811,True,0.1198864,14.985800000000001,142.05,0.14944719304599333,0.6308533077822653,0.6308533077822653,18.929433594706165,K32_R20_local
both_degraded,78.83668727810925,82.15081217277536,True,0.1198864,14.985800000000001,142.05,0.06697498971940954,0.5488209627451192,0.5483811044556816,7.4193136793485275,K32_R20_local
both_degraded,107.70257953681882,107.56757359054308,True,0.1198864,14.985800000000001,142.05,0.17814491463766105,0.6595510293739331,0.6595510293739331,17.14977889932033,K32_R20_local
both_degraded,87.40422130877363,90.27469237368919,True,0.1198864,14.985800000000001,142.05,0.1382401540723777,0.6196462688086497,0.6196462688086497,18.829621419028143,K32_R20_local
ppg_missing,73.21342923254532,75.25083612040133,True,0.1198864,14.985800000000001,142.05,0.25049110715532946,0.7318972218916014,0.7318972218916014,17.213493307754565,K32_R20_local
ppg_degraded,78.5961334278536,79.73193755530716,True,0.1198864,14.985800000000001,142.05,0.1612280635155036,0.6426341782517756,0.6426341782517756,18.008099940661378,K32_R20_local
both_degraded,89.31518549712476,91.93948093033622,True,0.1198864,14.985800000000001,142.05,0.205656201743362,0.687062316479634,0.687062316479634,16.40386830341962,K32_R20_local
ecg_degraded,68.91840610989047,99.21580417224972,False,0.1198864,14.985800000000001,142.05,-0.4814043089824235,0.7201028632180065,1.8057538485106292e-06,6.016633690609447,K32_R20_local
ecg_degraded,105.37868494122728,105.29447289427746,True,0.1198864,14.985800000000001,142.05,0.1407667421171909,0.6221728568534629,0.6221728568534629,15.362737957046246,K32_R20_local
ppg_missing,73.15078146044775,73.13109425785483,True,0.1198864,14.985800000000001,142.05,0.24994769013465615,0.7313538048709282,0.7313538048709282,16.664745645342336,K32_R20_local
ecg_missing,87.49401965986249,87.48674443266174,True,0.1198864,14.985800000000001,142.05,0.2677215536909568,0.7491276684272288,0.7491276684272288,16.398583372547623,K32_R20_local
both_degraded,101.57298037738693,101.6574130900722,True,0.1198864,14.985800000000001,142.05,0.13961858537136754,0.6210247001076395,0.6210247001076395,17.202394284384646,K32_R20_local
ppg_degraded,99.77309382024373,99.84434862797877,True,0.1198864,14.985800000000001,142.05,0.210671357330428,0.6920774720667,0.6920774720667,19.653065261223194,K32_R20_local
both_degraded,90.40430138433042,92.58853204150256,True,0.1198864,14.985800000000001,142.05,0.17640769145675286,0.6578138061930249,0.6578138061930249,18.850004733500274,K32_R20_local
both_degraded,92.84424198501912,92.87925696594428,True,0.1198864,14.985800000000001,142.05,0.16277090024277144,0.6600553646461516,0.6441770149790434,7.182351701083189,K32_R20_local
ppg_degraded,95.41612617681568,95.35383992266793,True,0.1198864,14.985800000000001,142.05,0.15602115268547803,0.63742726742175,0.63742726742175,18.278799602723115,K32_R20_local
ppg_missing,85.21918194612854,85.22727272727275,True,0.1198864,14.985800000000001,142.05,0.2684207909991723,0.7498269057354443,0.7498269057354443,19.02770858084803,K32_R20_local
ppg_missing,75.95765023283434,107.83131321708426,False,0.1198864,14.985800000000001,142.05,-0.48140611473621864,0.7341711598614015,5.336603344449908e-14,5.570036033878681,K32_R20_local
both_clean,103.91041703183632,103.89059948890817,True,0.1198864,14.985800000000001,142.05,0.24941048542416258,0.7308166001604346,0.7308166001604346,18.547562375441807,K32_R20_local
ecg_degraded,59.62569522145871,83.68903189077614,False,0.1198864,14.985800000000001,142.05,-0.481406114736272,0.5247256025795818,4.981677261558852e-18,5.4014651777207945,K32_R20_local
ppg_degraded,57.7202309334745,77.27029134804668,True,0.1198864,14.985800000000001,142.05,0.03998847840789536,0.5213945931441674,0.5213945931441674,14.77631800612667,K32_R20_local
both_clean,68.75743179437667,69.26132936687662,True,0.1198864,14.985800000000001,142.05,0.2595999430551283,0.7410060577914003,0.7410060577914003,14.698221498908277,K32_R20_local
ecg_degraded,64.08326802313309,83.84411541319533,True,0.1198864,14.985800000000001,142.05,0.0755172229663125,0.5569233377025845,0.5569233377025845,13.95356079080712,K32_R20_local
ppg_degraded,108.42045135789873,108.39554583998665,True,0.1198864,14.985800000000001,142.05,0.21494699698539912,0.6963531117216711,0.6963531117216711,17.829084611495418,K32_R20_local
ppg_degraded,81.83510346133653,81.78844056706653,True,0.1198864,14.985800000000001,142.05,0.24503473040038773,0.7264408451366597,0.7264408451366597,20.434580406125,K32_R20_local
both_clean,103.0757405980171,84.68459532555174,False,0.1198864,14.985800000000001,142.05,-0.48140607445607503,0.730448987965494,4.02801969677435e-08,5.896395251048285,K32_R20_local
ecg_degraded,83.14592418629611,85.37437533019398,True,0.1198864,14.985800000000001,142.05,0.2358558929472038,0.7177390864970432,0.7172620076834758,7.43044039533918,K32_R20_local
both_clean,63.029399031610396,86.20689655172416,False,0.1198864,14.985800000000001,142.05,-0.4532071483923948,0.7499788879579137,0.028198966343877193,6.486180469762918,K32_R20_local
ppg_degraded,102.49935601539201,102.52365930599372,True,0.1198864,14.985800000000001,142.05,-0.33557888117275375,0.7021634648353247,0.1458272335635182,6.657335143754674,K32_R20_local
ppg_degraded,102.91659771302488,102.91740438083797,True,0.1198864,14.985800000000001,142.05,0.2181900961445369,0.6995962108808089,0.6995962108808089,18.798187252707297,K32_R20_local
both_degraded,57.42514989586142,109.70487094029382,True,0.1198864,14.985800000000001,142.05,-0.15136278319947313,0.3300433315367989,0.3300433315367989,19.069755927484813,K32_R20_local
ecg_degraded,95.98930938742572,96.78352293227015,True,0.1198864,14.985800000000001,142.05,0.13382052944587244,0.6152266441821445,0.6152266441821445,19.19715065696133,K32_R20_local
ecg_degraded,84.12004073001589,88.30773984917155,True,0.1198864,14.985800000000001,142.05,0.1176918156582302,0.5990979303945022,0.5990979303945022,18.430579257391283,K32_R20_local
ecg_missing,60.76223122638855,63.29113924050633,True,0.1198864,14.985800000000001,142.05,0.2681826170376577,0.7495887319126496,0.7495887317739297,8.094158812220138,K32_R20_local
ecg_degraded,70.24192835561195,70.27128156390907,True,0.1198864,14.985800000000001,142.05,0.1943021915979222,0.6757083063341942,0.6757083063341942,18.788709676172402,K32_R20_local
both_clean,94.04404735853898,94.01806593201074,True,0.1198864,14.985800000000001,142.05,0.2547641522447058,0.7361702669809778,0.7361702669809778,16.74922785850487,K32_R20_local
ppg_missing,61.218653373873664,61.260210035005834,True,0.1198864,14.985800000000001,142.05,0.2592149729330984,0.7406210876693704,0.7406210876693704,20.565854258372916,K32_R20_local
ppg_missing,86.4351336579557,88.51931330472105,True,0.1198864,14.985800000000001,142.05,0.24115137787928945,0.7225574926155615,0.7225574926155615,17.295383709377305,K32_R20_local
ecg_degraded,81.98368512184875,83.03274691241829,True,0.1198864,14.985800000000001,142.05,0.23735632168717782,0.7187624364234498,0.7187624364234498,18.207347757856052,K32_R20_local
both_clean,81.84268448407843,81.87772925764193,True,0.1198864,14.985800000000001,142.05,0.25716863232785064,0.7385747470641226,0.7385747470641226,17.892828777200535,K32_R20_local
ppg_missing,60.930317030889,62.89308176100629,True,0.1198864,14.985800000000001,142.05,0.17516817432334433,0.7320869833605415,0.6565742890596163,7.043723174004051,K32_R20_local
ecg_degraded,99.51579050836426,99.44751381215472,True,0.1198864,14.985800000000001,142.05,0.2349836676198405,0.7163897823561125,0.7163897823561125,16.865679789098408,K32_R20_local
ecg_degraded,82.42608301235882,59.4563986409966,False,0.1198864,14.985800000000001,142.05,-0.26422189680978675,0.7065841130474725,0.2171842179264852,6.713593974613111,K32_R20_local
ecg_missing,91.35570226144031,91.36212624584718,True,0.1198864,14.985800000000001,142.05,0.26764897977631114,0.7490550945125831,0.7490550945125831,16.390365446784664,K32_R20_local
ecg_degraded,87.64989661806703,91.19543825469722,True,0.1198864,14.985800000000001,142.05,0.2344665405713682,0.7158726553076402,0.7158726553076402,17.04573093738228,K32_R20_local
ppg_degraded,69.2037432896773,103.48620921216495,False,0.1198864,14.985800000000001,142.05,-0.48102007337187813,0.7045891324461236,0.00038604136439382495,6.231541762944324,K32_R20_local
both_clean,94.20720157483399,94.19058180103394,True,0.1198864,14.985800000000001,142.05,0.2533402011326888,0.7347463158689608,0.7347463158689608,18.29288725321102,K32_R20_local
ecg_degraded,73.84239267406328,77.27345995161481,True,0.1198864,14.985800000000001,142.05,0.19039470288213026,0.6718008176184023,0.6718008176184023,17.821751232782084,K32_R20_local
ecg_degraded,105.34664805685343,105.34706862897073,True,0.1198864,14.985800000000001,142.05,0.18516105309049438,0.6665671678267664,0.6665671678267664,17.517429736616172,K32_R20_local
ecg_degraded,77.47732356212688,78.31146377471046,True,0.1198864,14.985800000000001,142.05,0.23583925933989672,0.7172514684471857,0.7172453740761687,7.659217157734298,K32_R20_local
both_degraded,61.670141701810515,120.35254859338494,True,0.1198864,14.985800000000001,142.05,-0.10957258483040996,0.37183352990586205,0.37183352990586205,17.17569212003489,K32_R20_local
both_degraded,77.88642168621794,75.66084380003245,False,0.1198864,14.985800000000001,142.05,-0.481406114736272,0.7123100808965642,6.496148654614082e-46,4.58383448459074,K32_R20_local
ecg_degraded,73.63538602675796,74.90441209936073,True,0.1198864,14.985800000000001,142.05,0.18186515129723893,0.6632712660335109,0.6632712660335109,18.6598953454639,K32_R20_local
ecg_degraded,107.08411587054638,110.36049448725977,False,0.1198864,14.985800000000001,142.05,-0.481406114736272,0.6156971767335265,1.0754992194609909e-40,4.707631546224735,K32_R20_local
ppg_missing,68.47851559938721,68.52791878172589,True,0.1198864,14.985800000000001,142.05,0.25731746360972735,0.7387235783459993,0.7387235783459993,18.31489449996425,K32_R20_local
both_degraded,103.37794838093083,103.39342523860024,True,0.1198864,14.985800000000001,142.05,0.07021993053342282,0.5516260452696948,0.5516260452696948,21.209688429686324,K32_R20_local
both_degraded,51.5377343961855,102.5341589135133,True,0.1198864,14.985800000000001,142.05,-0.11746941411806469,0.3639367006182073,0.3639367006182073,19.253524993157253,K32_R20_local
both_degraded,58.06167408092501,116.39952126237496,True,0.1198864,14.985800000000001,142.05,-0.07770138194895868,0.40370473278731334,0.40370473278731334,16.127195488366656,K32_R20_local
ecg_missing,67.6771339756315,67.64374295377678,True,0.1198864,14.985800000000001,142.05,0.2680548015155593,0.7494609162518313,0.7494609162518313,18.015263788911216,K32_R20_local
both_degraded,94.4683087356525,94.88285411545066,True,0.1198864,14.985800000000001,142.05,0.1424028650191658,0.6238089797554378,0.6238089797554378,16.007807200899887,K32_R20_local
ppg_missing,86.12017790264008,86.1169102296451,True,0.1198864,14.985800000000001,142.05,0.24469869593233964,0.7261048106686117,0.7261048106686117,16.469567541009067,K32_R20_local
ecg_missing,74.98073139127311,59.4563986409966,False,0.1198864,14.985800000000001,142.05,-0.481406114736272,0.7499666892365489,1.218216952811413e-23,5.189253299077569,K32_R20_local
ppg_missing,74.82041282825125,74.83370288248337,True,0.1198864,14.985800000000001,142.05,0.25220446686002534,0.7336105815962973,0.7336105815962973,18.730302056129755,K32_R20_local
both_degraded,100.48386013489035,100.71330539219736,True,0.1198864,14.985800000000001,142.05,0.05462547688962308,0.5360315916258951,0.5360315916258951,17.866709886473807,K32_R20_local
ecg_missing,63.02855645930234,65.71741511500548,True,0.1198864,14.985800000000001,142.05,0.26859239380716843,0.7499985085434404,0.7499985085434404,17.650209939701597,K32_R20_local
both_clean,97.25413010386876,97.19222462203027,True,0.1198864,14.985800000000001,142.05,0.2497691372553235,0.7311752519915955,0.7311752519915955,17.294434962818055,K32_R20_local
ecg_missing,72.38835400290438,75.08342602892102,True,0.1198864,14.985800000000001,142.05,0.26793959698047126,0.7493457117167432,0.7493457117167432,18.534526970083466,K32_R20_local
both_degraded,91.55744480154894,76.65357838255193,False,0.1198864,14.985800000000001,142.05,-0.4814061147362014,0.6196329096582885,7.059397292033596e-14,5.5792518012328385,K32_R20_local
ecg_missing,98.99906063107707,99.00990099009903,True,0.1198864,14.985800000000001,142.05,0.26752599287642326,0.7489321076126952,0.7489321076126952,17.584927354266892,K32_R20_local
ecg_missing,75.77000833364526,78.28810020876827,True,0.1198864,14.985800000000001,142.05,0.26858031897454776,0.7499864337108197,0.7499864337108197,17.70893461151289,K32_R20_local
both_clean,61.68249715152281,57.42690488631234,False,0.1198864,14.985800000000001,142.05,-0.4814059847951129,0.742502759037458,1.29941159117752e-07,5.930834187983707,K32_R20_local
both_clean,64.43266060208697,65.00479289770782,True,0.1198864,14.985800000000001,142.05,0.2589616378287923,0.7403677525650643,0.7403677525650643,16.567817541575568,K32_R20_local
ecg_missing,64.80508696521558,64.79481641468682,True,0.1198864,14.985800000000001,142.05,0.26818096777225714,0.7495870825086535,0.7495870825085291,8.330689647796314,K32_R20_local
both_clean,55.753640778370176,55.7324840764331,True,0.1198864,14.985800000000001,142.05,0.26414581105268736,0.7455519257889593,0.7455519257889593,20.79658062884863,K32_R20_local
ppg_missing,75.62876913013608,75.67264573991032,True,0.1198864,14.985800000000001,142.05,0.25179697041399846,0.7332030851502704,0.7332030851502704,17.511727938727354,K32_R20_local
ecg_degraded,88.66662436946373,91.8394287333573,True,0.1198864,14.985800000000001,142.05,0.14728033899560858,0.6286864537318806,0.6286864537318806,16.883629293721512,K32_R20_local
both_degraded,73.22416097184652,74.36713432044726,True,0.1198864,14.985800000000001,142.05,0.22683681458914254,0.7082429293254145,0.7082429293254145,18.490487319654886,K32_R20_local
ecg_missing,107.39737006669051,107.37885462555063,True,0.1198864,14.985800000000001,142.05,0.26724966961148694,0.7486557843477589,0.7486557843477589,16.606030608233233,K32_R20_local
ecg_missing,106.36771967450854,106.32497273718649,True,0.1198864,14.985800000000001,142.05,0.2670511601892663,0.7490372700073621,0.7484572749255383,7.421373022401042,K32_R20_local
ppg_degraded,96.60674412990699,96.6702470461869,True,0.1198864,14.985800000000001,142.05,-0.4122518302021449,0.7045104028717961,0.06915428453412706,6.571998141660649,K32_R20_local
ecg_degraded,97.60439942965283,71.59904534606206,False,0.1198864,14.985800000000001,142.05,-0.4813928604004989,0.6221568433051978,1.325433577309967e-05,6.093793803815413,K32_R20_local
ecg_missing,68.7825417172755,68.80733944954129,True,0.1198864,14.985800000000001,142.05,0.2685421458452382,0.7499482605815102,0.7499482605815102,18.946113005941548,K32_R20_local
both_degraded,95.48995265558068,95.49539060191309,True,0.1198864,14.985800000000001,142.05,0.13504315882017662,0.6164492735564486,0.6164492735564486,17.698853166407456,K32_R20_local
both_degraded,53.15749441412143,79.02889278740993,True,0.1198864,14.985800000000001,142.05,-0.022529280339928372,0.45887683439634364,0.45887683439634364,17.860046465247752,K32_R20_local
ecg_degraded,51.18612898947203,68.89649540493076,True,0.1198864,14.985800000000001,142.05,0.05034074676107073,0.5317468614973427,0.5317468614973427,16.300757887701806,K32_R20_local
ecg_missing,54.08748143679798,54.08653846153845,True,0.1198864,14.985800000000001,142.05,0.26828888859202077,0.7496950033282928,0.7496950033282928,17.103311488090903,K32_R20_local
ecg_degraded,69.03230512796999,73.43056522477922,True,0.1198864,14.985800000000001,142.05,0.11271616445673696,0.594122279193009,0.594122279193009,18.59327023562459,K32_R20_local
ecg_degraded,93.62372736330003,93.65244536940688,True,0.1198864,14.985800000000001,142.05,0.2395180846008478,0.7209241993371198,0.7209241993371198,20.344501262659108,K32_R20_local
ecg_missing,51.88040710491088,69.0543220442741,False,0.1198864,14.985800000000001,142.05,-0.4814061147362166,0.7496724924235083,5.5423440230448325e-14,5.570381812293916,K32_R20_local
both_degraded,73.00101351390292,95.23809523809526,False,0.1198864,14.985800000000001,142.05,-0.37896175675347277,0.6095269092691309,0.10244435798279923,6.630883334443922,K32_R20_local
both_clean,85.75512452154118,63.44544598481082,False,0.1198864,14.985800000000001,142.05,-0.444661877060558,0.7373749152269711,0.03674423767571401,6.509448401907297,K32_R20_local
ecg_missing,100.79371477785854,100.7231404958678,True,0.1198864,14.985800000000001,142.05,0.22483584134926862,0.7489342966648656,0.7062419560855406,7.1049084070087645,K32_R20_local
ppg_missing,83.79306823628848,85.75883575883577,True,0.1198864,14.985800000000001,142.05,0.25057718285769065,0.7319832975939626,0.7319832975939626,19.432643400651383,K32_R20_local
both_clean,64.73172061068547,65.28861456909044,True,0.1198864,14.985800000000001,142.05,0.260024917162143,0.741431031898415,0.741431031898415,8.575578157963147,K32_R20_local
ppg_missing,55.18137117887144,90.65571890326396,False,0.1198864,14.985800000000001,142.05,-0.48067310555125026,0.7342039621994927,0.0007330091850217388,6.260848214022545,K32_R20_local
ppg_missing,80.39131031576467,80.38585209003216,True,0.1198864,14.985800000000001,142.05,0.24762883876500488,0.7290349536997587,0.7290349535012769,8.08033015488643,K32_R20_local
ppg_degraded,98.37764764040838,98.36065573770493,True,0.1198864,14.985800000000001,142.05,0.21277960700313706,0.6941857217394091,0.6941857217394091,19.395760230484257,K32_R20_local
ppg_missing,99.9144584547808,99.88901220865706,True,0.1198864,14.985800000000001,142.05,0.2387097213454085,0.7201158360816805,0.7201158360816805,17.472995110295997,K32_R20_local
ecg_missing,87.17774112944889,87.20930232558142,True,0.1198864,14.985800000000001,142.05,0.2685120957939143,0.7499182105301863,0.7499182105301863,16.940076163651646,K32_R20_local
ppg_degraded,60.79919015103134,69.24841667104559,True,0.1198864,14.985800000000001,142.05,0.1329733018080528,0.6145660428878242,0.6143794165443248,7.475580223897644,K32_R20_local
both_clean,54.49873799000794,54.4890103385232,True,0.1198864,14.985800000000001,142.05,0.2641235026730309,0.7455296174093029,0.7455296174093029,17.160186093680373,K32_R20_local
both_clean,52.89528254790992,52.87896592244418,True,0.1198864,14.985800000000001,142.05,0.26447676167699036,0.7458828764132623,0.7458828764132623,18.405111782273295,K32_R20_local
ppg_missing,66.1890483155451,66.1521499448732,True,0.1198864,14.985800000000001,142.05,0.2513463578033717,0.7327524725396437,0.7327524725396437,17.01846321436649,K32_R20_local
ppg_degraded,82.03414232558697,82.01208663120998,True,0.1198864,14.985800000000001,142.05,0.24848949162055592,0.7298956063568279,0.7298956063568279,20.210931742542396,K32_R20_local
both_clean,58.96532093842238,58.92255892255892,True,0.1198864,14.985800000000001,142.05,0.26234807493672124,0.7437541896729932,0.7437541896729932,15.484524219458416,K32_R20_local
ecg_degraded,87.20194509970139,91.16751336488514,True,0.1198864,14.985800000000001,142.05,0.05874790836137148,0.5971840259146961,0.5401540230976435,7.05215209028329,K32_R20_local
ppg_missing,68.86880784352955,70.82896117523609,True,0.1198864,14.985800000000001,142.05,0.24951661257265137,0.7309227273089234,0.7309227273089234,17.793595276004552,K32_R20_local
ecg_missing,97.3821694001395,97.40259740259742,True,0.1198864,14.985800000000001,142.05,0.26855409773809796,0.74996021247437,0.74996021247437,17.07526574395792,K32_R20_local
both_degraded,81.83007197432966,88.0605425957969,True,0.1198864,14.985800000000001,142.05,0.1093456014180684,0.5907517161543404,0.5907517161543404,16.790455009194325,K32_R20_local
ecg_missing,96.03986828079138,96.051227321238,True,0.1198864,14.985800000000001,142.05,0.2676304728007524,0.7490365875370244,0.7490365875370244,18.808501324873422,K32_R20_local
ppg_degraded,65.40241728763611,100.93508055839744,False,0.1198864,14.985800000000001,142.05,-0.481405906995441,0.5582899259403322,2.0774083096362904e-07,5.954174683735127,K32_R20_local
ecg_missing,84.17957851227928,84.1750841750842,True,0.1198864,14.985800000000001,142.05,0.26780386322542965,0.7492099779617016,0.7492099779617016,19.231034650646325,K32_R20_local
both_degraded,103.20398931773806,103.35138274825769,True,0.1198864,14.985800000000001,142.05,0.09389553872323511,0.5753016534595071,0.5753016534595071,18.79359289332368,K32_R20_local
both_clean,50.99587860564845,50.991508317559415,True,0.1198864,14.985800000000001,142.05,0.2676685582649239,0.7490746730011959,0.7490746730011959,16.488298066967012,K32_R20_local
both_degraded,105.98313712719846,105.83459082394387,True,0.1198864,14.985800000000001,142.05,0.14046720677687155,0.6218733215131436,0.6218733215131436,16.193762126681875,K32_R20_local
ecg_missing,85.48425398938389,88.04695837780152,True,0.1198864,14.985800000000001,142.05,0.2677303078140854,0.7491364225503574,0.7491364225503574,17.403623265134822,K32_R20_local
ppg_degraded,109.84944774812855,83.70535714285715,False,0.1198864,14.985800000000001,142.05,-0.4813788969939539,0.7225679295506382,2.721774231806825e-05,6.115906886235814,K32_R20_local
ecg_missing,67.0669633473754,67.0391061452514,True,0.1198864,14.985800000000001,142.05,0.2680802250295358,0.7494863397658078,0.7494863397658078,17.891551591958304,K32_R20_local
both_clean,79.36807068437344,79.91298870742324,True,0.1198864,14.985800000000001,142.05,0.2586053006440345,0.7400633308769328,0.7400114153803065,7.5546883794496305,K32_R20_local
both_clean,91.02930036864768,91.99983317362474,True,0.1198864,14.985800000000001,142.05,0.25108359728976587,0.7324897120260379,0.7324897120260379,18.34362024361169,K32_R20_local
ecg_missing,85.63121354454279,83.68903189077614,False,0.1198864,14.985800000000001,142.05,-0.481406114736272,0.7491511621810836,1.4790477100201518e-32,4.916772040802625,K32_R20_local
ecg_degraded,87.26804937147509,84.68459532555174,False,0.1198864,14.985800000000001,142.05,-0.4814049697108791,0.6279605141888764,1.145025392878367e-06,6.00582913708126,K32_R20_local
both_clean,101.87353350169363,87.71929824561404,False,0.1198864,14.985800000000001,142.05,-0.48140611472680217,0.7318376714424806,9.469837475500903e-12,5.681824451366923,K32_R20_local
both_degraded,59.73994814265138,112.37090503715679,True,0.1198864,14.985800000000001,142.05,-0.14853116089366566,0.33287495384260635,0.33287495384260635,19.194489614517384,K32_R20_local
ppg_missing,93.04530083317638,93.07135470527405,True,0.1198864,14.985800000000001,142.05,0.23971799976066446,0.7211241144969365,0.7211241144969365,20.072225385931276,K32_R20_local
ppg_degraded,76.71299213993959,70.70540586157924,False,0.1198864,14.985800000000001,142.05,-0.4814061147362698,0.7124493240623515,2.1926834659526877e-15,5.507396433832079,K32_R20_local
ppg_degraded,104.75741326063414,104.7256724844695,True,0.1198864,14.985800000000001,142.05,-0.14420372965938646,0.7200494144821561,0.33720238507688555,6.79108027979567,K32_R20_local
ecg_missing,106.89683362757134,106.9078947368421,True,0.1198864,14.985800000000001,142.05,0.26729131916418,0.748697433900452,0.748697433900452,17.9361616318279,K32_R20_local
ppg_missing,76.65155797977008,69.12442396313364,False,0.1198864,14.985800000000001,142.05,-0.48140602897626233,0.7354012498230781,8.576000965165007e-08,5.9185580383153304,K32_R20_local
ppg_missing,71.46732516332585,71.51370679380214,True,0.1198864,14.985800000000001,142.05,0.24757396311198335,0.728980077848255,0.7289800778482554,8.588558116007773,K32_R20_local
ecg_degraded,104.03517762838851,104.57364233556406,True,0.1198864,14.985800000000001,142.05,0.13969494784910555,0.6211010625853776,0.6211010625853776,16.297485793483137,K32_R20_local
both_clean,106.47547704124005,71.59904534606206,False,0.1198864,14.985800000000001,142.05,-0.481402598561013,0.7304919165809312,3.5161752590054647e-06,6.0392628344545045,K32_R20_local
ecg_degraded,96.38130404512972,97.03804239305877,True,0.1198864,14.985800000000001,142.05,0.13947835464799754,0.6208844693842696,0.6208844693842696,18.79381668995444,K32_R20_local
ppg_missing,104.26155059568649,104.2780748663102,True,0.1198864,14.985800000000001,142.05,0.22975257413107744,0.7111586888673495,0.7111586888673495,17.580984836730586,K32_R20_local
ecg_degraded,106.87836712200705,106.85235628275834,True,0.1198864,14.985800000000001,142.05,-0.3997795714015771,0.7139334487305913,0.08162654333469486,6.587686066503017,K32_R20_local
both_clean,79.08432687367208,80.42735198574825,True,0.1198864,14.985800000000001,142.05,0.25182322688900655,0.7332293416252785,0.7332293416252785,22.161030393003713,K32_R20_local
ppg_missing,71.58031912381524,71.59904534606206,True,0.1198864,14.985800000000001,142.05,0.2513994872066703,0.7333164903101372,0.7328056019429423,7.427658818725508,K32_R20_local
ppg_degraded,53.43413654719505,72.07959524504773,True,0.1198864,14.985800000000001,142.05,0.03907494506773949,0.5204810598040115,0.5204810598040115,18.540222974837153,K32_R20_local
ppg_degraded,76.31082871502755,76.90121866518882,True,0.1198864,14.985800000000001,142.05,0.22686543936756567,0.7082715541038377,0.7082715541038377,18.88137761690686,K32_R20_local
ppg_missing,63.029515098923866,63.02521008403362,True,0.1198864,14.985800000000001,142.05,0.26855070101041006,0.749956815746682,0.749956815746682,19.55004127407202,K32_R20_local
ppg_degraded,93.51070569232192,94.38755731388817,True,0.1198864,14.985800000000001,142.05,0.23770875582290887,0.7191148705591809,0.7191148705591809,17.039395176047137,K32_R20_local
ecg_degraded,86.69599309832206,87.20887875138195,True,0.1198864,14.985800000000001,142.05,0.23195370849514188,0.7133600022775852,0.7133598232314139,7.816043166890145,K32_R20_local
both_degraded,106.17769350784269,106.26465827435678,True,0.1198864,14.985800000000001,142.05,0.07292060372328582,0.5543267184595578,0.5543267184595578,19.36548158711633,K32_R20_local
ppg_missing,91.35128287503113,91.37055837563453,True,0.1198864,14.985800000000001,142.05,0.24267560719297857,0.7240817219292506,0.7240817219292506,13.778250936959019,K32_R20_local
ecg_missing,65.04124672200139,65.0759219088937,True,0.1198864,14.985800000000001,142.05,0.2680347643826923,0.7494408791189643,0.7494408791189643,16.82135731098269,K32_R20_local
ppg_missing,72.45182885056545,72.42489270386267,True,0.1198864,14.985800000000001,142.05,0.2451070152852868,0.7265131300215588,0.7265131300215588,17.882633698180687,K32_R20_local
both_degraded,80.03990471666222,83.08113155648803,True,0.1198864,14.985800000000001,142.05,-0.022839707389726873,0.6095763684725254,0.45856640734654514,6.932883610824451,K32_R20_local
ecg_degraded,82.19455659720991,82.17631861357813,True,0.1198864,14.985800000000001,142.05,0.14194657608398656,0.6233526908202586,0.6233526908202586,17.147229916189033,K32_R20_local
both_degraded,106.4476666406082,106.56010571262271,True,0.1198864,14.985800000000001,142.05,0.11179695406803405,0.5932030688043061,0.5932030688043061,19.370589769880436,K32_R20_local
both_degraded,87.96665976269072,87.953091684435,True,0.1198864,14.985800000000001,142.05,0.006045471459817742,0.48745158619608975,0.48745158619608975,17.275248231871075,K32_R20_local
ppg_degraded,69.55661482958855,70.77780883037684,True,0.1198864,14.985800000000001,142.05,0.2498458651231427,0.7312519798594147,0.7312519798594147,17.60330951921395,K32_R20_local
ppg_missing,66.50802095870782,66.51884700665188,True,0.1198864,14.985800000000001,142.05,0.25408853231552003,0.735494647051792,0.735494647051792,16.445592721315336,K32_R20_local
ecg_degraded,84.54908537740775,84.55467869222097,True,0.1198864,14.985800000000001,142.05,0.18983616697682962,0.6712422817131016,0.6712422817131016,19.177329420745558,K32_R20_local
both_clean,55.12183962242534,56.452293845486984,True,0.1198864,14.985800000000001,142.05,0.2630299022979878,0.7444360170342598,0.7444360170342598,15.942524892640591,K32_R20_local
ecg_missing,77.50316636051889,77.47933884297521,True,0.1198864,14.985800000000001,142.05,0.2679199245418907,0.7493263825745586,0.7493260392781627,7.79049645145419,K32_R20_local
ppg_degraded,103.76689548106964,104.47621957908294,True,0.1198864,14.985800000000001,142.05,0.21562501769185274,0.6970311324281248,0.6970311324281248,20.1612649955964,K32_R20_local
ppg_degraded,105.07335681207077,83.07454597048233,False,0.1198864,14.985800000000001,142.05,-0.42808171679823737,0.6951771740161684,0.05332439793803464,6.548011320766179,K32_R20_local
both_clean,83.6273701554087,83.61204013377927,True,0.1198864,14.985800000000001,142.05,0.2553305912397104,0.7367367059759824,0.7367367059759824,15.697568757544806,K32_R20_local
both_clean,82.69381052227882,82.69018743109152,True,0.1198864,14.985800000000001,142.05,0.25732970521110793,0.7387358199473799,0.7387358199473799,18.718813848343196,K32_R20_local
both_degraded,69.89757385239407,76.81105019408749,True,0.1198864,14.985800000000001,142.05,0.11750901402841088,0.5989151287646829,0.5989151287646829,19.410456326007395,K32_R20_local
ppg_missing,85.31985025969455,79.53340402969248,False,0.1198864,14.985800000000001,142.05,-0.24580967985908184,0.7256276758250801,0.23559643487719018,6.7224398362624065,K32_R20_local
ecg_missing,77.42421989403822,92.80089988751408,False,0.1198864,14.985800000000001,142.05,-0.4652203281605763,0.7492559012274935,0.016185786575695704,6.443906153729371,K32_R20_local
both_clean,88.9356721043588,88.99676375404532,True,0.1198864,14.985800000000001,142.05,0.2579126264803601,0.7393187412166321,0.7393187412166321,17.854802283398712,K32_R20_local
both_clean,107.18725589510132,107.67333500671968,True,0.1198864,14.985800000000001,142.05,0.23908441404445827,0.7204905287807303,0.7204905287807303,17.95840072494199,K32_R20_local
ecg_missing,95.28729356565768,95.26558891454967,True,0.1198864,14.985800000000001,142.05,0.26770725573492743,0.7491133704711994,0.7491133704711994,19.309414716812974,K32_R20_local
both_clean,58.2494736371213,70.70540586157924,False,0.1198864,14.985800000000001,142.05,-0.48140001461506166,0.7450482787823594,6.100121210309354e-06,6.058246820910955,K32_R20_local
ecg_missing,60.33847814043157,104.7256724844695,False,0.1198864,14.985800000000001,142.05,-0.481406114736272,0.7496140692155868,8.284700052548142e-18,5.404125382909793,K32_R20_local
ecg_degraded,91.41500901252311,92.47546188353193,True,0.1198864,14.985800000000001,142.05,0.24193683336965258,0.7233429481059246,0.7233429481059246,16.718138258879186,K32_R20_local
ecg_degraded,108.46794898662728,108.57883145452094,True,0.1198864,14.985800000000001,142.05,0.13975307194381062,0.6211591866800826,0.6211591866800826,16.512253991206283,K32_R20_local
ppg_degraded,85.91409167546348,86.19079316113364,True,0.1198864,14.985800000000001,142.05,0.16462632518675527,0.6460324399230273,0.6460324399230273,18.854923177341764,K32_R20_local
ecg_degraded,100.27793737872128,100.93508055839744,True,0.1198864,14.985800000000001,142.05,0.18517702801073735,0.6665832096926336,0.6665831427470094,7.854094269492056,K32_R20_local
ecg_missing,66.71342405178673,69.15983606557377,True,0.1198864,14.985800000000001,142.05,0.2681203665875987,0.7495264813238707,0.7495264813238707,16.477272933560315,K32_R20_local
ppg_missing,64.58301536263795,65.71741511500548,True,0.1198864,14.985800000000001,142.05,0.25533349940561584,0.7367396141418878,0.7367396141418878,17.29784351562514,K32_R20_local
ppg_missing,108.96014430183115,109.0342679127726,True,0.1198864,14.985800000000001,142.05,0.23094661417201903,0.712352728908291,0.712352728908291,18.887712132676995,K32_R20_local
both_clean,102.63948660145303,81.12502624001814,False,0.1198864,14.985800000000001,142.05,-0.4733650362278272,0.7311067658175535,0.008041078508444759,6.397393494498658,K32_R20_local
ppg_degraded,76.97229401610052,76.96262977295223,True,0.1198864,14.985800000000001,142.05,0.25064399443732926,0.7320501091736012,0.7320501091736012,15.773634032558789,K32_R20_local
both_degraded,98.96036175480884,65.71741511500548,False,0.1198864,14.985800000000001,142.05,-0.3738330451907875,0.7000135646887001,0.10757306954548444,6.620323502326744,K32_R20_local
ppg_degraded,88.55835664499747,88.56710758995236,True,0.1198864,14.985800000000001,142.05,0.2015871917090705,0.7304694694849568,0.6829933064453425,7.092045461026361,K32_R20_local
both_degraded,96.83700697242367,97.68550176189216,True,0.1198864,14.985800000000001,142.05,0.10671973300299534,0.5881258477392673,0.5881258477392673,19.047884636272812,K32_R20_local
both_degraded,85.3119026091737,85.36360896775228,True,0.1198864,14.985800000000001,142.05,0.14005075891977284,0.6214568736560449,0.6214568736560449,19.071893318871112,K32_R20_local
both_degraded,90.98894347087509,91.61666639032852,True,0.1198864,14.985800000000001,142.05,0.19634841718516619,0.6777545319214382,0.6777545319214382,18.60968885976503,K32_R20_local
ecg_degraded,106.56043930519084,106.57127265853626,True,0.1198864,14.985800000000001,142.05,0.1425989561761767,0.6240050709124487,0.6240050709124487,17.06727542099554,K32_R20_local
ecg_degraded,75.817595913375,76.3338487627589,True,0.1198864,14.985800000000001,142.05,-0.05825800470937683,0.6662487334505784,0.4231481100268952,6.869825287842826,K32_R20_local
ppg_degraded,94.19216563669853,94.23777764326624,True,0.1198864,14.985800000000001,142.05,0.21923190915453264,0.7006380238908047,0.7006380238908047,17.97570675559973,K32_R20_local
ppg_degraded,107.61988525507799,107.6158940397351,True,0.1198864,14.985800000000001,142.05,0.2153309378803359,0.6967370526166079,0.6967370526166079,19.054009175477347,K32_R20_local
ppg_missing,52.450722058520775,52.447552447552454,True,0.1198864,14.985800000000001,142.05,0.26856922802612765,0.7499753427623996,0.7499753427623996,16.526237202990213,K32_R20_local
both_clean,65.14796329714252,66.52233475088487,True,0.1198864,14.985800000000001,142.05,0.25658346489368095,0.7379895796299529,0.7379895796299529,14.610837025722997,K32_R20_local
both_clean,71.4774205675695,71.4657592597733,True,0.1198864,14.985800000000001,142.05,0.2559144487022394,0.7373205634385114,0.7373205634385114,18.689611371703222,K32_R20_local
both_degraded,84.43492167005368,84.71281293560445,True,0.1198864,14.985800000000001,142.05,0.12891868509952578,0.6103247998357978,0.6103247998357978,18.944372392906995,K32_R20_local
ppg_missing,77.31276883391955,79.28118393234674,True,0.1198864,14.985800000000001,142.05,0.268473701541631,0.749879816277903,0.749879816277903,15.441212399685234,K32_R20_local
ppg_missing,106.55177944758404,107.58196721311475,True,0.1198864,14.985800000000001,142.05,0.23444513088933508,0.7158512456256071,0.7158512456256071,19.792802587271375,K32_R20_local
both_degraded,61.44821948854231,111.80538176151175,True,0.1198864,14.985800000000001,142.05,-0.12576912064107285,0.35563699409519917,0.35563699409519917,17.493798016334672,K32_R20_local
both_degraded,68.3525262143363,75.83266912121739,True,0.1198864,14.985800000000001,142.05,0.055044164712494216,0.5364502794487662,0.5364502794487662,19.60598679397137,K32_R20_local
ppg_missing,54.60702947055005,54.630593132154004,True,0.1198864,14.985800000000001,142.05,0.2599076410808631,0.7413137558171351,0.7413137558171351,18.459671905865054,K32_R20_local
both_clean,60.65140905361739,60.69364161849712,True,0.1198864,14.985800000000001,142.05,0.26265465431420526,0.7440607690504772,0.7440607690504772,17.482925732661467,K32_R20_local
ppg_missing,85.70988682109721,86.8421052631579,True,0.1198864,14.985800000000001,142.05,0.2505628298706975,0.7319689446069695,0.7319689446069695,16.031962135680388,K32_R20_local
ecg_missing,53.11062073150136,53.06603773584906,True,0.1198864,14.985800000000001,142.05,0.26823480184837817,0.7496409165846502,0.7496409165846502,18.0824463334254,K32_R20_local
both_degraded,106.48229377449653,106.44104803493445,True,0.1198864,14.985800000000001,142.05,0.07841817404230891,0.5598242887785809,0.5598242887785809,17.23701681830801,K32_R20_local
ppg_missing,95.56564024809057,95.64293304994689,True,0.1198864,14.985800000000001,142.05,0.23613363061341955,0.7175397453496916,0.7175397453496916,16.74775767314265,K32_R20_local
ppg_missing,55.127256339652924,56.27009646302251,True,0.1198864,14.985800000000001,142.05,0.2677238997666633,0.7491300145029353,0.7491300145029353,17.010025620513748,K32_R20_local
ppg_missing,97.37151576525798,97.2972972972973,True,0.1198864,14.985800000000001,142.05,0.22120607601191136,0.7026121907481834,0.7026121907481834,18.195948089963007,K32_R20_local
ppg_missing,57.35644499650697,59.4563986409966,True,0.1198864,14.985800000000001,142.05,0.24835799500551173,0.7415618600599916,0.7297641097417837,7.215984979518627,K32_R20_local
ecg_missing,81.01774695918508,83.70535714285715,True,0.1198864,14.985800000000001,142.05,0.2678637505296833,0.7492698652659553,0.7492698652659553,20.60383013158432,K32_R20_local
ppg_missing,62.86341506961972,69.80351602895553,False,0.1198864,14.985800000000001,142.05,0.22337608508166343,0.7391844399709908,0.7047821998179354,7.124160915274117,K32_R20_local
ppg_degraded,60.34860694280267,80.34778886265208,True,0.1198864,14.985800000000001,142.05,0.02448772452304818,0.5058938392593202,0.5058938392593202,18.406469670081265,K32_R20_local
ppg_missing,81.97214469627744,81.9672131147541,True,0.1198864,14.985800000000001,142.05,0.24297436985382184,0.7243804845900939,0.7243804845900939,17.894332474616697,K32_R20_local
both_degraded,103.0554317131814,100.37080584750078,True,0.1198864,14.985800000000001,142.05,0.07290042144788003,0.554306536184152,0.554306536184152,19.416900537063192,K32_R20_local
ppg_degraded,55.040712840258294,69.99874385404044,True,0.1198864,14.985800000000001,142.05,0.0528140409044198,0.5342201556406929,0.5342201556406918,8.469288247413544,K32_R20_local
ecg_missing,62.484506024337236,65.07592190889372,True,0.1198864,14.985800000000001,142.05,0.26857527588953795,0.7499813906258099,0.7499813906258099,17.495848734726156,K32_R20_local
both_clean,79.12598548413483,79.1139240506329,True,0.1198864,14.985800000000001,142.05,0.2588865052492811,0.7402926199855531,0.7402926199855531,14.542362590522947,K32_R20_local
both_clean,107.32774999494336,107.31841879064645,True,0.1198864,14.985800000000001,142.05,0.25070894574677866,0.7321150604830506,0.7321150604830506,18.473973301201323,K32_R20_local
ppg_missing,71.76768348943958,71.77033492822967,True,0.1198864,14.985800000000001,142.05,0.2557829509118514,0.7371890656481234,0.7371890656481234,17.947995228343498,K32_R20_local
both_clean,102.18942567073185,68.94790602655772,False,0.1198864,14.985800000000001,142.05,-0.4814061147362701,0.7330394189080564,1.890511041248958e-15,5.504001507715167,K32_R20_local
ecg_missing,82.49765141770635,82.41758241758242,True,0.1198864,14.985800000000001,142.05,0.268006555994673,0.749412670730945,0.749412670730945,17.626375425362404,K32_R20_local
ppg_degraded,77.12611805196495,77.22873534635562,True,0.1198864,14.985800000000001,142.05,0.17292552235340788,0.6543316370896799,0.6543316370896799,19.26065271684645,K32_R20_local
both_degraded,95.77323176275215,95.88959468365613,True,0.1198864,14.985800000000001,142.05,0.22004962622863736,0.7014557409649094,0.7014557409649094,19.313258165680637,K32_R20_local
ppg_missing,61.72713593401467,61.7283950617284,True,0.1198864,14.985800000000001,142.05,0.25915242846042225,0.7405585431966942,0.7405585431966942,22.594483055043714,K32_R20_local
both_degraded,81.60773419029493,82.1239211923424,True,0.1198864,14.985800000000001,142.05,0.127324736957426,0.608730851693698,0.608730851693698,18.805871160682422,K32_R20_local
ppg_degraded,52.04508939086897,67.20919467266582,True,0.1198864,14.985800000000001,142.05,0.03394071708342087,0.5153468318196929,0.5153468318196929,16.160881889538768,K32_R20_local
ecg_degraded,81.43790742174791,81.43322475570034,True,0.1198864,14.985800000000001,142.05,0.19824835985943004,0.679654474595702,0.679654474595702,19.62350370174024,K32_R20_local
ppg_degraded,109.77144351629136,109.72322813556504,True,0.1198864,14.985800000000001,142.05,0.2012297075151316,0.6826358222514036,0.6826358222514036,19.257833757045848,K32_R20_local
both_degraded,54.26624448900467,83.67502745350588,True,0.1198864,14.985800000000001,142.05,-0.009866360244101835,0.47153975449217017,0.47153975449217017,19.88247469288117,K32_R20_local
ecg_missing,55.94476650690374,55.97014925373134,True,0.1198864,14.985800000000001,142.05,0.26854724407257463,0.7499533588088466,0.7499533588088466,19.56754480069478,K32_R20_local
ecg_degraded,84.37819209033088,86.58386618484109,True,0.1198864,14.985800000000001,142.05,0.24044234779178011,0.7218484625280521,0.7218484625280521,20.552731779394737,K32_R20_local
both_degraded,105.91891240849498,103.8041386430755,True,0.1198864,14.985800000000001,142.05,0.06795193984460537,0.5493580545808774,0.5493580545808774,17.047324719722365,K32_R20_local
both_degraded,83.38343908408991,85.45348423788222,True,0.1198864,14.985800000000001,142.05,0.22617310787347625,0.7075792226097483,0.7075792226097483,17.803509244543697,K32_R20_local
ecg_missing,107.71416035911008,107.73480662983422,True,0.1198864,14.985800000000001,142.05,0.2673705561582986,0.7487766708945706,0.7487766708945706,16.038201956946804,K32_R20_local
ecg_missing,69.1231557260705,71.73219978746015,True,0.1198864,14.985800000000001,142.05,0.26819471914928567,0.7496008338855576,0.7496008338855576,17.749973553184176,K32_R20_local
ecg_missing,109.49302846074505,109.55056179775279,True,0.1198864,14.985800000000001,142.05,0.2675931791816409,0.7489992939179129,0.7489992939179129,16.476842952126894,K32_R20_local
both_degraded,62.72151384492836,105.35697189125635,True,0.1198864,14.985800000000001,142.05,-0.09175933497129621,0.3896467797649758,0.3896467797649758,20.71405487106981,K32_R20_local
ppg_degraded,96.3794062933608,96.24086799023357,True,0.1198864,14.985800000000001,142.05,0.1339577907280767,0.6153639054643529,0.6153639054643487,8.429994308802492,K32_R20_local
ecg_missing,70.12889228888719,110.36049448725977,False,0.1198864,14.985800000000001,142.05,-0.4797821073672061,0.7490194891096777,0.0016240073690658517,6.3011724991605975,K32_R20_local
both_degraded,100.1061002157632,101.2525789555673,True,0.1198864,14.985800000000001,142.05,0.13949299494994208,0.6208991096862141,0.6208991096862141,18.949264114954282,K32_R20_local
ecg_missing,52.13630696445729,52.14368482039397,True,0.1198864,14.985800000000001,142.05,0.26830237635720783,0.7497085008665814,0.7497084910934798,7.935695705172988,K32_R20_local
ecg_degraded,68.7366957186144,102.75204298088913,False,0.1198864,14.985800000000001,142.05,-0.481406114736272,0.6140214185010635,2.5118238767352964e-22,5.237561181244859,K32_R20_local
ecg_degraded,105.43368367918774,105.40540540540543,True,0.1198864,14.985800000000001,142.05,0.2347304943291936,0.7161366090654656,0.7161366090654656,18.61599749925325,K32_R20_local
ppg_degraded,96.37745411430045,96.4117800005303,True,0.1198864,14.985800000000001,142.05,0.24609311510769774,0.7274992298439698,0.7274992298439698,19.572924737411277,K32_R20_local
ppg_missing,79.09966903033526,81.08108108108108,True,0.1198864,14.985800000000001,142.05,0.2497049870751619,0.7311111018114338,0.7311111018114339,8.954425214681365,K32_R20_local
both_degraded,72.67790376569972,79.26022160916736,False,0.1198864,14.985800000000001,142.05,-0.4797440981848502,0.5797340708003182,0.0016620165514218046,6.316473335936423,K32_R20_local
both_clean,106.65559450524101,106.6518740426598,True,0.1198864,14.985800000000001,142.05,0.25037675974875545,0.7317828744850274,0.7317828744850274,16.262411629757647,K32_R20_local
