regime,hr_true,hr_delivered,decode_success,energy_j,power_mw,latency_ms,reward,piv,u_pir,snr_db,arm
ppg_degraded,55.13895002861746,73.28834386368452,True,0.0958096,11.976199999999999,117.426,0.14271391027341124,0.5259523187193115,0.5259523187193115,19.08078167194579,K32_R8_local
ppg_degraded,64.20863039576598,85.45348423788222,False,0.0958096,11.976199999999999,117.426,-0.38323840820960875,0.5380650525481827,2.362914565528775e-10,6.062048386051968,K32_R8_local
ecg_missing,98.0764679123838,98.03921568627453,True,0.08377120000000002,10.471400000000003,105.114,0.41372539100226147,0.7488101910201767,0.7488101910201767,17.485621951329943,K32_R2_local
ecg_degraded,84.92972216386207,105.97826086956522,False,0.0958096,11.976199999999999,97.68598857142857,-0.3800607694735265,0.6648057948097164,0.0031776305269138254,6.77377083698891,K32_R8_edge
ecg_degraded,55.64771853442395,65.71741511500548,False,0.1198864,14.985800000000001,142.05,-0.46701924517756926,0.5505012750016458,0.014386869558702697,6.457962060150243,K32_R20_local
ecg_missing,75.98761641418842,75.98784194528875,True,0.08377120000000002,10.471400000000003,105.114,0.41420685173117366,0.7492916517490888,0.7492916517490888,19.258887137674233,K32_R2_local
ecg_degraded,78.74307788845005,78.99615275148658,True,0.08377120000000002,10.471400000000003,105.114,0.333923089437576,0.6690078894554912,0.6690078894554912,17.397827415526162,K32_R2_local
both_degraded,59.584334878224716,86.64526840847113,True,0.08377120000000002,10.471400000000003,105.114,0.11316757952981814,0.44825237954773334,0.44825237954773334,17.22562070047674,K32_R2_local
ppg_degraded,94.07462908455287,94.35625497186761,True,0.08377120000000002,10.471400000000003,105.114,0.31107601205029567,0.6461608120682109,0.6461608120682109,19.930476844708423,K32_R2_local
ppg_degraded,56.82032119528421,69.71142955035012,True,0.08377120000000002,10.471400000000003,105.114,0.27685340425459604,0.6119382042725112,0.6119382042725112,18.34873376183184,K32_R2_local
ppg_degraded,73.47369142973972,77.71920112312594,True,0.08377120000000002,10.471400000000003,105.114,0.26815047692505245,0.6032352769429676,0.6032352769429676,16.913297020928837,K32_R2_local
ppg_missing,81.00441095728182,109.94764397905755,False,0.1198864,14.985800000000001,142.05,-0.481406114736272,0.7281622526828706,7.679645468984871e-31,4.9656336211134615,K32_R20_local
ecg_missing,75.83768122485067,75.84269662921348,True,0.08377120000000002,10.471400000000003,105.114,0.4142727964700823,0.7493575964879975,0.7493575964879975,18.03845735062822,K32_R2_local
ecg_missing,85.20791428628844,85.22727272727275,True,0.08377120000000002,10.471400000000003,105.114,0.4148829754984935,0.7499677755164087,0.7499677755164087,14.267210465255449,K32_R2_local
both_clean,94.27026723752961,94.24083769633508,True,0.08377120000000002,10.471400000000003,105.114,0.3999309887674919,0.7350157887854071,0.7350157887854071,18.82384497147178,K32_R2_local
both_clean,107.3760352901659,107.37885462555063,True,0.08377120000000002,10.471400000000003,105.114,0.39708911103734745,0.7321739110552626,0.7321739110552626,19.202433830094662,K32_R2_local
ppg_degraded,67.05206982492749,68.02977092299554,True,0.08377120000000002,10.471400000000003,105.114,0.3938762844555389,0.7289610844734541,0.7289610844734541,16.294270146694704,K32_R2_local
ppg_missing,88.9128324247895,81.47495223898446,False,0.1198864,14.985800000000001,142.05,-0.4807118630165988,0.7224906573921615,0.0006942517196731813,6.258934409224545,K32_R20_local
ppg_missing,91.77295980020932,91.76863181312571,True,0.08377120000000002,10.471400000000003,105.114,0.38491294683140176,0.7199977468493169,0.7199977468493169,19.86611407086793,K32_R2_local
both_degraded,67.56324494074923,70.89733408956609,True,0.08377120000000002,10.471400000000003,105.114,0.3570679696858602,0.6921527697037754,0.6921527697037754,21.54101306780478,K32_R2_local
both_degraded,50.08940501053017,96.39572633576365,True,0.08377120000000002,10.471400000000003,85.39689142857144,0.11558949923832806,0.45067429923834124,0.45067429923834124,19.440919223711525,K32_R2_edge
ecg_degraded,108.40761648598476,108.47107438016529,True,0.08377120000000002,10.471400000000003,105.114,0.2916441946158599,0.6267289946337751,0.6267289946337751,18.113000103959273,K32_R2_local
ppg_missing,67.90407338101254,69.87577639751552,True,0.08377120000000002,10.471400000000003,105.114,0.4004785913076805,0.7355633913255957,0.7355633913255957,16.596613190739145,K32_R2_local
ppg_degraded,68.8391601220602,74.23141069795477,True,0.08377120000000002,10.471400000000003,105.114,0.23762773733651366,0.5727125373544288,0.5727125373544288,16.858218508031232,K32_R2_local
ecg_degraded,103.50266422670943,103.50318471337584,True,0.08377120000000002,10.471400000000003,105.114,0.3352290741721846,0.6703138741900998,0.6703138741900998,14.790331896485673,K32_R2_local
ppg_missing,85.10977639345448,85.13931888544893,True,0.08377120000000002,10.471400000000003,105.114,0.3949828905720989,0.7300676905900141,0.7300676905900141,16.178838554896668,K32_R2_local
ppg_degraded,78.27857991090988,103.9445628997868,False,0.08377120000000002,10.471400000000003,85.39689142857144,-0.33508480000000823,0.7001889927290793,4.91502946931965e-15,6.024195312842194,K32_R2_edge
ecg_degraded,96.39662057892897,96.40396109222124,True,0.08377120000000002,10.471400000000003,105.114,0.33324389493937656,0.6683286949572917,0.6683286949572917,14.390841144065615,K32_R2_local
ecg_degraded,51.82076045974827,69.72472693847587,True,0.08377120000000002,10.471400000000003,105.114,0.19195898105556775,0.5270437810734829,0.5270437810734829,16.19509096984895,K32_R2_local
ppg_missing,92.41790573933741,92.49743062692704,True,0.08377120000000002,10.471400000000003,105.114,0.39323536519198266,0.7283201652098978,0.7283201652098978,16.364210799061336,K32_R2_local
ppg_missing,72.45463000870825,72.42489270386267,True,0.08377120000000002,10.471400000000003,105.114,0.4008948688584477,0.7359796688763629,0.7359796688763629,17.652966996561204,K32_R2_local
ppg_missing,55.45116281025547,57.5027382256298,True,0.0958096,11.976199999999999,117.426,0.2632161750727917,0.7416110032983791,0.6464545835186919,7.669724238649072,K32_R8_local
both_degraded,89.63000404567369,89.61947076020526,True,0.08377120000000002,10.471400000000003,105.114,0.2848455843356271,0.6199303843535423,0.6199303843535423,19.733307034604117,K32_R2_local
ppg_missing,105.88783128448128,105.97826086956522,True,0.1198864,14.985800000000001,142.05,0.23084655549008296,0.7132899626213032,0.712252670226355,7.382884309718848,K32_R20_local
ppg_degraded,62.431470084860074,80.14727539228669,True,0.08377120000000002,10.471400000000003,105.114,0.18080753853215803,0.5158923385500732,0.5158923385500732,15.924234985115353,K32_R2_local
ecg_missing,87.80541198712058,87.71929824561404,True,0.1198864,14.985800000000001,142.05,0.26765685426359426,0.7490629690024407,0.7490629689998662,8.231667687162915,K32_R20_local
ppg_missing,67.88978543944549,69.87577639751552,True,0.08377120000000002,10.471400000000003,105.114,0.39857487674981884,0.733659676767734,0.733659676767734,17.302058922608655,K32_R2_local
ecg_missing,94.50540080415982,94.50171821305842,True,0.08377120000000002,10.471400000000003,105.114,0.4138243257905724,0.7489091258084876,0.7489091258084876,15.28332816044756,K32_R2_local
ecg_degraded,93.32988848852705,93.93294717804355,True,0.08377120000000002,10.471400000000003,105.114,0.2834054764068905,0.6184902764248057,0.6184902764248057,19.434458502344942,K32_R2_local
ecg_missing,63.12292547412827,63.10096153846154,True,0.08377120000000002,10.471400000000003,105.114,0.41459502696382766,0.7496798269817428,0.7496798269817428,17.884344312372626,K32_R2_local
ecg_missing,99.79321245645875,50.561797752808985,False,0.1198864,14.985800000000001,142.05,-0.2266946789617074,0.7488907688152345,0.2547114357745646,6.730178920909883,K32_R20_local
ecg_degraded,89.4591326523946,89.38244853737812,True,0.08377120000000002,10.471400000000003,105.114,0.2899822335165271,0.6250670335344423,0.6250670335344423,15.33252090399184,K32_R2_local
ppg_degraded,90.96793447162102,92.01359762030347,True,0.08377120000000002,10.471400000000003,105.114,0.38770212353613054,0.7227869235540457,0.7227869235540457,17.409392010625922,K32_R2_local
both_degraded,99.2045450102321,63.29113924050633,False,0.0958096,11.976199999999999,97.68598857142857,-0.3811283868591066,0.6579377134320831,0.0021100131413337394,6.744629661357536,K32_R8_edge
ppg_missing,75.71437425790772,75.67264573991032,True,0.08377120000000002,10.471400000000003,105.114,0.3859383360618469,0.7210231360797621,0.7210231360797621,15.464619107588417,K32_R2_local
ppg_degraded,95.52232766929514,52.14368482039397,False,0.0958096,11.976199999999999,97.68598857142857,-0.383238400000437,0.7166853997832262,3.3354330284982716e-15,5.76783372591395,K32_R8_edge
ecg_degraded,102.70881107997523,102.73972602739728,True,0.08377120000000002,10.471400000000003,105.114,0.39158018718707654,0.7266649872049917,0.7266649872049917,19.083013892404505,K32_R2_local
ppg_missing,56.139195315324464,56.14973262032085,True,0.08377120000000002,10.471400000000003,105.114,0.4036570304249193,0.7387418304428345,0.7387418304428345,17.580921235285093,K32_R2_local
both_degraded,100.98610024796923,101.71218239111037,True,0.08377120000000002,10.471400000000003,105.114,0.19625803512967865,0.5313428351475938,0.5313428351475938,15.230208091669285,K32_R2_local
both_clean,73.6356399579401,73.64932308327285,True,0.08377120000000002,10.471400000000003,105.114,0.4059774621937353,0.7410622622116505,0.7410622622116505,16.357562100098374,K32_R2_local
both_degraded,78.7810354107365,103.9445628997868,False,0.0958096,11.976199999999999,97.68598857142857,-0.3831679735274683,0.710743825527808,7.042647297205027e-05,6.534547740290238,K32_R8_edge
ecg_degraded,58.78007418549191,76.01360311416364,True,0.08377120000000002,10.471400000000003,85.39689142857144,0.18075680276805683,0.51584160276807,0.51584160276807,19.28348361133992,K32_R2_edge
ecg_degraded,91.90558069682561,91.89937110158161,True,0.08377120000000002,10.471400000000003,105.114,0.3836957378571303,0.7187805378750455,0.7187805378750455,16.90430844454884,K32_R2_local
ppg_degraded,67.51871695927106,69.1580819280792,True,0.08377120000000002,10.471400000000003,105.114,0.3899251415707996,0.7250099415887148,0.7250099415887148,16.96877617502698,K32_R2_local
ecg_degraded,102.26834898761535,102.6785960297749,True,0.08377120000000002,10.471400000000003,105.114,0.28619157857378286,0.621276378591698,0.621276378591698,17.530563595225757,K32_R2_local
both_degraded,66.52246261688462,69.25399717908397,True,0.08377120000000002,10.471400000000003,105.114,0.33103317467673654,0.6661179746946517,0.6661179746946517,17.569037829383497,K32_R2_local
ecg_degraded,83.7085831238534,84.3219061361281,True,0.08377120000000002,10.471400000000003,105.114,0.33235628852806065,0.6674410885459758,0.6674410885459758,18.81834484117689,K32_R2_local
both_degraded,73.97937326782716,74.01315789473685,True,0.08377120000000002,10.471400000000003,105.114,0.3261850312197546,0.6612698312376698,0.6612698312376698,15.345796573142277,K32_R2_local
ecg_missing,86.77456951414635,89.38244853737814,True,0.08377120000000002,10.471400000000003,105.114,0.4140637704442829,0.7491485704621981,0.7491485704621981,19.13885598706652,K32_R2_local
ecg_degraded,61.798354386327425,83.93717532576376,True,0.08377120000000002,10.471400000000003,105.114,0.1907839229738737,0.5258687229917889,0.5258687229917889,17.443439294804524,K32_R2_local
ppg_missing,60.81725245058571,60.8342989571263,True,0.08377120000000002,10.471400000000003,105.114,0.4021765886787545,0.7372613886966697,0.7372613886966697,21.053139480439793,K32_R2_local
both_degraded,94.81162313899029,94.78048416957061,True,0.08377120000000002,10.471400000000003,105.114,0.32550059675699494,0.6605853967749101,0.6605853967749101,19.720820486970734,K32_R2_local
ppg_degraded,95.13340510215664,95.18546873141284,True,0.1198864,14.985800000000001,122.26418285714286,0.21585479286699616,0.6954004877620642,0.6954004877620645,8.824933516864307,K32_R20_edge
ppg_missing,84.01867246717474,83.986562150056,True,0.08377120000000002,10.471400000000003,105.114,0.3913152548816661,0.7264000548995813,0.7264000548995813,19.458856723201233,K32_R2_local
ppg_missing,105.2647806369758,105.29157667386612,True,0.0958096,11.976199999999999,97.68598857142857,0.3312252023666465,0.7144636023670868,0.7144636023670868,19.0556101220798,K32_R8_edge
both_clean,62.34650289374113,64.62465543747028,True,0.08377120000000002,10.471400000000003,105.114,0.40685444117268976,0.741939241190605,0.741939241190605,21.082582358900392,K32_R2_local
ppg_missing,101.0540674754991,70.82896117523609,False,0.0958096,11.976199999999999,97.68598857142857,-0.3832106786473668,0.7194929901141099,2.7721353073567227e-05,6.486936255685467,K32_R8_edge
ecg_missing,60.13923867962517,60.13745704467354,True,0.08377120000000002,10.471400000000003,105.114,0.41451636728877306,0.7496011673066882,0.7496011673066882,18.858918020641084,K32_R2_local
ecg_missing,107.86146325365678,107.85398230088494,True,0.08377120000000002,10.471400000000003,105.114,0.41371823704264876,0.748803037060564,0.748803037060564,16.85900030048657,K32_R2_local
both_clean,87.4215636863691,100.16327939015676,False,0.0958096,11.976199999999999,97.68598857142857,-0.30177861743688,0.7382640299169095,0.08145978256356032,7.0813997145289616,K32_R8_edge
both_degraded,86.41302728060089,90.44515603412677,True,0.08377120000000002,10.471400000000003,105.114,0.25457698688291786,0.589661786900833,0.589661786900833,17.668168359347195,K32_R2_local
both_clean,108.23352578795743,108.24742268041236,True,0.08377120000000002,10.471400000000003,105.114,0.3969031212861436,0.7319879213040588,0.7319879213040588,18.905803616185988,K32_R2_local
ecg_missing,97.22196282732627,97.2972972972973,True,0.08377120000000002,10.471400000000003,105.114,0.41408785237945245,0.7491726523973676,0.7491726523973676,14.644951784771262,K32_R2_local
ecg_missing,97.39504856531326,97.40259740259742,True,0.08377120000000002,10.471400000000003,105.114,0.4149097587742592,0.7499945587921744,0.7499945587921744,18.071382060607313,K32_R2_local
both_degraded,53.24562547225791,106.76005213864316,True,0.08377120000000002,10.471400000000003,85.39689142857144,0.08516572484658574,0.4202505248465989,0.4202505248465989,17.209044558521168,K32_R2_edge
ecg_degraded,72.1571783656652,78.94339730435543,True,0.08377120000000002,10.471400000000003,85.39689142857144,-0.09053242232953768,0.5856746410740297,0.2445523776704755,8.04077912802265,K32_R2_edge
ppg_missing,55.09368632992808,55.08919202518363,True,0.08377120000000002,10.471400000000003,105.114,0.40236159115805137,0.7374463911759666,0.7374463911759666,17.92838258621738,K32_R2_local
both_clean,61.61165488793087,61.61971830985915,True,0.08377120000000002,10.471400000000003,105.114,0.40813271711462196,0.7432175171325371,0.7432175171325371,19.44203885597395,K32_R2_local
ecg_missing,62.83201944152883,76.3338487627589,False,0.1198864,14.985800000000001,142.05,-0.4594130179618547,0.749547595490157,0.021993096774417298,6.466738529707595,K32_R20_local
both_degraded,101.51851592995426,102.24226003048474,True,0.0958096,11.976199999999999,97.68598857142857,0.27623649081956875,0.6594947515779762,0.6594748908200091,8.510378273088637,K32_R8_edge
ppg_degraded,57.60529878309833,77.25842329202426,True,0.08377120000000002,10.471400000000003,105.114,0.17749262609762384,0.512577426115539,0.512577426115539,16.573605311522886,K32_R2_local
both_degraded,67.80546610336697,74.65527767313476,True,0.08377120000000002,10.471400000000003,105.114,0.2433720737873094,0.5784568738052246,0.5784568738052246,17.699502574567642,K32_R2_local
ecg_degraded,79.57081873545995,80.21827617279553,True,0.08377120000000002,10.471400000000003,105.114,0.3826051251056164,0.7176899251235316,0.7176899251235316,18.287273568256754,K32_R2_local
ppg_degraded,100.96762467137222,101.06517901043097,True,0.08377120000000002,10.471400000000003,105.114,0.29877374581250293,0.6338585458304181,0.6338585458304181,17.947754984925066,K32_R2_local
ppg_missing,107.91388525024253,107.85398230088492,True,0.08377120000000002,10.471400000000003,85.39689142857144,0.38620920702334793,0.7212940070233611,0.7212940070233611,16.541139348220966,K32_R2_edge
both_degraded,92.4886862412345,92.66847964205189,True,0.08377120000000002,10.471400000000003,105.114,0.29091945231430694,0.6260042523322221,0.6260042523322221,17.138917545623933,K32_R2_local
ppg_degraded,62.821233165832886,80.38585209003216,False,0.0958096,11.976199999999999,117.426,-0.3832384084459002,0.5247127407575443,5.2770971297586736e-27,5.278038486237248,K32_R8_local
both_degraded,82.69896088748024,90.89701999363449,True,0.08377120000000002,10.471400000000003,105.114,0.09980246454068757,0.43488726455860277,0.43488726455860277,20.85469934777824,K32_R2_local
ppg_missing,92.35754257921322,92.3852183650616,True,0.08377120000000002,10.471400000000003,105.114,0.3876507733538672,0.7227355733717824,0.7227355733717824,15.634257800784116,K32_R2_local
both_degraded,53.11295166359751,102.1696172456871,True,0.08377120000000002,10.471400000000003,105.114,0.08821141899144984,0.42329621900936504,0.42329621900936504,15.203509174034007,K32_R2_local
ppg_missing,90.79305003344429,90.75907590759077,True,0.0958096,11.976199999999999,97.68598857142857,0.3389727047480788,0.7269591996542669,0.7222111047485191,8.044849516012466,K32_R8_edge
ppg_missing,72.09691010834487,72.11538461538461,True,0.08377120000000002,10.471400000000003,105.114,0.4139052375548189,0.7489900375727341,0.7489900375727341,18.414791390210908,K32_R2_local
ppg_degraded,85.3820172067525,86.45838060839037,True,0.08377120000000002,10.471400000000003,105.114,0.3883029369906097,0.7233877370085249,0.7233877370085249,17.311253335774605,K32_R2_local
ecg_missing,90.1719968684999,84.68459532555174,False,0.1198864,14.985800000000001,142.05,-0.4809831096224475,0.7491051756632002,0.0004230051138245085,6.232980134725989,K32_R20_local
ppg_missing,90.14764976875614,90.16393442622952,True,0.08377120000000002,10.471400000000003,105.114,0.3881705946269576,0.7232553946448728,0.7232553946448728,15.2802747660044,K32_R2_local
both_degraded,81.38298653155138,85.19732137805885,True,0.08377120000000002,10.471400000000003,105.114,0.17052026071455462,0.5056050607324698,0.5056050607324698,19.287208284438424,K32_R2_local
ecg_missing,83.28424594790536,83.24084350721422,True,0.08377120000000002,10.471400000000003,105.114,0.41388042326738106,0.7489652232852962,0.7489652232852962,17.255660709155027,K32_R2_local
ppg_degraded,61.888982816811975,79.68109662206331,True,0.08377120000000002,10.471400000000003,105.114,0.18769625722526795,0.5227810572431831,0.5227810572431831,17.55408004579055,K32_R2_local
ppg_missing,79.71124349212413,79.70244420828907,True,0.08377120000000002,10.471400000000003,105.114,0.39335435995608825,0.7284391599740034,0.7284391599740034,19.92140057487484,K32_R2_local
both_clean,57.524568358715186,57.534061401554496,True,0.08377120000000002,10.471400000000003,105.114,0.4096486819372269,0.7447334819551421,0.7447334819551421,18.952082601108906,K32_R2_local
both_degraded,78.84482011556386,78.85936162243233,True,0.08377120000000002,10.471400000000003,105.114,0.29309230213234294,0.6281771021502581,0.6281771021502581,18.402425899373583,K32_R2_local
ecg_degraded,82.17469553418869,84.86131225763538,True,0.08377120000000002,10.471400000000003,105.114,0.27403258413145115,0.6091173841493663,0.6091173841493663,19.379137151911397,K32_R2_local
ecg_degraded,96.44628897861911,96.46302250803859,True,0.08377120000000002,10.471400000000003,105.114,0.33484225904081355,0.6699270590587287,0.6699270590587287,18.166018745631366,K32_R2_local
ppg_degraded,73.61988757965115,75.11089749337995,True,0.08377120000000002,10.471400000000003,105.114,0.39270476792424736,0.7277895679421625,0.7277895679421625,18.325257398970958,K32_R2_local
ecg_missing,51.17602511309657,51.19453924914676,True,0.08377120000000002,10.471400000000003,105.114,0.4146191047247524,0.7497039047426676,0.7497039047426676,16.394006037408516,K32_R2_local
ppg_missing,81.66499599281019,94.22618400925535,False,0.08377120000000002,10.471400000000003,105.114,-0.33504396203079395,0.7322855181426773,4.08379871212288e-05,6.909090230818047,K32_R2_local
both_degraded,62.31394954700527,117.79638057802771,True,0.08377120000000002,10.471400000000003,105.114,0.027997244788718838,0.3853285995404899,0.36308204480663403,8.774958639574823,K32_R2_local
ecg_missing,94.47545139166212,92.80089988751408,False,0.1198864,14.985800000000001,122.26418285714286,-0.47607688007506926,0.7490303479827679,0.0034688148199990354,6.343846287447332,K32_R20_edge
both_clean,73.3218338250042,73.28990228013029,True,0.08377120000000002,10.471400000000003,105.114,0.4050320054623241,0.7401168054802393,0.7401168054802393,19.150708942427727,K32_R2_local
ppg_degraded,72.82838984796814,57.42690488631234,False,0.08377120000000002,10.471400000000003,85.39689142857144,-0.3350786480797462,0.6651443788252706,6.151920266966278e-06,6.8012672858928065,K32_R2_edge
both_degraded,104.56727478615781,104.5517416070813,True,0.08377120000000002,10.471400000000003,105.114,0.28648151840588176,0.621566318423797,0.621566318423797,18.491910672127574,K32_R2_local
ecg_missing,73.57822663731254,82.9986995412737,False,0.1198864,14.985800000000001,142.05,-0.48138269589413185,0.7498248543757913,2.3418842140124367e-05,6.108555717879779,K32_R20_local
ecg_degraded,70.9310946290934,94.73391829402185,False,0.1198864,14.985800000000001,122.26418285714286,-0.23039919448329862,0.7220334200588998,0.24914650041176975,6.732630291960838,K32_R20_edge
ecg_missing,70.88118412149537,70.90336134453781,True,0.08377120000000002,10.471400000000003,105.114,0.41419193537690213,0.7492767353948173,0.7492767353948173,17.999321371165582,K32_R2_local
both_degraded,78.84593421815492,79.47200598202087,True,0.08377120000000002,10.471400000000003,105.114,0.2901583243838831,0.6252431244017983,0.6252431244017983,17.268734453634533,K32_R2_local
ppg_missing,55.59752652508483,55.61440677966101,True,0.0958096,11.976199999999999,117.426,0.3523874194167348,0.735625827862635,0.735625827862635,16.66280970612829,K32_R8_local
ppg_missing,82.80484447674289,57.5027382256298,False,0.0958096,11.976199999999999,117.426,-0.3743422369560266,0.7297126847514928,0.008896171489873591,6.848390090199792,K32_R8_local
ppg_degraded,105.28564772202691,105.24348814058905,True,0.0958096,11.976199999999999,97.68598857142857,0.22248998492584593,0.6344007526485463,0.6057283849262863,7.821533417238466,K32_R8_edge
ecg_missing,83.7753238927842,61.664953751284685,False,0.1198864,14.985800000000001,142.05,-0.4810790762291591,0.7493535903717823,0.0003270385071129092,6.2208126039356975,K32_R20_local
ecg_missing,94.63461244103283,94.71871412169921,True,0.08377120000000002,10.471400000000003,105.114,0.41395755020488,0.7490423502227952,0.7490423502227952,15.711271099926176,K32_R2_local
ecg_missing,106.82843978994063,106.79079956188387,True,0.1198864,14.985800000000001,142.05,0.26631015893842064,0.7486485412616505,0.7477162736746926,7.3925232991559975,K32_R20_local
ecg_missing,100.52692322593484,104.18393056097594,False,0.08377120000000002,10.471400000000003,85.39689142857144,-0.3350833345335514,0.7489289818426792,1.4654664617791174e-06,6.71761019032201,K32_R2_edge
ppg_degraded,94.64038061674887,96.30350193163054,True,0.08377120000000002,10.471400000000003,105.114,0.28818557610206463,0.6232703761199798,0.6232703761199798,16.58997172196952,K32_R2_local
ecg_degraded,98.78982435167364,98.78856479829167,True,0.08377120000000002,10.471400000000003,105.114,0.3812392474648334,0.7163240474827486,0.7163240474827486,17.13687647695836,K32_R2_local
ppg_degraded,99.2083424976174,99.46641387231512,True,0.08377120000000002,10.471400000000003,105.114,0.300807392558296,0.6358921925762112,0.6358921925762112,18.82095048998143,K32_R2_local
both_degraded,65.22531168572199,105.9178672785821,True,0.08377120000000002,10.471400000000003,85.39689142857144,0.0625437766376073,0.39762857663762047,0.39762857663762047,17.830162259714236,K32_R2_edge
ecg_degraded,78.91778283130296,78.90816452291514,True,0.08377120000000002,10.471400000000003,85.39689142857144,0.26605717142846597,0.7125356054815858,0.6011419714284791,8.525377737354457,K32_R2_edge
both_degraded,70.5630050395109,70.51225382906338,True,0.08377120000000002,10.471400000000003,105.114,0.3815518903920945,0.7166366904100097,0.7166366904100097,17.668798207812173,K32_R2_local
ecg_degraded,65.70399761771925,72.80676074757237,True,0.08377120000000002,10.471400000000003,105.114,0.3342046206713022,0.6692894206892174,0.6692894206892174,15.949987054160728,K32_R2_local
ppg_degraded,84.29309498735783,84.1799195253489,True,0.08377120000000002,10.471400000000003,105.114,0.3792083142912448,0.71429311430916,0.71429311430916,17.81307180696548,K32_R2_local
both_clean,69.07315537045541,69.12442396313364,True,0.1198864,14.985800000000001,122.26418285714286,0.26318414990421063,0.7428816037793351,0.742729844799279,7.497615207054625,K32_R20_edge
ecg_degraded,87.11939274635914,87.11721224920804,True,0.08377120000000002,10.471400000000003,105.114,0.3306444305842071,0.6657292306021223,0.6657292306021223,16.94192545420351,K32_R2_local
ppg_missing,84.94499181630542,79.51914207132691,False,0.0958096,11.976199999999999,97.68598857142857,-0.38220115269623356,0.7275719953894573,0.0010372473042068008,6.689346077339685,K32_R8_edge
ecg_missing,56.263938462918276,56.27009646302251,True,0.08377120000000002,10.471400000000003,105.114,0.41464679768672996,0.7497315977046451,0.7497315977046451,20.718688207116948,K32_R2_local
ppg_degraded,76.54505909354502,63.29113924050633,False,0.1198864,14.985800000000001,142.05,-0.272791583270895,0.7133902200034745,0.20861453146537698,6.705788896230522,K32_R20_local
ppg_missing,73.39129243881318,73.36956521739131,True,0.08377120000000002,10.471400000000003,105.114,0.3943647240083863,0.7294495240263015,0.7294495240263015,17.618293100047072,K32_R2_local
ecg_degraded,92.39914466602308,92.90888586336027,True,0.08377120000000002,10.471400000000003,105.114,0.38427654910899156,0.7193613491269067,0.7193613491269067,16.224937137089587,K32_R2_local
ecg_missing,55.28797062862314,79.27274071525106,False,0.0958096,11.976199999999999,97.68598857142857,-0.38323840000044035,0.7496683292206888,6.3002886102461614e-24,5.384269037714534,K32_R8_edge
ppg_missing,60.13749034759984,62.11180124223603,True,0.08377120000000002,10.471400000000003,105.114,0.403057135423732,0.7381419354416472,0.7381419354416472,18.108116296256455,K32_R2_local
ecg_missing,80.75584735732947,95.33300150324432,False,0.1198864,14.985800000000001,122.26418285714286,-0.4795456948950581,0.7490793084055121,1.0232753713607821e-14,5.536456139238522,K32_R20_edge
ppg_degraded,74.27562373086893,74.17910761306423,True,0.08377120000000002,10.471400000000003,105.114,0.3865577427473026,0.7216425427652178,0.7216425427652178,14.554870140895494,K32_R2_local
both_clean,89.92080081090316,90.83700222701592,True,0.08377120000000002,10.471400000000003,105.114,0.3987574510623205,0.7338422510802357,0.7338422510802357,18.578801854553358,K32_R2_local
ecg_missing,69.97140126535102,70.02074688796681,True,0.08377120000000002,10.471400000000003,105.114,0.41447190785149246,0.7495567078694076,0.7495567078694076,14.604919952516315,K32_R2_local
ppg_degraded,61.83312610069976,81.84661553201984,True,0.08377120000000002,10.471400000000003,105.114,0.17435738954859237,0.5094421895665076,0.5094421895665076,17.170461356223264,K32_R2_local
both_clean,105.91072539585171,105.9192137065007,True,0.08377120000000002,10.471400000000003,105.114,0.3949773472904108,0.730062147308326,0.730062147308326,16.216321000223637,K32_R2_local
ecg_missing,64.6337895993821,64.6551724137931,True,0.08377120000000002,10.471400000000003,105.114,0.4148807136099337,0.7499655136278489,0.7499655136278489,16.855270393350146,K32_R2_local
ppg_missing,58.82385844599408,70.77780883037684,False,0.08377120000000002,10.471400000000003,105.114,-0.33371115308284016,0.7414150957765444,0.0013736469350750411,7.170909716910736,K32_R2_local
ppg_missing,66.7936492590928,69.80351602895553,True,0.0958096,11.976199999999999,97.68598857142857,0.35359894022510946,0.7368993848878186,0.7368373402255498,8.431395595297673,K32_R8_edge
ecg_missing,70.38346264091189,70.38581856100105,True,0.08377120000000002,10.471400000000003,105.114,0.41431094858912276,0.749395748607038,0.749395748607038,19.186065768720344,K32_R2_local
ppg_missing,63.50695955956169,63.492063492063494,True,0.08377120000000002,10.471400000000003,105.114,0.39636065699856093,0.7314454570164761,0.7314454570164761,20.318953955606712,K32_R2_local
ecg_degraded,82.17898706383484,82.9986995412737,True,0.1198864,14.985800000000001,122.26418285714286,0.23714223982384874,0.716687934718917,0.7166879347189171,9.117430632630443,K32_R20_edge
ecg_degraded,106.21603074006195,79.97951590975798,False,0.08377120000000002,10.471400000000003,105.114,-0.3350115654265724,0.7156793873608801,7.323459134277136e-05,6.948820780547142,K32_R2_local
ppg_missing,57.561131090906635,57.56578947368421,True,0.08377120000000002,10.471400000000003,105.114,0.40341881994950257,0.7385036199674178,0.7385036199674178,16.84248603404076,K32_R2_local
ecg_degraded,74.9098767730012,74.91675915649279,True,0.08377120000000002,10.471400000000003,105.114,0.38831394803736086,0.723398748055276,0.723398748055276,19.175298805193698,K32_R2_local
both_degraded,90.08944646203821,90.83147155336634,True,0.08377120000000002,10.471400000000003,105.114,0.28210371741701334,0.6171885174349285,0.6171885174349285,16.031905999996763,K32_R2_local
both_degraded,103.08289894912453,103.12005836103647,True,0.08377120000000002,10.471400000000003,105.114,0.3352669373438768,0.670351737361792,0.670351737361792,17.676392081080103,K32_R2_local
ecg_degraded,109.98818169711188,109.99646621395803,True,0.08377120000000002,10.471400000000003,105.114,0.32943545613385483,0.66452025615177,0.66452025615177,18.009354424130382,K32_R2_local
both_clean,58.61821678086113,58.626500712268175,True,0.08377120000000002,10.471400000000003,105.114,0.4140069242816977,0.7490917242996129,0.7490917242996129,20.400669081358213,K32_R2_local
ecg_missing,82.23786346563897,82.23684210526316,True,0.08377120000000002,10.471400000000003,105.114,0.41418338363690754,0.7492681836548227,0.7492681836548227,14.986977994124913,K32_R2_local
both_degraded,102.87203172352952,74.7141685828409,False,0.0958096,11.976199999999999,117.426,-0.3832384084459001,0.6134508655150402,8.285845377637274e-17,5.6909481236321415,K32_R8_local
both_clean,53.18178049150531,53.19148936170213,True,0.08377120000000002,10.471400000000003,105.114,0.41479883808617557,0.7498836381040908,0.7498836381040908,18.466017679502,K32_R2_local
ecg_degraded,85.29758935134751,86.1361909117057,True,0.08377120000000002,10.471400000000003,105.114,0.33220703439911825,0.6672918344170334,0.6672918344170334,19.579584589906883,K32_R2_local
ppg_degraded,60.43468096329762,70.82896117523609,False,0.0958096,11.976199999999999,97.68598857142857,-0.3832124534677257,0.5133827543974626,2.594653271463869e-05,6.5003033339352925,K32_R8_edge
ppg_degraded,96.06981572992572,87.71929824561404,False,0.1198864,14.985800000000001,122.26418285714286,-0.4681202583677293,0.6912991172757103,0.01142543652733904,6.424876159133798,K32_R20_edge
both_clean,106.25786208361473,78.94339730435543,False,0.08377120000000002,10.471400000000003,85.39689142857144,-0.33508480000001317,0.7313594729320737,1.156599596068033e-17,5.87353648829173,K32_R2_edge
ecg_degraded,82.29729155964074,83.21896885953949,True,0.08377120000000002,10.471400000000003,105.114,0.3837213240171745,0.7188061240350897,0.7188061240350897,18.039582394201343,K32_R2_local
ecg_missing,50.53798839502615,50.561797752808985,True,0.1198864,14.985800000000001,142.05,0.08611383592454006,0.7497490568694042,0.5675199506608121,6.935686883026856,K32_R20_local
both_clean,53.855019298882524,54.863857525865605,True,0.08377120000000002,10.471400000000003,105.114,0.4052679660757733,0.7403527660936885,0.7403527660936885,16.913778992887284,K32_R2_local
ppg_missing,74.94211543515334,74.91675915649279,True,0.08377120000000002,10.471400000000003,105.114,0.3995192196291758,0.734604019647091,0.734604019647091,16.983013256284778,K32_R2_local
both_clean,100.83823821390251,100.82730093071356,True,0.08377120000000002,10.471400000000003,105.114,0.39822663889259025,0.7333114389105054,0.7333114389105054,21.586542149889787,K32_R2_local
both_clean,64.20601536021987,65.57930680448885,True,0.08377120000000002,10.471400000000003,105.114,0.40157030075831857,0.7366551007762338,0.7366551007762338,19.227334303943643,K32_R2_local
both_clean,90.14825438793045,90.65571890326396,True,0.0958096,11.976199999999999,97.68598857142857,0.3380921062348678,0.7345686533047571,0.7213305062353081,7.934303949356296,K32_R8_edge
ppg_missing,74.31847052743595,100.16327939015676,False,0.0958096,11.976199999999999,97.68598857142857,-0.38323840000044035,0.7278661787534342,8.386834007343104e-27,5.28010633732305,K32_R8_edge
both_degraded,65.90931141008178,83.92273407062366,True,0.08377120000000002,10.471400000000003,105.114,0.12740364108400326,0.46248844110191845,0.46248844110191845,18.136245411874192,K32_R2_local
ppg_missing,92.23334648163122,92.21311475409837,True,0.08377120000000002,10.471400000000003,105.114,0.3844545923070527,0.7195393923249679,0.7195393923249679,15.511845018402381,K32_R2_local
ppg_missing,68.49540534289036,85.40372670807454,False,0.0958096,11.976199999999999,97.68598857142857,-0.2986418296399075,0.738012882733668,0.08459657036053286,7.0866367380807525,K32_R8_edge
ppg_degraded,72.31285695256935,70.82896117523609,False,0.0958096,11.976199999999999,117.426,-0.3813843234604692,0.6482400709024172,0.0018540849854310189,6.736522303235542,K32_R8_local
ecg_degraded,95.91861852606185,95.93908617566083,True,0.08377120000000002,10.471400000000003,105.114,0.3814053405486435,0.7164901405665587,0.7164901405665587,18.850297811730915,K32_R2_local
ecg_missing,79.71199451594227,82.32711306256861,True,0.08377120000000002,10.471400000000003,105.114,0.4141269632119122,0.7492117632298274,0.7492117632298274,19.214326782634373,K32_R2_local
ecg_degraded,97.03511365730358,97.04588608023936,True,0.08377120000000002,10.471400000000003,105.114,0.3118332018296429,0.6469180018475581,0.6469180018475581,15.44765430138407,K32_R2_local
ppg_degraded,80.97803187020787,78.17174914750474,False,0.08377120000000002,10.471400000000003,105.114,0.11907942004796311,0.7275769791386143,0.4541642200658783,8.241126168698006,K32_R2_local
ecg_degraded,59.59829990119988,75.66084380003245,True,0.0958096,11.976199999999999,117.426,0.06835651554442303,0.5208371683945103,0.45159492399032325,7.663898458085101,K32_R8_local
ppg_degraded,76.62186945192359,95.46172834015024,False,0.08377120000000002,10.471400000000003,85.39689142857144,-0.3350445885901098,0.7255241982436189,4.0211409903359395e-05,6.908694827662551,K32_R2_edge
both_degraded,102.36590375797846,103.10387696280851,True,0.08377120000000002,10.471400000000003,105.114,0.3165809832760811,0.6516657832939963,0.6516657832939963,18.257185640893205,K32_R2_local
ecg_missing,83.8950707020085,86.38743455497384,True,0.08377120000000002,10.471400000000003,105.114,0.41415268766565716,0.7492374876835723,0.7492374876835723,17.596597068562303,K32_R2_local
ecg_missing,107.88893297520958,107.91366906474819,True,0.08377120000000002,10.471400000000003,105.114,0.41388927573730916,0.7489740757552243,0.7489740757552243,18.880254052196324,K32_R2_local
ppg_missing,50.06890482463385,50.055617352614014,True,0.08377120000000002,10.471400000000003,105.114,0.4076787627804337,0.7427635627983489,0.7427635627983489,16.934994427688395,K32_R2_local
ppg_missing,70.42198796310595,70.45929018789144,True,0.08377120000000002,10.471400000000003,105.114,0.40246068024835835,0.7375454802662735,0.7375454802662735,17.28200971860742,K32_R2_local
both_degraded,96.14300925148778,96.051227321238,True,0.08377120000000002,10.471400000000003,105.114,0.2696826208625184,0.6047674208804336,0.6047674208804336,15.587463290199981,K32_R2_local
ppg_degraded,91.16905767911055,91.62332121558373,True,0.0958096,11.976199999999999,117.426,0.317130748771156,0.7003691572170562,0.7003691572170562,17.033028341150658,K32_R8_local
ecg_degraded,83.65871866029298,84.68459532555174,True,0.0958096,11.976199999999999,97.68598857142857,-0.05155095175409123,0.6641869222204115,0.33168744824634916,7.376469666719961,K32_R8_edge
ecg_missing,89.82458180927652,89.77149075081611,True,0.08377120000000002,10.471400000000003,105.114,0.4142393420955641,0.7493241421134793,0.7493241421134793,18.785781533788622,K32_R2_local
both_clean,102.58585418346323,102.52365930599372,True,0.08377120000000002,10.471400000000003,105.114,0.3947119814004201,0.7297967814183353,0.7297967814183353,18.825485101073635,K32_R2_local
both_degraded,91.01308655186713,93.07135470527405,True,0.0958096,11.976199999999999,117.426,0.32587321164150485,0.709111620087405,0.709111620087405,18.71424411668742,K32_R8_local
ecg_degraded,82.83371352759758,84.79029663722444,True,0.08377120000000002,10.471400000000003,105.114,0.33402268151499837,0.6691074815329136,0.6691074815329136,19.42175891799238,K32_R2_local
ecg_missing,83.7481081650236,83.70535714285715,True,0.1198864,14.985800000000001,142.05,0.2677296765855069,0.7491357913994026,0.7491357913217789,8.114751796111237,K32_R20_local
ecg_missing,89.98261549761753,92.40246406570841,True,0.08377120000000002,10.471400000000003,105.114,0.4141053221154021,0.7491901221333173,0.7491901221333173,17.859202774286075,K32_R2_local
both_degraded,69.43473173024924,70.70341957032049,True,0.08377120000000002,10.471400000000003,105.114,0.348121994565314,0.6832067945832292,0.6832067945832292,18.09461740989275,K32_R2_local
ppg_missing,90.16611237326796,92.11873080859776,True,0.08377120000000002,10.471400000000003,105.114,0.38901515767893835,0.7240999576968535,0.7240999576968535,19.95769747240384,K32_R2_local
ecg_degraded,86.90049921434337,89.2482552596886,True,0.08377120000000002,10.471400000000003,105.114,0.3842593152342598,0.719344115252175,0.719344115252175,14.881037808526273,K32_R2_local
ppg_degraded,97.15464749397273,97.08737864077673,True,0.08377120000000002,10.471400000000003,105.114,0.3620342204358048,0.69711902045372,0.69711902045372,16.307923190052364,K32_R2_local
both_degraded,78.81350818451318,78.78151260504202,True,0.08377120000000002,10.471400000000003,105.114,0.3174935327926094,0.6525783328105246,0.6525783328105246,16.630631084068064,K32_R2_local
ppg_missing,51.620518980139046,51.60550458715596,True,0.08377120000000002,10.471400000000003,105.114,0.4083584086317834,0.7434432086496986,0.7434432086496986,17.47618440281874,K32_R2_local
both_clean,82.21529394256166,63.29113924050633,False,0.08377120000000002,10.471400000000003,105.114,-0.33508480001791513,0.739432653341189,4.823997438389648e-17,5.906918356780187,K32_R2_local
both_clean,101.46129760624832,101.46130140515946,True,0.0958096,11.976199999999999,117.426,0.35145436313964074,0.7346927715855409,0.7346927715855409,17.227360890908493,K32_R8_local
both_clean,88.40113947345289,109.94764397905755,False,0.08377120000000002,10.471400000000003,105.114,-0.3350848000179152,0.732322421862239,2.7166273813162893e-40,5.010123536032456,K32_R2_local
ecg_degraded,88.60834724816158,91.87866932558897,True,0.08377120000000002,10.471400000000003,105.114,0.3346720540445679,0.6697568540624831,0.6697568540624831,16.549538041525246,K32_R2_local
both_clean,73.4569273389808,73.44940152339501,True,0.08377120000000002,10.471400000000003,105.114,0.40584904031795177,0.740933840335867,0.740933840335867,15.698649384459987,K32_R2_local
ecg_degraded,71.39429023685534,71.35306553911205,True,0.08377120000000002,10.471400000000003,105.114,0.29624181205854316,0.6313266120764583,0.6313266120764583,14.747216198012277,K32_R2_local
ppg_missing,93.1344158136128,93.07135470527405,True,0.08377120000000002,10.471400000000003,105.114,0.39102401929576025,0.7261088193136754,0.7261088193136754,15.899980257384163,K32_R2_local
both_clean,54.66667570189368,56.008426847219894,True,0.08377120000000002,10.471400000000003,105.114,0.40565515447325984,0.740739954491175,0.740739954491175,19.23990217512477,K32_R2_local
ppg_degraded,101.98635630726815,102.07936198854202,True,0.08377120000000002,10.471400000000003,105.114,0.3040058460975642,0.6390906461154794,0.6390906461154794,18.300769651437665,K32_R2_local
ppg_degraded,102.57739473463123,103.23690444391418,True,0.08377120000000002,10.471400000000003,105.114,0.3906941322082086,0.7257789322261238,0.7257789322261238,18.606985865052593,K32_R2_local
ecg_degraded,107.74666288099701,107.72417926188709,True,0.08377120000000002,10.471400000000003,105.114,0.2850646300204046,0.6201494300383198,0.6201494300383198,18.38078102189474,K32_R2_local
ppg_degraded,58.14065638578246,76.49674498247931,True,0.08377120000000002,10.471400000000003,105.114,0.1987868731934883,0.5338716732114035,0.5338716732114035,18.683708586082847,K32_R2_local
ecg_missing,56.92265076164068,56.89001264222503,True,0.08377120000000002,10.471400000000003,105.114,0.41463376336046676,0.7497185633783819,0.7497185633783819,18.870528117289908,K32_R2_local
both_clean,103.64131139643285,103.667138020387,True,0.08377120000000002,10.471400000000003,105.114,0.3985491337428547,0.7336339337607699,0.7336339337607699,21.09502873258413,K32_R2_local
both_degraded,74.06752399332557,74.00611021589683,True,0.08377120000000002,10.471400000000003,105.114,0.29680181829601193,0.6318866183139271,0.6318866183139271,16.12738873199014,K32_R2_local
ppg_missing,66.22164884876669,66.2251655629139,True,0.08377120000000002,10.471400000000003,105.114,0.40129100423354047,0.7363758042514557,0.7363758042514557,16.950481911299907,K32_R2_local
both_degraded,72.93287969120779,102.77821744832892,False,0.1198864,14.985800000000001,122.26418285714286,-0.4679189663016895,0.5365620088180131,0.011626728593378832,6.444129283140397,K32_R20_edge
ppg_degraded,89.57023352055253,89.57654723127037,True,0.08377120000000002,10.471400000000003,105.114,0.36770879986103233,0.7027935998789475,0.7027935998789475,18.163899540868293,K32_R2_local
ecg_degraded,59.6896187491107,81.4217309354988,True,0.08377120000000002,10.471400000000003,105.114,0.1942943686339782,0.5293791686518934,0.5293791686518934,17.78572136878186,K32_R2_local
ppg_missing,79.22983348508288,81.25677139761648,True,0.08377120000000002,10.471400000000003,105.114,0.3957862891935482,0.7308710892114634,0.7308710892114634,19.35694611784055,K32_R2_local
ecg_degraded,89.60304485289427,90.60258039386864,True,0.08377120000000002,10.471400000000003,105.114,0.33565325588910855,0.6707380559070237,0.6707380559070237,19.49844845536393,K32_R2_local
ppg_degraded,93.24633017327797,93.31204684720396,True,0.08377120000000002,10.471400000000003,105.114,0.3782132388050664,0.7132980388229816,0.7132980388229816,17.413988008251522,K32_R2_local
ppg_missing,50.735754066253556,50.73280721533258,True,0.0958096,11.976199999999999,97.68598857142857,0.35729377094692366,0.740532170947364,0.740532170947364,17.64923282746382,K32_R8_edge
ecg_degraded,98.65378549791262,98.68421052631581,True,0.08377120000000002,10.471400000000003,105.114,0.33654162074523664,0.6716264207631518,0.6716264207631518,19.882263549768318,K32_R2_local
ecg_degraded,76.05077596885361,76.94949771191551,True,0.08377120000000002,10.471400000000003,105.114,0.3833311670163787,0.7184159670342939,0.7184159670342939,17.171053417398735,K32_R2_local
ecg_missing,76.14794217858606,76.09921082299887,True,0.08377120000000002,10.471400000000003,105.114,0.41443250293154643,0.7495173029494616,0.7495173029494616,18.332111792966913,K32_R2_local
ppg_missing,83.74165149194941,83.79888268156425,True,0.08377120000000002,10.471400000000003,105.114,0.39220260142438335,0.7272874014422985,0.7272874014422985,19.980445231139626,K32_R2_local
ppg_degraded,66.80813105678946,66.88962229014564,True,0.08377120000000002,10.471400000000003,105.114,0.39752964512044797,0.7326144451383632,0.7326144451383632,17.595000522912056,K32_R2_local
ecg_degraded,103.20330551974126,104.18393056097594,True,0.1198864,14.985800000000001,122.26418285714286,0.1784335743780776,0.6579792705018244,0.657979269273146,8.009800511402982,K32_R20_edge
ppg_missing,62.728128053058796,62.761506276150634,True,0.08377120000000002,10.471400000000003,105.114,0.40135054571778483,0.7364353457357,0.7364353457357,16.106116234263418,K32_R2_local
ppg_missing,82.56303366271905,82.59911894273128,True,0.08377120000000002,10.471400000000003,105.114,0.38823583955221297,0.7233206395701282,0.7233206395701282,17.48527573745382,K32_R2_local
ppg_degraded,60.08250222996548,79.70933364410061,True,0.08377120000000002,10.471400000000003,105.114,0.16985302033164174,0.5049378203495569,0.5049378203495569,18.90526197135376,K32_R2_local
ecg_missing,86.96697962020974,86.93361433087462,True,0.08377120000000002,10.471400000000003,105.114,0.4142077892724021,0.7492925892903173,0.7492925892903173,17.90251909804832,K32_R2_local
ppg_missing,104.11439849465094,104.05549626467453,True,0.08377120000000002,10.471400000000003,105.114,0.371505605180819,0.7065904051987342,0.7065904051987342,19.520473344399672,K32_R2_local
ppg_degraded,102.95819906948758,103.09539439673105,True,0.08377120000000002,10.471400000000003,105.114,0.30110932862177797,0.6361941286396932,0.6361941286396932,19.938133619442425,K32_R2_local
both_degraded,58.08081006715449,102.88147353873775,True,0.0958096,11.976199999999999,117.426,0.028910795286911446,0.41214920373281166,0.41214920373281166,18.543544732308526,K32_R8_local
both_degraded,87.49212493081599,91.2194410098915,True,0.08377120000000002,10.471400000000003,85.39689142857144,0.22678689470409086,0.561871694704104,0.561871694704104,20.44572384203213,K32_R2_edge
ppg_degraded,103.55313972863273,103.54942245289182,True,0.08377120000000002,10.471400000000003,105.114,0.3020556198558174,0.6371404198737326,0.6371404198737326,18.073923170933483,K32_R2_local
ppg_missing,62.01652279505864,62.05673758865248,True,0.08377120000000002,10.471400000000003,105.114,0.4122910214610971,0.7473758214790123,0.7473758214790123,17.73131724888078,K32_R2_local
both_degraded,74.88447302454755,83.2819916149985,True,0.0958096,11.976199999999999,117.426,0.0009765236253143799,0.3842149320712146,0.3842149320712146,18.845358922722443,K32_R8_local
both_clean,92.78931125381631,92.78350515463919,True,0.08377120000000002,10.471400000000003,105.114,0.4010088508862575,0.7360936509041727,0.7360936509041727,16.95777483543627,K32_R2_local
both_degraded,94.2861557542665,94.22618400925535,True,0.08377120000000002,10.471400000000003,105.114,0.1353263840529184,0.4704111840708336,0.4704111840708336,18.424531956771766,K32_R2_local
both_clean,77.07066960075898,71.73424533215298,False,0.08377120000000002,10.471400000000003,105.114,-0.31552505906868167,0.7416817092858715,0.01955974094923352,7.456371148767658,K32_R2_local
ecg_degraded,88.31711459647936,89.65854946156409,True,0.08377120000000002,10.471400000000003,105.114,0.3280200769609666,0.6631048769788818,0.6631048769788818,16.847443118748686,K32_R2_local
ecg_degraded,90.13513337437023,90.59943717947039,True,0.08377120000000002,10.471400000000003,105.114,0.380222063918747,0.7153068639366622,0.7153068639366622,17.9358874770366,K32_R2_local
ecg_degraded,71.18736768571642,95.46172834015024,False,0.08377120000000002,10.471400000000003,105.114,-0.33508273727323934,0.5842864730521088,2.0627446758266005e-06,6.748487278748485,K32_R2_local
both_clean,89.12441442412695,79.51914207132691,False,0.08377120000000002,10.471400000000003,105.114,0.0827346615683222,0.7393807802844247,0.4178194615862374,8.181575561039,K32_R2_local
ppg_missing,84.64534764279983,84.70225872689939,True,0.1198864,14.985800000000001,142.05,0.24663037228086584,0.7280364870260478,0.7280364870171379,8.188835661533073,K32_R20_local
ppg_degraded,91.84315721407516,92.32286008522921,True,0.08377120000000002,10.471400000000003,105.114,0.37519994039841864,0.7102847404163338,0.7102847404163338,17.97936646334923,K32_R2_local
both_degraded,80.69870163722551,83.75334178798445,True,0.08377120000000002,10.471400000000003,105.114,0.2735660739042902,0.6086508739222054,0.6086508739222054,20.746751589322493,K32_R2_local
ppg_degraded,70.1858650317101,74.13554698344961,True,0.08377120000000002,10.471400000000003,105.114,0.2674361169423072,0.6025209169602224,0.6025209169602224,19.38592637748113,K32_R2_local
both_clean,76.06413324567299,76.09921082299887,True,0.1198864,14.985800000000001,122.26418285714286,0.26200044961692887,0.7418453840287544,0.7415461445119972,7.4594774166452895,K32_R20_edge
both_degraded,105.3476803740482,104.65486393658912,True,0.08377120000000002,10.471400000000003,105.114,0.23064963025626506,0.5657344302741802,0.5657344302741802,17.400659846678042,K32_R2_local
both_clean,61.25331777977547,61.26021003500584,True,0.08377120000000002,10.471400000000003,105.114,0.40841013725144604,0.7434949372693612,0.7434949372693612,18.364171137379362,K32_R2_local
ppg_degraded,58.89816888620027,77.67649961366081,True,0.08377120000000002,10.471400000000003,105.114,0.1840990912888425,0.5191838913067577,0.5191838913067577,14.005846096924481,K32_R2_local
ppg_missing,50.729172926127305,50.73280721533258,True,0.08377120000000002,10.471400000000003,105.114,0.40606291886792467,0.7411477188858399,0.7411477188858399,18.440224395591354,K32_R2_local
ppg_degraded,101.12878525684886,101.12359550561801,True,0.08377120000000002,10.471400000000003,105.114,0.39162385173685854,0.7267086517547737,0.7267086517547737,18.78409165477679,K32_R2_local
ecg_missing,109.31888945682977,109.375,True,0.08377120000000002,10.471400000000003,105.114,0.4135643278434368,0.748649127861352,0.748649127861352,19.452933935648268,K32_R2_local
ecg_degraded,64.1880206462802,80.91768457187588,True,0.08377120000000002,10.471400000000003,105.114,0.2064584840256688,0.541543284043584,0.541543284043584,18.712226151194674,K32_R2_local
both_degraded,65.96588284252033,75.72391491251597,True,0.08377120000000002,10.471400000000003,105.114,0.2552133166284354,0.5902981166463506,0.5902981166463506,18.268564454673662,K32_R2_local
ppg_degraded,61.90233230716254,78.45699405198978,True,0.08377120000000002,10.471400000000003,105.114,0.19938992046170978,0.534474720479625,0.534474720479625,19.07182920573629,K32_R2_local
both_clean,86.01154746947412,87.0641004990397,True,0.08377120000000002,10.471400000000003,105.114,0.4004379105609339,0.7355227105788491,0.7355227105788491,18.01813231978266,K32_R2_local
ppg_missing,79.10650431747186,57.42690488631234,False,0.08377120000000002,10.471400000000003,105.114,-0.33508442753720336,0.7288535581151208,3.7248071183156713e-07,6.650997615434521,K32_R2_local
ppg_missing,99.2345673436643,99.28716904276988,True,0.08377120000000002,10.471400000000003,105.114,0.3831424378481555,0.7182272378660707,0.7182272378660707,16.33145662977232,K32_R2_local
ppg_degraded,62.58225857647673,75.61131815104999,False,0.0958096,11.976199999999999,97.68598857142857,-0.09780671215026082,0.5179221888158162,0.2854316878501796,7.409044665797897,K32_R8_edge
ppg_degraded,102.67614988435285,102.63157894736844,True,0.08377120000000002,10.471400000000003,105.114,0.2937823979748735,0.6288671979927887,0.6288671979927887,16.222150696717517,K32_R2_local
ecg_missing,77.83709092381952,95.46172834015024,False,0.08377120000000002,10.471400000000003,105.114,-0.335053971006199,0.7492898741880314,3.0829011716203514e-05,6.8898658474938825,K32_R2_local
ecg_missing,98.47200871408327,98.46827133479215,True,0.08377120000000002,10.471400000000003,105.114,0.41389300564444287,0.748977805662358,0.748977805662358,18.194434676813625,K32_R2_local
both_degraded,98.1248369083354,63.76195536663125,False,0.08377120000000002,10.471400000000003,85.39689142857144,-0.335084800000012,0.4907918569963198,1.1872059826810138e-15,5.9964528739075185,K32_R2_edge
ppg_missing,104.64501368269293,104.61373390557944,True,0.08377120000000002,10.471400000000003,85.39689142857144,0.38366041623919844,0.7187452162392116,0.7187452162392116,17.11809399999902,K32_R2_edge
ppg_degraded,79.92880702058083,73.9392443997108,False,0.08377120000000002,10.471400000000003,105.114,-0.3350848000179152,0.6536819968845841,7.944891632822122e-27,5.460240262831113,K32_R2_local
both_clean,86.57624374271111,87.11210045544429,True,0.08377120000000002,10.471400000000003,105.114,0.4007898697254716,0.7358746697433868,0.7358746697433868,17.635460155432085,K32_R2_local
ecg_missing,83.66184483717927,85.45348423788222,False,0.1198864,14.985800000000001,142.05,-0.42805685094576784,0.7492270128539933,0.05334926379050413,6.541072426182692,K32_R20_local
both_degraded,61.4181606340179,122.53371908413763,True,0.08377120000000002,10.471400000000003,85.39689142857144,0.047626530852904136,0.3827113308529173,0.3827113308529173,17.423567276196085,K32_R2_edge
both_degraded,80.09130201103464,80.0329168662898,True,0.08377120000000002,10.471400000000003,105.114,0.32666502464171365,0.6617498246596288,0.6617498246596288,17.25111514145448,K32_R2_local
both_clean,105.59715245207735,105.57651077696534,True,0.08377120000000002,10.471400000000003,105.114,0.4121566978461272,0.7472414978640424,0.7472414978640424,16.467385511311797,K32_R2_local
both_clean,104.53390683257803,109.94764397905755,False,0.0958096,11.976199999999999,97.68598857142857,0.06914122286674179,0.7345946347233702,0.4523796228671822,7.451016445858214,K32_R8_edge
ecg_missing,51.29027175201408,54.15162454873646,True,0.08377120000000002,10.471400000000003,105.114,0.4147031811617924,0.7497879811797076,0.7497879811797076,18.847132317558373,K32_R2_local
ppg_degraded,89.8013524251902,90.72802812373813,True,0.08377120000000002,10.471400000000003,85.39689142857144,0.3013226887188448,0.636407488718858,0.636407488718858,17.22823226243396,K32_R2_edge
both_clean,69.60629802427303,71.88927627729232,True,0.08377120000000002,10.471400000000003,105.114,0.40614226404923226,0.7412270640671474,0.7412270640671474,16.507977401244386,K32_R2_local
ppg_missing,58.156323566041024,59.32203389830509,True,0.08377120000000002,10.471400000000003,105.114,0.4141424969534355,0.7492272969713507,0.7492272969713507,18.628054119382927,K32_R2_local
ppg_missing,58.36639065678893,60.483870967741936,True,0.08377120000000002,10.471400000000003,105.114,0.40644858381344395,0.7415333838313591,0.7415333838313591,18.715853753884048,K32_R2_local
ppg_missing,97.6976866521494,97.71986970684041,True,0.08377120000000002,10.471400000000003,105.114,0.38655347078014224,0.7216382707980574,0.7216382707980574,18.79679539667543,K32_R2_local
ecg_degraded,107.54995826236404,64.79481641468682,False,0.08377120000000002,10.471400000000003,85.39689142857144,-0.3101961431166291,0.6183920542200555,0.024888656883384104,7.51539427854951,K32_R2_edge
both_clean,81.21444169358473,81.25677139761648,True,0.08377120000000002,10.471400000000003,105.114,0.40605374280090634,0.7411385428188215,0.7411385428188215,17.334445871471566,K32_R2_local
ppg_missing,73.01122359981638,72.97297297297298,True,0.08377120000000002,10.471400000000003,105.114,0.3985515946259852,0.7336363946439004,0.7336363946439004,19.440819319084103,K32_R2_local
ppg_missing,80.59321793412659,80.64516129032258,True,0.08377120000000002,10.471400000000003,105.114,0.4085763563754441,0.7436611563933593,0.7436611563933593,18.258992755447974,K32_R2_local
ppg_missing,99.75755802969456,99.77827050997786,True,0.08377120000000002,10.471400000000003,105.114,0.3842857193304994,0.7193705193484146,0.7193705193484146,17.90874826782256,K32_R2_local
both_degraded,94.80460763706697,94.73391829402185,True,0.08377120000000002,10.471400000000003,105.114,0.37307311115737884,0.708157911175294,0.708157911175294,16.874115231985922,K32_R2_local
ppg_degraded,53.84715790456588,81.47495223898446,False,0.0958096,11.976199999999999,97.68598857142857,-0.3830385426264843,0.523928948520583,0.0001998573739560444,6.608442853402814,K32_R8_edge
ecg_degraded,62.751810933663805,82.56300227813918,True,0.08377120000000002,10.471400000000003,105.114,0.18313651199406866,0.5182213120119838,0.5182213120119838,18.694293379598076,K32_R2_local
ppg_missing,102.06228900249087,101.98744769874479,True,0.08377120000000002,10.471400000000003,105.114,0.39038776071140413,0.7254725607293193,0.7254725607293193,17.77455590201143,K32_R2_local
ppg_missing,79.58479657417065,80.7319698600646,True,0.08377120000000002,10.471400000000003,105.114,0.3957978879015327,0.7308826879194479,0.7308826879194479,17.19854274491282,K32_R2_local
both_clean,89.46367002967327,92.20893602344142,True,0.08377120000000002,10.471400000000003,105.114,0.4000812331153717,0.7351660331332869,0.7351660331332869,17.23783276873215,K32_R2_local
both_degraded,96.65134640044465,98.17923828330528,True,0.1198864,14.985800000000001,122.26418285714286,0.09384300613157393,0.6510458320297928,0.5733887010266423,7.027362683448455,K32_R20_edge
both_clean,88.19585353675228,88.23529411764709,True,0.08377120000000002,10.471400000000003,105.114,0.41294268292475644,0.7480274829426716,0.7480274829426716,19.393795215717837,K32_R2_local
ecg_degraded,94.03369666715884,94.96709133256385,True,0.08377120000000002,10.471400000000003,105.114,0.35713999671193675,0.6922247967298519,0.6922247967298519,15.291248186603172,K32_R2_local
both_degraded,82.73853320032745,104.18393056097594,False,0.1198864,14.985800000000001,122.26418285714286,-0.4562891691206153,0.5794099151336893,0.02325652577445305,6.491459474599763,K32_R20_edge
ppg_missing,63.75965612051346,63.76195536663125,True,0.08377120000000002,10.471400000000003,105.114,0.4009261415464791,0.7360109415643943,0.7360109415643943,19.0575580275895,K32_R2_local
ppg_missing,61.22565809898859,65.71741511500548,False,0.08377120000000002,10.471400000000003,85.39689142857144,-0.33508480000001317,0.7405870153155624,2.0645637882545326e-29,5.360860399912125,K32_R2_edge
ecg_degraded,109.61231824033827,109.61545278155175,True,0.08377120000000002,10.471400000000003,105.114,0.3775985919510423,0.7126833919689575,0.7126833919689575,17.626829403701446,K32_R2_local
both_degraded,50.630432898779574,103.65829847555926,True,0.08377120000000002,10.471400000000003,105.114,-0.20149057444740953,0.4199283945980127,0.13359422557050565,7.944135107673359,K32_R2_local
ppg_degraded,91.45472947530934,117.79638057802771,False,0.0958096,11.976199999999999,97.68598857142857,-0.38323840000044035,0.6821716160904786,5.473727113322805e-20,5.544260295415692,K32_R8_edge
both_degraded,102.83925352372816,57.42690488631234,False,0.0958096,11.976199999999999,97.68598857142857,-0.23045779122251345,0.5719619986292725,0.15278060877792696,7.224388975739326,K32_R8_edge
ppg_missing,63.884492390019886,92.87925696594428,False,0.08377120000000002,10.471400000000003,85.39689142857144,-0.3350757012412699,0.7377938384573088,9.098758743262448e-06,6.817661134908502,K32_R2_edge
ecg_degraded,52.91241115138854,72.09678226514792,True,0.08377120000000002,10.471400000000003,105.114,0.20367330573121378,0.538758105749129,0.538758105749129,16.236666747014823,K32_R2_local
ecg_degraded,73.95480916923738,75.45333572553488,True,0.08377120000000002,10.471400000000003,105.114,0.3837485305463768,0.718833330564292,0.718833330564292,18.181666508274375,K32_R2_local
ecg_degraded,69.79752258133095,73.9392443997108,True,0.1198864,14.985800000000001,122.26418285714286,-0.3978863817246842,0.6193946316685721,0.08165931317038408,6.603011719857073,K32_R20_edge
ecg_missing,77.69535986033627,80.21390374331551,True,0.08377120000000002,10.471400000000003,105.114,0.4144058799736863,0.7494906799916015,0.7494906799916015,17.585970045851607,K32_R2_local
both_clean,75.64495006565645,75.62973102567389,True,0.08377120000000002,10.471400000000003,105.114,0.40456699383106076,0.739651793848976,0.739651793848976,18.036122887879582,K32_R2_local
both_clean,106.5214651474812,106.50048913237845,True,0.0958096,11.976199999999999,97.68598857142857,0.3496838316472623,0.7329222316477026,0.7329222316477026,17.684463298829918,K32_R8_edge
ppg_degraded,57.15956000775544,75.7373845196264,True,0.08377120000000002,10.471400000000003,105.114,0.17781110197348793,0.5128959019914031,0.5128959019914031,17.431575020454876,K32_R2_local
ppg_degraded,106.64147432075225,107.11068558891414,True,0.08377120000000002,10.471400000000003,105.114,-0.2958613629776774,0.6944062806675875,0.03922343704023778,7.567077572533614,K32_R2_local
ecg_missing,52.74473713963757,70.77780883037684,False,0.1198864,14.985800000000001,142.05,-0.48140601747079104,0.7497256713087559,9.726548092267475e-08,5.92176344086028,K32_R20_local
ecg_missing,106.29430179380209,106.32497273718649,True,0.08377120000000002,10.471400000000003,105.114,0.4136685175872794,0.7487533176051946,0.7487533176051946,16.129224340325727,K32_R2_local
both_clean,69.98004153153579,92.87925696594428,False,0.0958096,11.976199999999999,117.426,-0.38288624525286485,0.7415186544426114,0.0003521631930353151,6.621232120802879,K32_R8_local
ppg_degraded,93.6251866656152,93.69996552026689,True,0.08377120000000002,10.471400000000003,105.114,0.377676153124345,0.7127609531422602,0.7127609531422602,19.277284119391382,K32_R2_local
ppg_degraded,50.18560647574318,69.18970353812783,True,0.08377120000000002,10.471400000000003,105.114,0.2534785486344394,0.5885633486523546,0.5885633486523546,20.32186280143802,K32_R2_local
ecg_degraded,76.8365525077941,103.35924849932911,False,0.08377120000000002,10.471400000000003,105.114,-0.3350848000179152,0.7184532943324273,4.996357365019239e-59,4.542265830180227,K32_R2_local
both_degraded,90.66577119810566,90.80129187079,True,0.08377120000000002,10.471400000000003,105.114,0.31950958535914364,0.6545943853770588,0.6545943853770588,19.922801565074295,K32_R2_local
ecg_degraded,87.69949924250298,87.76595744680851,True,0.08377120000000002,10.471400000000003,105.114,0.3325181800121092,0.6676029800300244,0.6676029800300244,19.000287222793617,K32_R2_local
both_clean,98.38213732878091,99.31490763913777,True,0.08377120000000002,10.471400000000003,105.114,0.39578941603054496,0.7308742160484601,0.7308742160484601,18.419921561357643,K32_R2_local
ppg_missing,59.20540747751657,59.255079006772,True,0.08377120000000002,10.471400000000003,105.114,0.4041311940923178,0.739215994110233,0.739215994110233,14.846702829766208,K32_R2_local
ppg_degraded,74.07202971811815,75.61131815104999,True,0.1198864,14.985800000000001,122.26418285714286,-0.24361137734984867,0.7019145793995608,0.2359343175452197,6.72819207701953,K32_R20_edge
ecg_degraded,86.82142684650685,86.8421052631579,True,0.08377120000000002,10.471400000000003,105.114,0.3359560317987199,0.6710408318166351,0.6710408318166351,19.49928905217542,K32_R2_local
ppg_degraded,51.723755430808936,88.77584284576979,False,0.1198864,14.985800000000001,122.26418285714286,-0.4548320856059592,0.5288672869201312,0.024713609289109113,6.504018345666462,K32_R20_edge
ecg_degraded,100.13954748558025,100.22271714922051,True,0.08377120000000002,10.471400000000003,105.114,0.3268627413024777,0.6619475413203929,0.6619475413203929,19.623681800813724,K32_R2_local
both_clean,74.97426258430569,103.9445628997868,False,0.0958096,11.976199999999999,97.68598857142857,-0.37946069994383796,0.7306580456308371,0.0037777000566023722,6.779675287481668,K32_R8_edge
both_clean,64.76471926110288,64.77443621359562,True,0.08377120000000002,10.471400000000003,105.114,0.40669081963924236,0.7417756196571575,0.7417756196571575,19.318225969318732,K32_R2_local
ecg_degraded,63.34774856473702,79.27274071525106,True,0.0958096,11.976199999999999,97.68598857142857,0.17534144053265288,0.5589292241935035,0.5585798405330933,8.266110104451666,K32_R8_edge
ecg_missing,89.05516186299079,89.09287257019439,True,0.08377120000000002,10.471400000000003,105.114,0.414134529697749,0.7492193297156642,0.7492193297156642,16.679765278100643,K32_R2_local
ecg_missing,52.870299790531156,52.87896592244418,True,0.08377120000000002,10.471400000000003,105.114,0.4145731402131143,0.7496579402310295,0.7496579402310295,15.89827689693962,K32_R2_local
both_clean,64.66725145967841,67.04052696395765,True,0.08377120000000002,10.471400000000003,105.114,0.41362548767962914,0.7487102876975443,0.7487102876975443,17.86115297065743,K32_R2_local
both_clean,68.23503634022154,68.25938566552902,True,0.08377120000000002,10.471400000000003,105.114,0.40464487771303437,0.7397296777309496,0.7397296777309496,18.41466799813167,K32_R2_local
ecg_degraded,65.50950843273692,71.8387376878387,True,0.1198864,14.985800000000001,122.26418285714286,0.10675978282445453,0.5863054777195229,0.5863054777195229,16.205997314464007,K32_R20_edge
ecg_missing,93.83638177855478,83.70535714285715,False,0.1198864,14.985800000000001,142.05,-0.4814060802793324,0.748799645520937,3.445693960451265e-08,5.891130825469061,K32_R20_local
both_clean,85.54624905001342,57.5027382256298,False,0.0958096,11.976199999999999,117.426,-0.38323840821990596,0.7363859030902424,2.2599424145790268e-10,6.0514444954620785,K32_R8_local
both_degraded,104.2378170150946,104.0048139534166,True,0.08377120000000002,10.471400000000003,105.114,0.20998435653950742,0.5450691565574226,0.5450691565574226,16.967408954127404,K32_R2_local
ecg_missing,92.05864241242654,92.07589285714286,True,0.08377120000000002,10.471400000000003,105.114,0.4141604443132295,0.7492452443311447,0.7492452443311447,17.39938861903348,K32_R2_local
ppg_degraded,67.6673424798571,67.56838747436245,True,0.1198864,14.985800000000001,122.26418285714286,0.24879261058305113,0.7283383054781195,0.7283383054781195,17.497224876057285,K32_R20_edge
ppg_degraded,69.45408861780766,72.37358193327807,True,0.08377120000000002,10.471400000000003,105.114,0.37034799382249783,0.705432793840413,0.705432793840413,19.953120921927123,K32_R2_local
both_clean,57.39469118273434,57.377049180327866,True,0.08377120000000002,10.471400000000003,105.114,0.4100647283978702,0.7451495284157854,0.7451495284157854,17.279198958896345,K32_R2_local
ecg_degraded,64.55261183188732,94.73391829402185,False,0.08377120000000002,10.471400000000003,105.114,-0.3350057125293052,0.5789860849701249,7.908748860995302e-05,6.968411383798724,K32_R2_local
both_clean,86.2772029831056,86.29707112970713,True,0.08377120000000002,10.471400000000003,105.114,0.39914744276090197,0.7342322427788172,0.7342322427788172,16.456993046612997,K32_R2_local
ppg_missing,93.85978117871278,93.84775808133475,True,0.08377120000000002,10.471400000000003,105.114,0.3866543729285835,0.7217391729464987,0.7217391729464987,16.545824718996943,K32_R2_local
ppg_degraded,67.7538495782034,67.75816833218188,True,0.08377120000000002,10.471400000000003,105.114,0.39877677599854455,0.7338615760164597,0.7338615760164597,18.833209834720193,K32_R2_local
ecg_missing,70.65380464279116,76.13200855091563,False,0.1198864,14.985800000000001,122.26418285714286,-0.47953346272656344,0.7494559337812491,1.223216850489204e-05,6.0837028444937244,K32_R20_edge
both_degraded,98.17358590910561,91.19543825469722,False,0.08377120000000002,10.471400000000003,105.114,-0.33508473357487306,0.5480104298486044,6.644304214615457e-08,6.584497665666398,K32_R2_local
both_clean,107.50875939419915,107.49724366041893,True,0.08377120000000002,10.471400000000003,105.114,0.39659276021913126,0.7316775602370464,0.7316775602370464,19.20007160084874,K32_R2_local
ppg_missing,55.082921224780854,55.08919202518363,True,0.08377120000000002,10.471400000000003,105.114,0.405952832918159,0.7410376329360742,0.7410376329360742,17.498614778232493,K32_R2_local
both_clean,54.27612711359533,54.2637622658184,True,0.08377120000000002,10.471400000000003,105.114,0.409712566901808,0.7447973669197232,0.7447973669197232,16.833251240241978,K32_R2_local
ecg_degraded,95.55251127272118,96.79874525795786,True,0.08377120000000002,10.471400000000003,85.39689142857144,0.1276466820766073,0.6134465143815122,0.46273148207662046,8.390598597435197,K32_R2_edge
both_clean,79.74108745853121,79.70244420828907,True,0.08377120000000002,10.471400000000003,105.114,0.39750853757529003,0.7325933375932052,0.7325933375932052,18.770187315967707,K32_R2_local
both_clean,75.50072088931505,90.16393442622952,False,0.08377120000000002,10.471400000000003,105.114,-0.33508480001790286,0.7415085617857576,1.2330822959300436e-14,6.047146172103773,K32_R2_local
ppg_degraded,88.01393982275678,88.04695837780152,True,0.08377120000000002,10.471400000000003,105.114,0.3662569788640303,0.7013417788819455,0.7013417788819455,16.38546567605006,K32_R2_local
ecg_degraded,95.62352407156004,95.60787058893591,True,0.08377120000000002,10.471400000000003,105.114,0.2915632764234861,0.6266480764414013,0.6266480764414013,16.027912943154686,K32_R2_local
both_degraded,54.19089942982161,78.890489202374,True,0.08377120000000002,10.471400000000003,85.39689142857144,0.09081836772460061,0.4259031677246138,0.4259031677246138,15.905062041769412,K32_R2_edge
ppg_degraded,107.70862317435694,117.79638057802771,False,0.08377120000000002,10.471400000000003,105.114,-0.3350846727172689,0.6072409013436667,1.2730064630901718e-07,6.60926450614057,K32_R2_local
ecg_missing,107.48402061970415,107.49724366041893,True,0.08377120000000002,10.471400000000003,105.114,0.4136344361351937,0.7487192361531089,0.7487192361531089,17.556555140470394,K32_R2_local
ppg_missing,74.99918283614329,76.06490872210954,True,0.08377120000000002,10.471400000000003,105.114,0.4149133688097284,0.7499981688276436,0.7499981688276436,20.54984144961877,K32_R2_local
ecg_missing,78.17380960673398,78.20646506777894,True,0.08377120000000002,10.471400000000003,105.114,0.4137825291608962,0.7488673291788114,0.7488673291788114,18.145857594571318,K32_R2_local
both_clean,66.33800853921669,67.27297878389489,True,0.08377120000000002,10.471400000000003,105.114,0.4095208812511053,0.7446056812690205,0.7446056812690205,17.60495965637007,K32_R2_local
both_degraded,85.24907947232572,85.17520618187447,True,0.08377120000000002,10.471400000000003,105.114,0.1474886321421271,0.4825734321600423,0.4825734321600423,18.36747306292413,K32_R2_local
both_degraded,62.30887916035567,98.35815381377633,True,0.0958096,11.976199999999999,117.426,-0.03115094710906389,0.3520874613368363,0.3520874613368363,21.599579110028348,K32_R8_local
both_degraded,82.07643904199351,75.52441800361383,False,0.0958096,11.976199999999999,117.426,-0.3832383986104248,0.6822696712785797,9.835475397695e-09,6.172026357945324,K32_R8_local
ppg_missing,104.26005506237104,104.1666666666667,True,0.08377120000000002,10.471400000000003,105.114,0.39097276893008914,0.7260575689480043,0.7260575689480043,18.17958147944851,K32_R2_local
ppg_degraded,80.37094515468047,82.77021635111345,True,0.0958096,11.976199999999999,97.68598857142857,0.3218112924295326,0.705049692429973,0.705049692429973,18.633853298133012,K32_R8_edge
ppg_degraded,99.62532805991823,99.82730020783298,True,0.08377120000000002,10.471400000000003,105.114,0.36005858559234616,0.6951433856102613,0.6951433856102613,19.115306585218498,K32_R2_local
both_degraded,60.751568036126685,103.35924849932911,True,0.1198864,14.985800000000001,122.26418285714286,-0.12246632622041703,0.35707936867465134,0.35707936867465134,17.467518061837254,K32_R20_edge
both_clean,103.01105693914504,103.01909440942899,True,0.08377120000000002,10.471400000000003,105.114,0.3963849055658476,0.7314697055837628,0.7314697055837628,17.872180759749995,K32_R2_local
both_clean,57.39149766886264,57.377049180327866,True,0.08377120000000002,10.471400000000003,105.114,0.40960979735676184,0.744694597374677,0.744694597374677,17.534660756045096,K32_R2_local
ecg_missing,62.7716946621913,62.72401433691757,True,0.08377120000000002,10.471400000000003,105.114,0.4145830703900617,0.7496678704079769,0.7496678704079769,15.86084095245942,K32_R2_local
both_degraded,93.2143167598687,94.09292118229439,True,0.08377120000000002,10.471400000000003,105.114,0.36994525598156547,0.7050300559994807,0.7050300559994807,16.55457278071221,K32_R2_local
both_clean,68.11929392790697,69.3745673306316,True,0.0958096,11.976199999999999,117.426,0.35303728550056046,0.7362756939464606,0.7362756939464606,19.79123343237845,K32_R8_local
ecg_degraded,57.134753698752206,73.468460368912,True,0.08377120000000002,10.471400000000003,105.114,0.1841593248489395,0.5192441248668547,0.5192441248668547,18.44454071077071,K32_R2_local
both_clean,55.207772172776714,81.47495223898446,False,0.1198864,14.985800000000001,122.26418285714286,-0.04147126933484479,0.7434936104310604,0.4380744255602236,6.847495562864402,K32_R20_edge
both_degraded,97.59791182431391,99.01423660680736,True,0.08377120000000002,10.471400000000003,105.114,0.3174611661767154,0.6525459661946306,0.6525459661946306,18.14860981641057,K32_R2_local
ecg_degraded,51.18594701647352,78.00374993086314,False,0.0958096,11.976199999999999,117.426,-0.3832384084459002,0.5313055568758339,1.1668369595902805e-26,5.289954193379977,K32_R8_local
ppg_degraded,53.38059550605404,62.537733116860004,True,0.08377120000000002,10.471400000000003,105.114,0.29402990410813357,0.6291147041260488,0.6291147041260488,17.581839371555645,K32_R2_local
ppg_degraded,106.73126394313586,106.67396061269146,True,0.08377120000000002,10.471400000000003,105.114,0.38875117066715126,0.7238359706850664,0.7238359706850664,16.30617639466332,K32_R2_local
both_degraded,96.92901090246664,97.0403327399703,True,0.08377120000000002,10.471400000000003,105.114,0.3627090393623763,0.6977938393802915,0.6977938393802915,18.808265121801615,K32_R2_local
both_clean,72.22609479414665,72.23073206389022,True,0.08377120000000002,10.471400000000003,105.114,0.40619901971024563,0.7412838197281608,0.7412838197281608,19.066704156070273,K32_R2_local
ecg_degraded,61.5425116938015,82.9986995412737,False,0.1198864,14.985800000000001,122.26418285714286,-0.4692410929853611,0.5324857383939412,0.010304601909707237,6.435988230660493,K32_R20_edge
ppg_missing,102.03073023913988,103.17460317460319,True,0.08377120000000002,10.471400000000003,105.114,0.38973456339167356,0.7248193634095887,0.7248193634095887,17.632050365969434,K32_R2_local
ecg_degraded,97.25872260436728,107.83131321708426,False,0.0958096,11.976199999999999,97.68598857142857,-0.38323840000044035,0.6014771525645205,1.2585036287194032e-65,4.303141410707642,K32_R8_edge
ppg_missing,90.11118083964155,92.02453987730063,True,0.08377120000000002,10.471400000000003,105.114,0.3898469344395482,0.7249317344574634,0.7249317344574634,18.337074553208172,K32_R2_local
ppg_missing,81.82304074876973,85.45348423788222,False,0.08377120000000002,10.471400000000003,105.114,-0.3350797876054904,0.7325483638727255,5.012412424780487e-06,6.784414358877659,K32_R2_local
ppg_missing,81.51607946033117,83.61204013377927,True,0.08377120000000002,10.471400000000003,105.114,0.41482335346376376,0.7499081534816789,0.7499081534816789,16.58191843269271,K32_R2_local
ppg_missing,108.67631977871852,78.17174914750474,False,0.08377120000000002,10.471400000000003,85.39689142857144,-0.3350847980830528,0.7487086793910451,1.916960377191174e-09,6.425780555309319,K32_R2_edge
both_clean,81.3374315824576,82.68464930314319,True,0.08377120000000002,10.471400000000003,105.114,0.3990525183785242,0.7341373183964394,0.7341373183964394,18.872514465796982,K32_R2_local
both_clean,55.04187488224524,56.03186217962601,True,0.08377120000000002,10.471400000000003,105.114,0.40596275041224994,0.7410475504301651,0.7410475504301651,18.379151931227252,K32_R2_local
ppg_degraded,54.48769474092933,67.27478550519831,True,0.08377120000000002,10.471400000000003,105.114,0.2865317942529638,0.621616594270879,0.621616594270879,18.470256064073887,K32_R2_local
ppg_missing,85.73322658849389,90.16393442622952,False,0.08377120000000002,10.471400000000003,85.39689142857144,-0.3350847807166201,0.7322292500793384,1.9283393031707078e-08,6.518604423746671,K32_R2_edge
ppg_missing,93.96074345782014,94.04388714733544,True,0.08377120000000002,10.471400000000003,105.114,0.38746790634775163,0.7225527063656668,0.7225527063656668,19.631876567592027,K32_R2_local
both_degraded,87.69452348523917,91.51123320412374,True,0.08377120000000002,10.471400000000003,105.114,0.1494606113973272,0.4845454114152424,0.4845454114152424,16.649766389180577,K32_R2_local
ecg_missing,94.56913707203074,94.53781512605043,True,0.08377120000000002,10.471400000000003,105.114,0.4138557167095399,0.7489405167274551,0.7489405167274551,17.918047678914064,K32_R2_local
ecg_missing,67.65177657905355,63.29113924050633,False,0.1198864,14.985800000000001,142.05,-0.481406114736272,0.7495344825098932,2.1276593824638555e-18,5.380545431796444,K32_R20_local
ecg_missing,72.26761853207019,72.19251336898397,True,0.08377120000000002,10.471400000000003,105.114,0.4144664228698496,0.7495512228877648,0.7495512228877648,16.903472181544373,K32_R2_local
ecg_missing,65.92038649324255,65.93406593406593,True,0.08377120000000002,10.471400000000003,105.114,0.41442451324857565,0.7495093132664908,0.7495093132664908,18.51748808727762,K32_R2_local
both_clean,72.35581960803432,74.7141685828409,True,0.0958096,11.976199999999999,117.426,0.16469286724747606,0.7394024470166636,0.5479312756933763,7.541359963540015,K32_R8_local
both_degraded,65.99773010944075,79.25638284454904,True,0.08377120000000002,10.471400000000003,105.114,0.13883266935822108,0.47391746937613627,0.47391746937613627,18.93794477222523,K32_R2_local
both_degraded,100.0482993740152,100.93508055839744,False,0.0958096,11.976199999999999,117.426,-0.3819177113044297,0.6346482909811308,0.001320697141470459,6.714534465582868,K32_R8_local
both_clean,58.869675666617525,58.88930119338454,True,0.08377120000000002,10.471400000000003,105.114,0.4093248219777502,0.7444096219956654,0.7444096219956654,16.20987093665456,K32_R2_local
ppg_missing,62.47339878750614,76.09921082299887,False,0.0958096,11.976199999999999,117.426,0.08222583562026094,0.7483267029436802,0.46546424406616116,7.455140189633968,K32_R8_local
ecg_missing,92.84451779548152,92.80089988751408,True,0.08377120000000002,10.471400000000003,105.114,0.4140851695869173,0.7491699696048325,0.7491699696048325,16.19081855977992,K32_R2_local
ppg_degraded,73.87527564602973,73.95736620436644,True,0.08377120000000002,10.471400000000003,105.114,0.39917373529433764,0.7342585353122528,0.7342585353122528,14.770527082851666,K32_R2_local
both_degraded,70.47612543257617,106.79079956188387,False,0.08377120000000002,10.471400000000003,85.39689142857144,-0.3350847999999667,0.6494069349088775,4.643757282258986e-14,6.0870268010692055,K32_R2_edge
both_clean,108.46728313299343,78.00374993086314,False,0.1198864,14.985800000000001,122.26418285714286,-0.46771042926536965,0.7320615367672516,0.011835265629698645,6.423344862494112,K32_R20_edge
ppg_degraded,103.6280703588626,103.70771885115865,True,0.08377120000000002,10.471400000000003,105.114,0.30543578807054816,0.6405205880884633,0.6405205880884633,20.204243412383068,K32_R2_local
ecg_missing,63.136577628320225,63.09148264984228,True,0.08377120000000002,10.471400000000003,105.114,0.4145864265978588,0.749671226615774,0.749671226615774,16.26079889411948,K32_R2_local
both_degraded,59.3206609771279,95.06550453019274,True,0.08377120000000002,10.471400000000003,105.114,0.0627712161959356,0.3978560162138508,0.3978560162138508,17.611238441570173,K32_R2_local
both_clean,79.54189806615742,79.51914207132691,True,0.08377120000000002,10.471400000000003,105.114,0.4032751230152348,0.73835992303315,0.73835992303315,17.613286603598013,K32_R2_local
ecg_degraded,84.44675666512919,85.90772988070619,True,0.08377120000000002,10.471400000000003,105.114,0.3326465914810499,0.6677313914989651,0.6677313914989651,17.941802254723214,K32_R2_local
both_clean,70.8036242578098,70.79667469830592,True,0.08377120000000002,10.471400000000003,105.114,0.4109200028523836,0.7460048028702988,0.7460048028702988,15.70205422953871,K32_R2_local
both_degraded,85.48606022942309,86.23082710090038,True,0.08377120000000002,10.471400000000003,105.114,0.27329946617828393,0.6083842661961991,0.6083842661961991,17.910484575981446,K32_R2_local
ppg_missing,90.69098427104737,90.75907590759077,True,0.08377120000000002,10.471400000000003,105.114,0.3859229085138277,0.7210077085317429,0.7210077085317429,15.937514818384827,K32_R2_local
both_degraded,98.87748241875812,99.47091481677211,True,0.08377120000000002,10.471400000000003,105.114,0.24307187279716236,0.5781566728150775,0.5781566728150775,17.601258195649276,K32_R2_local
ppg_degraded,64.53009627889708,76.13200855091563,True,0.0958096,11.976199999999999,97.68598857142857,0.17793922969066922,0.5653177921777689,0.5611776296911096,8.032951164952552,K32_R8_edge
ppg_missing,88.70666922037191,91.64969450101833,True,0.08377120000000002,10.471400000000003,105.114,0.39006093884330095,0.7251457388612161,0.7251457388612161,19.122202921392052,K32_R2_local
both_clean,53.485766954075714,53.47581393172521,True,0.08377120000000002,10.471400000000003,105.114,0.4111361212048209,0.7462209212227361,0.7462209212227361,18.216148895255465,K32_R2_local
ecg_degraded,53.88839698205203,72.97764979959562,True,0.08377120000000002,10.471400000000003,105.114,0.19609245985875645,0.5311772598766716,0.5311772598766716,17.1534195621861,K32_R2_local
ecg_degraded,53.32126106485847,64.57245614858213,True,0.08377120000000002,10.471400000000003,105.114,0.21722329745034397,0.5523080974682592,0.5523080974682592,19.404688116077573,K32_R2_local
ecg_degraded,56.98243150647982,78.17439476243354,True,0.08377120000000002,10.471400000000003,105.114,0.2056008899818973,0.5406856899998125,0.5406856899998125,17.92431263516698,K32_R2_local
ecg_missing,96.90535645943837,96.98275862068967,True,0.08377120000000002,10.471400000000003,105.114,0.41391114811034,0.7489959481282552,0.7489959481282552,17.42040853963228,K32_R2_local
ppg_missing,72.25219082692924,72.19251336898397,True,0.08377120000000002,10.471400000000003,105.114,0.40246868469064356,0.7375534847085587,0.7375534847085587,15.478588029992842,K32_R2_local
ecg_degraded,79.56922687650857,72.80676074757237,False,0.08377120000000002,10.471400000000003,105.114,-0.33320737658217914,0.7225452042527704,0.001877423435736056,7.201531267662005,K32_R2_local
both_clean,77.05398314696869,78.94339730435543,False,0.08377120000000002,10.471400000000003,85.39689142857144,-0.3350848000000131,0.7407941952236632,5.475364319740317e-17,5.90990279899571,K32_R2_edge
ecg_degraded,62.42426847250392,79.03375790559343,True,0.08377120000000002,10.471400000000003,85.39689142857144,0.19080423408186953,0.5258890340818827,0.5258890340818827,20.098496544518756,K32_R2_edge
ppg_missing,52.74659760377526,69.12442396313364,False,0.0958096,11.976199999999999,97.68598857142857,-0.38322884501627136,0.7416378583941695,9.554984168966162e-06,6.43525045399364,K32_R8_edge
ecg_degraded,60.909846192418655,76.06123791657998,True,0.08377120000000002,10.471400000000003,105.114,0.19761402956376073,0.5326988295816759,0.5326988295816759,17.075704008074243,K32_R2_local
ecg_degraded,101.4974264065005,101.50742527652687,True,0.1198864,14.985800000000001,122.26418285714286,0.2321752753617704,0.7197142913244011,0.7117209702568388,7.24378785889704,K32_R20_edge
both_clean,70.31785075700373,70.34883476444277,True,0.08377120000000002,10.471400000000003,105.114,0.4078058313079366,0.7428906313258518,0.7428906313258518,14.970588007924757,K32_R2_local
ecg_degraded,75.23218624644257,78.69884575026234,False,0.08377120000000002,10.471400000000003,85.39689142857144,-0.32995663277716875,0.6714777390204898,0.005128167222844407,7.308680724432423,K32_R2_edge
ecg_missing,65.8640761922112,65.86169045005488,True,0.08377120000000002,10.471400000000003,105.114,0.4144256734966826,0.7495104735145978,0.7495104735145978,20.2680692942444,K32_R2_local
both_degraded,94.4726756564115,94.33071756824187,True,0.08377120000000002,10.471400000000003,105.114,0.09495724663393372,0.4300420466518489,0.4300420466518489,15.939781183513968,K32_R2_local
ecg_missing,92.14194751090102,92.17877094972067,True,0.08377120000000002,10.471400000000003,105.114,0.4140636077645441,0.7491484077824593,0.7491484077824593,16.37922769793493,K32_R2_local
ecg_missing,73.02981878621179,75.75757575757575,True,0.1198864,14.985800000000001,122.26418285714286,0.26982911690534334,0.7493748118004745,0.7493748118004117,8.352308470118539,K32_R20_edge
ecg_missing,80.38304248581613,80.38585209003216,True,0.08377120000000002,10.471400000000003,105.114,0.4142149744356405,0.7492997744535557,0.7492997744535557,20.677376495473837,K32_R2_local
ppg_missing,73.74876604757769,87.71929824561404,False,0.1198864,14.985800000000001,142.05,-0.4814017540147487,0.7295605985117678,4.3607215232723125e-06,6.0469395662789935,K32_R20_local
ppg_degraded,84.39954008881932,78.69884575026234,False,0.08377120000000002,10.471400000000003,105.114,-0.33473132305618947,0.7264269690149623,0.0003534769617257002,7.0606292565548365,K32_R2_local
ecg_missing,85.61543578246318,88.23529411764709,True,0.08377120000000002,10.471400000000003,105.114,0.4140671233698078,0.749151923387723,0.749151923387723,17.009787112190335,K32_R2_local
both_clean,84.64690215169213,102.77821744832892,False,0.0958096,11.976199999999999,117.426,-0.3166037815599748,0.7383888830812438,0.06663462688592538,7.054771983007825,K32_R8_local
both_clean,104.09482638964477,83.79888268156425,False,0.0958096,11.976199999999999,97.68598857142857,-0.38320425353958304,0.7328516987202865,3.41464608573243e-05,6.496273349459931,K32_R8_edge
both_clean,107.01484542159,107.03363914373085,True,0.08377120000000002,10.471400000000003,105.114,0.397438652076881,0.7325234520947962,0.7325234520947962,18.758825224800216,K32_R2_local
ppg_missing,53.08392919340482,88.23529411764709,False,0.08377120000000002,10.471400000000003,105.114,-0.3350848000179152,0.7396260013877961,1.0273121074804046e-40,4.997866249448451,K32_R2_local
both_clean,72.78485342913709,72.77701170013708,True,0.08377120000000002,10.471400000000003,105.114,0.4015928093500377,0.7366776093679529,0.7366776093679529,19.104418437389118,K32_R2_local
ppg_missing,52.42086288534103,52.386495925494756,True,0.08377120000000002,10.471400000000003,105.114,0.3978077871243586,0.7328925871422738,0.7328925871422738,17.869215245615557,K32_R2_local
ppg_degraded,72.48108742370661,73.90622683437525,True,0.08377120000000002,10.471400000000003,105.114,0.3649815421113981,0.7000663421293133,0.7000663421293133,18.97580403727416,K32_R2_local
ecg_missing,98.18387141131478,98.14612868047985,True,0.08377120000000002,10.471400000000003,105.114,0.41379610329635463,0.7488809033142698,0.7488809033142698,18.89521323034793,K32_R2_local
both_clean,90.76962483131479,109.79729729729728,False,0.08377120000000002,10.471400000000003,105.114,-0.3350847130155974,0.7362229849153655,8.70023177740869e-08,6.583353065435,K32_R2_local
both_degraded,84.04005002488194,86.38522795198168,True,0.08377120000000002,10.471400000000003,105.114,0.345369113841811,0.6804539138597262,0.6804539138597262,18.56778238588885,K32_R2_local
both_clean,55.178153400949185,55.20504731861199,True,0.08377120000000002,10.471400000000003,105.114,0.40910765350593903,0.7441924535238542,0.7441924535238542,19.647125559228797,K32_R2_local
both_clean,98.68213185626949,79.26022160916736,False,0.0958096,11.976199999999999,117.426,-0.38323840844589424,0.7499937241280958,5.950250942091413e-15,5.779883870950764,K32_R8_local
ppg_missing,86.7463823445093,86.75078864353314,True,0.08377120000000002,10.471400000000003,105.114,0.3888956376310535,0.7239804376489687,0.7239804376489687,20.47199053020315,K32_R2_local
ecg_missing,68.15800452303877,68.18181818181819,True,0.1198864,14.985800000000001,142.05,0.26854537563629727,0.7499515101695607,0.7499514903725693,7.90796420191964,K32_R20_local
both_clean,97.11990907678512,97.07280224109027,True,0.08377120000000002,10.471400000000003,105.114,0.39868182298977617,0.7337666230076914,0.7337666230076914,18.421522855370306,K32_R2_local
ppg_degraded,52.34374258316605,72.05701839823801,True,0.08377120000000002,10.471400000000003,105.114,0.21078348247921053,0.5458682824971257,0.5458682824971257,18.97487646970377,K32_R2_local
both_clean,61.25268099025487,103.35924849932911,False,0.0958096,11.976199999999999,117.426,-0.37180125909003703,0.744269471148697,0.01143714935586317,6.868456424714749,K32_R8_local
both_degraded,97.34728131622825,97.70753538189258,True,0.08377120000000002,10.471400000000003,105.114,0.27281715915637905,0.6079019591742942,0.6079019591742942,16.516287344341194,K32_R2_local
ecg_missing,52.75415298491672,52.75498241500586,True,0.08377120000000002,10.471400000000003,105.114,0.4146140727569304,0.7496988727748456,0.7496988727748456,19.694056557575518,K32_R2_local
ecg_degraded,57.928916190750485,79.63360828604957,True,0.1198864,14.985800000000001,122.26418285714286,0.008306048425518303,0.5260781233051604,0.4878517433205867,7.0808311798254175,K32_R20_edge
ecg_missing,80.09698954446489,80.042689434365,True,0.08377120000000002,10.471400000000003,105.114,0.41420048864952785,0.749285288667443,0.749285288667443,17.983975259795127,K32_R2_local
ppg_degraded,92.60729865278087,93.42081769722246,True,0.08377120000000002,10.471400000000003,105.114,0.40315165350394955,0.7382364535218647,0.7382364535218647,18.974508755339507,K32_R2_local
ecg_missing,85.3554883323711,85.40372670807454,True,0.1198864,14.985800000000001,142.05,0.2610420566009211,0.7489582216989343,0.7424481713371931,7.262080009969361,K32_R20_local
ecg_missing,52.21651992892497,52.20417633410673,True,0.08377120000000002,10.471400000000003,105.114,0.4146579273237181,0.7497427273416333,0.7497427273416333,16.48070605525537,K32_R2_local
ecg_missing,66.48805607332301,107.83131321708426,False,0.1198864,14.985800000000001,142.05,-0.18869707387752502,0.7495887417964893,0.292709040858747,6.754658415242771,K32_R20_local
both_clean,92.37243744714877,63.76195536663125,False,0.08377120000000002,10.471400000000003,85.39689142857144,-0.3350761889204238,0.7362023844960899,8.611079589382447e-06,6.8146223046406105,K32_R2_edge
both_degraded,70.90348769266873,76.14604263833061,True,0.08377120000000002,10.471400000000003,105.114,0.2064650411775475,0.5415498411954627,0.5415498411954627,16.92932174629147,K32_R2_local
ppg_missing,61.653095923340715,61.664953751284685,True,0.0958096,11.976199999999999,117.426,0.35453305429628656,0.7377786928708228,0.7377714627421867,8.593087029652795,K32_R8_local
ppg_degraded,50.1365306200696,106.79079956188387,False,0.0958096,11.976199999999999,97.68598857142857,-0.3832383990662659,0.6279146606440836,9.341744481924797e-10,6.0990523004441375,K32_R8_edge
both_degraded,65.76259494797978,77.53149928606408,False,0.1198864,14.985800000000001,122.26418285714286,-0.4554371369839339,0.5006815605216797,0.02410855791113442,6.506542088756991,K32_R20_edge
both_clean,105.84654461025903,105.86319218241044,True,0.08377120000000002,10.471400000000003,105.114,0.39780138033371804,0.7328861803516332,0.7328861803516332,17.343958037499338,K32_R2_local
both_clean,52.97248333668864,52.94117647058824,True,0.08377120000000002,10.471400000000003,105.114,0.4104986588516848,0.7455834588696,0.7455834588696,17.219123130360416,K32_R2_local
ecg_degraded,83.18870619841182,83.19641847844689,True,0.08377120000000002,10.471400000000003,105.114,0.3882411439363983,0.7233259439543135,0.7233259439543135,17.77204485750468,K32_R2_local
both_degraded,104.58057518569993,104.61816624348052,True,0.08377120000000002,10.471400000000003,105.114,0.3712557279180506,0.7063405279359658,0.7063405279359658,16.243381898986502,K32_R2_local
ppg_degraded,92.0361763756691,92.07589285714286,True,0.08377120000000002,10.471400000000003,105.114,0.3084386484328676,0.6435234484507828,0.6435234484507828,17.66595562272857,K32_R2_local
ppg_missing,66.85847569482586,66.88963210702342,True,0.08377120000000002,10.471400000000003,105.114,0.40408407104979016,0.7391688710677053,0.7391688710677053,15.08048383409596,K32_R2_local
both_clean,88.9150003636772,91.31607659736858,True,0.08377120000000002,10.471400000000003,105.114,0.4021741115216383,0.7372589115395535,0.7372589115395535,17.645586742755082,K32_R2_local
ecg_degraded,57.163735107279294,77.56263539736284,True,0.08377120000000002,10.471400000000003,105.114,0.20152472836340785,0.536609528381323,0.536609528381323,18.094253521040766,K32_R2_local
both_degraded,79.93368066645641,85.34442738261669,True,0.08377120000000002,10.471400000000003,105.114,0.2142014157922224,0.5492862158101376,0.5492862158101376,19.33654815689996,K32_R2_local
both_clean,65.79302415866486,67.26333860837033,True,0.08377120000000002,10.471400000000003,105.114,0.40963298508975543,0.7447177851076706,0.7447177851076706,19.79025673922415,K32_R2_local
ppg_missing,102.54040164956592,102.52365930599372,True,0.08377120000000002,10.471400000000003,105.114,0.3872985183351516,0.7223833183530668,0.7223833183530668,16.8411167895705,K32_R2_local
ecg_degraded,101.95828933794434,102.55479657726454,True,0.08377120000000002,10.471400000000003,85.39689142857144,0.2826160373510791,0.6177008373510923,0.6177008373510923,20.666786642231674,K32_R2_edge
both_clean,95.7097404139928,95.72583639844059,True,0.0958096,11.976199999999999,97.68598857142857,0.19905788915175182,0.7360039462694099,0.5822962891521922,7.584062007851796,K32_R8_edge
ecg_degraded,72.53375706880956,95.72583639844059,False,0.0958096,11.976199999999999,97.68598857142857,-0.38323801467903557,0.7226451381938539,3.85321404794025e-07,6.301686267604317,K32_R8_edge
ppg_degraded,97.81621902059837,83.79888268156425,False,0.08377120000000002,10.471400000000003,105.114,-0.3349902584588212,0.6368661684408607,9.454155909401177e-05,6.974141778975458,K32_R2_local
ecg_missing,108.79193948997107,108.80829015544042,True,0.08377120000000002,10.471400000000003,105.114,0.413381857385434,0.7484666574033492,0.7484666574033492,20.44083206431092,K32_R2_local
both_degraded,72.16655021025008,72.07760716759037,True,0.08377120000000002,10.471400000000003,105.114,0.2207490411364913,0.5558338411544065,0.5558338411544065,16.59155689592979,K32_R2_local
ppg_missing,81.51170237051802,81.43322475570034,True,0.08377120000000002,10.471400000000003,85.39689142857144,0.36929524172487616,0.7043800417248893,0.7043800417248893,18.53973754691871,K32_R2_edge
both_degraded,59.746222149725945,111.10100433873133,True,0.1198864,14.985800000000001,142.05,-0.10653325304870123,0.3748728617177331,0.3748728616875708,8.123666601954062,K32_R20_local
ecg_degraded,56.4997905284785,75.96101584285117,True,0.08377120000000002,10.471400000000003,105.114,0.19865758317005344,0.5337423831879686,0.5337423831879686,18.755386080058265,K32_R2_local
both_clean,93.2084566240282,93.21518342693835,True,0.08377120000000002,10.471400000000003,105.114,0.40181000490042396,0.7368948049183391,0.7368948049183391,17.652750894958636,K32_R2_local
both_degraded,53.61674955223578,107.87415714877919,True,0.08377120000000002,10.471400000000003,85.39689142857144,0.04588300756951624,0.3809678075695294,0.3809678075695294,17.659347287576125,K32_R2_edge
ppg_degraded,86.08118562259207,86.0738299884411,True,0.08377120000000002,10.471400000000003,105.114,0.3684277617070192,0.7035125617249344,0.7035125617249344,18.210865372562466,K32_R2_local
ppg_missing,56.81684969041714,58.011049723756905,True,0.08377120000000002,10.471400000000003,105.114,0.41491010332939904,0.7499949033473142,0.7499949033473142,17.426685799429276,K32_R2_local
both_degraded,90.14165942479869,90.16393442622952,True,0.0958096,11.976199999999999,117.426,0.22752691907771222,0.6107653275236125,0.6107653275236125,17.277298074819214,K32_R8_local
ppg_missing,95.20726677541678,97.19222462203024,True,0.08377120000000002,10.471400000000003,105.114,0.3872490316934323,0.7223338317113475,0.7223338317113475,17.41341833586658,K32_R2_local
ecg_missing,106.45414162990264,106.44104803493451,True,0.08377120000000002,10.471400000000003,105.114,0.413736418350232,0.7488212183681472,0.7488212183681472,15.82343098190054,K32_R2_local
both_degraded,73.39421099306381,73.48658385047447,True,0.08377120000000002,10.471400000000003,85.39689142857144,0.19790525486020216,0.5329900548602153,0.5329900548602153,14.976433696979056,K32_R2_edge
both_clean,73.36920981888866,73.3695652173913,True,0.08377120000000002,10.471400000000003,105.114,0.40596256526148,0.7410473652793952,0.7410473652793952,16.001251420390187,K32_R2_local
ppg_degraded,73.97880310154724,77.77058789381942,True,0.08377120000000002,10.471400000000003,105.114,0.2697389059262054,0.6048237059441206,0.6048237059441206,17.153385511227057,K32_R2_local
ppg_degraded,92.34857230271757,92.34542194932871,True,0.08377120000000002,10.471400000000003,105.114,0.28682840528524667,0.6219132053031619,0.6219132053031619,17.265425469848207,K32_R2_local
both_clean,97.26321108406827,97.19222462203027,True,0.08377120000000002,10.471400000000003,105.114,0.39633306354392817,0.7314178635618434,0.7314178635618434,15.058598113403843,K32_R2_local
both_clean,56.94392246409419,95.72583639844059,False,0.0958096,11.976199999999999,97.68598857142857,-0.38161116694235286,0.7411161912415463,0.0016272330580874804,6.718188739796346,K32_R8_edge
both_clean,69.4860508098232,70.74505781802587,True,0.0958096,11.976199999999999,117.426,0.35869936631553,0.7431409153471683,0.7419377747614302,8.180872845283064,K32_R8_local
ecg_missing,53.314278771948636,55.91054313099041,True,0.08377120000000002,10.471400000000003,105.114,0.41464406440122015,0.7497288644191353,0.7497288644191353,16.419042987115354,K32_R2_local
ppg_missing,64.09401528008323,64.1025641025641,True,0.08377120000000002,10.471400000000003,105.114,0.4147501475586963,0.7498349475766115,0.7498349475766115,20.092391949147412,K32_R2_local
both_degraded,94.02426588421505,94.04388714733544,True,0.08377120000000002,10.471400000000003,105.114,0.37181640304324226,0.7069012030611574,0.7069012030611574,18.278122483112913,K32_R2_local
ecg_missing,106.20840223393978,106.27530364372468,True,0.08377120000000002,10.471400000000003,105.114,0.4136634149895345,0.7487482150074497,0.7487482150074497,17.383708120002982,K32_R2_local
both_degraded,108.82007447827824,79.63360828604957,False,0.1198864,14.985800000000001,122.26418285714286,-0.47643472917066376,0.6166196056239654,0.0031109657244045366,6.348894330381018,K32_R20_edge
ppg_degraded,54.089246571661135,63.44544598481082,True,0.0958096,11.976199999999999,97.68598857142857,0.25820944207650637,0.641448316998322,0.6414478420769467,8.772117234243375,K32_R8_edge
ecg_degraded,74.11448861529429,80.90247718957312,True,0.08377120000000002,10.471400000000003,105.114,0.2602351024462526,0.5953199024641678,0.5953199024641678,17.31360911041692,K32_R2_local
both_clean,102.34632567953425,102.2727272727273,True,0.08377120000000002,10.471400000000003,105.114,0.397151647542629,0.7322364475605442,0.7322364475605442,19.48165997018215,K32_R2_local
ppg_missing,80.28699763920307,80.29978586723769,True,0.08377120000000002,10.471400000000003,105.114,0.39365649241899625,0.7287412924369114,0.7287412924369114,15.729246231769165,K32_R2_local
ppg_degraded,70.9697466978238,71.27411540679505,True,0.08377120000000002,10.471400000000003,105.114,0.3079491331470392,0.6430339331649544,0.6430339331649544,17.39216128290797,K32_R2_local
ecg_missing,96.94182219581225,96.87836383207753,True,0.08377120000000002,10.471400000000003,105.114,0.4138696971178112,0.7489544971357264,0.7489544971357264,19.509247927151897,K32_R2_local
ecg_degraded,101.85971616121381,101.90627557423049,True,0.08377120000000002,10.471400000000003,105.114,0.332730791467964,0.6678155914858792,0.6678155914858792,15.985230607072218,K32_R2_local
both_degraded,58.75566644810788,117.7094720067971,True,0.08377120000000002,10.471400000000003,85.39689142857144,0.05008317810380347,0.38516797810381664,0.38516797810381664,18.92201952575689,K32_R2_edge
ecg_missing,81.03009243511184,80.99352051835854,True,0.08377120000000002,10.471400000000003,105.114,0.4141685318373082,0.7492533318552234,0.7492533318552234,17.12267111644794,K32_R2_local
ecg_missing,58.832940124834124,58.85650224215247,True,0.08377120000000002,10.471400000000003,105.114,0.41462111922765277,0.749705919245568,0.749705919245568,19.676782482644427,K32_R2_local
both_degraded,60.812353737204084,90.75907590759077,False,0.1198864,14.985800000000001,122.26418285714286,-0.4795456948950683,0.2805587153350011,1.9927213171913708e-32,4.932320684221944,K32_R20_edge
both_clean,81.83906289606713,105.24348814058905,False,0.08377120000000002,10.471400000000003,105.114,-0.33508480001791513,0.7373605492439559,5.1549778677391255e-17,5.908571259732195,K32_R2_local
both_clean,65.16691679122944,65.75636302080575,True,0.0958096,11.976199999999999,97.68598857142857,0.035692492502406206,0.7440387398952366,0.4189308925028466,7.416658056830923,K32_R8_edge
both_clean,98.30228429421373,98.2694250003554,True,0.08377120000000002,10.471400000000003,105.114,0.3981219861951909,0.7332067862131061,0.7332067862131061,15.45802471428015,K32_R2_local
ecg_missing,71.9236019942706,71.8849840255591,True,0.08377120000000002,10.471400000000003,105.114,0.41422404275543756,0.7493088427733527,0.7493088427733527,17.49578906916705,K32_R2_local
ppg_missing,60.87709539274631,95.33300150324432,False,0.1198864,14.985800000000001,122.26418285714286,-0.3572624169437499,0.7397154403941222,0.12228327795131845,6.628904311325134,K32_R20_edge
ppg_degraded,87.75472263471329,74.7141685828409,False,0.1198864,14.985800000000001,122.26418285714286,-0.479541834659172,0.7252503800016709,3.8602358963496235e-06,6.042817337182025,K32_R20_edge
both_clean,65.72156559886255,65.71741511500547,True,0.08377120000000002,10.471400000000003,105.114,0.40731017556397764,0.7423949755818928,0.7423949755818928,17.514173415258448,K32_R2_local
both_degraded,53.983538152594065,107.83131321708426,True,0.0958096,11.976199999999999,97.68598857142857,-0.054249841651365135,0.3303429427984275,0.32898855834907526,8.09199259643079,K32_R8_edge
ecg_degraded,109.94611356899108,110.55476499598404,True,0.08377120000000002,10.471400000000003,105.114,0.37605552503585915,0.7111403250537743,0.7111403250537743,17.812326140349,K32_R2_local
ecg_degraded,61.05542926082709,90.16393442622952,False,0.08377120000000002,10.471400000000003,105.114,-0.17478995575283446,0.5415434980108613,0.16029484426508073,7.921544237359977,K32_R2_local
ppg_missing,57.878438959597545,60.0,True,0.08377120000000002,10.471400000000003,105.114,0.40426929678892165,0.7393540968068368,0.7393540968068368,16.271043162938316,K32_R2_local
ppg_missing,78.83390446667792,79.95735607675907,True,0.08377120000000002,10.471400000000003,105.114,0.3901777332201033,0.7252625332380185,0.7252625332380185,18.534082440725086,K32_R2_local
both_clean,50.23753799069525,50.2514387574606,True,0.08377120000000002,10.471400000000003,105.114,0.4102040729571107,0.7452888729750259,0.7452888729750259,17.704833873077796,K32_R2_local
ppg_degraded,97.35987077971433,97.45489259174781,True,0.08377120000000002,10.471400000000003,105.114,0.40297335751775276,0.738058157535668,0.738058157535668,21.47328809812824,K32_R2_local
ppg_degraded,54.510966218429296,70.96213444527106,True,0.08377120000000002,10.471400000000003,105.114,0.20245578650389195,0.5375405865218071,0.5375405865218071,17.655573651888815,K32_R2_local
ecg_missing,52.3726569151252,52.38649592549476,True,0.08377120000000002,10.471400000000003,105.114,0.41467374953698855,0.7497585495549037,0.7497585495549037,19.508643650465643,K32_R2_local
ppg_degraded,107.96243509177197,90.16393442622952,False,0.0958096,11.976199999999999,97.68598857142857,-0.36446003192524234,0.7221747399657676,0.01877836807519801,6.917014701801161,K32_R8_edge
ppg_missing,81.00437482229924,68.18181818181819,False,0.1198864,14.985800000000001,142.05,-0.47229278065029323,0.7278425467854774,0.009113334085978763,6.405964957875743,K32_R20_local
both_clean,105.7250362090385,106.20817158184867,True,0.08377120000000002,10.471400000000003,105.114,0.3920499211047671,0.7271347211226823,0.7271347211226823,16.82973239064323,K32_R2_local
ecg_degraded,103.82549816426625,103.28208138387832,True,0.08377120000000002,10.471400000000003,105.114,0.2869263045942947,0.6220111046122099,0.6220111046122099,18.0078707256313,K32_R2_local
both_degraded,94.03945300440185,95.04306706060238,True,0.08377120000000002,10.471400000000003,105.114,0.14314683371224773,0.4782316337301629,0.4782316337301629,19.25125762605629,K32_R2_local
ppg_missing,51.77912239343012,51.783659378596084,True,0.08377120000000002,10.471400000000003,105.114,0.40559316110823174,0.7406779611261469,0.7406779611261469,16.975762660697196,K32_R2_local
ppg_missing,88.62635103505609,88.70967741935485,True,0.08377120000000002,10.471400000000003,105.114,0.38987742110582135,0.7249622211237365,0.7249622211237365,18.947095520439376,K32_R2_local
ecg_degraded,53.90296858568705,72.11733727752346,True,0.08377120000000002,10.471400000000003,105.114,0.19459894685873091,0.5296837468766461,0.5296837468766461,17.386841503542318,K32_R2_local
ppg_degraded,50.6403066379972,62.906644330367264,True,0.08377120000000002,10.471400000000003,105.114,0.2792184488926054,0.6143032489105206,0.6143032489105206,18.17252678556601,K32_R2_local
both_degraded,100.66395639231615,101.2920864430635,True,0.0958096,11.976199999999999,97.68598857142857,0.027569866648292758,0.506662057889205,0.41080826664873316,7.602547672031312,K32_R8_edge
both_clean,68.40820148968287,68.92039181835263,True,0.08377120000000002,10.471400000000003,105.114,0.4046633609618143,0.7397481609797295,0.7397481609797295,15.424039021873446,K32_R2_local
ecg_degraded,94.8294373873332,95.46172834015024,True,0.08377120000000002,10.471400000000003,105.114,0.38156163829030054,0.7166464383082157,0.7166464383082157,19.13798802252655,K32_R2_local
both_clean,81.78876647040474,83.19103553315256,True,0.08377120000000002,10.471400000000003,105.114,0.39897817739801944,0.7340629774159346,0.7340629774159346,12.996144931203453,K32_R2_local
ecg_missing,97.0470480886041,96.98275862068967,True,0.08377120000000002,10.471400000000003,105.114,0.4139444123743178,0.749029212392233,0.749029212392233,16.602736364997085,K32_R2_local
ecg_degraded,88.38674056076323,89.75465230345283,True,0.08377120000000002,10.471400000000003,105.114,0.2889613774624693,0.6240461774803845,0.6240461774803845,17.414351449215527,K32_R2_local
ppg_missing,108.36587385096671,108.45383759733039,True,0.08377120000000002,10.471400000000003,105.114,0.38097941605726904,0.7160642160751842,0.7160642160751842,18.50779687221045,K32_R2_local
ecg_missing,78.4861354137895,78.48837209302326,True,0.08377120000000002,10.471400000000003,105.114,0.41422219387630443,0.7493069938942196,0.7493069938942196,18.055146224723966,K32_R2_local
both_clean,101.19191333853092,101.18198031953582,True,0.08377120000000002,10.471400000000003,105.114,0.3949142505260186,0.7299990505439338,0.7299990505439338,17.15452660591423,K32_R2_local
ppg_missing,99.30905531371005,99.22822491730983,True,0.08377120000000002,10.471400000000003,105.114,0.37986935185029236,0.7149541518682075,0.7149541518682075,16.708101352898844,K32_R2_local
ecg_missing,85.20264939710209,85.22727272727273,True,0.08377120000000002,10.471400000000003,105.114,0.41485200341863526,0.7499368034365504,0.7499368034365504,18.341580650278118,K32_R2_local
both_degraded,80.38052908434932,80.22240339433694,True,0.08377120000000002,10.471400000000003,85.39689142857144,0.21310377275169134,0.5481885727517045,0.5481885727517045,19.143353752832034,K32_R2_edge
both_degraded,75.8102126349273,81.69303130056723,True,0.08377120000000002,10.471400000000003,105.114,0.2759359869701917,0.6110207869881069,0.6110207869881069,16.408695707875513,K32_R2_local
both_clean,88.76222333409844,90.25545629998713,True,0.08377120000000002,10.471400000000003,105.114,0.39971592209538553,0.7348007221133007,0.7348007221133007,18.427105472191844,K32_R2_local
ecg_missing,61.750388332119115,61.692126909518215,True,0.08377120000000002,10.471400000000003,105.114,0.414561572214618,0.7496463722325332,0.7496463722325332,18.251398515171243,K32_R2_local
ppg_degraded,76.35143375345483,79.75565971519845,True,0.08377120000000002,10.471400000000003,105.114,0.28349361537035456,0.6185784153882697,0.6185784153882697,18.51879844820209,K32_R2_local
ppg_missing,88.82476622767993,88.80516684607105,True,0.08377120000000002,10.471400000000003,105.114,0.39150119219419777,0.726585992212113,0.726585992212113,15.039636227628188,K32_R2_local
ecg_missing,68.44219170233661,73.9392443997108,False,0.0958096,11.976199999999999,97.68598857142857,-0.3831266286664209,0.7495397017978361,0.0001117713340194645,6.556152094910405,K32_R8_edge
ppg_degraded,63.002944464799526,81.8190760838698,True,0.08377120000000002,10.471400000000003,105.114,0.1824630488660729,0.5175478488839881,0.5175478488839881,16.26551131550263,K32_R2_local
both_clean,56.38060697525785,57.42690488631234,True,0.08377120000000002,10.471400000000003,105.114,0.41105274468665276,0.746137544704568,0.746137544704568,18.00072754999211,K32_R2_local
ppg_missing,98.27088219296822,99.28716904276988,True,0.08377120000000002,10.471400000000003,105.114,0.3887154157928637,0.7238002158107789,0.7238002158107789,16.813692263699423,K32_R2_local
ppg_missing,102.54374821370014,72.80676074757237,False,0.1198864,14.985800000000001,142.05,-0.48140560352505596,0.7244771862861383,5.112112160302546e-07,5.97454704365407,K32_R20_local
ppg_degraded,100.03955943564415,71.73424533215298,False,0.08377120000000002,10.471400000000003,105.114,-0.3350848000179152,0.738191943901601,3.2075879888947353e-21,5.696189393002329,K32_R2_local
ecg_degraded,92.39050684901164,92.38521836506159,True,0.08377120000000002,10.471400000000003,105.114,0.3356625768586833,0.6707473768765985,0.6707473768765985,19.542925044295888,K32_R2_local
ppg_missing,86.27674210911854,86.20689655172416,True,0.1198864,14.985800000000001,142.05,0.2564123531917257,0.7378344127535872,0.7378184679279977,7.614177536050031,K32_R20_local
ppg_degraded,53.475790621157024,74.7141685828409,False,0.1198864,14.985800000000001,122.26418285714286,-0.47954565402749794,0.6223219394524945,4.086757036316969e-08,5.901509737349931,K32_R20_edge
ecg_missing,102.84348363197233,102.85714285714289,True,0.08377120000000002,10.471400000000003,105.114,0.41367939872918713,0.7487641987471023,0.7487641987471023,16.14010228988975,K32_R2_local
ppg_degraded,78.41187577733062,78.36990595611287,True,0.08377120000000002,10.471400000000003,105.114,0.37404397033950665,0.7091287703574218,0.7091287703574218,17.19858613190929,K32_R2_local
ecg_degraded,91.1938695444448,91.91394063490098,True,0.08377120000000002,10.471400000000003,105.114,0.2872610364477003,0.6223458364656155,0.6223458364656155,18.41122136778658,K32_R2_local
both_degraded,57.26409385258379,110.41565772178922,True,0.08377120000000002,10.471400000000003,105.114,0.0558548892769799,0.3909396892948951,0.3909396892948951,16.074892426741933,K32_R2_local
ecg_missing,94.74517061392861,94.71871412169921,True,0.08377120000000002,10.471400000000003,105.114,0.41385222447853054,0.7489370244964457,0.7489370244964457,18.27418388365115,K32_R2_local
ppg_degraded,58.8115779032927,77.67766957141947,True,0.08377120000000002,10.471400000000003,105.114,0.17454303528930448,0.5096278353072197,0.5096278353072197,20.584328334519753,K32_R2_local
ppg_degraded,107.5036054032485,107.6918547794203,True,0.08377120000000002,10.471400000000003,105.114,0.2881041914825353,0.6231889915004505,0.6231889915004505,18.027417708826267,K32_R2_local
both_clean,92.63880554315608,92.69662921348315,True,0.08377120000000002,10.471400000000003,105.114,0.40488031840047123,0.7399651184183864,0.7399651184183864,17.316263463111024,K32_R2_local
ppg_degraded,81.8378219644857,81.83460297010829,True,0.08377120000000002,10.471400000000003,105.114,0.3688762036803225,0.7039610036982377,0.7039610036982377,13.367798892137895,K32_R2_local
ppg_degraded,89.19747568009959,89.5645910046079,True,0.08377120000000002,10.471400000000003,105.114,0.3633421352005545,0.6984269352184697,0.6984269352184697,18.098553962318046,K32_R2_local
ppg_missing,63.78859340301903,63.76195536663125,True,0.08377120000000002,10.471400000000003,105.114,0.40162948633991125,0.7367142863578264,0.7367142863578264,16.757921337833512,K32_R2_local
ecg_degraded,79.94405396983339,81.47316443423213,True,0.08377120000000002,10.471400000000003,105.114,0.3273548504091949,0.6624396504271101,0.6624396504271101,18.952641904628354,K32_R2_local
both_degraded,55.16558235725349,110.36049448725977,True,0.0958096,11.976199999999999,117.426,0.015614213213853551,0.39885262165975377,0.39885262165975377,19.48232911329081,K32_R8_local
ecg_degraded,66.77206228621868,68.44670096805369,True,0.08377120000000002,10.471400000000003,105.114,0.3307581003782307,0.6658429003961459,0.6658429003961459,16.94444685261197,K32_R2_local
ppg_degraded,67.12859350845062,74.08561240990426,True,0.08377120000000002,10.471400000000003,105.114,0.2492382436828846,0.5843230437007998,0.5843230437007998,16.821310710725268,K32_R2_local
both_clean,59.907976280842874,59.93150684931506,True,0.08377120000000002,10.471400000000003,105.114,0.4102122647407005,0.7452970647586157,0.7452970647586157,18.23415563650039,K32_R2_local
ppg_degraded,74.96609598062184,75.54292755691053,True,0.08377120000000002,10.471400000000003,105.114,0.3764027628387464,0.7114875628566616,0.7114875628566616,15.21551370786326,K32_R2_local
both_clean,53.79400811394663,81.47495223898446,False,0.1198864,14.985800000000001,122.26418285714286,-0.08844190223208365,0.7461660289191983,0.39110379266298473,6.816924231269332,K32_R20_edge
ecg_missing,51.54683181787245,54.47941888619854,True,0.1198864,14.985800000000001,142.05,0.26836960903857615,0.7497757240210465,0.7497757237748481,8.07358180702542,K32_R20_local
both_degraded,69.95940435821207,72.93427394870491,True,0.08377120000000002,10.471400000000003,105.114,0.11566620968715612,0.4507510097050713,0.4507510097050713,15.397066651318566,K32_R2_local
both_clean,109.48532489230897,110.05445695600868,True,0.08377120000000002,10.471400000000003,105.114,0.39753610821136176,0.732620908229277,0.732620908229277,16.90387427337019,K32_R2_local
ppg_missing,93.62337149352038,93.65244536940688,True,0.08377120000000002,10.471400000000003,105.114,0.38802368355364625,0.7231084835715614,0.7231084835715614,17.258297046675963,K32_R2_local
both_degraded,75.66383819824892,81.85537801783475,True,0.08377120000000002,10.471400000000003,105.114,0.1135490188635681,0.4486338188814833,0.4486338188814833,18.164483318182377,K32_R2_local
ecg_missing,61.96307695858539,61.98347107438017,True,0.08377120000000002,10.471400000000003,105.114,0.41488234958528913,0.7499671496032043,0.7499671496032043,16.402381517518048,K32_R2_local
ecg_degraded,57.292948608265405,77.57605716106445,True,0.08377120000000002,10.471400000000003,105.114,0.1924134159806341,0.5274982159985493,0.5274982159985493,17.22811419701377,K32_R2_local
ecg_missing,74.99049168776186,63.76195536663125,False,0.08377120000000002,10.471400000000003,105.114,-0.33508479987445383,0.7499918897373448,1.4346137306604916e-10,6.33151167491998,K32_R2_local
ppg_degraded,89.20287930865743,89.81335623681119,True,0.08377120000000002,10.471400000000003,105.114,0.3085862894014181,0.6436710894193333,0.6436710894193333,19.17136790287518,K32_R2_local
both_degraded,99.56721413534797,99.59141981613894,True,0.08377120000000002,10.471400000000003,105.114,0.32277986597364816,0.6578646659915633,0.6578646659915633,17.09193588134815,K32_R2_local
both_degraded,77.74769380178607,81.37595289111066,True,0.08377120000000002,10.471400000000003,105.114,0.15169890139133252,0.4867837014092477,0.4867837014092477,17.80818106527246,K32_R2_local
ecg_missing,101.11147945672788,101.12359550561801,True,0.08377120000000002,10.471400000000003,105.114,0.413914368710265,0.7489991687281802,0.7489991687281802,18.127875251545746,K32_R2_local
ecg_missing,98.67770518546472,98.68421052631581,True,0.08377120000000002,10.471400000000003,105.114,0.41491127885325574,0.7499960788711709,0.7499960788711709,18.183522578624206,K32_R2_local
ecg_missing,100.97791020472731,101.01010101010104,True,0.08377120000000002,10.471400000000003,105.114,0.41387190930875994,0.7489567093266751,0.7489567093266751,18.15224743431866,K32_R2_local
ppg_missing,69.91526209182878,69.93006993006993,True,0.08377120000000002,10.471400000000003,105.114,0.39975736528823047,0.7348421653061457,0.7348421653061457,18.02473430676415,K32_R2_local
both_clean,78.01962200155876,78.00374993086314,True,0.1198864,14.985800000000001,122.26418285714286,0.25469832067473913,0.738360447422451,0.7342440155698075,7.294009285080363,K32_R20_edge
ecg_degraded,59.61667847085474,81.47495223898446,True,0.1198864,14.985800000000001,122.26418285714286,0.04532741876608438,0.5249613730902543,0.5248731136611527,7.508261466843434,K32_R20_edge
ecg_degraded,85.07368698805331,85.13931888544893,True,0.08377120000000002,10.471400000000003,105.114,0.28753710226902673,0.6226219022869419,0.6226219022869419,20.006131843594634,K32_R2_local
both_degraded,52.542111995353245,104.32521854829619,True,0.08377120000000002,10.471400000000003,85.39689142857144,0.09247779222732011,0.4275625922273333,0.4275625922273333,17.288705821109048,K32_R2_edge
ecg_degraded,78.17075143505386,78.17174914750474,True,0.08377120000000002,10.471400000000003,105.114,0.33199090256820374,0.6670757025861189,0.6670757025861189,18.919568587003994,K32_R2_local
ppg_missing,59.81647009821869,59.79498861047836,True,0.08377120000000002,10.471400000000003,105.114,0.4020203655124355,0.7371051655303507,0.7371051655303507,19.039199066970536,K32_R2_local
ecg_missing,78.6622959256571,78.69884575026234,True,0.1198864,14.985800000000001,142.05,0.2679901183021714,0.7493962714772039,0.7493962330384434,7.881414066176281,K32_R20_local
ppg_missing,60.87671320798333,61.91950464396285,True,0.08377120000000002,10.471400000000003,105.114,0.39971562495801893,0.7348004249759341,0.7348004249759341,16.259934629225718,K32_R2_local
ppg_missing,50.09026774167785,52.26480836236933,True,0.08377120000000002,10.471400000000003,105.114,0.4073140727962583,0.7423988728141735,0.7423988728141735,17.713318032953293,K32_R2_local
both_degraded,75.30536805920377,78.25700206730414,True,0.08377120000000002,10.471400000000003,85.39689142857144,0.24682769995996467,0.5819124999599778,0.5819124999599778,18.755766624129617,K32_R2_edge
ecg_degraded,75.695914333043,78.7878108412857,True,0.08377120000000002,10.471400000000003,105.114,0.2700443855799669,0.6051291855978821,0.6051291855978821,18.03573725869567,K32_R2_local
ecg_degraded,82.46607847267225,84.6513696864496,True,0.08377120000000002,10.471400000000003,105.114,0.3365710277849533,0.6716558278028685,0.6716558278028685,17.764044582370534,K32_R2_local
both_degraded,57.47928840760106,111.42094739760802,True,0.08377120000000002,10.471400000000003,85.39689142857144,0.020215742612453846,0.355300542612467,0.355300542612467,19.5476648459273,K32_R2_edge
ppg_degraded,79.89616845280784,95.72583639844059,False,0.0958096,11.976199999999999,97.68598857142857,-0.33940607438388526,0.7261431233204166,0.0438323256165551,7.0058019774453655,K32_R8_edge
ppg_degraded,67.98038402209885,69.64579207375138,True,0.08377120000000002,10.471400000000003,105.114,0.39390799232845286,0.728992792346368,0.728992792346368,15.317601680503186,K32_R2_local
both_degraded,54.88319759521259,104.34448875621176,True,0.08377120000000002,10.471400000000003,85.39689142857144,0.050983469173221996,0.38606826917323517,0.38606826917323517,17.73957520574492,K32_R2_edge
ppg_missing,74.61241485195842,74.66814159292035,True,0.08377120000000002,10.471400000000003,105.114,0.4005952644227422,0.7356800644406574,0.7356800644406574,19.225999296683767,K32_R2_local
ecg_degraded,90.0116320364676,91.8121342596405,True,0.08377120000000002,10.471400000000003,105.114,0.333372407224112,0.6684572072420272,0.6684572072420272,15.136694547801026,K32_R2_local
ppg_degraded,68.1696463166624,70.7286858966194,True,0.08377120000000002,10.471400000000003,105.114,0.32552725594631804,0.6606120559642332,0.6606120559642332,19.28878366971474,K32_R2_local
ecg_missing,92.80599373441198,92.80089988751408,True,0.1198864,14.985800000000001,122.26418285714286,0.2695412536099557,0.7490883069151277,0.749086948505024,7.730276973370081,K32_R20_edge
ppg_missing,97.3262684089193,63.29113924050633,False,0.0958096,11.976199999999999,97.68598857142857,-0.38266922475538434,0.7125674189498652,0.0005691752450559819,6.652578019660149,K32_R8_edge
ppg_degraded,50.84100552152224,69.86224444383774,True,0.08377120000000002,10.471400000000003,105.114,0.20379176553088885,0.538876565548804,0.538876565548804,19.5346259198541,K32_R2_local
ecg_degraded,62.93338636469588,80.38008185157634,True,0.08377120000000002,10.471400000000003,105.114,0.21531575544190196,0.5504005554598171,0.5504005554598171,17.854858831018973,K32_R2_local
ppg_missing,67.01870681538081,65.71741511500548,False,0.08377120000000002,10.471400000000003,85.39689142857144,-0.27650074779442857,0.7301914536257923,0.058584052205584596,7.6256688208343535,K32_R2_edge
both_clean,85.53807926832594,85.51881413911062,True,0.08377120000000002,10.471400000000003,105.114,0.4045375561758585,0.7396223561937737,0.7396223561937737,17.92066588172556,K32_R2_local
both_clean,79.21806388091665,79.82736511668716,True,0.08377120000000002,10.471400000000003,105.114,0.4041816602699192,0.7392664602878344,0.7392664602878344,16.51579817368704,K32_R2_local
both_degraded,84.08409953174856,87.53205686041599,True,0.08377120000000002,10.471400000000003,85.39689142857144,0.06592133218185359,0.40100613218186676,0.40100613218186676,19.277113817767034,K32_R2_edge
ppg_degraded,54.42796547850157,71.10991321247313,True,0.08377120000000002,10.471400000000003,105.114,0.195403494028502,0.5304882940464172,0.5304882940464172,18.294425952913883,K32_R2_local
ppg_missing,67.22666681871897,67.18924972004478,True,0.08377120000000002,10.471400000000003,105.114,0.40019214503286715,0.7352769450507823,0.7352769450507823,20.76763384922673,K32_R2_local
both_clean,59.64793890629953,95.33300150324432,False,0.1198864,14.985800000000001,122.26418285714286,-0.46116162155724133,0.7438583230257493,0.018384073337826965,6.453791825277958,K32_R20_edge
both_clean,94.75971911694714,95.33300150324432,True,0.1198864,14.985800000000001,122.26418285714286,0.2546916333927172,0.7349591116128534,0.7342373282877855,7.4070635137801375,K32_R20_edge
ecg_degraded,91.00883847035009,91.96983767458104,True,0.08377120000000002,10.471400000000003,105.114,0.3806896757041265,0.7157744757220417,0.7157744757220417,17.349464805234994,K32_R2_local
both_degraded,68.29323601429111,90.16393442622952,False,0.0958096,11.976199999999999,117.426,-0.38323840826945016,0.37673552059440446,1.7645001603179703e-10,6.063966653889175,K32_R8_local
both_clean,102.56997563943787,102.5744061070728,True,0.08377120000000002,10.471400000000003,105.114,0.3950515266747314,0.7301363266926466,0.7301363266926466,18.14517730960846,K32_R2_local
ecg_missing,58.13756561418017,58.13953488372093,True,0.08377120000000002,10.471400000000003,105.114,0.41491485167454945,0.7499996516924646,0.7499996516924646,19.169651425130656,K32_R2_local
ppg_degraded,51.06924287147994,71.79008053867875,True,0.08377120000000002,10.471400000000003,105.114,0.21646304200817335,0.5515478420260885,0.5515478420260885,17.48806985834356,K32_R2_local
ecg_missing,72.4014649094861,72.42489270386267,True,0.08377120000000002,10.471400000000003,105.114,0.41436753573560026,0.7494523357535154,0.7494523357535154,17.173483648051743,K32_R2_local
both_clean,90.10709938728384,90.16393442622952,True,0.0958096,11.976199999999999,97.68598857142857,0.3551170518787969,0.7383554518792372,0.7383554518792372,17.761168957799573,K32_R8_edge
ppg_missing,106.77035048329952,106.70731707317071,True,0.08377120000000002,10.471400000000003,105.114,0.38096401654574763,0.7160488165636628,0.7160488165636628,20.190863790218366,K32_R2_local
both_clean,80.51870795451306,65.71741511500548,False,0.0958096,11.976199999999999,97.68598857142857,-0.3806700044055274,0.7413880857112191,0.0025683955949129646,6.7501572910152925,K32_R8_edge
both_clean,58.18924610923995,59.56346740639837,True,0.08377120000000002,10.471400000000003,105.114,0.4062823212965111,0.7413671213144263,0.7413671213144263,19.438863218252575,K32_R2_local
ecg_degraded,85.84211020007277,85.86800351866434,True,0.08377120000000002,10.471400000000003,105.114,0.33798461569286053,0.6730694157107757,0.6730694157107757,16.286306953505658,K32_R2_local
both_degraded,51.008326175457654,103.48620921216495,True,0.1198864,14.985800000000001,142.05,-0.05855124426203453,0.42470587126335235,0.4228548704742375,7.311103008452924,K32_R20_local
ppg_missing,99.08252898659495,99.00990099009901,True,0.08377120000000002,10.471400000000003,105.114,0.38329786331944304,0.7183826633373582,0.7183826633373582,20.521152291247237,K32_R2_local
ppg_degraded,69.34560506430068,71.73424533215298,True,0.08377120000000002,10.471400000000003,105.114,0.398110775325894,0.7331955753438092,0.7331955753438092,19.146027786561323,K32_R2_local
both_clean,56.11010603500788,56.10972568578553,True,0.08377120000000002,10.471400000000003,105.114,0.4107473327578157,0.7458321327757309,0.7458321327757309,18.7244124948353,K32_R2_local
ppg_missing,58.95754563788721,58.92255892255893,True,0.08377120000000002,10.471400000000003,105.114,0.4004525859180774,0.7355373859359926,0.7355373859359926,21.0169422834718,K32_R2_local
both_degraded,99.71805525219814,78.00374993086314,False,0.08377120000000002,10.471400000000003,85.39689142857144,-0.33508479997494994,0.43526495396675874,2.5063250166416145e-11,6.290596252136239,K32_R2_edge
both_degraded,104.38558694741513,52.14368482039397,False,0.0958096,11.976199999999999,97.68598857142857,-0.38312847040662873,0.5138044561400845,0.00010992959381160407,6.575791807809759,K32_R8_edge
both_clean,61.072816986463835,61.0822772601814,True,0.08377120000000002,10.471400000000003,105.114,0.4094362924672367,0.7445210924851519,0.7445210924851519,17.916474435023233,K32_R2_local
both_degraded,109.88491719835787,107.83131321708426,False,0.0958096,11.976199999999999,97.68598857142857,-0.38323840000044035,0.5142115999866326,1.9251467108713496e-17,5.6642927450473595,K32_R8_edge
ecg_missing,101.61811771624127,101.5801354401806,True,0.1198864,14.985800000000001,142.05,0.26765187928238116,0.7490579940186531,0.7490579940186531,17.890880070452297,K32_R20_local
ecg_degraded,69.76265658558788,72.66797965756027,True,0.08377120000000002,10.471400000000003,105.114,0.31839998043444273,0.6534847804523579,0.6534847804523579,16.126902993582032,K32_R2_local
ecg_degraded,53.067346949820454,90.65571890326396,False,0.0958096,11.976199999999999,97.68598857142857,-0.38323839973402524,0.5335553359714441,2.664151111488146e-10,6.065876494697015,K32_R8_edge
ppg_missing,59.07412969299688,59.05511811023622,True,0.0958096,11.976199999999999,117.426,0.3660631146568366,0.7493015231027368,0.7493015231027368,18.754874368391988,K32_R8_local
ecg_degraded,76.18542643967152,77.58639187156211,True,0.08377120000000002,10.471400000000003,105.114,0.3287445929404941,0.6638293929584093,0.6638293929584093,17.48957601685077,K32_R2_local
both_clean,62.330915326487684,79.51914207132691,False,0.0958096,11.976199999999999,97.68598857142857,-0.38323840000044035,0.737905492756905,2.368608261757209e-34,5.037287045328899,K32_R8_edge
ecg_degraded,60.91655492433519,78.25256501445558,True,0.0958096,11.976199999999999,117.426,0.135966484623589,0.5192048930694892,0.5192048930694892,18.102380532731594,K32_R8_local
ecg_missing,66.36311233364611,66.3716814159292,True,0.08377120000000002,10.471400000000003,105.114,0.4149085583981056,0.7499933584160208,0.7499933584160208,19.53727468546727,K32_R2_local
ppg_degraded,102.65826148722341,103.26839222717446,True,0.08377120000000002,10.471400000000003,105.114,0.3663854607998671,0.7014702608177823,0.7014702608177823,19.119385247281574,K32_R2_local
ecg_degraded,52.18693782688468,69.24287853879838,True,0.08377120000000002,10.471400000000003,85.39689142857144,0.20841068665168982,0.543495486651703,0.543495486651703,17.922828691548467,K32_R2_edge
ecg_degraded,105.34748327171553,105.82565975938103,True,0.08377120000000002,10.471400000000003,105.114,0.3051043041053706,0.6401891041232858,0.6401891041232858,19.93642851735723,K32_R2_local
ecg_missing,76.95564013817535,76.87927107061503,True,0.08377120000000002,10.471400000000003,105.114,0.41422447887979086,0.749309278897706,0.749309278897706,18.539029094403347,K32_R2_local
ecg_missing,94.279827774952,94.2857142857143,True,0.08377120000000002,10.471400000000003,105.114,0.41399374204366723,0.7490785420615824,0.7490785420615824,20.558838993573794,K32_R2_local
ecg_degraded,80.71606840468928,80.73196986006458,True,0.08377120000000002,10.471400000000003,105.114,0.3361838984136235,0.6712686984315387,0.6712686984315387,18.76797875297857,K32_R2_local
ppg_degraded,106.7237970225732,107.12147558761778,True,0.08377120000000002,10.471400000000003,105.114,0.36195856116711167,0.6970433611850269,0.6970433611850269,18.93906404081035,K32_R2_local
ecg_missing,60.87747540268718,63.42494714587738,True,0.08377120000000002,10.471400000000003,105.114,0.4146040232759136,0.7496888232938288,0.7496888232938288,15.672841121521035,K32_R2_local
both_degraded,65.3176523574125,67.1744679375607,True,0.08377120000000002,10.471400000000003,105.114,0.367027395067974,0.7021121950858892,0.7021121950858892,17.20331073755401,K32_R2_local
ppg_degraded,80.49033644451005,80.47214289519779,True,0.08377120000000002,10.471400000000003,105.114,0.3960168539929625,0.7311016540108777,0.7311016540108777,14.787189498337902,K32_R2_local
ecg_degraded,80.45668594257961,80.43811568680356,True,0.08377120000000002,10.471400000000003,105.114,0.3107860534517105,0.6458708534696257,0.6458708534696257,17.768417157580178,K32_R2_local
ppg_degraded,69.8615783522871,71.09112402440914,True,0.08377120000000002,10.471400000000003,105.114,0.3923755529383617,0.7274603529562769,0.7274603529562769,17.469715030783806,K32_R2_local
ppg_missing,68.31891887162232,68.31983805668015,True,0.08377120000000002,10.471400000000003,105.114,0.40288913154865,0.7379739315665652,0.7379739315665652,16.374068663496157,K32_R2_local
ecg_degraded,55.34834142322083,107.72417926188709,False,0.08377120000000002,10.471400000000003,105.114,-0.33443832474616586,0.5399735821608732,0.0006464752717493258,7.1331304218129095,K32_R2_local
ppg_missing,80.13169790301589,80.12820512820514,True,0.08377120000000002,10.471400000000003,105.114,0.39472153739845917,0.7298063374163744,0.7298063374163744,19.609601872189288,K32_R2_local
both_clean,99.83651865342149,99.88901220865706,True,0.08377120000000002,10.471400000000003,105.114,0.4023261299204042,0.7374109299383194,0.7374109299383194,20.466903609113192,K32_R2_local
ppg_degraded,102.00906706850307,101.9334841315844,True,0.08377120000000002,10.471400000000003,105.114,0.3865949740421101,0.7216797740600253,0.7216797740600253,17.3887060626993,K32_R2_local
both_degraded,74.88209538128737,79.97490306316723,True,0.08377120000000002,10.471400000000003,105.114,0.20727982812959267,0.5423646281475079,0.5423646281475079,14.874777880031122,K32_R2_local
ppg_degraded,108.77397047426035,108.71157368251347,True,0.08377120000000002,10.471400000000003,105.114,0.3045686587072839,0.6396534587251991,0.6396534587251991,14.187265306802225,K32_R2_local
ecg_degraded,108.01831436999447,107.97342192691028,True,0.08377120000000002,10.471400000000003,105.114,0.32900995164299884,0.664094751660914,0.664094751660914,19.04495232072368,K32_R2_local
ppg_degraded,69.17056676470231,71.41738156315797,True,0.08377120000000002,10.471400000000003,105.114,0.3155928680806327,0.6506776680985479,0.6506776680985479,16.56440607584102,K32_R2_local
ppg_degraded,56.99275337606344,71.59904534606206,False,0.0958096,11.976199999999999,97.68598857142857,-0.38323839999934334,0.5187065498942343,1.0970049242704397e-12,5.914707867277054,K32_R8_edge
ecg_missing,100.14431284687379,101.80995475113127,False,0.1198864,14.985800000000001,122.26418285714286,-0.4795456948950683,0.7490995713713037,1.5826132113131113e-47,4.547271131082918,K32_R20_edge
both_degraded,106.44359750977972,106.50759412879015,True,0.08377120000000002,10.471400000000003,105.114,0.31314828125299154,0.6482330812709067,0.6482330812709067,17.464824626614693,K32_R2_local
ecg_missing,88.94932044864716,88.99676375404532,True,0.08377120000000002,10.471400000000003,105.114,0.4140920956074152,0.7491768956253304,0.7491768956253304,19.137964235100455,K32_R2_local
ppg_degraded,107.86339523761066,107.9136690647482,True,0.08377120000000002,10.471400000000003,105.114,0.38673658141729916,0.7218213814352143,0.7218213814352143,18.034672583458352,K32_R2_local
ppg_degraded,78.65226746206368,79.26022160916736,True,0.0958096,11.976199999999999,117.426,-0.09882337657161532,0.7042630097373909,0.2844150318742849,7.316506261729756,K32_R8_local
ppg_degraded,81.42864338197336,64.79481641468682,False,0.0958096,11.976199999999999,117.426,-0.38166613157178986,0.6422648771051074,0.0015722768741103404,6.725667617873169,K32_R8_local
ppg_missing,54.44543611569015,56.4516129032258,True,0.08377120000000002,10.471400000000003,105.114,0.4080222724154271,0.7431070724333423,0.7431070724333423,20.399710877650122,K32_R2_local
ecg_degraded,72.1988850499597,78.45399994117706,True,0.08377120000000002,10.471400000000003,105.114,0.27228799043356733,0.6073727904514825,0.6073727904514825,19.49580487259684,K32_R2_local
ecg_degraded,105.47677081471893,105.46569741796311,True,0.08377120000000002,10.471400000000003,105.114,0.37563832149421794,0.7107231215121331,0.7107231215121331,17.462768576178632,K32_R2_local
ppg_missing,56.197001191056614,56.20985010706638,True,0.08377120000000002,10.471400000000003,105.114,0.4032363686774152,0.7383211686953304,0.7383211686953304,16.62748330332059,K32_R2_local
ecg_degraded,58.24913816218221,77.24964189413149,True,0.08377120000000002,10.471400000000003,105.114,0.18825305482072363,0.5233378548386388,0.5233378548386388,18.532817306465223,K32_R2_local
both_degraded,51.98499576689116,83.07454597048233,True,0.1198864,14.985800000000001,122.26418285714286,-0.06768571570909054,0.4176516785749782,0.41185997918597783,7.226757743983135,K32_R20_edge
ecg_degraded,79.74296009171456,80.28497243414667,True,0.08377120000000002,10.471400000000003,105.114,0.3893615681898759,0.7244463682077911,0.7244463682077911,18.17002702130642,K32_R2_local
both_degraded,86.20748587117457,86.25255171970348,True,0.08377120000000002,10.471400000000003,105.114,0.3827837258726443,0.7178685258905595,0.7178685258905595,18.849972580299664,K32_R2_local
both_clean,81.95016840233579,83.28839164181736,True,0.08377120000000002,10.471400000000003,105.114,0.3964095218706942,0.7314943218886094,0.7314943218886094,19.566846371618652,K32_R2_local
both_clean,102.73990040385581,102.73972602739728,True,0.08377120000000002,10.471400000000003,105.114,0.41491514947139363,0.7499999494893088,0.7499999494893088,19.912897851793236,K32_R2_local
both_degraded,90.83655483040957,82.15081217277536,False,0.1198864,14.985800000000001,142.05,-0.48140606670614366,0.5072487915729741,4.8030128330730025e-08,5.9123315354435,K32_R20_local
ecg_missing,88.21670902869944,88.23529411764707,True,0.08377120000000002,10.471400000000003,105.114,0.4148799562898141,0.7499647563077293,0.7499647563077293,15.852039327837051,K32_R2_local
ecg_missing,86.16261484813134,69.99874385404044,False,0.0958096,11.976199999999999,117.426,-0.3832384071628712,0.748458842247,1.2830289664398943e-09,6.103443662810022,K32_R8_local
ppg_degraded,80.35702052495682,81.51211285822698,True,0.08377120000000002,10.471400000000003,105.114,0.3417705757915287,0.6768553758094439,0.6768553758094439,17.930835369397933,K32_R2_local
both_degraded,54.47686702301346,82.56778725367205,True,0.08377120000000002,10.471400000000003,105.114,0.09860763132562177,0.43369243134353697,0.43369243134353697,16.97927366036596,K32_R2_local
ppg_missing,55.840867556786414,55.851063829787236,True,0.08377120000000002,10.471400000000003,105.114,0.40666122143289574,0.7417460214508109,0.7417460214508109,18.160515026734515,K32_R2_local
ecg_degraded,88.64553614914735,89.58900834322192,True,0.08377120000000002,10.471400000000003,105.114,0.382520779905107,0.7176055799230222,0.7176055799230222,19.375631853571182,K32_R2_local
both_clean,62.71319060564995,62.72401433691757,True,0.1198864,14.985800000000001,122.26418285714286,0.2643973372296941,0.744056078693506,0.7439430321247624,7.513751049726308,K32_R20_edge
both_clean,74.92341003567527,76.84111803510352,True,0.08377120000000002,10.471400000000003,105.114,0.40310504933895575,0.7381898493568709,0.7381898493568709,18.117248468263714,K32_R2_local
ppg_missing,88.84110514563592,71.51370679380214,False,0.08377120000000002,10.471400000000003,85.39689142857144,-0.3350847721969711,0.7224920193374247,2.7803042102463995e-08,6.534562666925114,K32_R2_edge
ecg_degraded,85.98387308590907,88.09764642711356,True,0.08377120000000002,10.471400000000003,105.114,0.2720979150716508,0.607182715089566,0.607182715089566,19.111122265381866,K32_R2_local
both_degraded,64.65771978858496,79.51914207132691,False,0.08377120000000002,10.471400000000003,85.39689142857144,-0.3347276623898914,0.376259415026123,0.0003571376101217678,7.11377794744394,K32_R2_edge
ppg_degraded,66.0382811355897,73.71813129921856,True,0.08377120000000002,10.471400000000003,85.39689142857144,0.2715811764906193,0.6066659764906325,0.6066659764906325,16.3926557735588,K32_R2_edge
both_degraded,58.43477786129022,113.1269397477774,True,0.08377120000000002,10.471400000000003,105.114,0.012591805260532324,0.3476766052784475,0.3476766052784475,16.416523653742317,K32_R2_local
both_clean,89.75034066839646,90.69597912409458,True,0.08377120000000002,10.471400000000003,105.114,0.39943858218519157,0.7345233822031068,0.7345233822031068,17.877950491973632,K32_R2_local
ecg_missing,93.17837206808582,110.05445695600868,False,0.08377120000000002,10.471400000000003,105.114,-0.12276933453278162,0.7492652977069298,0.21231546548513358,7.9083835359324794,K32_R2_local
ppg_missing,57.91618800897866,57.94701986754967,True,0.08377120000000002,10.471400000000003,105.114,0.4065629194348449,0.7416477194527601,0.7416477194527601,18.33319350374864,K32_R2_local
ecg_missing,66.24427753944529,66.2251655629139,True,0.08377120000000002,10.471400000000003,105.114,0.41437553298549923,0.7494603330034144,0.7494603330034144,16.791964056212013,K32_R2_local
both_clean,58.92274311153567,58.92255892255893,True,0.08377120000000002,10.471400000000003,105.114,0.4091482893723055,0.7442330893902207,0.7442330893902207,18.947389846131056,K32_R2_local
both_clean,86.72878477181106,86.70576684205284,True,0.08377120000000002,10.471400000000003,105.114,0.40538673131134106,0.7404715313292562,0.7404715313292562,17.30706082101456,K32_R2_local
both_degraded,67.76680105518392,70.22524903422038,True,0.08377120000000002,10.471400000000003,105.114,0.224526577753683,0.5596113777715982,0.5596113777715982,19.349673083979187,K32_R2_local
ppg_degraded,102.18971995749715,102.06502616019662,True,0.08377120000000002,10.471400000000003,105.114,0.3035525980516902,0.6386373980696054,0.6386373980696054,19.201796536266897,K32_R2_local
both_degraded,65.97401869177213,84.32035383103424,True,0.08377120000000002,10.471400000000003,105.114,0.14668800239604468,0.48177280241395987,0.48177280241395987,17.712334631473993,K32_R2_local
ecg_degraded,88.66131100410041,88.61439312567133,True,0.08377120000000002,10.471400000000003,105.114,0.38357084801913577,0.718655648037051,0.718655648037051,16.448579412989062,K32_R2_local
both_clean,88.16218756422393,70.2576112412178,False,0.1198864,14.985800000000001,122.26418285714286,-0.47954569489506826,0.7292337270004726,4.445528892997132e-17,5.434454005889437,K32_R20_edge
both_clean,106.51106098729304,106.497862045338,True,0.08377120000000002,10.471400000000003,105.114,0.396718864930817,0.7318036649487322,0.7318036649487322,19.915799970395494,K32_R2_local
ppg_degraded,93.37478911227824,67.04052696395765,False,0.08377120000000002,10.471400000000003,85.39689142857144,-0.3350847999999919,0.7250851268562551,2.1237630120889936e-14,6.062459921947909,K32_R2_edge
both_degraded,105.98042345588274,107.23331458851384,True,0.08377120000000002,10.471400000000003,105.114,0.28519473243052507,0.6202795324484403,0.6202795324484403,20.565222738603893,K32_R2_local
ecg_degraded,85.05770554295964,85.0515463917526,True,0.08377120000000002,10.471400000000003,105.114,0.3839429641845298,0.719027764202445,0.719027764202445,18.101403339407454,K32_R2_local
ecg_missing,50.20703310102715,53.00353356890459,True,0.08377120000000002,10.471400000000003,105.114,0.4146756665302659,0.7497604665481811,0.7497604665481811,18.51068675912586,K32_R2_local
both_degraded,69.58421073885518,76.45080347477797,True,0.08377120000000002,10.471400000000003,85.39689142857144,0.061563434544427253,0.3966482345444404,0.3966482345444404,17.904878660551898,K32_R2_edge
ppg_degraded,94.43148232655984,94.48487004877155,True,0.08377120000000002,10.471400000000003,85.39689142857144,0.3461053343043621,0.6811901343043752,0.6811901343043752,18.119869595579118,K32_R2_edge
ppg_degraded,70.56202999876854,72.99689342227445,True,0.08377120000000002,10.471400000000003,105.114,0.367135005636659,0.7022198056545742,0.7022198056545742,19.530371916767578,K32_R2_local
ppg_degraded,89.47730629965429,92.80089988751408,False,0.0958096,11.976199999999999,97.68598857142857,-0.34489277343992125,0.7014062393723147,0.038345626560519104,6.994486087270621,K32_R8_edge
ecg_degraded,57.053760014423624,76.09293706175983,True,0.08377120000000002,10.471400000000003,105.114,0.1997682239716675,0.5348530239895827,0.5348530239895827,18.81333527041406,K32_R2_local
both_clean,88.79748312606279,88.80516684607105,True,0.08377120000000002,10.471400000000003,105.114,0.40285222279221145,0.7379370228101266,0.7379370228101266,16.7573611316095,K32_R2_local
ecg_missing,73.10918519461688,75.84269662921349,True,0.0958096,11.976199999999999,97.68598857142857,0.3661595341450949,0.7493979341455352,0.7493979341455352,18.39439230184424,K32_R8_edge
ppg_missing,106.76499600791621,107.91366906474818,True,0.08377120000000002,10.471400000000003,105.114,0.3834418044250285,0.7185266044429437,0.7185266044429437,14.773448660725133,K32_R2_local
ppg_degraded,54.279949022931845,71.9648878776119,True,0.08377120000000002,10.471400000000003,105.114,0.18509532821316355,0.5201801282310787,0.5201801282310787,14.984459623869164,K32_R2_local
both_degraded,71.63437809397675,77.1562547427999,True,0.08377120000000002,10.471400000000003,105.114,0.34899679429475317,0.6840815943126684,0.6840815943126684,17.84483394822629,K32_R2_local
both_clean,96.04700710893408,96.0464823010564,True,0.0958096,11.976199999999999,117.426,0.32772029564539384,0.7356219791440093,0.710958704091294,7.859817411061467,K32_R8_local
both_clean,73.53375429714028,73.52941176470588,True,0.08377120000000002,10.471400000000003,105.114,0.4148866312680164,0.7499714312859316,0.7499714312859316,17.932471806703102,K32_R2_local
both_clean,77.74815180610085,77.76112733882593,True,0.08377120000000002,10.471400000000003,105.114,0.40307308268834663,0.7381578827062618,0.7381578827062618,19.314612750201956,K32_R2_local
both_clean,70.06311219546407,70.05331972387057,True,0.08377120000000002,10.471400000000003,105.114,0.401326988518912,0.7364117885368272,0.7364117885368272,18.18819078054219,K32_R2_local
ecg_degraded,55.85202319854223,74.12184845624763,True,0.08377120000000002,10.471400000000003,105.114,0.2090486802770254,0.5441334802949406,0.5441334802949406,16.162847306193783,K32_R2_local
ecg_missing,69.20823615498165,69.20415224913495,True,0.1198864,14.985800000000001,122.26418285714286,0.22185872518207939,0.7494569015928361,0.7014044200771478,7.093394572431571,K32_R20_edge
ecg_degraded,102.59935247183043,103.66938086320003,True,0.08377120000000002,10.471400000000003,105.114,0.279105395464455,0.6141901954823702,0.6141901954823702,18.411238171784497,K32_R2_local
ppg_degraded,96.03865215833476,101.2920864430635,False,0.0958096,11.976199999999999,97.68598857142857,-0.080257172118815,0.7001093895495197,0.3029812278816254,7.33477778276333,K32_R8_edge
both_degraded,68.58470659451868,72.05889834563266,True,0.08377120000000002,10.471400000000003,105.114,0.28863065854776215,0.6237154585656773,0.6237154585656773,17.198740195770107,K32_R2_local
both_degraded,90.10906357096587,91.29999581870085,True,0.08377120000000002,10.471400000000003,105.114,0.2897205076010655,0.6248053076189807,0.6248053076189807,15.585630436866145,K32_R2_local
ecg_missing,97.64009238106524,97.61388286334058,True,0.08377120000000002,10.471400000000003,105.114,0.41396834158975504,0.7490531416076702,0.7490531416076702,18.055461297013245,K32_R2_local
both_clean,97.81778665380583,98.74262146508009,True,0.08377120000000002,10.471400000000003,105.114,0.3971436281866595,0.7322284282045747,0.7322284282045747,17.853218517303954,K32_R2_local
ecg_degraded,53.31713873826164,72.09659873509653,True,0.08377120000000002,10.471400000000003,105.114,0.20142263235974334,0.5365074323776585,0.5365074323776585,18.167404480507848,K32_R2_local
ppg_missing,59.845796725674155,61.7283950617284,True,0.08377120000000002,10.471400000000003,105.114,0.40386165782993333,0.7389464578478485,0.7389464578478485,19.629858396926245,K32_R2_local
both_clean,107.3743198433952,107.37885462555062,True,0.08377120000000002,10.471400000000003,105.114,0.397565081512503,0.7326498815304182,0.7326498815304182,18.131657941647525,K32_R2_local
ppg_missing,66.79330676064666,66.74082313681869,True,0.08377120000000002,10.471400000000003,105.114,0.4005719864137126,0.7356567864316278,0.7356567864316278,16.63118089156925,K32_R2_local
both_clean,96.71369889021943,96.72117615374123,True,0.08377120000000002,10.471400000000003,105.114,0.39920098912726554,0.7342857891451807,0.7342857891451807,17.98350671078545,K32_R2_local
both_degraded,87.8218636138313,87.76595744680853,True,0.08377120000000002,10.471400000000003,105.114,0.24523729702102492,0.5803220970389401,0.5803220970389401,20.21837533237574,K32_R2_local
ppg_missing,102.33216193137088,103.50318471337583,True,0.08377120000000002,10.471400000000003,105.114,0.3855350308416704,0.7206198308595856,0.7206198308595856,16.497686856211057,K32_R2_local
both_clean,54.69061034558772,85.37437533019398,False,0.1198864,14.985800000000001,142.05,-0.48140609782802635,0.7465731204364017,1.6908245615829597e-08,5.870829385572113,K32_R20_local
ecg_missing,106.03838208990018,105.97826086956522,True,0.08377120000000002,10.471400000000003,105.114,0.4137921535569251,0.7488769535748403,0.7488769535748403,16.901340106744392,K32_R2_local
both_clean,102.55782036540411,102.50569476082008,True,0.08377120000000002,10.471400000000003,105.114,0.3972594756836044,0.7323442757015196,0.7323442757015196,14.690995235220774,K32_R2_local
both_degraded,64.30619842340124,103.78103482128003,True,0.08377120000000002,10.471400000000003,85.39689142857144,-0.037658230616960164,0.297426569383053,0.297426569383053,17.07326420040183,K32_R2_edge
ecg_missing,92.65623057259208,92.68795056642638,True,0.08377120000000002,10.471400000000003,105.114,0.4141855752834023,0.7492703753013175,0.7492703753013175,19.38716026368224,K32_R2_local
ppg_degraded,50.36074433736174,65.04390496254037,True,0.08377120000000002,10.471400000000003,105.114,0.27234211090825855,0.6074269109261737,0.6074269109261737,17.502499420524423,K32_R2_local
both_degraded,101.92180804616149,101.93235387032354,True,0.08377120000000002,10.471400000000003,105.114,0.2170981077650539,0.5521829077829691,0.5521829077829691,15.497343241206416,K32_R2_local
ecg_missing,74.87200873272779,95.23809523809526,False,0.0958096,11.976199999999999,97.68598857142857,-0.24536946498249732,0.7492741268940668,0.1378689350179431,7.157742749771003,K32_R8_edge
ppg_degraded,94.42946548163923,63.29113924050633,False,0.0958096,11.976199999999999,97.68598857142857,-0.38321723155706816,0.6968877853948547,2.116844337216173e-05,6.475416295736029,K32_R8_edge
ecg_missing,97.70310070847063,97.71986970684041,True,0.08377120000000002,10.471400000000003,105.114,0.41381820903023714,0.7489030090481523,0.7489030090481523,15.920586953422243,K32_R2_local
ppg_missing,51.595696011965856,51.60550458715596,True,0.08377120000000002,10.471400000000003,105.114,0.407331386253012,0.7424161862709272,0.7424161862709272,19.11047355233703,K32_R2_local
both_degraded,102.92584162490905,95.46172834015024,False,0.0958096,11.976199999999999,97.68598857142857,-0.3715197555068487,0.6241965726521043,0.011718644493591645,6.886428422841093,K32_R8_edge
both_clean,56.29910052629629,56.30046030103895,True,0.08377120000000002,10.471400000000003,105.114,0.4101853502275433,0.7452701502454585,0.7452701502454585,19.346491854037826,K32_R2_local
ppg_missing,59.29396435766788,59.32203389830509,True,0.08377120000000002,10.471400000000003,105.114,0.39915209204654856,0.7342368920644637,0.7342368920644637,18.219177722587002,K32_R2_local
ecg_degraded,77.38118798331391,78.70874106710174,True,0.08377120000000002,10.471400000000003,105.114,0.3287416626138192,0.6638264626317344,0.6638264626317344,18.62061742456131,K32_R2_local
ecg_missing,65.20687344604877,65.21739130434783,True,0.08377120000000002,10.471400000000003,105.114,0.4149048808363669,0.7499896808542821,0.7499896808542821,18.08265349702356,K32_R2_local
both_degraded,88.88162613377051,88.77584284576979,True,0.1198864,14.985800000000001,122.26418285714286,0.07827888889391954,0.5578889886393082,0.5578245837889879,7.528488929005402,K32_R20_edge
both_clean,61.433926335020246,69.20415224913495,False,0.0958096,11.976199999999999,117.426,-0.3812303583017233,0.7455216809607778,0.002008050144176887,6.732310833953407,K32_R8_local
both_degraded,87.37939165360885,87.39406779661019,True,0.0958096,11.976199999999999,97.68598857142857,0.1816990638034638,0.6120193396591772,0.5649374638039042,7.7482854674162125,K32_R8_edge
both_degraded,95.69794099356955,83.07454597048233,False,0.1198864,14.985800000000001,122.26418285714286,-0.4795450351125163,0.660738372299833,6.597825520371221e-07,5.985835759344107,K32_R20_edge
ecg_degraded,107.81762294161338,107.2348205450783,True,0.08377120000000002,10.471400000000003,105.114,0.28507592706128293,0.6201607270791981,0.6201607270791981,18.69142686438076,K32_R2_local
ecg_degraded,73.9624030841348,77.96383084886028,True,0.08377120000000002,10.471400000000003,105.114,0.2796180733613216,0.6147028733792368,0.6147028733792368,17.49938245972983,K32_R2_local
ppg_degraded,67.1601342928458,73.9392443997108,False,0.1198864,14.985800000000001,122.26418285714286,-0.4795355092309784,0.7226649489587199,1.0185664089936765e-05,6.078210320087765,K32_R20_edge
ppg_missing,84.65708883512926,75.75757575757575,False,0.0958096,11.976199999999999,117.426,0.23685231461730788,0.7281383699109611,0.6200907230632081,7.645480698223321,K32_R8_local
ppg_missing,89.07960359079341,89.09287257019439,True,0.08377120000000002,10.471400000000003,105.114,0.39098670994275564,0.7260715099606708,0.7260715099606708,21.26274108910338,K32_R2_local
ecg_missing,105.38152005363085,105.40540540540543,True,0.08377120000000002,10.471400000000003,105.114,0.41381047383737124,0.7488952738552864,0.7488952738552864,21.79249314552086,K32_R2_local
ecg_degraded,85.14163659451822,86.17789823737404,True,0.08377120000000002,10.471400000000003,105.114,0.3824663294455293,0.7175511294634445,0.7175511294634445,17.209737455804582,K32_R2_local
ppg_degraded,76.30847670597475,78.32291092158904,True,0.08377120000000002,10.471400000000003,105.114,0.31738403658346004,0.6524688366013752,0.6524688366013752,18.27731816712974,K32_R2_local
ecg_degraded,67.85717297831249,68.87497103563673,True,0.08377120000000002,10.471400000000003,85.39689142857144,0.3864912537170946,0.7215760537171078,0.7215760537171078,19.738259764787617,K32_R2_edge
ecg_missing,93.51249477579412,93.5374149659864,True,0.08377120000000002,10.471400000000003,105.114,0.41409939304974563,0.7491841930676608,0.7491841930676608,16.6554711540909,K32_R2_local
both_degraded,88.25631466015273,88.1808854848417,True,0.08377120000000002,10.471400000000003,105.114,0.13873151632131941,0.4738163163392346,0.4738163163392346,18.848601230706826,K32_R2_local
ecg_missing,54.299686346380675,56.87973997833152,True,0.08377120000000002,10.471400000000003,105.114,0.41459472064625014,0.7496795206641653,0.7496795206641653,16.721413311934676,K32_R2_local
ecg_degraded,67.95741146320873,69.72849340907042,True,0.08377120000000002,10.471400000000003,105.114,0.3885977614860776,0.7236825615039928,0.7236825615039928,19.882882868421262,K32_R2_local
both_degraded,60.02936759550024,113.63673656639665,True,0.08377120000000002,10.471400000000003,85.39689142857144,0.026316512068694453,0.3614013120687076,0.3614013120687076,14.83615921493583,K32_R2_edge
ppg_degraded,79.72679201512864,79.7872340425532,True,0.0958096,11.976199999999999,97.68598857142857,0.0989976814266127,0.7347167970628983,0.4822360814270531,7.4785360056355445,K32_R8_edge
ppg_missing,72.86674470093891,74.91675915649279,True,0.08377120000000002,10.471400000000003,85.39689142857144,0.4074236478062867,0.7425084478062999,0.7425084478062999,16.763958423048933,K32_R2_edge
ecg_missing,59.5292950153936,59.523809523809526,True,0.08377120000000002,10.471400000000003,105.114,0.4149126275107131,0.7499974275286283,0.7499974275286283,20.28472747322199,K32_R2_local
ecg_degraded,81.79449228900191,63.44544598481082,False,0.0958096,11.976199999999999,97.68598857142857,-0.3589922911009658,0.7144645838862475,0.024246108899474563,6.943423791102386,K32_R8_edge
ppg_missing,89.55833486034416,89.57654723127037,True,0.1198864,14.985800000000001,142.05,0.2456946420117573,0.7271007567480293,0.7271007567480293,18.030666842131623,K32_R20_local
ppg_degraded,70.4674801262884,73.88262265128175,True,0.08377120000000002,10.471400000000003,105.114,0.3576265030697148,0.69271130308763,0.69271130308763,15.825439961739614,K32_R2_local
both_clean,100.0723527160041,100.11123470522806,True,0.08377120000000002,10.471400000000003,105.114,0.39724052952472433,0.7323253295426395,0.7323253295426395,17.784212324388637,K32_R2_local
both_clean,56.09045478360268,56.089743589743584,True,0.08377120000000002,10.471400000000003,105.114,0.4109964366667235,0.7460812366846387,0.7460812366846387,17.049346261440235,K32_R2_local
both_degraded,53.44733133371293,107.17003923694804,True,0.08377120000000002,10.471400000000003,85.39689142857144,0.0510451541900141,0.38612995419002727,0.38612995419002727,18.297572599264104,K32_R2_edge
both_clean,92.44097624430827,92.43631387060113,True,0.08377120000000002,10.471400000000003,105.114,0.4039939396691986,0.7390787396871138,0.7390787396871138,17.219719642759827,K32_R2_local
both_clean,83.79016556684596,80.38585209003216,False,0.0958096,11.976199999999999,117.426,-0.3832384084459002,0.7410913869385181,4.968202494653403e-109,3.597868354961293,K32_R8_local
both_degraded,95.10731805635015,95.08781628966669,True,0.08377120000000002,10.471400000000003,105.114,0.22309055267254685,0.558175352690462,0.558175352690462,17.06583683948998,K32_R2_local
ecg_degraded,106.08425998265147,106.09357997823723,True,0.08377120000000002,10.471400000000003,105.114,0.3801813102960092,0.7152661103139244,0.7152661103139244,17.99606557436048,K32_R2_local
ppg_degraded,80.65708233052631,78.00374993086314,False,0.08377120000000002,10.471400000000003,85.39689142857144,-0.33508480000001317,0.7181534467139319,1.974413495536018e-44,4.8952063986727765,K32_R2_edge
ppg_degraded,99.0216481077573,71.51370679380214,False,0.08377120000000002,10.471400000000003,85.39689142857144,-0.29313988023689846,0.642988305477479,0.04194491976311471,7.590432032416567,K32_R2_edge
ecg_degraded,88.87382298110977,91.69495197540017,True,0.08377120000000002,10.471400000000003,105.114,0.3839050529354161,0.7189898529533313,0.7189898529533313,17.83279007049247,K32_R2_local
both_clean,80.85287587388449,80.8189655172414,True,0.08377120000000002,10.471400000000003,105.114,0.40509857086181866,0.7401833708797338,0.7401833708797338,16.98083341217888,K32_R2_local
both_degraded,80.19671233201177,81.59564052715814,True,0.1198864,14.985800000000001,122.26418285714286,0.18266890001113867,0.662810968792176,0.662214594906207,7.4123612244102,K32_R20_edge
ecg_degraded,109.51617418211298,83.07454597048233,False,0.1198864,14.985800000000001,122.26418285714286,-0.4567067502050619,0.6236684216436609,0.022838944690006396,6.484067266811035,K32_R20_edge
ecg_missing,70.74415698971893,73.28990228013029,True,0.0958096,11.976199999999999,97.68598857142857,0.18241549000633872,0.748990774222447,0.5656538900067791,7.552898620130476,K32_R8_edge
both_clean,75.47943695709552,76.48014926474023,True,0.08377120000000002,10.471400000000003,105.114,0.40251728466739745,0.7376020846853126,0.7376020846853126,19.401959966358522,K32_R2_local
ecg_missing,78.46891045593229,80.99352051835855,True,0.1198864,14.985800000000001,142.05,-0.18382353163146883,0.7492416069515777,0.2975825831048032,6.75783791260685,K32_R20_local
ecg_degraded,88.38743344810476,89.8698776288083,True,0.08377120000000002,10.471400000000003,105.114,0.33507749979332724,0.6701622998112424,0.6701622998112424,18.200071699144672,K32_R2_local
ecg_missing,53.658585962060876,61.664953751284685,False,0.1198864,14.985800000000001,142.05,0.05338430059772251,0.749728344948366,0.5347904153339945,6.910567575445101,K32_R20_local
both_degraded,89.10177010962579,90.1697959211197,True,0.08377120000000002,10.471400000000003,105.114,0.3341222338303612,0.6692070338482764,0.6692070338482764,18.07311763108908,K32_R2_local
both_degraded,52.30155751655011,104.78479847587246,True,0.08377120000000002,10.471400000000003,85.39689142857144,0.070273094391885,0.4053578943918982,0.4053578943918982,16.84117234140445,K32_R2_edge
ecg_missing,72.76935449805285,72.73706896551725,True,0.1198864,14.985800000000001,142.05,0.2684343566319382,0.7498404713685607,0.7498404713682102,8.297328885454103,K32_R20_local
both_clean,76.54074275007096,95.46172834015024,False,0.08377120000000002,10.471400000000003,105.114,-0.33507378708134516,0.7498287891347549,1.1012936569995546e-05,6.827769495193478,K32_R2_local
ppg_degraded,83.95794416260495,100.93508055839744,False,0.0958096,11.976199999999999,117.426,-0.38323840741125365,0.7062351876347907,1.0346465575684018e-09,6.098576519393053,K32_R8_local
ppg_degraded,84.29450588913787,84.22304663204905,True,0.08377120000000002,10.471400000000003,105.114,0.4023983260229842,0.7374831260408994,0.7374831260408994,19.673658463579738,K32_R2_local
ecg_missing,86.21305287172741,86.20689655172414,True,0.08377120000000002,10.471400000000003,105.114,0.41491134561857346,0.7499961456364886,0.7499961456364886,15.997006002375503,K32_R2_local
ppg_missing,51.4711301795936,70.82896117523609,False,0.08377120000000002,10.471400000000003,105.114,-0.33429859842430903,0.7414634574160726,0.0007862015936061554,7.122948352565458,K32_R2_local
ecg_missing,69.71224698107727,69.76744186046511,True,0.08377120000000002,10.471400000000003,105.114,0.4143674968426533,0.7494522968605685,0.7494522968605685,16.586586209833747,K32_R2_local
ppg_missing,94.28579447239544,94.33962264150945,True,0.08377120000000002,10.471400000000003,105.114,0.386621936296371,0.7217067363142862,0.7217067363142862,20.08990128035671,K32_R2_local
ppg_degraded,75.03278209146572,76.62563512772078,True,0.08377120000000002,10.471400000000003,105.114,0.3787873663174911,0.7138721663354063,0.7138721663354063,18.646064898145767,K32_R2_local
ecg_degraded,99.57821202659764,100.18730263137027,True,0.08377120000000002,10.471400000000003,105.114,0.28533795818311025,0.6204227582010254,0.6204227582010254,16.533533773331712,K32_R2_local
ppg_missing,82.61458855493825,82.69018743109152,True,0.08377120000000002,10.471400000000003,105.114,0.39087127576565295,0.7259560757835681,0.7259560757835681,20.49028654593321,K32_R2_local
ecg_missing,84.15863358309417,84.1750841750842,True,0.08377120000000002,10.471400000000003,105.114,0.41428674905403495,0.7493715490719501,0.7493715490719501,18.94147618406268,K32_R2_local
ppg_degraded,90.59286135863212,90.59819563248351,True,0.08377120000000002,10.471400000000003,105.114,0.2875028997585387,0.6225876997764539,0.6225876997764539,14.834175081031237,K32_R2_local
both_clean,108.97436803552675,109.47650113650539,True,0.08377120000000002,10.471400000000003,105.114,0.3923499077592423,0.7274347077771575,0.7274347077771575,17.26886397262105,K32_R2_local
ppg_missing,50.23469650136134,52.44755244755244,True,0.08377120000000002,10.471400000000003,105.114,0.40851697216151206,0.7436017721794272,0.7436017721794272,17.68811776527624,K32_R2_local
both_degraded,57.121316595348034,110.55563032265526,True,0.0958096,11.976199999999999,97.68598857142857,0.006277908919728801,0.38951718303528515,0.3895163089201692,8.696973500700382,K32_R8_edge
ppg_degraded,55.32573607943227,90.75907590759077,False,0.0958096,11.976199999999999,97.68598857142857,-0.37172181455330716,0.5306481388016532,0.011516585447133174,6.8998242062327595,K32_R8_edge
ppg_degraded,62.37846243334654,83.13859000815899,True,0.08377120000000002,10.471400000000003,85.39689142857144,0.18068870196339937,0.5157735019634125,0.5157735019634125,18.420440408795656,K32_R2_edge
ppg_degraded,51.24587650973248,66.65630084435364,True,0.08377120000000002,10.471400000000003,105.114,0.18758169029486604,0.5226664903127812,0.5226664903127812,18.61293176144543,K32_R2_local
ecg_degraded,109.26291511720665,95.46172834015024,False,0.08377120000000002,10.471400000000003,105.114,-0.1635808982731044,0.6641729797332675,0.17150390174481078,7.88147487271608,K32_R2_local
ppg_degraded,59.006662860199555,79.51093034452438,True,0.08377120000000002,10.471400000000003,105.114,0.1726876967143539,0.5077724967322691,0.5077724967322691,17.986357911466836,K32_R2_local
ecg_degraded,78.45378637820316,78.45188284518831,True,0.08377120000000002,10.471400000000003,105.114,0.384973654309988,0.7200584543279032,0.7200584543279032,18.868335972775046,K32_R2_local
both_degraded,102.91210981538273,95.46172834015024,False,0.08377120000000002,10.471400000000003,105.114,-0.33508480001791496,0.6366490223440836,2.0943716418347325e-16,5.946186564382873,K32_R2_local
ecg_degraded,78.44809691747847,78.423541746799,True,0.08377120000000002,10.471400000000003,105.114,0.3885118117001449,0.7235966117180601,0.7235966117180601,15.927227975618482,K32_R2_local
both_clean,64.81363093431861,105.97826086956522,False,0.0958096,11.976199999999999,117.426,-0.3832383897800995,0.7429357031917267,1.8665800682227284e-08,6.1907873753589815,K32_R8_local
ecg_missing,67.52652537867783,67.56756756756756,True,0.08377120000000002,10.471400000000003,105.114,0.4147681320939349,0.7498529321118501,0.7498529321118501,19.631775425129366,K32_R2_local
both_degraded,75.31383382223729,77.53149928606408,True,0.1198864,14.985800000000001,122.26418285714286,0.015206341857816557,0.4949917721882252,0.4947520367528849,7.448953219728613,K32_R20_edge
ecg_missing,68.44718920402545,68.45841784989858,True,0.08377120000000002,10.471400000000003,105.114,0.4144517743319325,0.7495365743498477,0.7495365743498477,16.361401302049973,K32_R2_local
both_clean,78.2426337193109,78.21104775137135,True,0.0958096,11.976199999999999,97.68598857142857,0.35780603107042913,0.7410444310708695,0.7410444310708695,21.71821677517231,K32_R8_edge
both_clean,74.79037535843707,76.58442881812623,True,0.08377120000000002,10.471400000000003,105.114,0.4042687156914563,0.7393535157093715,0.7393535157093715,17.93015559969902,K32_R2_local
both_clean,54.882312863371666,56.188339509504964,True,0.08377120000000002,10.471400000000003,105.114,0.4056658639929751,0.7407506640108903,0.7407506640108903,17.486915243108903,K32_R2_local
ecg_missing,102.4465511067462,117.79638057802771,False,0.0958096,11.976199999999999,97.68598857142857,-0.2178317876928688,0.7489206246367637,0.16540661230757162,7.1889274637642355,K32_R8_edge
both_clean,108.14645872498114,108.1754116142629,True,0.08377120000000002,10.471400000000003,105.114,0.39715192036106295,0.7322367203789781,0.7322367203789781,16.08470783091888,K32_R2_local
ppg_degraded,83.7506407344369,86.1283725014942,True,0.08377120000000002,10.471400000000003,105.114,0.34228100809793827,0.6773658081158535,0.6773658081158535,18.580397284149768,K32_R2_local
ecg_missing,55.665436400730194,55.69306930693069,True,0.08377120000000002,10.471400000000003,105.114,0.41451327661274595,0.7495980766306611,0.7495980766306611,17.183923491219346,K32_R2_local
ecg_missing,104.53131734458111,71.73219978746015,False,0.1198864,14.985800000000001,142.05,-0.47928153888623676,0.7489273584452666,0.0021245758500352276,6.315888245472541,K32_R20_local
ecg_missing,71.76406387936913,71.73219978746015,True,0.1198864,14.985800000000001,142.05,0.26812322635639824,0.7495457059860227,0.7495293410926702,7.613672873448433,K32_R20_local
ecg_missing,72.89528831969197,72.97297297297298,True,0.08377120000000002,10.471400000000003,105.114,0.41443997054544623,0.7495247705633614,0.7495247705633614,18.65834775952958,K32_R2_local
ecg_missing,65.3222224527903,65.359477124183,True,0.08377120000000002,10.471400000000003,105.114,0.41433918473949327,0.7494239847574085,0.7494239847574085,17.757338120115488,K32_R2_local
ppg_missing,105.73504962653361,105.74837310195234,True,0.08377120000000002,10.471400000000003,105.114,0.3782487422164754,0.7133335422343906,0.7133335422343906,16.32432315624052,K32_R2_local
ppg_degraded,91.521231912459,92.51563518457334,True,0.1198864,14.985800000000001,122.26418285714286,0.09638740895400966,0.7342994436216685,0.575933103849078,6.952765335618229,K32_R20_edge
both_clean,68.05403979911627,70.28026423026738,True,0.08377120000000002,10.471400000000003,105.114,0.4070389312875111,0.7421237313054263,0.7421237313054263,17.543118731001705,K32_R2_local
both_clean,72.16521702632755,73.4803697490259,True,0.08377120000000002,10.471400000000003,105.114,0.4060237042425673,0.7411085042604825,0.7411085042604825,18.2874608621051,K32_R2_local
both_clean,75.36838235721262,76.64083045503587,True,0.08377120000000002,10.471400000000003,105.114,0.40316075226328496,0.7382455522812001,0.7382455522812001,17.614968626722877,K32_R2_local
ecg_missing,72.83346044771505,75.503355704698,True,0.08377120000000002,10.471400000000003,105.114,0.41488467261457207,0.7499694726324873,0.7499694726324873,17.025368594408267,K32_R2_local
ecg_degraded,90.34066333716956,91.11835141630108,True,0.1198864,14.985800000000001,122.26418285714286,0.14670428357981535,0.6262499784748837,0.6262499784748837,16.120508343567874,K32_R20_edge
ecg_degraded,106.96983200811685,92.80089988751408,False,0.1198864,14.985800000000001,122.26418285714286,-0.4795456945901317,0.7125793044905104,3.049366252328374e-10,5.765412266158332,K32_R20_edge
both_degraded,52.580823941314144,95.28944428000693,True,0.08377120000000002,10.471400000000003,105.114,0.11797654310662974,0.45306134312454494,0.45306134312454494,18.7406603188677,K32_R2_local
ecg_missing,100.87523251273447,100.93167701863358,True,0.08377120000000002,10.471400000000003,105.114,0.4139070579860844,0.7489918580039996,0.7489918580039996,16.496350324498373,K32_R2_local
ecg_missing,100.95474052264413,100.8968609865471,True,0.08377120000000002,10.471400000000003,105.114,0.41375927025520276,0.748844070273118,0.748844070273118,15.647485018037571,K32_R2_local
ppg_degraded,63.14404618015023,74.70486385944344,True,0.08377120000000002,10.471400000000003,105.114,0.23500154364427994,0.5700863436621951,0.5700863436621951,19.024059299696297,K32_R2_local
ecg_degraded,108.69235832549708,108.69565217391309,True,0.08377120000000002,10.471400000000003,105.114,0.3065623052415414,0.6416471052594566,0.6416471052594566,16.55906672386474,K32_R2_local
ppg_degraded,102.5656299056644,102.57969316090134,True,0.08377120000000002,10.471400000000003,105.114,0.3635420318704572,0.6986268318883724,0.6986268318883724,18.9683598083223,K32_R2_local
ppg_degraded,93.35718860032286,94.26393151999059,True,0.08377120000000002,10.471400000000003,105.114,0.3110938415267971,0.6461786415447123,0.6461786415447123,17.69582855595015,K32_R2_local
ecg_degraded,56.41629462608294,75.09780825747636,True,0.08377120000000002,10.471400000000003,105.114,0.180215530232403,0.5153003302503182,0.5153003302503182,17.113313580375117,K32_R2_local
ecg_missing,76.8384107928722,76.84426229508198,True,0.08377120000000002,10.471400000000003,105.114,0.41425836045100517,0.7493431604689204,0.7493431604689204,20.50980991828256,K32_R2_local
ppg_degraded,95.43863344918978,95.29306300689514,True,0.08377120000000002,10.471400000000003,105.114,0.3662413266125817,0.7013261266304969,0.7013261266304969,15.024045684741445,K32_R2_local
both_degraded,83.24177352462182,89.75465230345283,False,0.08377120000000002,10.471400000000003,105.114,-0.33420421033630465,0.6253380042071626,0.0008805896816105309,7.146953256058194,K32_R2_local
ppg_missing,53.526275469334784,53.57142857142857,True,0.08377120000000002,10.471400000000003,105.114,0.4101631363451742,0.7452479363630894,0.7452479363630894,16.879782272479556,K32_R2_local
ecg_degraded,95.8320660227699,97.19189845201605,True,0.08377120000000002,10.471400000000003,105.114,0.2815672224667851,0.6166520224847003,0.6166520224847003,17.563103118995258,K32_R2_local
both_clean,74.62079716594837,95.46172834015024,False,0.08377120000000002,10.471400000000003,105.114,-0.33322963305712405,0.7430276749185694,0.001855166960791128,7.197854600163997,K32_R2_local
both_degraded,63.227886910212405,86.40155885896917,True,0.08377120000000002,10.471400000000003,85.39689142857144,0.13185777159814083,0.466942571598154,0.466942571598154,18.987498659064038,K32_R2_edge
ecg_missing,70.856232545355,73.52941176470588,True,0.08377120000000002,10.471400000000003,105.114,0.41421478801418177,0.749299588032097,0.749299588032097,17.811966390883523,K32_R2_local
both_degraded,56.21884785897097,102.77821744832892,True,0.1198864,14.985800000000001,142.05,-0.1325437329985574,0.3511613821272895,0.3488623817377146,7.282627957411161,K32_R20_local
ppg_missing,71.66828696962824,71.65605095541402,True,0.08377120000000002,10.471400000000003,105.114,0.40024248625914893,0.7353272862770641,0.7353272862770641,16.92782815377875,K32_R2_local
ppg_degraded,50.93181536261547,78.00374993086314,False,0.0958096,11.976199999999999,97.68598857142857,-0.38323840000044035,0.552060179154405,1.3928741513196617e-35,5.00490306522794,K32_R8_edge
ppg_missing,109.90556882881862,109.94764397905755,True,0.1198864,14.985800000000001,142.05,0.23725579897903273,0.7186619137333818,0.7186619137153047,8.16414625180262,K32_R20_local
ecg_missing,58.20282698511656,58.13953488372093,True,0.08377120000000002,10.471400000000003,105.114,0.4145546596269283,0.7496394596448435,0.7496394596448435,17.547720650509252,K32_R2_local
ecg_degraded,70.33982284331799,72.66732695673069,True,0.08377120000000002,10.471400000000003,105.114,0.33048409532452516,0.6655688953424403,0.6655688953424403,15.959142250711455,K32_R2_local
ppg_missing,68.05434219383771,68.02721088435374,True,0.08377120000000002,10.471400000000003,105.114,0.40181207657027485,0.73689687658819,0.73689687658819,16.963086197505092,K32_R2_local
both_degraded,77.57301779417588,95.46172834015024,False,0.08377120000000002,10.471400000000003,105.114,-0.33508325360801267,0.6189498720956392,1.5464099025081171e-06,6.730270432939841,K32_R2_local
ppg_degraded,70.34406640346242,95.33300150324432,False,0.08377120000000002,10.471400000000003,85.39689142857144,-0.33402861855792787,0.7294011983951324,0.0010561814420852842,7.149354409219353,K32_R2_edge
ppg_missing,103.23965822997648,103.21100917431195,True,0.08377120000000002,10.471400000000003,105.114,0.38123713786184144,0.7163219378797566,0.7163219378797566,19.724940282437228,K32_R2_local
ppg_missing,61.23096051656629,63.224446786090624,True,0.08377120000000002,10.471400000000003,105.114,0.4055146054580765,0.7405994054759917,0.7405994054759917,15.196228563869962,K32_R2_local
ecg_missing,109.82557662700374,109.79729729729728,True,0.1198864,14.985800000000001,142.05,0.26728302704956536,0.7486895713912624,0.7486891417858373,7.780820559207454,K32_R20_local
ppg_missing,73.55261658663143,75.5879059350504,True,0.08377120000000002,10.471400000000003,105.114,0.41337992392515244,0.7484647239430676,0.7484647239430676,16.510115643980306,K32_R2_local
ecg_degraded,108.96672049122807,108.99410389007542,True,0.08377120000000002,10.471400000000003,105.114,0.3582044429427035,0.6932892429606187,0.6932892429606187,18.51784779450251,K32_R2_local
ppg_degraded,70.08300699818736,72.52622151786885,True,0.08377120000000002,10.471400000000003,105.114,0.320271116229894,0.6553559162478092,0.6553559162478092,15.81840327678351,K32_R2_local
ppg_degraded,54.83382318796411,69.0543220442741,True,0.1198864,14.985800000000001,122.26418285714286,0.13086952891233106,0.6104225583276969,0.6104152238073994,7.642698882719351,K32_R20_edge
ppg_degraded,100.00606820927574,100.16327939015676,True,0.0958096,11.976199999999999,97.68598857142857,0.26378185811374705,0.6470995956390985,0.6470202581141874,8.401642609670116,K32_R8_edge
ppg_missing,59.50689719275933,59.523809523809526,True,0.0958096,11.976199999999999,117.426,0.16901072110519505,0.7492528308536281,0.5522491295510953,7.538185626802361,K32_R8_local
ecg_missing,94.5687155636792,94.61009174311928,True,0.08377120000000002,10.471400000000003,105.114,0.4139413241906158,0.749026124208531,0.749026124208531,16.763572034577688,K32_R2_local
ppg_missing,102.82759393637787,103.9445628997868,True,0.08377120000000002,10.471400000000003,85.39689142857144,-0.11905438057639309,0.7110379949615931,0.21603041942362008,7.929596386691479,K32_R2_edge
ecg_degraded,63.049142085916934,79.76827988844988,True,0.08377120000000002,10.471400000000003,105.114,0.187717201653556,0.5228020016714712,0.5228020016714712,17.353543415260383,K32_R2_local
ecg_missing,69.04811000173808,69.01840490797547,True,0.08377120000000002,10.471400000000003,105.114,0.41438082196581416,0.7494656219837293,0.7494656219837293,19.759913431438573,K32_R2_local
both_degraded,83.84795760338176,85.99584856442209,True,0.08377120000000002,10.471400000000003,105.114,0.34713875863392607,0.6822235586518413,0.6822235586518413,18.69695816002665,K32_R2_local
ppg_degraded,102.14479414299284,57.5027382256298,False,0.0958096,11.976199999999999,117.426,-0.17928793726515954,0.6252687770355534,0.2039504711807407,7.265818512394588,K32_R8_local
ppg_missing,101.31352460571439,101.24610591900314,True,0.08377120000000002,10.471400000000003,105.114,0.3574448896140944,0.6925296896320096,0.6925296896320096,14.001018838416753,K32_R2_local
ecg_degraded,79.18798801723133,85.40598051188509,True,0.08377120000000002,10.471400000000003,105.114,0.2689915609160698,0.604076360933985,0.604076360933985,18.21369951709219,K32_R2_local
ecg_degraded,83.99627999787958,86.39684917406268,True,0.08377120000000002,10.471400000000003,105.114,0.27083064296885917,0.6059154429867744,0.6059154429867744,17.839947100147242,K32_R2_local
ppg_degraded,98.20133904288701,98.20032257213506,True,0.08377120000000002,10.471400000000003,105.114,0.3892061147917696,0.7242909148096848,0.7242909148096848,19.612083215209992,K32_R2_local
both_degraded,59.30270056990293,114.03554711548625,True,0.08377120000000002,10.471400000000003,85.39689142857144,0.028999872642156033,0.3640846726421692,0.3640846726421692,18.075323742621773,K32_R2_edge
ecg_missing,105.90189199102906,105.97826086956522,True,0.0958096,11.976199999999999,97.68598857142857,0.05993732146340093,0.748792548960243,0.4431757214638413,7.435245386547064,K32_R8_edge
both_clean,101.82654500491884,101.80995475113127,True,0.1198864,14.985800000000001,122.26418285714286,0.2545375014891304,0.734160796304864,0.7340831963841987,7.533175998987433,K32_R20_edge
ecg_degraded,64.02868099130932,80.83121615593748,True,0.0958096,11.976199999999999,117.426,0.1374954232440158,0.520733831689916,0.520733831689916,16.10396708144821,K32_R8_local
ecg_missing,87.73605927486406,87.76595744680853,True,0.08377120000000002,10.471400000000003,105.114,0.4139357526544274,0.7490205526723426,0.7490205526723426,18.956057599371878,K32_R2_local
both_degraded,93.93785343774843,95.9876086741997,True,0.08377120000000002,10.471400000000003,105.114,0.21678837695445652,0.5518731769723717,0.5518731769723717,19.801115427926522,K32_R2_local
ppg_missing,88.86199104505152,106.79079956188387,False,0.08377120000000002,10.471400000000003,85.39689142857144,-0.1497064529322691,0.7276255152300061,0.18537834706774406,7.877698388042974,K32_R2_edge
ppg_degraded,54.33181764987868,65.71171828556818,True,0.08377120000000002,10.471400000000003,105.114,0.28734234246794654,0.6224271424858617,0.6224271424858617,18.03247379885484,K32_R2_local
both_clean,53.710038305703684,80.99352051835855,False,0.0958096,11.976199999999999,117.426,-0.3832384075662108,0.741108458261852,8.796893847411641e-10,6.0920951555032055,K32_R8_local
both_clean,63.38099383778851,65.71741511500548,False,0.0958096,11.976199999999999,97.68598857142857,-0.3764906541102456,0.7388840793733421,0.006747745890194731,6.824317954050946,K32_R8_edge
ppg_degraded,56.28119630541675,76.25167237355484,True,0.08377120000000002,10.471400000000003,105.114,0.17912592263319083,0.514210722651106,0.514210722651106,15.693656091554296,K32_R2_local
ecg_degraded,79.0831909568775,88.22877875160341,True,0.08377120000000002,10.471400000000003,85.39689142857144,0.2318352169157455,0.5669200169157587,0.5669200169157587,18.832930711129567,K32_R2_edge
ppg_missing,94.24158406158946,94.33962264150944,True,0.08377120000000002,10.471400000000003,105.114,0.3909224034247022,0.7260072034426174,0.7260072034426174,15.931018718531627,K32_R2_local
both_degraded,84.56515228057958,84.680715771563,True,0.08377120000000002,10.471400000000003,105.114,0.29057313576312394,0.6256579357810391,0.6256579357810391,17.663018662783873,K32_R2_local
ecg_missing,104.35551355127384,90.75907590759077,False,0.0958096,11.976199999999999,97.68598857142857,-0.379298723067899,0.7485663634148678,0.0039396769325413025,6.781019468395139,K32_R8_edge
ecg_degraded,79.42456166893018,85.1468316087222,True,0.08377120000000002,10.471400000000003,105.114,0.2517662966479127,0.5868510966658279,0.5868510966658279,18.68476809562427,K32_R2_local
ecg_degraded,76.95601799170534,79.97951590975798,False,0.08377120000000002,10.471400000000003,85.39689142857144,0.23828058121074502,0.6987904918596256,0.5733653812107582,8.486142150540827,K32_R2_edge
ppg_degraded,57.643940588834674,74.64062503648023,True,0.08377120000000002,10.471400000000003,105.114,0.19601033400458379,0.531095134022499,0.531095134022499,18.258583408047322,K32_R2_local
ppg_degraded,107.21899089529336,107.20188592687744,True,0.08377120000000002,10.471400000000003,105.114,0.3634394339707482,0.6985242339886634,0.6985242339886634,18.378896018050288,K32_R2_local
both_degraded,90.3509328353955,90.31337051158465,True,0.08377120000000002,10.471400000000003,105.114,0.35375283323020457,0.6888376332481198,0.6888376332481198,21.376513066880175,K32_R2_local
ecg_missing,108.82292456736403,108.80829015544042,True,0.08377120000000002,10.471400000000003,105.114,0.4135614931827547,0.7486462932006699,0.7486462932006699,16.747780507165103,K32_R2_local
both_clean,106.08235949701685,106.09357997823722,True,0.08377120000000002,10.471400000000003,105.114,0.3977303520765757,0.7328151520944909,0.7328151520944909,16.1946057916417,K32_R2_local
ppg_degraded,55.109836498457796,75.52441800361383,True,0.0958096,11.976199999999999,97.68598857142857,-0.03435182476548758,0.5338630051551048,0.3488865752349528,7.4765642959387755,K32_R8_edge
both_degraded,86.20539169728872,78.69884575026234,False,0.08377120000000002,10.471400000000003,85.39689142857144,-0.2747225336630256,0.6897869734892845,0.060362266336987554,7.641105146790344,K32_R2_edge
ecg_missing,79.23635584180295,79.22535211267606,True,0.08377120000000002,10.471400000000003,105.114,0.4143622320557061,0.7494470320736213,0.7494470320736213,14.85861295968204,K32_R2_local
both_degraded,95.25817293249715,95.0886555843632,True,0.08377120000000002,10.471400000000003,105.114,0.34665959878217745,0.6817443988000926,0.6817443988000926,19.64484115116432,K32_R2_local
both_degraded,52.678736426296595,103.34440177480857,True,0.0958096,11.976199999999999,97.68598857142857,-0.04507556359761987,0.3381783260743731,0.3381628364028205,8.478569021632495,K32_R8_edge
ecg_missing,89.55356980045102,89.57654723127037,True,0.08377120000000002,10.471400000000003,105.114,0.4140152112928671,0.7491000113107823,0.7491000113107823,18.491394545229213,K32_R2_local
ecg_degraded,86.64561899758675,89.19492899859253,True,0.1198864,14.985800000000001,122.26418285714286,0.12885966846121166,0.60840536335628,0.60840536335628,18.49297967728901,K32_R20_edge
ppg_missing,72.39755122554669,72.42489270386267,True,0.08377120000000002,10.471400000000003,105.114,0.3969325684502776,0.7320173684681928,0.7320173684681928,21.285714253590733,K32_R2_local
ecg_degraded,57.53754356058364,72.25237427238116,True,0.08377120000000002,10.471400000000003,105.114,0.19813454092809457,0.5332193409460098,0.5332193409460098,19.438910345565315,K32_R2_local
ecg_missing,91.15257318293237,91.16022099447515,True,0.08377120000000002,10.471400000000003,105.114,0.41394724257209536,0.7490320425900105,0.7490320425900105,19.08101855685284,K32_R2_local
ecg_missing,52.877617802359374,52.87896592244418,True,0.1198864,14.985800000000001,142.05,0.26829031273249465,0.7496964274687666,0.7496964274687666,14.462948288150983,K32_R20_local
ecg_missing,70.25442255587137,70.2576112412178,True,0.1198864,14.985800000000001,142.05,0.22818696538011632,0.7494526626791957,0.7095930801163883,7.111575347282818,K32_R20_local
ppg_missing,51.64729577146614,51.60550458715596,True,0.08377120000000002,10.471400000000003,105.114,0.40470939605515477,0.73979419607307,0.73979419607307,16.428269616068075,K32_R2_local
both_degraded,68.43731810206603,69.83364444247246,True,0.08377120000000002,10.471400000000003,105.114,0.3205883046520758,0.655673104669991,0.655673104669991,17.020295320393885,K32_R2_local
ppg_degraded,64.96131456111625,76.34004908602233,True,0.08377120000000002,10.471400000000003,105.114,0.22161456290018156,0.5566993629180967,0.5566993629180967,18.457002179379987,K32_R2_local
both_clean,87.14995659688293,89.48215239247124,True,0.1198864,14.985800000000001,122.26418285714286,0.26356070222266265,0.743106397117731,0.743106397117731,17.57930194489616,K32_R20_edge
ecg_missing,91.03830620260022,91.05960264900662,True,0.08377120000000002,10.471400000000003,105.114,0.4139891986506442,0.7490739986685594,0.7490739986685594,17.265535222159823,K32_R2_local
both_degraded,92.47878911791702,93.50274795802913,True,0.08377120000000002,10.471400000000003,105.114,0.291162703086855,0.6262475031047702,0.6262475031047702,18.363014948059075,K32_R2_local
both_clean,74.63108628303388,74.585635359116,True,0.08377120000000002,10.471400000000003,105.114,0.40782373288899243,0.7429085329069076,0.7429085329069076,17.253650949535125,K32_R2_local
both_clean,95.25539246722079,95.23809523809526,True,0.08377120000000002,10.471400000000003,105.114,0.3961584367068114,0.7354686718555695,0.7312432367247266,9.236333954790137,K32_R2_local
ecg_degraded,89.62814011389449,89.67391304347827,True,0.08377120000000002,10.471400000000003,105.114,0.37953716461217435,0.7146219646300895,0.7146219646300895,16.8649669335212,K32_R2_local
both_degraded,82.05962528007998,82.2041229803884,True,0.08377120000000002,10.471400000000003,105.114,0.2903757297689864,0.6254605297869016,0.6254605297869016,17.19224052550556,K32_R2_local
ecg_degraded,96.74387074182333,96.71005396098171,True,0.08377120000000002,10.471400000000003,105.114,0.30473986884822835,0.6398246688661435,0.6398246688661435,16.389744297563954,K32_R2_local
ppg_degraded,108.29939435203414,108.43549328177811,True,0.08377120000000002,10.471400000000003,105.114,0.29576850776435015,0.6308533077822653,0.6308533077822653,18.929433594706165,K32_R2_local
both_degraded,78.83668727810925,82.15081217277536,True,0.1198864,14.985800000000001,122.26418285714286,0.06883540956061318,0.5488209627451192,0.5483811044556816,7.4193136793485275,K32_R20_edge
both_degraded,107.70257953681882,107.56757359054308,True,0.08377120000000002,10.471400000000003,105.114,0.3244662293560179,0.6595510293739331,0.6595510293739331,17.14977889932033,K32_R2_local
both_degraded,87.40422130877363,90.27469237368919,True,0.0958096,11.976199999999999,97.68598857142857,0.2364078688082093,0.6196462688086497,0.6196462688086497,18.829621419028143,K32_R8_edge
ppg_missing,73.21342923254532,75.25083612040133,True,0.08377120000000002,10.471400000000003,105.114,0.39681242187368626,0.7318972218916014,0.7318972218916014,17.213493307754565,K32_R2_local
ppg_degraded,78.5961334278536,79.73193755530716,True,0.08377120000000002,10.471400000000003,105.114,0.3075493782338604,0.6426341782517756,0.6426341782517756,18.008099940661378,K32_R2_local
both_degraded,89.31518549712476,91.93948093033622,True,0.08377120000000002,10.471400000000003,105.114,0.3519775164617188,0.687062316479634,0.687062316479634,16.40386830341962,K32_R2_local
ecg_degraded,68.91840610989047,71.51370679380214,False,0.0958096,11.976199999999999,97.68598857142857,-0.3832383999341355,0.7201028632180065,6.630485839377083e-11,6.016633690609447,K32_R8_edge
ecg_degraded,105.37868494122728,105.29447289427746,True,0.08377120000000002,10.471400000000003,85.39689142857144,0.28708805685344974,0.6221728568534629,0.6221728568534629,15.362737957046246,K32_R2_edge
ppg_missing,73.15078146044775,73.13109425785483,True,0.08377120000000002,10.471400000000003,105.114,0.396269004853013,0.7313538048709282,0.7313538048709282,16.664745645342336,K32_R2_local
ecg_missing,87.49401965986249,87.48674443266174,True,0.08377120000000002,10.471400000000003,105.114,0.4140428684093136,0.7491276684272288,0.7491276684272288,16.398583372547623,K32_R2_local
both_degraded,101.57298037738693,101.6574130900722,True,0.08377120000000002,10.471400000000003,105.114,0.28593990008972436,0.6210247001076395,0.6210247001076395,17.202394284384646,K32_R2_local
ppg_degraded,99.77309382024373,99.84434862797877,True,0.08377120000000002,10.471400000000003,105.114,0.3569926720487848,0.6920774720667,0.6920774720667,19.653065261223194,K32_R2_local
both_degraded,90.40430138433042,92.58853204150256,True,0.08377120000000002,10.471400000000003,105.114,0.3227290061751097,0.6578138061930249,0.6578138061930249,18.850004733500274,K32_R2_local
both_degraded,92.84424198501912,92.87925696594428,True,0.0958096,11.976199999999999,97.68598857142857,-0.2427933443087139,0.6600553646461516,0.1404450556917265,7.182351701083189,K32_R8_edge
ppg_degraded,95.41612617681568,95.35383992266793,True,0.08377120000000002,10.471400000000003,105.114,0.30234246740383486,0.63742726742175,0.63742726742175,18.278799602723115,K32_R2_local
ppg_missing,85.21918194612854,85.22727272727275,True,0.08377120000000002,10.471400000000003,105.114,0.4147421057175291,0.7498269057354443,0.7498269057354443,19.02770858084803,K32_R2_local
ppg_missing,75.95765023283434,107.83131321708426,False,0.0958096,11.976199999999999,97.68598857142857,-0.38323840000044035,0.7341711598614015,2.321080915472619e-19,5.570036033878681,K32_R8_edge
both_clean,103.91041703183632,103.89059948890817,True,0.08377120000000002,10.471400000000003,105.114,0.3957318001425194,0.7308166001604346,0.7308166001604346,18.547562375441807,K32_R2_local
ecg_degraded,59.62569522145871,64.79481641468682,False,0.1198864,14.985800000000001,122.26418285714286,-0.4795456948950683,0.5247256025795818,4.981677261558852e-18,5.4014651777207945,K32_R20_edge
ppg_degraded,57.7202309334745,77.27029134804668,True,0.08377120000000002,10.471400000000003,105.114,0.18630979312625218,0.5213945931441674,0.5213945931441674,14.77631800612667,K32_R2_local
both_clean,68.75743179437667,69.26132936687662,True,0.08377120000000002,10.471400000000003,105.114,0.4059212577734851,0.7410060577914003,0.7410060577914003,14.698221498908277,K32_R2_local
ecg_degraded,64.08326802313309,83.84411541319533,True,0.08377120000000002,10.471400000000003,105.114,0.22183853768466932,0.5569233377025845,0.5569233377025845,13.95356079080712,K32_R2_local
ppg_degraded,108.42045135789873,108.39554583998665,True,0.08377120000000002,10.471400000000003,105.114,0.36126831170375595,0.6963531117216711,0.6963531117216711,17.829084611495418,K32_R2_local
ppg_degraded,81.83510346133653,81.78844056706653,True,0.08377120000000002,10.471400000000003,105.114,0.39135604511874456,0.7264408451366597,0.7264408451366597,20.434580406125,K32_R2_local
both_clean,103.0757405980171,84.68459532555174,False,0.0958096,11.976199999999999,97.68598857142857,-0.38323839999968706,0.730448987965494,7.532640652953425e-13,5.896395251048285,K32_R8_edge
ecg_degraded,83.14592418629611,85.37437533019398,True,0.0958096,11.976199999999999,97.68598857142857,0.03625166855368263,0.7177390864970432,0.419490068554123,7.43044039533918,K32_R8_edge
both_clean,63.029399031610396,86.20689655172416,False,0.1198864,14.985800000000001,122.26418285714286,-0.4513467285511911,0.7499788879579137,0.028198966343877193,6.486180469762918,K32_R20_edge
ppg_degraded,102.49935601539201,90.75907590759077,False,0.0958096,11.976199999999999,97.68598857142857,-0.3826327676476449,0.7021634648353247,0.0006056323527954342,6.657335143754674,K32_R8_edge
ppg_degraded,102.91659771302488,102.91740438083797,True,0.08377120000000002,10.471400000000003,105.114,0.36451141086289374,0.6995962108808089,0.6995962108808089,18.798187252707297,K32_R2_local
both_degraded,57.42514989586142,109.70487094029382,True,0.0958096,11.976199999999999,117.426,-0.05319507690910134,0.3300433315367989,0.3300433315367989,19.069755927484813,K32_R8_local
ecg_degraded,95.98930938742572,96.78352293227015,True,0.08377120000000002,10.471400000000003,105.114,0.28014184416422927,0.6152266441821445,0.6152266441821445,19.19715065696133,K32_R2_local
ecg_degraded,84.12004073001589,88.30773984917155,True,0.08377120000000002,10.471400000000003,105.114,0.264013130376587,0.5990979303945022,0.5990979303945022,18.430579257391283,K32_R2_local
ecg_missing,60.76223122638855,63.29113924050633,True,0.1198864,14.985800000000001,142.05,0.2681826170376577,0.7495887319126496,0.7495887317739297,8.094158812220138,K32_R20_local
ecg_degraded,70.24192835561195,70.27128156390907,True,0.08377120000000002,10.471400000000003,105.114,0.340623506316279,0.6757083063341942,0.6757083063341942,18.788709676172402,K32_R2_local
both_clean,94.04404735853898,94.01806593201074,True,0.08377120000000002,10.471400000000003,105.114,0.4010854669630626,0.7361702669809778,0.7361702669809778,16.74922785850487,K32_R2_local
ppg_missing,61.218653373873664,61.260210035005834,True,0.08377120000000002,10.471400000000003,105.114,0.4055362876514552,0.7406210876693704,0.7406210876693704,20.565854258372916,K32_R2_local
ppg_missing,86.4351336579557,88.51931330472105,True,0.08377120000000002,10.471400000000003,85.39689142857144,0.3874726926155483,0.7225574926155615,0.7225574926155615,17.295383709377305,K32_R2_edge
ecg_degraded,81.98368512184875,83.03274691241829,True,0.08377120000000002,10.471400000000003,105.114,0.38367763640553465,0.7187624364234498,0.7187624364234498,18.207347757856052,K32_R2_local
both_clean,81.84268448407843,81.87772925764193,True,0.08377120000000002,10.471400000000003,105.114,0.40348994704620744,0.7385747470641226,0.7385747470641226,17.892828777200535,K32_R2_local
ppg_missing,60.930317030889,63.29113924050633,False,0.0958096,11.976199999999999,97.68598857142857,-0.32267831108326633,0.7320869833605415,0.060560088917174036,7.043723174004051,K32_R8_edge
ecg_degraded,99.51579050836426,99.44751381215472,True,0.08377120000000002,10.471400000000003,105.114,0.3813049823381973,0.7163897823561125,0.7163897823561125,16.865679789098408,K32_R2_local
ecg_degraded,82.42608301235882,50.561797752808985,False,0.08377120000000002,10.471400000000003,105.114,-0.33508352145477077,0.7065841130474725,1.2785631444213892e-06,6.713593974613111,K32_R2_local
ecg_missing,91.35570226144031,91.36212624584718,True,0.08377120000000002,10.471400000000003,105.114,0.41397029449466793,0.7490550945125831,0.7490550945125831,16.390365446784664,K32_R2_local
ecg_degraded,87.64989661806703,91.19543825469722,True,0.08377120000000002,10.471400000000003,105.114,0.38078785528972503,0.7158726553076402,0.7158726553076402,17.04573093738228,K32_R2_local
ppg_degraded,69.2037432896773,103.48620921216495,False,0.1198864,14.985800000000001,142.05,-0.48102007337187813,0.7045891324461236,0.00038604136439382495,6.231541762944324,K32_R20_local
both_clean,94.20720157483399,94.19058180103394,True,0.08377120000000002,10.471400000000003,105.114,0.3996615158510456,0.7347463158689608,0.7347463158689608,18.29288725321102,K32_R2_local
ecg_degraded,73.84239267406328,77.27345995161481,True,0.1198864,14.985800000000001,122.26418285714286,0.1922551227233339,0.6718008176184023,0.6718008176184023,17.821751232782084,K32_R20_edge
ecg_degraded,105.34664805685343,105.34706862897073,True,0.08377120000000002,10.471400000000003,105.114,0.3314823678088512,0.6665671678267664,0.6665671678267664,17.517429736616172,K32_R2_local
ecg_degraded,77.47732356212688,52.75498241500586,False,0.08377120000000002,10.471400000000003,105.114,-0.26578881070341,0.7172514684471857,0.06929598931450517,7.659217157734298,K32_R2_local
both_degraded,61.670141701810515,120.35254859338494,True,0.08377120000000002,10.471400000000003,85.39689142857144,0.036748729905848876,0.37183352990586205,0.37183352990586205,17.17569212003489,K32_R2_edge
both_degraded,77.88642168621794,75.66084380003245,False,0.0958096,11.976199999999999,117.426,-0.3832384084459002,0.7123100808965642,4.688891890044538e-52,4.58383448459074,K32_R8_local
ecg_degraded,73.63538602675796,74.90441209936073,True,0.08377120000000002,10.471400000000003,105.114,0.32818646601559576,0.6632712660335109,0.6632712660335109,18.6598953454639,K32_R2_local
ecg_degraded,107.08411587054638,110.36049448725977,False,0.08377120000000002,10.471400000000003,105.114,-0.3350848000179152,0.6156971767335265,6.936381796551628e-52,4.707631546224735,K32_R2_local
ppg_missing,68.47851559938721,68.52791878172589,True,0.08377120000000002,10.471400000000003,105.114,0.40363877832808415,0.7387235783459993,0.7387235783459993,18.31489449996425,K32_R2_local
both_degraded,103.37794838093083,103.39342523860024,True,0.08377120000000002,10.471400000000003,105.114,0.21654124525177965,0.5516260452696948,0.5516260452696948,21.209688429686324,K32_R2_local
both_degraded,51.5377343961855,102.5341589135133,True,0.08377120000000002,10.471400000000003,85.39689142857144,0.02885190061819415,0.3639367006182073,0.3639367006182073,19.253524993157253,K32_R2_edge
both_degraded,58.06167408092501,116.39952126237496,True,0.08377120000000002,10.471400000000003,85.39689142857144,0.06861993278730016,0.40370473278731334,0.40370473278731334,16.127195488366656,K32_R2_edge
ecg_missing,67.6771339756315,67.64374295377678,True,0.08377120000000002,10.471400000000003,105.114,0.4143761162339161,0.7494609162518313,0.7494609162518313,18.015263788911216,K32_R2_local
both_degraded,94.4683087356525,94.88285411545066,True,0.08377120000000002,10.471400000000003,105.114,0.2887241797375226,0.6238089797554378,0.6238089797554378,16.007807200899887,K32_R2_local
ppg_missing,86.12017790264008,86.1169102296451,True,0.08377120000000002,10.471400000000003,105.114,0.39102001065069647,0.7261048106686117,0.7261048106686117,16.469567541009067,K32_R2_local
ecg_missing,74.98073139127311,50.561797752808985,False,0.1198864,14.985800000000001,142.05,-0.481406114736272,0.7499666892365489,1.218216952811413e-23,5.189253299077569,K32_R20_local
ppg_missing,74.82041282825125,74.83370288248337,True,0.08377120000000002,10.471400000000003,105.114,0.39852578157838214,0.7336105815962973,0.7336105815962973,18.730302056129755,K32_R2_local
both_degraded,100.48386013489035,100.71330539219736,True,0.08377120000000002,10.471400000000003,105.114,0.2009467916079799,0.5360315916258951,0.5360315916258951,17.866709886473807,K32_R2_local
ecg_missing,63.02855645930234,65.71741511500548,True,0.08377120000000002,10.471400000000003,105.114,0.4149137085255252,0.7499985085434404,0.7499985085434404,17.650209939701597,K32_R2_local
both_clean,97.25413010386876,97.19222462203027,True,0.08377120000000002,10.471400000000003,105.114,0.3960904519736803,0.7311752519915955,0.7311752519915955,17.294434962818055,K32_R2_local
ecg_missing,72.38835400290438,75.08342602892102,True,0.08377120000000002,10.471400000000003,105.114,0.41426091169882806,0.7493457117167432,0.7493457117167432,18.534526970083466,K32_R2_local
both_degraded,91.55744480154894,94.73391829402185,False,0.1198864,14.985800000000001,122.26418285714286,-0.4795456948949977,0.6196329096582885,7.059397292033596e-14,5.5792518012328385,K32_R20_edge
ecg_missing,98.99906063107707,99.00990099009903,True,0.08377120000000002,10.471400000000003,105.114,0.41384730759478006,0.7489321076126952,0.7489321076126952,17.584927354266892,K32_R2_local
ecg_missing,75.77000833364526,78.28810020876827,True,0.08377120000000002,10.471400000000003,105.114,0.41490163369290456,0.7499864337108197,0.7499864337108197,17.70893461151289,K32_R2_local
both_clean,61.68249715152281,57.42690488631234,False,0.08377120000000002,10.471400000000003,85.39689142857144,-0.33508480000001306,0.742502759037458,1.3057611263441512e-16,5.930834187983707,K32_R2_edge
both_clean,64.43266060208697,65.00479289770782,True,0.08377120000000002,10.471400000000003,105.114,0.4052829525471491,0.7403677525650643,0.7403677525650643,16.567817541575568,K32_R2_local
ecg_missing,64.80508696521558,64.79481641468682,True,0.08377120000000002,10.471400000000003,105.114,0.193975147019389,0.7495870825086535,0.5290599470373042,8.330689647796314,K32_R2_local
both_clean,55.753640778370176,55.7324840764331,True,0.08377120000000002,10.471400000000003,105.114,0.41046712577104416,0.7455519257889593,0.7455519257889593,20.79658062884863,K32_R2_local
ppg_missing,75.62876913013608,75.67264573991032,True,0.08377120000000002,10.471400000000003,105.114,0.39811828513235525,0.7332030851502704,0.7332030851502704,17.511727938727354,K32_R2_local
ecg_degraded,88.66662436946373,91.8394287333573,True,0.08377120000000002,10.471400000000003,105.114,0.2936016537139654,0.6286864537318806,0.6286864537318806,16.883629293721512,K32_R2_local
both_degraded,73.22416097184652,74.36713432044726,True,0.08377120000000002,10.471400000000003,105.114,0.37315812930749936,0.7082429293254145,0.7082429293254145,18.490487319654886,K32_R2_local
ecg_missing,107.39737006669051,107.37885462555063,True,0.08377120000000002,10.471400000000003,105.114,0.41357098432984374,0.7486557843477589,0.7486557843477589,16.606030608233233,K32_R2_local
ecg_missing,106.36771967450854,78.94339730435543,False,0.08377120000000002,10.471400000000003,85.39689142857144,-0.3199979629019819,0.7490372700073621,0.015086837098031245,7.421373022401042,K32_R2_edge
ppg_degraded,96.60674412990699,79.51914207132691,False,0.0958096,11.976199999999999,97.68598857142857,-0.38309771179228386,0.7045104028717961,0.0001406882081564706,6.571998141660649,K32_R8_edge
ecg_degraded,97.60439942965283,71.59904534606206,False,0.0958096,11.976199999999999,97.68598857142857,-0.38323839921996283,0.6221568433051978,7.804774970867433e-10,6.093793803815413,K32_R8_edge
ecg_missing,68.7825417172755,68.80733944954129,True,0.08377120000000002,10.471400000000003,105.114,0.414863460563595,0.7499482605815102,0.7499482605815102,18.946113005941548,K32_R2_local
both_degraded,95.48995265558068,95.49539060191309,True,0.08377120000000002,10.471400000000003,105.114,0.28136447353853344,0.6164492735564486,0.6164492735564486,17.698853166407456,K32_R2_local
both_degraded,53.15749441412143,79.02889278740993,True,0.08377120000000002,10.471400000000003,105.114,0.12379203437842844,0.45887683439634364,0.45887683439634364,17.860046465247752,K32_R2_local
ecg_degraded,51.18612898947203,68.89649540493076,True,0.08377120000000002,10.471400000000003,105.114,0.19666206147942755,0.5317468614973427,0.5317468614973427,16.300757887701806,K32_R2_local
ecg_missing,54.08748143679798,54.08653846153845,True,0.1198864,14.985800000000001,142.05,0.26828888859202077,0.7496950033282928,0.7496950033282928,17.103311488090903,K32_R20_local
ecg_degraded,69.03230512796999,73.43056522477922,True,0.08377120000000002,10.471400000000003,105.114,0.2590374791750938,0.594122279193009,0.594122279193009,18.59327023562459,K32_R2_local
ecg_degraded,93.62372736330003,93.65244536940688,True,0.08377120000000002,10.471400000000003,105.114,0.38583939931920463,0.7209241993371198,0.7209241993371198,20.344501262659108,K32_R2_local
ecg_missing,51.88040710491088,69.0543220442741,False,0.1198864,14.985800000000001,142.05,-0.4814061147362166,0.7496724924235083,5.5423440230448325e-14,5.570381812293916,K32_R20_local
both_degraded,73.00101351390292,95.23809523809526,False,0.08377120000000002,10.471400000000003,85.39689142857144,-0.33508459626612036,0.6095269092691309,2.0373389282257974e-07,6.630883334443922,K32_R2_edge
both_clean,85.75512452154118,63.44544598481082,False,0.08377120000000002,10.471400000000003,85.39689142857144,-0.3350847844222438,0.7373749152269711,1.5577769346960406e-08,6.509448401907297,K32_R2_edge
ecg_missing,100.79371477785854,100.7231404958678,True,0.1198864,14.985800000000001,142.05,0.22483584134926862,0.7489342966648656,0.7062419560855406,7.1049084070087645,K32_R20_local
ppg_missing,83.79306823628848,85.75883575883577,True,0.08377120000000002,10.471400000000003,105.114,0.39689849757604745,0.7319832975939626,0.7319832975939626,19.432643400651383,K32_R2_local
both_clean,64.73172061068547,65.28861456909044,True,0.08377120000000002,10.471400000000003,105.114,0.30994443126012794,0.741431031898415,0.6450292312780431,8.575578157963147,K32_R2_local
ppg_missing,55.18137117887144,90.65571890326396,False,0.0958096,11.976199999999999,117.426,-0.3832382755327159,0.7342039621994927,1.3291318431892559e-07,6.260848214022545,K32_R8_local
ppg_missing,80.39131031576467,80.38585209003216,True,0.0958096,11.976199999999999,117.426,0.3424366241562178,0.7290349536997587,0.725675032602118,8.08033015488643,K32_R8_local
ppg_degraded,98.37764764040838,98.36065573770493,True,0.08377120000000002,10.471400000000003,105.114,0.3591009217214939,0.6941857217394091,0.6941857217394091,19.395760230484257,K32_R2_local
ppg_missing,99.9144584547808,99.88901220865706,True,0.08377120000000002,10.471400000000003,105.114,0.3850310360637653,0.7201158360816805,0.7201158360816805,17.472995110295997,K32_R2_local
ecg_missing,87.17774112944889,87.20930232558142,True,0.08377120000000002,10.471400000000003,105.114,0.4148334105122711,0.7499182105301863,0.7499182105301863,16.940076163651646,K32_R2_local
ppg_degraded,60.79919015103134,69.24841667104559,True,0.1198864,14.985800000000001,122.26418285714286,0.13483372164925644,0.6145660428878242,0.6143794165443248,7.475580223897644,K32_R20_edge
both_clean,54.49873799000794,54.4890103385232,True,0.08377120000000002,10.471400000000003,105.114,0.4104448173913877,0.7455296174093029,0.7455296174093029,17.160186093680373,K32_R2_local
both_clean,52.89528254790992,52.87896592244418,True,0.08377120000000002,10.471400000000003,105.114,0.41079807639534716,0.7458828764132623,0.7458828764132623,18.405111782273295,K32_R2_local
ppg_missing,66.1890483155451,66.1521499448732,True,0.1198864,14.985800000000001,142.05,0.2513463578033717,0.7327524725396437,0.7327524725396437,17.01846321436649,K32_R20_local
ppg_degraded,82.03414232558697,82.01208663120998,True,0.08377120000000002,10.471400000000003,105.114,0.39481080633891275,0.7298956063568279,0.7298956063568279,20.210931742542396,K32_R2_local
both_clean,58.96532093842238,58.92255892255892,True,0.08377120000000002,10.471400000000003,105.114,0.40866938965507804,0.7437541896729932,0.7437541896729932,15.484524219458416,K32_R2_local
ecg_degraded,87.20194509970139,67.04052696395765,False,0.08377120000000002,10.471400000000003,105.114,-0.334824690577435,0.5971840259146961,0.00026010944048016315,7.05215209028329,K32_R2_local
ppg_missing,68.86880784352955,70.82896117523609,True,0.08377120000000002,10.471400000000003,105.114,0.3958379272910082,0.7309227273089234,0.7309227273089234,17.793595276004552,K32_R2_local
ecg_missing,97.3821694001395,97.40259740259742,True,0.08377120000000002,10.471400000000003,105.114,0.41487541245645476,0.74996021247437,0.74996021247437,17.07526574395792,K32_R2_local
both_degraded,81.83007197432966,88.0605425957969,True,0.08377120000000002,10.471400000000003,105.114,0.2556669161364252,0.5907517161543404,0.5907517161543404,16.790455009194325,K32_R2_local
ecg_missing,96.03986828079138,96.051227321238,True,0.08377120000000002,10.471400000000003,105.114,0.4139517875191092,0.7490365875370244,0.7490365875370244,18.808501324873422,K32_R2_local
ppg_degraded,65.40241728763611,100.93508055839744,False,0.0958096,11.976199999999999,97.68598857142857,-0.3832383999951177,0.5582899259403322,5.322657614459294e-12,5.954174683735127,K32_R8_edge
ecg_missing,84.17957851227928,84.1750841750842,True,0.08377120000000002,10.471400000000003,105.114,0.41412517794378645,0.7492099779617016,0.7492099779617016,19.231034650646325,K32_R2_local
both_degraded,103.20398931773806,103.35138274825769,True,0.08377120000000002,10.471400000000003,105.114,0.24021685344159194,0.5753016534595071,0.5753016534595071,18.79359289332368,K32_R2_local
both_clean,50.99587860564845,50.991508317559415,True,0.08377120000000002,10.471400000000003,105.114,0.4139898729832807,0.7490746730011959,0.7490746730011959,16.488298066967012,K32_R2_local
both_degraded,105.98313712719846,105.83459082394387,True,0.08377120000000002,10.471400000000003,105.114,0.2867885214952284,0.6218733215131436,0.6218733215131436,16.193762126681875,K32_R2_local
ecg_missing,85.48425398938389,88.04695837780152,True,0.08377120000000002,10.471400000000003,105.114,0.4140516225324422,0.7491364225503574,0.7491364225503574,17.403623265134822,K32_R2_local
ppg_degraded,109.84944774812855,83.70535714285715,False,0.0958096,11.976199999999999,117.426,-0.3832384066005957,0.7225679295506382,1.8453044441043606e-09,6.115906886235814,K32_R8_local
ecg_missing,67.0669633473754,67.0391061452514,True,0.08377120000000002,10.471400000000003,105.114,0.4144015397478926,0.7494863397658078,0.7494863397658078,17.891551591958304,K32_R2_local
both_clean,79.36807068437344,79.97951590975798,False,0.0958096,11.976199999999999,117.426,0.1772699074590925,0.7400633308769328,0.5605083159049927,7.5546883794496305,K32_R8_local
both_clean,91.02930036864768,91.99983317362474,True,0.08377120000000002,10.471400000000003,105.114,0.39740491200812267,0.7324897120260379,0.7324897120260379,18.34362024361169,K32_R2_local
ecg_missing,85.63121354454279,64.79481641468682,False,0.08377120000000002,10.471400000000003,105.114,-0.3350848000179152,0.7491511621810836,1.2920331471194005e-43,4.916772040802625,K32_R2_local
ecg_degraded,87.26804937147509,84.68459532555174,False,0.0958096,11.976199999999999,97.68598857142857,-0.3832383999609909,0.6279605141888764,3.944942320463095e-11,6.00582913708126,K32_R8_edge
both_clean,101.87353350169363,87.71929824561404,False,0.0958096,11.976199999999999,117.426,-0.3832384084459001,0.7318376714424806,6.392397694807467e-17,5.681824451366923,K32_R8_local
both_degraded,59.73994814265138,112.37090503715679,True,0.08377120000000002,10.471400000000003,85.39689142857144,-0.002209846157406825,0.33287495384260635,0.33287495384260635,19.194489614517384,K32_R2_edge
ppg_missing,93.04530083317638,93.07135470527405,True,0.08377120000000002,10.471400000000003,105.114,0.3860393144790213,0.7211241144969365,0.7211241144969365,20.072225385931276,K32_R2_local
ppg_degraded,76.71299213993959,90.75907590759077,False,0.0958096,11.976199999999999,97.68598857142857,-0.38323840000044035,0.7124493240623515,7.651911745041535e-21,5.507396433832079,K32_R8_edge
ppg_degraded,104.75741326063414,73.9392443997108,False,0.08377120000000002,10.471400000000003,105.114,-0.33507924559630237,0.7200494144821561,5.554421612820382e-06,6.79108027979567,K32_R2_local
ecg_missing,106.89683362757134,106.9078947368421,True,0.08377120000000002,10.471400000000003,105.114,0.4136126338825368,0.748697433900452,0.748697433900452,17.9361616318279,K32_R2_local
ppg_missing,76.65155797977008,69.12442396313364,False,0.1198864,14.985800000000001,142.05,-0.48140602897626233,0.7354012498230781,8.576000965165007e-08,5.9185580383153304,K32_R20_local
ppg_missing,71.46732516332585,71.51370679380214,True,0.08377120000000002,10.471400000000003,85.39689142857144,0.3036459891485772,0.728980077848255,0.6387307891485904,8.588558116007773,K32_R2_edge
ecg_degraded,104.03517762838851,104.57364233556406,True,0.08377120000000002,10.471400000000003,105.114,0.2860162625674624,0.6211010625853776,0.6211010625853776,16.297485793483137,K32_R2_local
both_clean,106.47547704124005,71.59904534606206,False,0.0958096,11.976199999999999,97.68598857142857,-0.3832383998526186,0.7304919165809312,1.4782175807653148e-10,6.0392628344545045,K32_R8_edge
ecg_degraded,96.38130404512972,97.03804239305877,True,0.08377120000000002,10.471400000000003,105.114,0.28579966936635437,0.6208844693842696,0.6208844693842696,18.79381668995444,K32_R2_local
ppg_missing,104.26155059568649,104.2780748663102,True,0.08377120000000002,10.471400000000003,105.114,0.37607388884943427,0.7111586888673495,0.7111586888673495,17.580984836730586,K32_R2_local
ecg_degraded,106.87836712200705,77.53149928606408,False,0.0958096,11.976199999999999,97.68598857142857,-0.3830492422387881,0.7139334487305913,0.00018915776165222216,6.587686066503017,K32_R8_edge
both_clean,79.08432687367208,80.42735198574825,True,0.08377120000000002,10.471400000000003,105.114,0.39814454160736334,0.7332293416252785,0.7332293416252785,22.161030393003713,K32_R2_local
ppg_missing,71.58031912381524,71.59904534606206,True,0.0958096,11.976199999999999,97.68598857142857,0.04220451087876394,0.7333164903101372,0.42544291087920433,7.427658818725508,K32_R8_edge
ppg_degraded,53.43413654719505,72.07959524504773,True,0.08377120000000002,10.471400000000003,105.114,0.1853962597860963,0.5204810598040115,0.5204810598040115,18.540222974837153,K32_R2_local
ppg_degraded,76.31082871502755,76.90121866518882,True,0.08377120000000002,10.471400000000003,105.114,0.3731867540859225,0.7082715541038377,0.7082715541038377,18.88137761690686,K32_R2_local
ppg_missing,63.029515098923866,63.02521008403362,True,0.0958096,11.976199999999999,117.426,0.36671840730078187,0.749956815746682,0.749956815746682,19.55004127407202,K32_R8_local
ppg_degraded,93.51070569232192,94.38755731388817,True,0.08377120000000002,10.471400000000003,105.114,0.3840300705412657,0.7191148705591809,0.7191148705591809,17.039395176047137,K32_R2_local
ecg_degraded,86.69599309832206,95.23809523809526,False,0.08377120000000002,10.471400000000003,105.114,-0.1913295387254572,0.7133600022775852,0.143755261292458,7.816043166890145,K32_R2_local
both_degraded,106.17769350784269,106.26465827435678,True,0.08377120000000002,10.471400000000003,105.114,0.21924191844164265,0.5543267184595578,0.5543267184595578,19.36548158711633,K32_R2_local
ppg_missing,91.35128287503113,91.37055837563453,True,0.08377120000000002,10.471400000000003,105.114,0.3889969219113354,0.7240817219292506,0.7240817219292506,13.778250936959019,K32_R2_local
ecg_missing,65.04124672200139,65.0759219088937,True,0.08377120000000002,10.471400000000003,105.114,0.4143560791010491,0.7494408791189643,0.7494408791189643,16.82135731098269,K32_R2_local
ppg_missing,72.45182885056545,72.42489270386267,True,0.08377120000000002,10.471400000000003,105.114,0.39142833000364363,0.7265131300215588,0.7265131300215588,17.882633698180687,K32_R2_local
both_degraded,80.03990471666222,87.39406779661019,False,0.0958096,11.976199999999999,97.68598857142857,-0.364606996203592,0.6095763684725254,0.018631403796848384,6.932883610824451,K32_R8_edge
ecg_degraded,82.19455659720991,82.17631861357813,True,0.08377120000000002,10.471400000000003,105.114,0.2882678908023434,0.6233526908202586,0.6233526908202586,17.147229916189033,K32_R2_local
both_degraded,106.4476666406082,106.56010571262271,True,0.08377120000000002,10.471400000000003,105.114,0.2581182687863909,0.5932030688043061,0.5932030688043061,19.370589769880436,K32_R2_local
both_degraded,87.96665976269072,87.953091684435,True,0.08377120000000002,10.471400000000003,85.39689142857144,0.15236678619607658,0.48745158619608975,0.48745158619608975,17.275248231871075,K32_R2_edge
ppg_degraded,69.55661482958855,70.77780883037684,True,0.08377120000000002,10.471400000000003,105.114,0.3961671798414995,0.7312519798594147,0.7312519798594147,17.60330951921395,K32_R2_local
ppg_missing,66.50802095870782,66.51884700665188,True,0.08377120000000002,10.471400000000003,105.114,0.40040984703387683,0.735494647051792,0.735494647051792,16.445592721315336,K32_R2_local
ecg_degraded,84.54908537740775,84.55467869222097,True,0.08377120000000002,10.471400000000003,105.114,0.33615748169518644,0.6712422817131016,0.6712422817131016,19.177329420745558,K32_R2_local
both_clean,55.12183962242534,56.452293845486984,True,0.08377120000000002,10.471400000000003,105.114,0.4093512170163446,0.7444360170342598,0.7444360170342598,15.942524892640591,K32_R2_local
ecg_missing,77.50316636051889,77.47933884297521,True,0.1198864,14.985800000000001,122.26418285714286,0.26978034438309434,0.7493263825745586,0.7493260392781627,7.79049645145419,K32_R20_edge
ppg_degraded,103.76689548106964,104.47621957908294,True,0.08377120000000002,10.471400000000003,105.114,0.36194633241020957,0.6970311324281248,0.6970311324281248,20.1612649955964,K32_R2_local
ppg_degraded,105.07335681207077,83.07454597048233,False,0.1198864,14.985800000000001,122.26418285714286,-0.4262212969570337,0.6951771740161684,0.05332439793803464,6.548011320766179,K32_R20_edge
both_clean,83.6273701554087,83.61204013377927,True,0.0958096,11.976199999999999,117.426,0.3534982975300822,0.7367367059759824,0.7367367059759824,15.697568757544806,K32_R8_local
both_clean,82.69381052227882,82.69018743109152,True,0.08377120000000002,10.471400000000003,105.114,0.4036510199294647,0.7387358199473799,0.7387358199473799,18.718813848343196,K32_R2_local
both_degraded,69.89757385239407,76.81105019408749,True,0.08377120000000002,10.471400000000003,85.39689142857144,0.2638303287646697,0.5989151287646829,0.5989151287646829,19.410456326007395,K32_R2_edge
ppg_missing,85.31985025969455,72.80676074757237,False,0.1198864,14.985800000000001,142.05,-0.24580967985908184,0.7256276758250801,0.23559643487719018,6.7224398362624065,K32_R20_local
ecg_missing,77.42421989403822,92.80089988751408,False,0.1198864,14.985800000000001,122.26418285714286,-0.4633599083193726,0.7492559012274935,0.016185786575695704,6.443906153729371,K32_R20_edge
both_clean,88.9356721043588,88.99676375404532,True,0.08377120000000002,10.471400000000003,105.114,0.4042339411987169,0.7393187412166321,0.7393187412166321,17.854802283398712,K32_R2_local
both_clean,107.18725589510132,107.67333500671968,True,0.08377120000000002,10.471400000000003,105.114,0.3854057287628151,0.7204905287807303,0.7204905287807303,17.95840072494199,K32_R2_local
ecg_missing,95.28729356565768,95.26558891454967,True,0.08377120000000002,10.471400000000003,105.114,0.41402857045328423,0.7491133704711994,0.7491133704711994,19.309414716812974,K32_R2_local
both_clean,58.2494736371213,90.75907590759077,False,0.08377120000000002,10.471400000000003,105.114,-0.3350848000178965,0.7450482787823594,1.868916538060535e-14,6.058246820910955,K32_R2_local
ecg_missing,60.33847814043157,73.9392443997108,False,0.0958096,11.976199999999999,117.426,-0.3832384084459002,0.7496140692155868,2.091027011876329e-23,5.404125382909793,K32_R8_local
ecg_degraded,91.41500901252311,92.47546188353193,True,0.08377120000000002,10.471400000000003,105.114,0.3882581480880094,0.7233429481059246,0.7233429481059246,16.718138258879186,K32_R2_local
ecg_degraded,108.46794898662728,108.57883145452094,True,0.08377120000000002,10.471400000000003,105.114,0.28607438666216745,0.6211591866800826,0.6211591866800826,16.512253991206283,K32_R2_local
ppg_degraded,85.91409167546348,86.19079316113364,True,0.08377120000000002,10.471400000000003,105.114,0.3109476399051121,0.6460324399230273,0.6460324399230273,18.854923177341764,K32_R2_local
ecg_degraded,100.27793737872128,100.93508055839744,True,0.0958096,11.976199999999999,117.426,0.25995498733018196,0.6665832096926336,0.6431933957760821,7.854094269492056,K32_R8_local
ecg_missing,66.71342405178673,69.15983606557377,True,0.08377120000000002,10.471400000000003,105.114,0.4144416813059555,0.7495264813238707,0.7495264813238707,16.477272933560315,K32_R2_local
ppg_missing,64.58301536263795,65.71741511500548,True,0.08377120000000002,10.471400000000003,85.39689142857144,0.40165481414187465,0.7367396141418878,0.7367396141418878,17.29784351562514,K32_R2_edge
ppg_missing,108.96014430183115,109.0342679127726,True,0.08377120000000002,10.471400000000003,105.114,0.37726792889037586,0.712352728908291,0.712352728908291,18.887712132676995,K32_R2_local
both_clean,102.63948660145303,78.17174914750474,False,0.1198864,14.985800000000001,122.26418285714286,-0.47150461638662355,0.7311067658175535,0.008041078508444759,6.397393494498658,K32_R20_edge
ppg_degraded,76.97229401610052,76.96262977295223,True,0.08377120000000002,10.471400000000003,105.114,0.39696530915568606,0.7320501091736012,0.7320501091736012,15.773634032558789,K32_R2_local
both_degraded,98.96036175480884,65.71741511500548,False,0.0958096,11.976199999999999,97.68598857142857,-0.382911040183904,0.7000135646887001,0.0003273598165363662,6.620323502326744,K32_R8_edge
ppg_degraded,88.55835664499747,88.56710758995236,True,0.1198864,14.985800000000001,122.26418285714286,0.20344761155027413,0.7304694694849568,0.6829933064453425,7.092045461026361,K32_R20_edge
both_degraded,96.83700697242367,97.68550176189216,True,0.08377120000000002,10.471400000000003,105.114,0.25304104772135216,0.5881258477392673,0.5881258477392673,19.047884636272812,K32_R2_local
both_degraded,85.3119026091737,85.36360896775228,True,0.08377120000000002,10.471400000000003,105.114,0.28637207363812966,0.6214568736560449,0.6214568736560449,19.071893318871112,K32_R2_local
both_degraded,90.98894347087509,91.61666639032852,True,0.08377120000000002,10.471400000000003,105.114,0.342669731903523,0.6777545319214382,0.6777545319214382,18.60968885976503,K32_R2_local
ecg_degraded,106.56043930519084,106.57127265853626,True,0.08377120000000002,10.471400000000003,105.114,0.28892027089453354,0.6240050709124487,0.6240050709124487,17.06727542099554,K32_R2_local
ecg_degraded,75.817595913375,76.3338487627589,True,0.1198864,14.985800000000001,122.26418285714286,-0.056397584868173194,0.6662487334505784,0.4231481100268952,6.869825287842826,K32_R20_edge
ppg_degraded,94.19216563669853,94.23777764326624,True,0.08377120000000002,10.471400000000003,105.114,0.36555322387288947,0.7006380238908047,0.7006380238908047,17.97570675559973,K32_R2_local
ppg_degraded,107.61988525507799,107.6158940397351,True,0.08377120000000002,10.471400000000003,105.114,0.3616522525986927,0.6967370526166079,0.6967370526166079,19.054009175477347,K32_R2_local
ppg_missing,52.450722058520775,52.447552447552454,True,0.08377120000000002,10.471400000000003,85.39689142857144,0.41489054276238646,0.7499753427623996,0.7499753427623996,16.526237202990213,K32_R2_edge
both_clean,65.14796329714252,66.52233475088487,True,0.08377120000000002,10.471400000000003,105.114,0.40290477961203774,0.7379895796299529,0.7379895796299529,14.610837025722997,K32_R2_local
both_clean,71.4774205675695,71.4657592597733,True,0.08377120000000002,10.471400000000003,105.114,0.4022357634205962,0.7373205634385114,0.7373205634385114,18.689611371703222,K32_R2_local
both_degraded,84.43492167005368,84.71281293560445,True,0.08377120000000002,10.471400000000003,105.114,0.2752399998178826,0.6103247998357978,0.6103247998357978,18.944372392906995,K32_R2_local
ppg_missing,77.31276883391955,79.28118393234674,True,0.08377120000000002,10.471400000000003,105.114,0.4147950162599878,0.749879816277903,0.749879816277903,15.441212399685234,K32_R2_local
ppg_missing,106.55177944758404,107.58196721311475,True,0.08377120000000002,10.471400000000003,105.114,0.3807664456076919,0.7158512456256071,0.7158512456256071,19.792802587271375,K32_R2_local
both_degraded,61.44821948854231,111.80538176151175,True,0.08377120000000002,10.471400000000003,85.39689142857144,0.020552194095185994,0.35563699409519917,0.35563699409519917,17.493798016334672,K32_R2_edge
both_degraded,68.3525262143363,75.83266912121739,True,0.08377120000000002,10.471400000000003,105.114,0.20136547943085104,0.5364502794487662,0.5364502794487662,19.60598679397137,K32_R2_local
ppg_missing,54.60702947055005,54.630593132154004,True,0.08377120000000002,10.471400000000003,105.114,0.4062289557992199,0.7413137558171351,0.7413137558171351,18.459671905865054,K32_R2_local
both_clean,60.65140905361739,60.69364161849712,True,0.08377120000000002,10.471400000000003,105.114,0.40897596903256206,0.7440607690504772,0.7440607690504772,17.482925732661467,K32_R2_local
ppg_missing,85.70988682109721,86.8421052631579,True,0.08377120000000002,10.471400000000003,105.114,0.3968841445890543,0.7319689446069695,0.7319689446069695,16.031962135680388,K32_R2_local
ecg_missing,53.11062073150136,53.06603773584906,True,0.08377120000000002,10.471400000000003,105.114,0.41455611656673497,0.7496409165846502,0.7496409165846502,18.0824463334254,K32_R2_local
both_degraded,106.48229377449653,106.44104803493445,True,0.08377120000000002,10.471400000000003,105.114,0.22473948876066574,0.5598242887785809,0.5598242887785809,17.23701681830801,K32_R2_local
ppg_missing,95.56564024809057,95.64293304994689,True,0.08377120000000002,10.471400000000003,105.114,0.3824549453317764,0.7175397453496916,0.7175397453496916,16.74775767314265,K32_R2_local
ppg_missing,55.127256339652924,56.27009646302251,True,0.08377120000000002,10.471400000000003,105.114,0.4140452144850201,0.7491300145029353,0.7491300145029353,17.010025620513748,K32_R2_local
ppg_missing,97.37151576525798,97.2972972972973,True,0.08377120000000002,10.471400000000003,105.114,0.3675273907302682,0.7026121907481834,0.7026121907481834,18.195948089963007,K32_R2_local
ppg_missing,57.35644499650697,50.561797752808985,False,0.0958096,11.976199999999999,97.68598857142857,-0.1935732546578075,0.7415618600599916,0.1896651453426329,7.215984979518627,K32_R8_edge
ecg_missing,81.01774695918508,83.70535714285715,True,0.08377120000000002,10.471400000000003,105.114,0.4141850652480401,0.7492698652659553,0.7492698652659553,20.60383013158432,K32_R2_local
ppg_missing,62.86341506961972,69.80351602895553,False,0.0958096,11.976199999999999,97.68598857142857,-0.2733612577310293,0.7391844399709908,0.109877142269411,7.124160915274117,K32_R8_edge
ppg_degraded,60.34860694280267,80.34778886265208,True,0.08377120000000002,10.471400000000003,105.114,0.170809039241405,0.5058938392593202,0.5058938392593202,18.406469670081265,K32_R2_local
ppg_missing,81.97214469627744,81.9672131147541,True,0.08377120000000002,10.471400000000003,105.114,0.38929568457217867,0.7243804845900939,0.7243804845900939,17.894332474616697,K32_R2_local
both_degraded,103.0554317131814,100.37080584750078,True,0.08377120000000002,10.471400000000003,85.39689142857144,0.21922173618413887,0.554306536184152,0.554306536184152,19.416900537063192,K32_R2_edge
ppg_degraded,55.040712840258294,69.99874385404044,True,0.0958096,11.976199999999999,97.68598857142857,0.15095413884787467,0.5342201556406929,0.5341925388483151,8.469288247413544,K32_R8_edge
ecg_missing,62.484506024337236,65.07592190889372,True,0.08377120000000002,10.471400000000003,105.114,0.41489659060789474,0.7499813906258099,0.7499813906258099,17.495848734726156,K32_R2_local
both_clean,79.12598548413483,79.1139240506329,True,0.08377120000000002,10.471400000000003,105.114,0.4052078199676379,0.7402926199855531,0.7402926199855531,14.542362590522947,K32_R2_local
both_clean,107.32774999494336,107.31841879064645,True,0.08377120000000002,10.471400000000003,105.114,0.39703026046513545,0.7321150604830506,0.7321150604830506,18.473973301201323,K32_R2_local
ppg_missing,71.76768348943958,71.77033492822967,True,0.08377120000000002,10.471400000000003,105.114,0.4021042656302082,0.7371890656481234,0.7371890656481234,17.947995228343498,K32_R2_local
both_clean,102.18942567073185,65.71741511500548,False,0.08377120000000002,10.471400000000003,105.114,-0.3350848000179152,0.7330394189080564,1.1326850846831678e-25,5.504001507715167,K32_R2_local
ecg_missing,82.49765141770635,82.41758241758242,True,0.08377120000000002,10.471400000000003,105.114,0.4143278707130298,0.749412670730945,0.749412670730945,17.626375425362404,K32_R2_local
ppg_degraded,77.12611805196495,77.22873534635562,True,0.08377120000000002,10.471400000000003,105.114,0.3192468370717647,0.6543316370896799,0.6543316370896799,19.26065271684645,K32_R2_local
both_degraded,95.77323176275215,95.88959468365613,True,0.08377120000000002,10.471400000000003,105.114,0.3663709409469942,0.7014557409649094,0.7014557409649094,19.313258165680637,K32_R2_local
ppg_missing,61.72713593401467,61.7283950617284,True,0.08377120000000002,10.471400000000003,105.114,0.40547374317877904,0.7405585431966942,0.7405585431966942,22.594483055043714,K32_R2_local
both_degraded,81.60773419029493,82.1239211923424,True,0.08377120000000002,10.471400000000003,105.114,0.2736460516757828,0.608730851693698,0.608730851693698,18.805871160682422,K32_R2_local
ppg_degraded,52.04508939086897,67.20919467266582,True,0.08377120000000002,10.471400000000003,105.114,0.1802620318017777,0.5153468318196929,0.5153468318196929,16.160881889538768,K32_R2_local
ecg_degraded,81.43790742174791,81.43322475570034,True,0.08377120000000002,10.471400000000003,105.114,0.34456967457778687,0.679654474595702,0.679654474595702,19.62350370174024,K32_R2_local
ppg_degraded,109.77144351629136,109.72322813556504,True,0.08377120000000002,10.471400000000003,105.114,0.34755102223348844,0.6826358222514036,0.6826358222514036,19.257833757045848,K32_R2_local
both_degraded,54.26624448900467,83.67502745350588,True,0.08377120000000002,10.471400000000003,85.39689142857144,0.136454954492157,0.47153975449217017,0.47153975449217017,19.88247469288117,K32_R2_edge
ecg_missing,55.94476650690374,55.97014925373134,True,0.08377120000000002,10.471400000000003,105.114,0.41486855879093143,0.7499533588088466,0.7499533588088466,19.56754480069478,K32_R2_local
ecg_degraded,84.37819209033088,86.58386618484109,True,0.08377120000000002,10.471400000000003,105.114,0.38676366251013694,0.7218484625280521,0.7218484625280521,20.552731779394737,K32_R2_local
both_degraded,105.91891240849498,103.8041386430755,True,0.08377120000000002,10.471400000000003,105.114,0.2142732545629622,0.5493580545808774,0.5493580545808774,17.047324719722365,K32_R2_local
both_degraded,83.38343908408991,85.45348423788222,True,0.08377120000000002,10.471400000000003,105.114,0.3724944225918331,0.7075792226097483,0.7075792226097483,17.803509244543697,K32_R2_local
ecg_missing,107.71416035911008,107.73480662983422,True,0.08377120000000002,10.471400000000003,105.114,0.4136918708766554,0.7487766708945706,0.7487766708945706,16.038201956946804,K32_R2_local
ecg_missing,69.1231557260705,71.73219978746015,True,0.08377120000000002,10.471400000000003,105.114,0.41451603386764246,0.7496008338855576,0.7496008338855576,17.749973553184176,K32_R2_local
ecg_missing,109.49302846074505,109.55056179775279,True,0.08377120000000002,10.471400000000003,105.114,0.4139144938999977,0.7489992939179129,0.7489992939179129,16.476842952126894,K32_R2_local
both_degraded,62.72151384492836,105.35697189125635,True,0.0958096,11.976199999999999,117.426,0.006408371319075585,0.3896467797649758,0.3896467797649758,20.71405487106981,K32_R8_local
ppg_degraded,96.3794062933608,96.24086799023357,True,0.0958096,11.976199999999999,97.68598857142857,0.23207276096296903,0.6153639054643529,0.6153111609634094,8.429994308802492,K32_R8_edge
ecg_missing,70.12889228888719,110.36049448725977,False,0.1198864,14.985800000000001,142.05,-0.4797821073672061,0.7490194891096777,0.0016240073690658517,6.3011724991605975,K32_R20_local
both_degraded,100.1061002157632,101.2525789555673,True,0.08377120000000002,10.471400000000003,105.114,0.2858143096682989,0.6208991096862141,0.6208991096862141,18.949264114954282,K32_R2_local
ecg_missing,52.13630696445729,52.14368482039397,True,0.1198864,14.985800000000001,142.05,0.26830237635720783,0.7497085008665814,0.7497084910934798,7.935695705172988,K32_R20_local
ecg_degraded,68.7366957186144,95.46172834015024,False,0.0958096,11.976199999999999,117.426,-0.3832384084459002,0.6140214185010635,4.135224321080795e-28,5.237561181244859,K32_R8_local
ecg_degraded,105.43368367918774,105.40540540540543,True,0.08377120000000002,10.471400000000003,105.114,0.3810518090475504,0.7161366090654656,0.7161366090654656,18.61599749925325,K32_R2_local
ppg_degraded,96.37745411430045,96.4117800005303,True,0.08377120000000002,10.471400000000003,105.114,0.39241442982605457,0.7274992298439698,0.7274992298439698,19.572924737411277,K32_R2_local
ppg_missing,79.09966903033526,81.08108108108108,True,0.0958096,11.976199999999999,97.68598857142857,0.3478726699266124,0.7311111018114338,0.7311110699270528,8.954425214681365,K32_R8_edge
both_degraded,72.67790376569972,79.26022160916736,False,0.0958096,11.976199999999999,117.426,-0.38323795706940617,0.5797340708003182,4.513764939963421e-07,6.316473335936423,K32_R8_local
both_clean,106.65559450524101,106.6518740426598,True,0.08377120000000002,10.471400000000003,105.114,0.39669807446711225,0.7317828744850274,0.7317828744850274,16.262411629757647,K32_R2_local
