regime,hr_true,hr_delivered,decode_success,energy_j,power_mw,latency_ms,reward,piv,u_pir,snr_db,arm
ppg_degraded,55.13895002861746,73.28834386368452,True,0.0958096,11.976199999999999,117.426,0.14271391027341124,0.5259523187193115,0.5259523187193115,19.08078167194579,K32_R8_local
ppg_degraded,64.20863039576598,85.45348423788222,False,0.0958096,11.976199999999999,117.426,-0.38323840820960875,0.5380650525481827,2.362914565528775e-10,6.062048386051968,K32_R8_local
ecg_missing,98.0764679123838,98.03921568627453,True,0.0958096,11.976199999999999,117.426,0.36557178257427647,0.7488101910201767,0.7488101910201767,17.485621951329943,K32_R8_local
ecg_degraded,84.92972216386207,105.97826086956522,False,0.0958096,11.976199999999999,117.426,-0.38006077791898635,0.6648057948097164,0.0031776305269138254,6.77377083698891,K32_R8_local
ecg_degraded,55.64771853442395,65.71741511500548,False,0.0958096,11.976199999999999,117.426,-0.38322682573678907,0.5505012750016458,1.1582709111113973e-05,6.457962060150243,K32_R8_local
ecg_missing,75.98761641418842,75.98784194528875,True,0.0958096,11.976199999999999,117.426,0.36605324330318867,0.7492916517490888,0.7492916517490888,19.258887137674233,K32_R8_local
ecg_degraded,78.74307788845005,78.99615275148658,True,0.0958096,11.976199999999999,117.426,0.285769481009591,0.6690078894554912,0.6690078894554912,17.397827415526162,K32_R8_local
both_degraded,59.584334878224716,86.64526840847113,True,0.0958096,11.976199999999999,117.426,0.06501397110183312,0.44825237954773334,0.44825237954773334,17.22562070047674,K32_R8_local
ppg_degraded,94.07462908455287,94.35625497186761,True,0.0958096,11.976199999999999,117.426,0.2629224036223107,0.6461608120682109,0.6461608120682109,19.930476844708423,K32_R8_local
ppg_degraded,56.82032119528421,69.71142955035012,True,0.0958096,11.976199999999999,117.426,0.22869979582661099,0.6119382042725112,0.6119382042725112,18.34873376183184,K32_R8_local
ppg_degraded,73.47369142973972,77.71920112312594,True,0.0958096,11.976199999999999,117.426,0.2199968684970674,0.6032352769429676,0.6032352769429676,16.913297020928837,K32_R8_local
ppg_missing,81.00441095728182,109.94764397905755,False,0.0958096,11.976199999999999,117.426,-0.3832384084459002,0.7281622526828706,7.818884721156418e-37,4.9656336211134615,K32_R8_local
ecg_missing,75.83768122485067,75.84269662921348,True,0.0958096,11.976199999999999,117.426,0.3661191880420973,0.7493575964879975,0.7493575964879975,18.03845735062822,K32_R8_local
ecg_missing,85.20791428628844,85.22727272727275,True,0.0958096,11.976199999999999,117.426,0.3667293670705085,0.7499677755164087,0.7499677755164087,14.267210465255449,K32_R8_local
both_clean,94.27026723752961,94.24083769633508,True,0.0958096,11.976199999999999,117.426,0.3517773803395069,0.7350157887854071,0.7350157887854071,18.82384497147178,K32_R8_local
both_clean,107.3760352901659,107.37885462555063,True,0.0958096,11.976199999999999,117.426,0.34893550260936246,0.7321739110552626,0.7321739110552626,19.202433830094662,K32_R8_local
ppg_degraded,67.05206982492749,68.02977092299554,True,0.0958096,11.976199999999999,117.426,0.3457226760275539,0.7289610844734541,0.7289610844734541,16.294270146694704,K32_R8_local
ppg_missing,88.9128324247895,81.47495223898446,False,0.0958096,11.976199999999999,117.426,-0.38323828426673556,0.7224906573921615,1.2417916459922653e-07,6.258934409224545,K32_R8_local
ppg_missing,91.77295980020932,91.76863181312571,True,0.0958096,11.976199999999999,117.426,0.33675933840341676,0.7199977468493169,0.7199977468493169,19.86611407086793,K32_R8_local
both_degraded,67.56324494074923,70.89733408956609,True,0.0958096,11.976199999999999,117.426,0.3089143612578752,0.6921527697037754,0.6921527697037754,21.54101306780478,K32_R8_local
both_degraded,50.08940501053017,96.39572633576365,True,0.0958096,11.976199999999999,117.426,0.06743589079244101,0.45067429923834124,0.45067429923834124,19.440919223711525,K32_R8_local
ecg_degraded,108.40761648598476,108.47107438016529,True,0.0958096,11.976199999999999,117.426,0.24349058618787484,0.6267289946337751,0.6267289946337751,18.113000103959273,K32_R8_local
ppg_missing,67.90407338101254,69.87577639751552,True,0.0958096,11.976199999999999,117.426,0.3523249828796955,0.7355633913255957,0.7355633913255957,16.596613190739145,K32_R8_local
ppg_degraded,68.8391601220602,74.23141069795477,True,0.0958096,11.976199999999999,117.426,0.1894741289085286,0.5727125373544288,0.5727125373544288,16.858218508031232,K32_R8_local
ecg_degraded,103.50266422670943,103.50318471337584,True,0.0958096,11.976199999999999,117.426,0.2870754657441996,0.6703138741900998,0.6703138741900998,14.790331896485673,K32_R8_local
ppg_missing,85.10977639345448,85.13931888544893,True,0.0958096,11.976199999999999,117.426,0.3468292821441139,0.7300676905900141,0.7300676905900141,16.178838554896668,K32_R8_local
ppg_degraded,78.27857991090988,103.9445628997868,False,0.0958096,11.976199999999999,117.426,-0.3832384083618562,0.7001889927290793,8.404398550206819e-11,6.024195312842194,K32_R8_local
ecg_degraded,96.39662057892897,96.40396109222124,True,0.0958096,11.976199999999999,117.426,0.28509028651139157,0.6683286949572917,0.6683286949572917,14.390841144065615,K32_R8_local
ecg_degraded,51.82076045974827,69.72472693847587,True,0.0958096,11.976199999999999,117.426,0.1438053726275827,0.5270437810734829,0.5270437810734829,16.19509096984895,K32_R8_local
ppg_missing,92.41790573933741,92.49743062692704,True,0.0958096,11.976199999999999,117.426,0.34508175676399766,0.7283201652098978,0.7283201652098978,16.364210799061336,K32_R8_local
ppg_missing,72.45463000870825,72.42489270386267,True,0.0958096,11.976199999999999,117.426,0.3527412604304627,0.7359796688763629,0.7359796688763629,17.652966996561204,K32_R8_local
ppg_missing,55.45116281025547,57.5027382256298,True,0.0958096,11.976199999999999,117.426,0.2632161750727917,0.7416110032983791,0.6464545835186919,7.669724238649072,K32_R8_local
both_degraded,89.63000404567369,89.61947076020526,True,0.0958096,11.976199999999999,117.426,0.23669197590764207,0.6199303843535423,0.6199303843535423,19.733307034604117,K32_R8_local
ppg_missing,105.88783128448128,110.55563032265526,False,0.0958096,11.976199999999999,117.426,-0.01972366921578476,0.7132899626213032,0.36351473923011546,7.382884309718848,K32_R8_local
ppg_degraded,62.431470084860074,80.14727539228669,True,0.0958096,11.976199999999999,117.426,0.13265393010417298,0.5158923385500732,0.5158923385500732,15.924234985115353,K32_R8_local
ecg_missing,87.80541198712058,87.71929824561404,True,0.0958096,11.976199999999999,117.426,0.3651319398098011,0.7490629690024407,0.7483703482557013,8.231667687162915,K32_R8_local
ppg_missing,67.88978543944549,69.87577639751552,True,0.0958096,11.976199999999999,117.426,0.35042126832183385,0.733659676767734,0.733659676767734,17.302058922608655,K32_R8_local
ecg_missing,94.50540080415982,94.50171821305842,True,0.0958096,11.976199999999999,117.426,0.3656707173625874,0.7489091258084876,0.7489091258084876,15.28332816044756,K32_R8_local
ecg_degraded,93.32988848852705,93.93294717804355,True,0.0958096,11.976199999999999,117.426,0.23525186797890546,0.6184902764248057,0.6184902764248057,19.434458502344942,K32_R8_local
ecg_missing,63.12292547412827,63.10096153846154,True,0.0958096,11.976199999999999,117.426,0.36644141853584267,0.7496798269817428,0.7496798269817428,17.884344312372626,K32_R8_local
ecg_missing,99.79321245645875,101.2920864430635,False,0.0958096,11.976199999999999,117.426,-0.38128198343843783,0.7488907688152345,0.0019564250074623228,6.730178920909883,K32_R8_local
ecg_degraded,89.4591326523946,89.38244853737812,True,0.0958096,11.976199999999999,117.426,0.24182862508854203,0.6250670335344423,0.6250670335344423,15.33252090399184,K32_R8_local
ppg_degraded,90.96793447162102,92.01359762030347,True,0.0958096,11.976199999999999,117.426,0.33954851510814554,0.7227869235540457,0.7227869235540457,17.409392010625922,K32_R8_local
both_degraded,99.2045450102321,63.29113924050633,False,0.0958096,11.976199999999999,117.426,-0.38112839530456644,0.6579377134320831,0.0021100131413337394,6.744629661357536,K32_R8_local
ppg_missing,75.71437425790772,75.67264573991032,True,0.0958096,11.976199999999999,117.426,0.3377847276338619,0.7210231360797621,0.7210231360797621,15.464619107588417,K32_R8_local
ppg_degraded,95.52232766929514,52.14368482039397,False,0.0958096,11.976199999999999,117.426,-0.38323840844589685,0.7166853997832262,3.3354330284982716e-15,5.76783372591395,K32_R8_local
ecg_degraded,102.70881107997523,102.73972602739728,True,0.0958096,11.976199999999999,117.426,0.34342657875909155,0.7266649872049917,0.7266649872049917,19.083013892404505,K32_R8_local
ppg_missing,56.139195315324464,56.14973262032085,True,0.0958096,11.976199999999999,117.426,0.3555034219969343,0.7387418304428345,0.7387418304428345,17.580921235285093,K32_R8_local
both_degraded,100.98610024796923,101.71218239111037,True,0.0958096,11.976199999999999,117.426,0.1481044267016936,0.5313428351475938,0.5313428351475938,15.230208091669285,K32_R8_local
both_clean,73.6356399579401,73.64932308327285,True,0.0958096,11.976199999999999,117.426,0.3578238537657503,0.7410622622116505,0.7410622622116505,16.357562100098374,K32_R8_local
both_degraded,78.7810354107365,103.9445628997868,False,0.0958096,11.976199999999999,117.426,-0.3831679819729281,0.710743825527808,7.042647297205027e-05,6.534547740290238,K32_R8_local
ecg_degraded,58.78007418549191,76.01360311416364,True,0.0958096,11.976199999999999,117.426,0.13260319432216977,0.51584160276807,0.51584160276807,19.28348361133992,K32_R8_local
ecg_degraded,91.90558069682561,91.89937110158161,True,0.0958096,11.976199999999999,117.426,0.3355421294291453,0.7187805378750455,0.7187805378750455,16.90430844454884,K32_R8_local
ppg_degraded,67.51871695927106,69.1580819280792,True,0.0958096,11.976199999999999,117.426,0.3417715331428146,0.7250099415887148,0.7250099415887148,16.96877617502698,K32_R8_local
ecg_degraded,102.26834898761535,102.6785960297749,True,0.0958096,11.976199999999999,117.426,0.2380379701457978,0.621276378591698,0.621276378591698,17.530563595225757,K32_R8_local
both_degraded,66.52246261688462,69.25399717908397,True,0.0958096,11.976199999999999,117.426,0.28287956624875155,0.6661179746946517,0.6661179746946517,17.569037829383497,K32_R8_local
ecg_degraded,83.7085831238534,84.3219061361281,True,0.0958096,11.976199999999999,117.426,0.28420268010007566,0.6674410885459758,0.6674410885459758,18.81834484117689,K32_R8_local
both_degraded,73.97937326782716,74.01315789473685,True,0.0958096,11.976199999999999,117.426,0.2780314227917696,0.6612698312376698,0.6612698312376698,15.345796573142277,K32_R8_local
ecg_missing,86.77456951414635,89.38244853737814,True,0.0958096,11.976199999999999,117.426,0.3659101620162979,0.7491485704621981,0.7491485704621981,19.13885598706652,K32_R8_local
ecg_degraded,61.798354386327425,83.93717532576376,True,0.0958096,11.976199999999999,117.426,0.14263031454588865,0.5258687229917889,0.5258687229917889,17.443439294804524,K32_R8_local
ppg_missing,60.81725245058571,60.8342989571263,True,0.0958096,11.976199999999999,117.426,0.3540229802507695,0.7372613886966697,0.7372613886966697,21.053139480439793,K32_R8_local
both_degraded,94.81162313899029,94.78048416957061,True,0.0958096,11.976199999999999,117.426,0.27734698832900995,0.6605853967749101,0.6605853967749101,19.720820486970734,K32_R8_local
ppg_degraded,95.13340510215664,95.18546873141284,True,0.0958096,11.976199999999999,117.426,0.3121618480021964,0.6954004877620642,0.6954002564480966,8.824933516864307,K32_R8_local
ppg_missing,84.01867246717474,83.986562150056,True,0.0958096,11.976199999999999,117.426,0.3431616464536811,0.7264000548995813,0.7264000548995813,19.458856723201233,K32_R8_local
ppg_missing,105.2647806369758,105.29157667386612,True,0.0958096,11.976199999999999,117.426,0.33122519392118666,0.7144636023670868,0.7144636023670868,19.0556101220798,K32_R8_local
both_clean,62.34650289374113,64.62465543747028,True,0.0958096,11.976199999999999,117.426,0.35870083274470477,0.741939241190605,0.741939241190605,21.082582358900392,K32_R8_local
ppg_missing,101.0540674754991,70.82896117523609,False,0.0958096,11.976199999999999,117.426,-0.38321068709282663,0.7194929901141099,2.7721353073567227e-05,6.486936255685467,K32_R8_local
ecg_missing,60.13923867962517,60.13745704467354,True,0.0958096,11.976199999999999,117.426,0.36636275886078806,0.7496011673066882,0.7496011673066882,18.858918020641084,K32_R8_local
ecg_missing,107.86146325365678,107.85398230088494,True,0.0958096,11.976199999999999,117.426,0.36556462861466377,0.748803037060564,0.748803037060564,16.85900030048657,K32_R8_local
both_clean,87.4215636863691,100.16327939015676,False,0.0958096,11.976199999999999,117.426,-0.30177862588233983,0.7382640299169095,0.08145978256356032,7.0813997145289616,K32_R8_local
both_degraded,86.41302728060089,90.44515603412677,True,0.0958096,11.976199999999999,117.426,0.2064233784549328,0.589661786900833,0.589661786900833,17.668168359347195,K32_R8_local
both_clean,108.23352578795743,108.24742268041236,True,0.0958096,11.976199999999999,117.426,0.3487495128581586,0.7319879213040588,0.7319879213040588,18.905803616185988,K32_R8_local
ecg_missing,97.22196282732627,97.2972972972973,True,0.0958096,11.976199999999999,117.426,0.36593424395146745,0.7491726523973676,0.7491726523973676,14.644951784771262,K32_R8_local
ecg_missing,97.39504856531326,97.40259740259742,True,0.0958096,11.976199999999999,117.426,0.3667561503462742,0.7499945587921744,0.7499945587921744,18.071382060607313,K32_R8_local
both_degraded,53.24562547225791,106.76005213864316,True,0.0958096,11.976199999999999,117.426,0.0370121164006987,0.4202505248465989,0.4202505248465989,17.209044558521168,K32_R8_local
ecg_degraded,72.1571783656652,78.94339730435543,True,0.0958096,11.976199999999999,117.426,0.19845759960102188,0.5856746410740297,0.5816960080469221,8.04077912802265,K32_R8_local
ppg_missing,55.09368632992808,55.08919202518363,True,0.0958096,11.976199999999999,117.426,0.3542079827300664,0.7374463911759666,0.7374463911759666,17.92838258621738,K32_R8_local
both_clean,61.61165488793087,61.61971830985915,True,0.0958096,11.976199999999999,117.426,0.35997910868663696,0.7432175171325371,0.7432175171325371,19.44203885597395,K32_R8_local
ecg_missing,62.83201944152883,61.664953751284685,False,0.0958096,11.976199999999999,117.426,-0.3832194197271714,0.749547595490157,1.8988718728792948e-05,6.466738529707595,K32_R8_local
both_degraded,101.51851592995426,102.24226003048474,True,0.0958096,11.976199999999999,117.426,0.2762364823741089,0.6594947515779762,0.6594748908200091,8.510378273088637,K32_R8_local
ppg_degraded,57.60529878309833,77.25842329202426,True,0.0958096,11.976199999999999,117.426,0.1293390176696388,0.512577426115539,0.512577426115539,16.573605311522886,K32_R8_local
both_degraded,67.80546610336697,74.65527767313476,True,0.0958096,11.976199999999999,117.426,0.19521846535932436,0.5784568738052246,0.5784568738052246,17.699502574567642,K32_R8_local
ecg_degraded,79.57081873545995,80.21827617279553,True,0.0958096,11.976199999999999,117.426,0.3344515166776314,0.7176899251235316,0.7176899251235316,18.287273568256754,K32_R8_local
ppg_degraded,100.96762467137222,101.06517901043097,True,0.0958096,11.976199999999999,117.426,0.25062013738451794,0.6338585458304181,0.6338585458304181,17.947754984925066,K32_R8_local
ppg_missing,107.91388525024253,107.85398230088492,True,0.0958096,11.976199999999999,117.426,0.3380555985774609,0.7212940070233611,0.7212940070233611,16.541139348220966,K32_R8_local
both_degraded,92.4886862412345,92.66847964205189,True,0.0958096,11.976199999999999,117.426,0.24276584388632189,0.6260042523322221,0.6260042523322221,17.138917545623933,K32_R8_local
ppg_degraded,62.821233165832886,80.38585209003216,False,0.0958096,11.976199999999999,117.426,-0.3832384084459002,0.5247127407575443,5.2770971297586736e-27,5.278038486237248,K32_R8_local
both_degraded,82.69896088748024,90.89701999363449,True,0.0958096,11.976199999999999,117.426,0.051648856112702556,0.43488726455860277,0.43488726455860277,20.85469934777824,K32_R8_local
ppg_missing,92.35754257921322,92.3852183650616,True,0.0958096,11.976199999999999,117.426,0.3394971649258822,0.7227355733717824,0.7227355733717824,15.634257800784116,K32_R8_local
both_degraded,53.11295166359751,102.1696172456871,True,0.0958096,11.976199999999999,117.426,0.04005781056346482,0.42329621900936504,0.42329621900936504,15.203509174034007,K32_R8_local
ppg_missing,90.79305003344429,90.75907590759077,True,0.0958096,11.976199999999999,117.426,0.33897269630261895,0.7269591996542669,0.7222111047485191,8.044849516012466,K32_R8_local
ppg_missing,72.09691010834487,72.11538461538461,True,0.0958096,11.976199999999999,117.426,0.3657516291268339,0.7489900375727341,0.7489900375727341,18.414791390210908,K32_R8_local
ppg_degraded,85.3820172067525,86.45838060839037,True,0.0958096,11.976199999999999,117.426,0.3401493285626247,0.7233877370085249,0.7233877370085249,17.311253335774605,K32_R8_local
ecg_missing,90.1719968684999,84.68459532555174,False,0.0958096,11.976199999999999,117.426,-0.38323834546121766,0.7491051756632002,6.298468249931522e-08,6.232980134725989,K32_R8_local
ppg_missing,90.14764976875614,90.16393442622952,True,0.0958096,11.976199999999999,117.426,0.3400169861989726,0.7232553946448728,0.7232553946448728,15.2802747660044,K32_R8_local
both_degraded,81.38298653155138,85.19732137805885,True,0.0958096,11.976199999999999,117.426,0.12236665228656958,0.5056050607324698,0.5056050607324698,19.287208284438424,K32_R8_local
ecg_missing,83.28424594790536,83.24084350721422,True,0.0958096,11.976199999999999,117.426,0.36572681483939606,0.7489652232852962,0.7489652232852962,17.255660709155027,K32_R8_local
ppg_degraded,61.888982816811975,79.68109662206331,True,0.0958096,11.976199999999999,117.426,0.1395426487972829,0.5227810572431831,0.5227810572431831,17.55408004579055,K32_R8_local
ppg_missing,79.71124349212413,79.70244420828907,True,0.0958096,11.976199999999999,117.426,0.34520075152810326,0.7284391599740034,0.7284391599740034,19.92140057487484,K32_R8_local
both_clean,57.524568358715186,57.534061401554496,True,0.0958096,11.976199999999999,117.426,0.3614950735092419,0.7447334819551421,0.7447334819551421,18.952082601108906,K32_R8_local
both_degraded,78.84482011556386,78.85936162243233,True,0.0958096,11.976199999999999,117.426,0.2449386937043579,0.6281771021502581,0.6281771021502581,18.402425899373583,K32_R8_local
ecg_degraded,82.17469553418869,84.86131225763538,True,0.0958096,11.976199999999999,117.426,0.2258789757034661,0.6091173841493663,0.6091173841493663,19.379137151911397,K32_R8_local
ecg_degraded,96.44628897861911,96.46302250803859,True,0.0958096,11.976199999999999,117.426,0.28668865061282855,0.6699270590587287,0.6699270590587287,18.166018745631366,K32_R8_local
ppg_degraded,73.61988757965115,75.11089749337995,True,0.0958096,11.976199999999999,117.426,0.34455115949626236,0.7277895679421625,0.7277895679421625,18.325257398970958,K32_R8_local
ecg_missing,51.17602511309657,51.19453924914676,True,0.0958096,11.976199999999999,117.426,0.3664654962967674,0.7497039047426676,0.7497039047426676,16.394006037408516,K32_R8_local
ppg_missing,81.66499599281019,94.22618400925535,False,0.0958096,11.976199999999999,117.426,-0.3657065243154175,0.7322855181426773,0.017531884130482664,6.909090230818047,K32_R8_local
both_degraded,62.31394954700527,117.79638057802771,True,0.0958096,11.976199999999999,117.426,0.002089917703696726,0.3853285995404899,0.38532832614959694,8.774958639574823,K32_R8_local
ecg_missing,94.47545139166212,92.80089988751408,False,0.0958096,11.976199999999999,117.426,-0.3832372533569911,0.7490303479827679,1.1550889090947394e-06,6.343846287447332,K32_R8_local
both_clean,73.3218338250042,73.28990228013029,True,0.0958096,11.976199999999999,117.426,0.3568783970343391,0.7401168054802393,0.7401168054802393,19.150708942427727,K32_R8_local
ppg_degraded,72.82838984796814,57.42690488631234,False,0.0958096,11.976199999999999,117.426,-0.37868548468326996,0.6651443788252706,0.0045529237626302085,6.8012672858928065,K32_R8_local
both_degraded,104.56727478615781,104.5517416070813,True,0.0958096,11.976199999999999,117.426,0.2383279099778967,0.621566318423797,0.621566318423797,18.491910672127574,K32_R8_local
ecg_missing,73.57822663731254,82.9986995412737,False,0.0958096,11.976199999999999,117.426,-0.3832384069312488,0.7498248543757913,1.5146514299759748e-09,6.108555717879779,K32_R8_local
ecg_degraded,70.9310946290934,76.65357838255193,False,0.0958096,11.976199999999999,117.426,-0.38128471672379116,0.7220334200588998,0.00195369172210904,6.732630291960838,K32_R8_local
ecg_missing,70.88118412149537,70.90336134453781,True,0.0958096,11.976199999999999,117.426,0.36603832694891714,0.7492767353948173,0.7492767353948173,17.999321371165582,K32_R8_local
both_degraded,78.84593421815492,79.47200598202087,True,0.0958096,11.976199999999999,117.426,0.24200471595589806,0.6252431244017983,0.6252431244017983,17.268734453634533,K32_R8_local
ppg_missing,55.59752652508483,55.61440677966101,True,0.0958096,11.976199999999999,117.426,0.3523874194167348,0.735625827862635,0.735625827862635,16.66280970612829,K32_R8_local
ppg_missing,82.80484447674289,57.5027382256298,False,0.0958096,11.976199999999999,117.426,-0.3743422369560266,0.7297126847514928,0.008896171489873591,6.848390090199792,K32_R8_local
ppg_degraded,105.28564772202691,105.24348814058905,True,0.0958096,11.976199999999999,117.426,0.2224899764803861,0.6344007526485463,0.6057283849262863,7.821533417238466,K32_R8_local
ecg_missing,83.7753238927842,61.664953751284685,False,0.0958096,11.976199999999999,117.426,-0.383238363712929,0.7493535903717823,4.473297118199974e-08,6.2208126039356975,K32_R8_local
ecg_missing,94.63461244103283,94.71871412169921,True,0.0958096,11.976199999999999,117.426,0.365803941776895,0.7490423502227952,0.7490423502227952,15.711271099926176,K32_R8_local
ecg_missing,106.82843978994063,92.80089988751408,False,0.0958096,11.976199999999999,117.426,0.00978660638076186,0.7486485412616505,0.3930250148266621,7.3925232991559975,K32_R8_local
ecg_missing,100.52692322593484,104.18393056097594,False,0.0958096,11.976199999999999,117.426,-0.3816078916444192,0.7489289818426792,0.0016305168014809613,6.71761019032201,K32_R8_local
ppg_degraded,94.64038061674887,96.30350193163054,True,0.0958096,11.976199999999999,117.426,0.24003196767407958,0.6232703761199798,0.6232703761199798,16.58997172196952,K32_R8_local
ecg_degraded,98.78982435167364,98.78856479829167,True,0.0958096,11.976199999999999,117.426,0.3330856390368484,0.7163240474827486,0.7163240474827486,17.13687647695836,K32_R8_local
ppg_degraded,99.2083424976174,99.46641387231512,True,0.0958096,11.976199999999999,117.426,0.25265378413031103,0.6358921925762112,0.6358921925762112,18.82095048998143,K32_R8_local
both_degraded,65.22531168572199,105.9178672785821,True,0.0958096,11.976199999999999,117.426,0.014390168191720249,0.39762857663762047,0.39762857663762047,17.830162259714236,K32_R8_local
ecg_degraded,78.91778283130296,78.90816452291514,True,0.0958096,11.976199999999999,117.426,0.3292796313727375,0.7125356054815858,0.7125180398186377,8.525377737354457,K32_R8_local
both_degraded,70.5630050395109,70.51225382906338,True,0.0958096,11.976199999999999,117.426,0.3333982819641095,0.7166366904100097,0.7166366904100097,17.668798207812173,K32_R8_local
ecg_degraded,65.70399761771925,72.80676074757237,True,0.0958096,11.976199999999999,117.426,0.2860510122433172,0.6692894206892174,0.6692894206892174,15.949987054160728,K32_R8_local
ppg_degraded,84.29309498735783,84.1799195253489,True,0.0958096,11.976199999999999,117.426,0.3310547058632598,0.71429311430916,0.71429311430916,17.81307180696548,K32_R8_local
both_clean,69.07315537045541,75.66084380003245,False,0.0958096,11.976199999999999,117.426,0.12439293317048979,0.7428816037793351,0.50763134161639,7.497615207054625,K32_R8_local
ecg_degraded,87.11939274635914,87.11721224920804,True,0.0958096,11.976199999999999,117.426,0.2824908221562221,0.6657292306021223,0.6657292306021223,16.94192545420351,K32_R8_local
ppg_missing,84.94499181630542,89.14038678079451,False,0.0958096,11.976199999999999,117.426,-0.3822011611416934,0.7275719953894573,0.0010372473042068008,6.689346077339685,K32_R8_local
ecg_missing,56.263938462918276,56.27009646302251,True,0.0958096,11.976199999999999,117.426,0.36649318925874497,0.7497315977046451,0.7497315977046451,20.718688207116948,K32_R8_local
ppg_degraded,76.54505909354502,63.29113924050633,False,0.0958096,11.976199999999999,117.426,-0.381934342220497,0.7133902200034745,0.0013040662254031792,6.705788896230522,K32_R8_local
ppg_missing,73.39129243881318,73.36956521739131,True,0.0958096,11.976199999999999,117.426,0.3462111155804013,0.7294495240263015,0.7294495240263015,17.618293100047072,K32_R8_local
ecg_degraded,92.39914466602308,92.90888586336027,True,0.0958096,11.976199999999999,117.426,0.33612294068100657,0.7193613491269067,0.7193613491269067,16.224937137089587,K32_R8_local
ecg_missing,55.28797062862314,79.27274071525106,False,0.0958096,11.976199999999999,117.426,-0.3832384084459002,0.7496683292206888,6.3002886102461614e-24,5.384269037714534,K32_R8_local
ppg_missing,60.13749034759984,62.11180124223603,True,0.0958096,11.976199999999999,117.426,0.354903526995747,0.7381419354416472,0.7381419354416472,18.108116296256455,K32_R8_local
ecg_missing,80.75584735732947,85.37437533019398,False,0.0958096,11.976199999999999,117.426,-0.3832384084459002,0.7490793084055121,3.946047869806568e-20,5.536456139238522,K32_R8_local
ppg_degraded,74.27562373086893,74.17910761306423,True,0.0958096,11.976199999999999,117.426,0.3384041343193176,0.7216425427652178,0.7216425427652178,14.554870140895494,K32_R8_local
both_clean,89.92080081090316,90.83700222701592,True,0.0958096,11.976199999999999,117.426,0.3506038426343355,0.7338422510802357,0.7338422510802357,18.578801854553358,K32_R8_local
ecg_missing,69.97140126535102,70.02074688796681,True,0.0958096,11.976199999999999,117.426,0.36631829942350747,0.7495567078694076,0.7495567078694076,14.604919952516315,K32_R8_local
ppg_degraded,61.83312610069976,81.84661553201984,True,0.0958096,11.976199999999999,117.426,0.12620378112060732,0.5094421895665076,0.5094421895665076,17.170461356223264,K32_R8_local
both_clean,105.91072539585171,105.9192137065007,True,0.0958096,11.976199999999999,117.426,0.3468237388624258,0.730062147308326,0.730062147308326,16.216321000223637,K32_R8_local
ecg_missing,64.6337895993821,64.6551724137931,True,0.0958096,11.976199999999999,117.426,0.36672710518194873,0.7499655136278489,0.7499655136278489,16.855270393350146,K32_R8_local
ppg_missing,58.82385844599408,70.77780883037684,False,0.0958096,11.976199999999999,117.426,-0.2356184852632054,0.7414150957765444,0.14761992318269485,7.170909716910736,K32_R8_local
ppg_missing,66.7936492590928,69.80351602895553,True,0.0958096,11.976199999999999,117.426,0.35359893177964963,0.7368993848878186,0.7368373402255498,8.431395595297673,K32_R8_local
ecg_missing,70.38346264091189,70.38581856100105,True,0.0958096,11.976199999999999,117.426,0.36615734016113777,0.749395748607038,0.749395748607038,19.186065768720344,K32_R8_local
ppg_missing,63.50695955956169,63.492063492063494,True,0.0958096,11.976199999999999,117.426,0.34820704857057594,0.7314454570164761,0.7314454570164761,20.318953955606712,K32_R8_local
ecg_degraded,82.17898706383484,82.9986995412737,True,0.0958096,11.976199999999999,117.426,0.33344952415867246,0.716687934718917,0.7166879326045726,9.117430632630443,K32_R8_local
ecg_degraded,106.21603074006195,79.97951590975798,False,0.0958096,11.976199999999999,117.426,-0.35763566784997597,0.7156793873608801,0.0256027405959242,6.948820780547142,K32_R8_local
ppg_missing,57.561131090906635,57.56578947368421,True,0.0958096,11.976199999999999,117.426,0.3552652115215176,0.7385036199674178,0.7385036199674178,16.84248603404076,K32_R8_local
ecg_degraded,74.9098767730012,74.91675915649279,True,0.0958096,11.976199999999999,117.426,0.34016033960937586,0.723398748055276,0.723398748055276,19.175298805193698,K32_R8_local
both_degraded,90.08944646203821,90.83147155336634,True,0.0958096,11.976199999999999,117.426,0.2339501089890283,0.6171885174349285,0.6171885174349285,16.031905999996763,K32_R8_local
both_degraded,103.08289894912453,103.12005836103647,True,0.0958096,11.976199999999999,117.426,0.2871133289158918,0.670351737361792,0.670351737361792,17.676392081080103,K32_R8_local
ecg_degraded,109.98818169711188,109.99646621395803,True,0.0958096,11.976199999999999,117.426,0.28128184770586984,0.66452025615177,0.66452025615177,18.009354424130382,K32_R8_local
both_clean,58.61821678086113,58.626500712268175,True,0.0958096,11.976199999999999,117.426,0.3658533158537127,0.7490917242996129,0.7490917242996129,20.400669081358213,K32_R8_local
ecg_missing,82.23786346563897,82.23684210526316,True,0.0958096,11.976199999999999,117.426,0.36602977520892255,0.7492681836548227,0.7492681836548227,14.986977994124913,K32_R8_local
both_degraded,102.87203172352952,74.7141685828409,False,0.0958096,11.976199999999999,117.426,-0.3832384084459001,0.6134508655150402,8.285845377637274e-17,5.6909481236321415,K32_R8_local
both_clean,53.18178049150531,53.19148936170213,True,0.0958096,11.976199999999999,117.426,0.3666452296581906,0.7498836381040908,0.7498836381040908,18.466017679502,K32_R8_local
ecg_degraded,85.29758935134751,86.1361909117057,True,0.0958096,11.976199999999999,117.426,0.28405342597113326,0.6672918344170334,0.6672918344170334,19.579584589906883,K32_R8_local
ppg_degraded,60.43468096329762,70.82896117523609,False,0.0958096,11.976199999999999,117.426,-0.38321246191318553,0.5133827543974626,2.594653271463869e-05,6.5003033339352925,K32_R8_local
ppg_degraded,96.06981572992572,87.71929824561404,False,0.0958096,11.976199999999999,117.426,-0.3832313239286881,0.6912991172757103,7.08451721207827e-06,6.424876159133798,K32_R8_local
both_clean,106.25786208361473,106.32497273718649,False,0.0958096,11.976199999999999,117.426,-0.38323840844559787,0.7313594729320737,3.023322036159688e-13,5.87353648829173,K32_R8_local
ecg_degraded,82.29729155964074,83.21896885953949,True,0.0958096,11.976199999999999,117.426,0.3355677155891895,0.7188061240350897,0.7188061240350897,18.039582394201343,K32_R8_local
ecg_missing,50.53798839502615,101.2920864430635,False,0.0958096,11.976199999999999,117.426,-0.35967102148571156,0.7497490568694042,0.02356738696018864,6.935686883026856,K32_R8_local
both_clean,53.855019298882524,54.863857525865605,True,0.0958096,11.976199999999999,117.426,0.3571143576477883,0.7403527660936885,0.7403527660936885,16.913778992887284,K32_R8_local
ppg_missing,74.94211543515334,74.91675915649279,True,0.0958096,11.976199999999999,117.426,0.3513656112011908,0.734604019647091,0.734604019647091,16.983013256284778,K32_R8_local
both_clean,100.83823821390251,100.82730093071356,True,0.0958096,11.976199999999999,117.426,0.35007303046460525,0.7333114389105054,0.7333114389105054,21.586542149889787,K32_R8_local
both_clean,64.20601536021987,65.57930680448885,True,0.0958096,11.976199999999999,117.426,0.35341669233033357,0.7366551007762338,0.7366551007762338,19.227334303943643,K32_R8_local
both_clean,90.14825438793045,90.65571890326396,True,0.0958096,11.976199999999999,117.426,0.33809209778940796,0.7345686533047571,0.7213305062353081,7.934303949356296,K32_R8_local
ppg_missing,74.31847052743595,100.16327939015676,False,0.0958096,11.976199999999999,117.426,-0.3832384084459002,0.7278661787534342,8.386834007343104e-27,5.28010633732305,K32_R8_local
both_degraded,65.90931141008178,83.92273407062366,True,0.0958096,11.976199999999999,117.426,0.07925003265601822,0.46248844110191845,0.46248844110191845,18.136245411874192,K32_R8_local
ppg_missing,92.23334648163122,92.21311475409837,True,0.0958096,11.976199999999999,117.426,0.3363009838790677,0.7195393923249679,0.7195393923249679,15.511845018402381,K32_R8_local
ppg_missing,68.49540534289036,100.16327939015676,False,0.0958096,11.976199999999999,117.426,-0.2986418380853673,0.738012882733668,0.08459657036053286,7.0866367380807525,K32_R8_local
ppg_degraded,72.31285695256935,70.82896117523609,False,0.0958096,11.976199999999999,117.426,-0.3813843234604692,0.6482400709024172,0.0018540849854310189,6.736522303235542,K32_R8_local
ecg_degraded,95.91861852606185,95.93908617566083,True,0.0958096,11.976199999999999,117.426,0.3332517321206585,0.7164901405665587,0.7164901405665587,18.850297811730915,K32_R8_local
ecg_missing,79.71199451594227,82.32711306256861,True,0.0958096,11.976199999999999,117.426,0.36597335478392723,0.7492117632298274,0.7492117632298274,19.214326782634373,K32_R8_local
ecg_degraded,97.03511365730358,97.04588608023936,True,0.0958096,11.976199999999999,117.426,0.2636795934016579,0.6469180018475581,0.6469180018475581,15.44765430138407,K32_R8_local
ppg_degraded,80.97803187020787,81.12502624001814,True,0.0958096,11.976199999999999,117.426,0.343733832919495,0.7275769791386143,0.7269722413653952,8.241126168698006,K32_R8_local
ecg_degraded,59.59829990119988,75.66084380003245,True,0.0958096,11.976199999999999,117.426,0.06835651554442303,0.5208371683945103,0.45159492399032325,7.663898458085101,K32_R8_local
ppg_degraded,76.62186945192359,95.46172834015024,False,0.0958096,11.976199999999999,117.426,-0.3659403983718339,0.7255241982436189,0.017298010074066273,6.908694827662551,K32_R8_local
both_degraded,102.36590375797846,103.10387696280851,True,0.0958096,11.976199999999999,117.426,0.2684273748480961,0.6516657832939963,0.6516657832939963,18.257185640893205,K32_R8_local
ecg_missing,83.8950707020085,86.38743455497384,True,0.0958096,11.976199999999999,117.426,0.36599907923767216,0.7492374876835723,0.7492374876835723,17.596597068562303,K32_R8_local
ecg_missing,107.88893297520958,107.91366906474819,True,0.0958096,11.976199999999999,117.426,0.36573566730932416,0.7489740757552243,0.7489740757552243,18.880254052196324,K32_R8_local
ppg_missing,50.06890482463385,50.055617352614014,True,0.0958096,11.976199999999999,117.426,0.3595251543524487,0.7427635627983489,0.7427635627983489,16.934994427688395,K32_R8_local
ppg_missing,70.42198796310595,70.45929018789144,True,0.0958096,11.976199999999999,117.426,0.35430707182037335,0.7375454802662735,0.7375454802662735,17.28200971860742,K32_R8_local
both_degraded,96.14300925148778,96.051227321238,True,0.0958096,11.976199999999999,117.426,0.22152901243453332,0.6047674208804336,0.6047674208804336,15.587463290199981,K32_R8_local
ppg_degraded,91.16905767911055,91.62332121558373,True,0.0958096,11.976199999999999,117.426,0.317130748771156,0.7003691572170562,0.7003691572170562,17.033028341150658,K32_R8_local
ecg_degraded,83.65871866029298,84.68459532555174,True,0.0958096,11.976199999999999,117.426,-0.051550960199551056,0.6641869222204115,0.33168744824634916,7.376469666719961,K32_R8_local
ecg_missing,89.82458180927652,89.77149075081611,True,0.0958096,11.976199999999999,117.426,0.3660857336675791,0.7493241421134793,0.7493241421134793,18.785781533788622,K32_R8_local
both_clean,102.58585418346323,102.52365930599372,True,0.0958096,11.976199999999999,117.426,0.3465583729724351,0.7297967814183353,0.7297967814183353,18.825485101073635,K32_R8_local
both_degraded,91.01308655186713,93.07135470527405,True,0.0958096,11.976199999999999,117.426,0.32587321164150485,0.709111620087405,0.709111620087405,18.71424411668742,K32_R8_local
ecg_degraded,82.83371352759758,84.79029663722444,True,0.0958096,11.976199999999999,117.426,0.28586907308701337,0.6691074815329136,0.6691074815329136,19.42175891799238,K32_R8_local
ecg_missing,83.7481081650236,83.70535714285715,True,0.0958096,11.976199999999999,117.426,0.3634610064516157,0.7491357913994026,0.7466994148975159,8.114751796111237,K32_R8_local
ecg_missing,89.98261549761753,92.40246406570841,True,0.0958096,11.976199999999999,117.426,0.3659517136874171,0.7491901221333173,0.7491901221333173,17.859202774286075,K32_R8_local
both_degraded,69.43473173024924,70.70341957032049,True,0.0958096,11.976199999999999,117.426,0.299968386137329,0.6832067945832292,0.6832067945832292,18.09461740989275,K32_R8_local
ppg_missing,90.16611237326796,92.11873080859776,True,0.0958096,11.976199999999999,117.426,0.34086154925095336,0.7240999576968535,0.7240999576968535,19.95769747240384,K32_R8_local
ecg_degraded,86.90049921434337,89.2482552596886,True,0.0958096,11.976199999999999,117.426,0.33610570680627483,0.719344115252175,0.719344115252175,14.881037808526273,K32_R8_local
ppg_degraded,97.15464749397273,97.08737864077673,True,0.0958096,11.976199999999999,117.426,0.3138806120078198,0.69711902045372,0.69711902045372,16.307923190052364,K32_R8_local
both_degraded,78.81350818451318,78.78151260504202,True,0.0958096,11.976199999999999,117.426,0.2693399243646244,0.6525783328105246,0.6525783328105246,16.630631084068064,K32_R8_local
ppg_missing,51.620518980139046,51.60550458715596,True,0.0958096,11.976199999999999,117.426,0.3602048002037984,0.7434432086496986,0.7434432086496986,17.47618440281874,K32_R8_local
both_clean,82.21529394256166,63.29113924050633,False,0.0958096,11.976199999999999,117.426,-0.38323840844474627,0.739432653341189,1.1538889485870455e-12,5.906918356780187,K32_R8_local
both_clean,101.46129760624832,101.46130140515946,True,0.0958096,11.976199999999999,117.426,0.35145436313964074,0.7346927715855409,0.7346927715855409,17.227360890908493,K32_R8_local
both_clean,88.40113947345289,109.94764397905755,False,0.0958096,11.976199999999999,117.426,-0.3832384084459002,0.732322421862239,2.794312998223801e-35,5.010123536032456,K32_R8_local
ecg_degraded,88.60834724816158,91.87866932558897,True,0.0958096,11.976199999999999,117.426,0.2865184456165829,0.6697568540624831,0.6697568540624831,16.549538041525246,K32_R8_local
both_clean,73.4569273389808,73.44940152339501,True,0.0958096,11.976199999999999,117.426,0.3576954318899668,0.740933840335867,0.740933840335867,15.698649384459987,K32_R8_local
ecg_degraded,71.39429023685534,71.35306553911205,True,0.0958096,11.976199999999999,117.426,0.2480882036305581,0.6313266120764583,0.6313266120764583,14.747216198012277,K32_R8_local
ppg_missing,93.1344158136128,93.07135470527405,True,0.0958096,11.976199999999999,117.426,0.34287041086777525,0.7261088193136754,0.7261088193136754,15.899980257384163,K32_R8_local
both_clean,54.66667570189368,56.008426847219894,True,0.0958096,11.976199999999999,117.426,0.35750154604527484,0.740739954491175,0.740739954491175,19.23990217512477,K32_R8_local
ppg_degraded,101.98635630726815,102.07936198854202,True,0.0958096,11.976199999999999,117.426,0.2558522376695792,0.6390906461154794,0.6390906461154794,18.300769651437665,K32_R8_local
ppg_degraded,102.57739473463123,103.23690444391418,True,0.0958096,11.976199999999999,117.426,0.3425405237802236,0.7257789322261238,0.7257789322261238,18.606985865052593,K32_R8_local
ecg_degraded,107.74666288099701,107.72417926188709,True,0.0958096,11.976199999999999,117.426,0.23691102159241956,0.6201494300383198,0.6201494300383198,18.38078102189474,K32_R8_local
ppg_degraded,58.14065638578246,76.49674498247931,True,0.0958096,11.976199999999999,117.426,0.15063326476550326,0.5338716732114035,0.5338716732114035,18.683708586082847,K32_R8_local
ecg_missing,56.92265076164068,56.89001264222503,True,0.0958096,11.976199999999999,117.426,0.36648015493248176,0.7497185633783819,0.7497185633783819,18.870528117289908,K32_R8_local
both_clean,103.64131139643285,103.667138020387,True,0.0958096,11.976199999999999,117.426,0.3503955253148697,0.7336339337607699,0.7336339337607699,21.09502873258413,K32_R8_local
both_degraded,74.06752399332557,74.00611021589683,True,0.0958096,11.976199999999999,117.426,0.24864820986802688,0.6318866183139271,0.6318866183139271,16.12738873199014,K32_R8_local
ppg_missing,66.22164884876669,66.2251655629139,True,0.0958096,11.976199999999999,117.426,0.3531373958055555,0.7363758042514557,0.7363758042514557,16.950481911299907,K32_R8_local
both_degraded,72.93287969120779,79.26022160916736,False,0.0958096,11.976199999999999,117.426,-0.38323002004839585,0.5365620088180131,8.388397504350792e-06,6.444129283140397,K32_R8_local
ppg_degraded,89.57023352055253,89.57654723127037,True,0.0958096,11.976199999999999,117.426,0.31955519143304734,0.7027935998789475,0.7027935998789475,18.163899540868293,K32_R8_local
ecg_degraded,59.6896187491107,81.4217309354988,True,0.0958096,11.976199999999999,117.426,0.14614076020599315,0.5293791686518934,0.5293791686518934,17.78572136878186,K32_R8_local
ppg_missing,79.22983348508288,81.25677139761648,True,0.0958096,11.976199999999999,117.426,0.3476326807655632,0.7308710892114634,0.7308710892114634,19.35694611784055,K32_R8_local
ecg_degraded,89.60304485289427,90.60258039386864,True,0.0958096,11.976199999999999,117.426,0.28749964746112355,0.6707380559070237,0.6707380559070237,19.49844845536393,K32_R8_local
ppg_degraded,93.24633017327797,93.31204684720396,True,0.0958096,11.976199999999999,117.426,0.3300596303770814,0.7132980388229816,0.7132980388229816,17.413988008251522,K32_R8_local
ppg_missing,50.735754066253556,50.73280721533258,True,0.0958096,11.976199999999999,117.426,0.35729376250146383,0.740532170947364,0.740532170947364,17.64923282746382,K32_R8_local
ecg_degraded,98.65378549791262,98.68421052631581,True,0.0958096,11.976199999999999,117.426,0.28838801231725164,0.6716264207631518,0.6716264207631518,19.882263549768318,K32_R8_local
ecg_degraded,76.05077596885361,76.94949771191551,True,0.0958096,11.976199999999999,117.426,0.3351775585883937,0.7184159670342939,0.7184159670342939,17.171053417398735,K32_R8_local
ecg_missing,76.14794217858606,76.09921082299887,True,0.0958096,11.976199999999999,117.426,0.36627889450356144,0.7495173029494616,0.7495173029494616,18.332111792966913,K32_R8_local
ppg_missing,83.74165149194941,83.79888268156425,True,0.0958096,11.976199999999999,117.426,0.34404899299639835,0.7272874014422985,0.7272874014422985,19.980445231139626,K32_R8_local
ppg_degraded,66.80813105678946,66.88962229014564,True,0.0958096,11.976199999999999,117.426,0.349376036692463,0.7326144451383632,0.7326144451383632,17.595000522912056,K32_R8_local
ecg_degraded,103.20330551974126,104.18393056097594,True,0.0958096,11.976199999999999,117.426,0.26874134464605404,0.6579792705018244,0.6519797530919542,8.009800511402982,K32_R8_local
ppg_missing,62.728128053058796,62.761506276150634,True,0.0958096,11.976199999999999,117.426,0.35319693728979984,0.7364353457357,0.7364353457357,16.106116234263418,K32_R8_local
ppg_missing,82.56303366271905,82.59911894273128,True,0.0958096,11.976199999999999,117.426,0.340082231124228,0.7233206395701282,0.7233206395701282,17.48527573745382,K32_R8_local
ppg_degraded,60.08250222996548,79.70933364410061,True,0.0958096,11.976199999999999,117.426,0.1216994119036567,0.5049378203495569,0.5049378203495569,18.90526197135376,K32_R8_local
ecg_missing,86.96697962020974,86.93361433087462,True,0.0958096,11.976199999999999,117.426,0.3660541808444171,0.7492925892903173,0.7492925892903173,17.90251909804832,K32_R8_local
ppg_missing,104.11439849465094,104.05549626467453,True,0.0958096,11.976199999999999,117.426,0.323351996752834,0.7065904051987342,0.7065904051987342,19.520473344399672,K32_R8_local
ppg_degraded,102.95819906948758,103.09539439673105,True,0.0958096,11.976199999999999,117.426,0.252955720193793,0.6361941286396932,0.6361941286396932,19.938133619442425,K32_R8_local
both_degraded,58.08081006715449,102.88147353873775,True,0.0958096,11.976199999999999,117.426,0.028910795286911446,0.41214920373281166,0.41214920373281166,18.543544732308526,K32_R8_local
both_degraded,87.49212493081599,91.2194410098915,True,0.0958096,11.976199999999999,117.426,0.1786332862582038,0.561871694704104,0.561871694704104,20.44572384203213,K32_R8_local
ppg_degraded,103.55313972863273,103.54942245289182,True,0.0958096,11.976199999999999,117.426,0.2539020114278324,0.6371404198737326,0.6371404198737326,18.073923170933483,K32_R8_local
ppg_missing,62.01652279505864,62.05673758865248,True,0.0958096,11.976199999999999,117.426,0.3641374130331121,0.7473758214790123,0.7473758214790123,17.73131724888078,K32_R8_local
both_degraded,74.88447302454755,83.2819916149985,True,0.0958096,11.976199999999999,117.426,0.0009765236253143799,0.3842149320712146,0.3842149320712146,18.845358922722443,K32_R8_local
both_clean,92.78931125381631,92.78350515463919,True,0.0958096,11.976199999999999,117.426,0.3528552424582725,0.7360936509041727,0.7360936509041727,16.95777483543627,K32_R8_local
both_degraded,94.2861557542665,94.22618400925535,True,0.0958096,11.976199999999999,117.426,0.08717277562493338,0.4704111840708336,0.4704111840708336,18.424531956771766,K32_R8_local
both_clean,77.07066960075898,77.06785632874642,True,0.0958096,11.976199999999999,117.426,0.07945658857878603,0.7416817092858715,0.46269499702468625,7.456371148767658,K32_R8_local
ecg_degraded,88.31711459647936,89.65854946156409,True,0.0958096,11.976199999999999,117.426,0.2798664685329816,0.6631048769788818,0.6631048769788818,16.847443118748686,K32_R8_local
ecg_degraded,90.13513337437023,90.59943717947039,True,0.0958096,11.976199999999999,117.426,0.332068455490762,0.7153068639366622,0.7153068639366622,17.9358874770366,K32_R8_local
ecg_degraded,71.18736768571642,95.46172834015024,False,0.0958096,11.976199999999999,117.426,-0.3812607641784553,0.5842864730521088,0.0019776442674448854,6.748487278748485,K32_R8_local
both_clean,89.12441442412695,89.14038678079451,True,0.0958096,11.976199999999999,117.426,0.35495439029747555,0.7393807802844247,0.7381927987433757,8.181575561039,K32_R8_local
ppg_missing,84.64534764279983,84.70225872689939,True,0.0958096,11.976199999999999,117.426,0.3437169916513536,0.7280364870260478,0.7269554000972538,8.188835661533073,K32_R8_local
ppg_degraded,91.84315721407516,92.32286008522921,True,0.0958096,11.976199999999999,117.426,0.32704633197043365,0.7102847404163338,0.7102847404163338,17.97936646334923,K32_R8_local
both_degraded,80.69870163722551,83.75334178798445,True,0.0958096,11.976199999999999,117.426,0.22541246547630517,0.6086508739222054,0.6086508739222054,20.746751589322493,K32_R8_local
ppg_degraded,70.1858650317101,74.13554698344961,True,0.0958096,11.976199999999999,117.426,0.21928250851432213,0.6025209169602224,0.6025209169602224,19.38592637748113,K32_R8_local
both_clean,76.06413324567299,76.09921082299887,True,0.0958096,11.976199999999999,117.426,0.08299036896729646,0.7418453840287544,0.4662287774131967,7.4594774166452895,K32_R8_local
both_degraded,105.3476803740482,104.65486393658912,True,0.0958096,11.976199999999999,117.426,0.18249602182828,0.5657344302741802,0.5657344302741802,17.400659846678042,K32_R8_local
both_clean,61.25331777977547,61.26021003500584,True,0.0958096,11.976199999999999,117.426,0.36025652882346104,0.7434949372693612,0.7434949372693612,18.364171137379362,K32_R8_local
ppg_degraded,58.89816888620027,77.67649961366081,True,0.0958096,11.976199999999999,117.426,0.13594548286085745,0.5191838913067577,0.5191838913067577,14.005846096924481,K32_R8_local
ppg_missing,50.729172926127305,50.73280721533258,True,0.0958096,11.976199999999999,117.426,0.3579093104399397,0.7411477188858399,0.7411477188858399,18.440224395591354,K32_R8_local
ppg_degraded,101.12878525684886,101.12359550561801,True,0.0958096,11.976199999999999,117.426,0.34347024330887355,0.7267086517547737,0.7267086517547737,18.78409165477679,K32_R8_local
ecg_missing,109.31888945682977,109.375,True,0.0958096,11.976199999999999,117.426,0.3654107194154518,0.748649127861352,0.748649127861352,19.452933935648268,K32_R8_local
ecg_degraded,64.1880206462802,80.91768457187588,True,0.0958096,11.976199999999999,117.426,0.15830487559768375,0.541543284043584,0.541543284043584,18.712226151194674,K32_R8_local
both_degraded,65.96588284252033,75.72391491251597,True,0.0958096,11.976199999999999,117.426,0.20705970820045033,0.5902981166463506,0.5902981166463506,18.268564454673662,K32_R8_local
ppg_degraded,61.90233230716254,78.45699405198978,True,0.0958096,11.976199999999999,117.426,0.15123631203372473,0.534474720479625,0.534474720479625,19.07182920573629,K32_R8_local
both_clean,86.01154746947412,87.0641004990397,True,0.0958096,11.976199999999999,117.426,0.3522843021329489,0.7355227105788491,0.7355227105788491,18.01813231978266,K32_R8_local
ppg_missing,79.10650431747186,57.42690488631234,False,0.0958096,11.976199999999999,117.426,-0.38267095861210604,0.7288535581151208,0.0005674498337941331,6.650997615434521,K32_R8_local
ppg_missing,99.2345673436643,99.28716904276988,True,0.0958096,11.976199999999999,117.426,0.3349888294201705,0.7182272378660707,0.7182272378660707,16.33145662977232,K32_R8_local
ppg_degraded,62.58225857647673,81.59564052715814,False,0.0958096,11.976199999999999,117.426,-0.09780672059572064,0.5179221888158162,0.2854316878501796,7.409044665797897,K32_R8_local
ppg_degraded,102.67614988435285,102.63157894736844,True,0.0958096,11.976199999999999,117.426,0.24562878954688844,0.6288671979927887,0.6288671979927887,16.222150696717517,K32_R8_local
ecg_missing,77.83709092381952,95.46172834015024,False,0.0958096,11.976199999999999,117.426,-0.3686330308615236,0.7492898741880314,0.014605377584376585,6.8898658474938825,K32_R8_local
ecg_missing,98.47200871408327,98.46827133479215,True,0.0958096,11.976199999999999,117.426,0.3657393972164579,0.748977805662358,0.748977805662358,18.194434676813625,K32_R8_local
both_degraded,98.1248369083354,63.76195536663125,False,0.0958096,11.976199999999999,117.426,-0.3832384084238478,0.4907918569963198,2.2052364637800428e-11,5.9964528739075185,K32_R8_local
ppg_missing,104.64501368269293,104.61373390557944,True,0.0958096,11.976199999999999,117.426,0.33550680779331143,0.7187452162392116,0.7187452162392116,17.11809399999902,K32_R8_local
ppg_degraded,79.92880702058083,109.26118626430802,False,0.0958096,11.976199999999999,117.426,-0.3832384084459002,0.6536819968845841,4.913853657442771e-22,5.460240262831113,K32_R8_local
both_clean,86.57624374271111,87.11210045544429,True,0.0958096,11.976199999999999,117.426,0.3526362612974866,0.7358746697433868,0.7358746697433868,17.635460155432085,K32_R8_local
ecg_missing,83.66184483717927,85.45348423788222,False,0.0958096,11.976199999999999,117.426,-0.3831543060692521,0.7492270128539933,8.410237664810408e-05,6.541072426182692,K32_R8_local
both_degraded,61.4181606340179,122.53371908413763,True,0.0958096,11.976199999999999,117.426,-0.0005270775929829103,0.3827113308529173,0.3827113308529173,17.423567276196085,K32_R8_local
both_degraded,80.09130201103464,80.0329168662898,True,0.0958096,11.976199999999999,117.426,0.27851141621372866,0.6617498246596288,0.6617498246596288,17.25111514145448,K32_R8_local
both_clean,105.59715245207735,105.57651077696534,True,0.0958096,11.976199999999999,117.426,0.3640030894181422,0.7472414978640424,0.7472414978640424,16.467385511311797,K32_R8_local
both_clean,104.53390683257803,109.94764397905755,False,0.0958096,11.976199999999999,117.426,0.06914121442128197,0.7345946347233702,0.4523796228671822,7.451016445858214,K32_R8_local
ecg_missing,51.29027175201408,54.15162454873646,True,0.0958096,11.976199999999999,117.426,0.3665495727338074,0.7497879811797076,0.7497879811797076,18.847132317558373,K32_R8_local
ppg_degraded,89.8013524251902,90.72802812373813,True,0.0958096,11.976199999999999,117.426,0.2531690802729578,0.636407488718858,0.636407488718858,17.22823226243396,K32_R8_local
both_clean,69.60629802427303,71.88927627729232,True,0.0958096,11.976199999999999,117.426,0.35798865562124726,0.7412270640671474,0.7412270640671474,16.507977401244386,K32_R8_local
ppg_missing,58.156323566041024,59.32203389830509,True,0.0958096,11.976199999999999,117.426,0.36598888852545053,0.7492272969713507,0.7492272969713507,18.628054119382927,K32_R8_local
ppg_missing,58.36639065678893,60.483870967741936,True,0.0958096,11.976199999999999,117.426,0.35829497538545896,0.7415333838313591,0.7415333838313591,18.715853753884048,K32_R8_local
ppg_missing,97.6976866521494,97.71986970684041,True,0.0958096,11.976199999999999,117.426,0.33839986235215724,0.7216382707980574,0.7216382707980574,18.79679539667543,K32_R8_local
ecg_degraded,107.54995826236404,64.79481641468682,False,0.0958096,11.976199999999999,117.426,0.05428312581289659,0.6183920542200555,0.4375215342587968,7.51539427854951,K32_R8_local
both_clean,81.21444169358473,81.25677139761648,True,0.0958096,11.976199999999999,117.426,0.35790013437292134,0.7411385428188215,0.7411385428188215,17.334445871471566,K32_R8_local
ppg_missing,73.01122359981638,72.97297297297298,True,0.0958096,11.976199999999999,117.426,0.3503979861980002,0.7336363946439004,0.7336363946439004,19.440819319084103,K32_R8_local
ppg_missing,80.59321793412659,80.64516129032258,True,0.0958096,11.976199999999999,117.426,0.3604227479474591,0.7436611563933593,0.7436611563933593,18.258992755447974,K32_R8_local
ppg_missing,99.75755802969456,99.77827050997786,True,0.0958096,11.976199999999999,117.426,0.3361321109025144,0.7193705193484146,0.7193705193484146,17.90874826782256,K32_R8_local
both_degraded,94.80460763706697,94.73391829402185,True,0.0958096,11.976199999999999,117.426,0.32491950272939385,0.708157911175294,0.708157911175294,16.874115231985922,K32_R8_local
ppg_degraded,53.84715790456588,81.47495223898446,False,0.0958096,11.976199999999999,117.426,-0.3830385510719441,0.523928948520583,0.0001998573739560444,6.608442853402814,K32_R8_local
ecg_degraded,62.751810933663805,82.56300227813918,True,0.0958096,11.976199999999999,117.426,0.1349829035660836,0.5182213120119838,0.5182213120119838,18.694293379598076,K32_R8_local
ppg_missing,102.06228900249087,101.98744769874479,True,0.0958096,11.976199999999999,117.426,0.34223415228341914,0.7254725607293193,0.7254725607293193,17.77455590201143,K32_R8_local
ppg_missing,79.58479657417065,80.7319698600646,True,0.0958096,11.976199999999999,117.426,0.3476442794735477,0.7308826879194479,0.7308826879194479,17.19854274491282,K32_R8_local
both_clean,89.46367002967327,92.20893602344142,True,0.0958096,11.976199999999999,117.426,0.3519276246873867,0.7351660331332869,0.7351660331332869,17.23783276873215,K32_R8_local
both_degraded,96.65134640044465,57.5027382256298,False,0.0958096,11.976199999999999,117.426,-0.3360795334168009,0.6510458320297928,0.04715887502909928,7.027362683448455,K32_R8_local
both_clean,88.19585353675228,88.23529411764709,True,0.0958096,11.976199999999999,117.426,0.36478907449677145,0.7480274829426716,0.7480274829426716,19.393795215717837,K32_R8_local
ecg_degraded,94.03369666715884,94.96709133256385,True,0.0958096,11.976199999999999,117.426,0.30898638828395175,0.6922247967298519,0.6922247967298519,15.291248186603172,K32_R8_local
both_degraded,82.73853320032745,104.18393056097594,False,0.0958096,11.976199999999999,117.426,-0.3832139241029009,0.5794099151336893,2.4484342999272798e-05,6.491459474599763,K32_R8_local
ppg_missing,63.75965612051346,63.76195536663125,True,0.0958096,11.976199999999999,117.426,0.3527725331184941,0.7360109415643943,0.7360109415643943,19.0575580275895,K32_R8_local
ppg_missing,61.22565809898859,65.71741511500548,False,0.0958096,11.976199999999999,117.426,-0.3832384084459002,0.7405870153155624,1.4782538380503124e-24,5.360860399912125,K32_R8_local
ecg_degraded,109.61231824033827,109.61545278155175,True,0.0958096,11.976199999999999,117.426,0.3294449835230573,0.7126833919689575,0.7126833919689575,17.626829403701446,K32_R8_local
both_degraded,50.630432898779574,103.65829847555926,True,0.0958096,11.976199999999999,117.426,0.029744327361919582,0.4199283945980127,0.4129827358078198,7.944135107673359,K32_R8_local
ppg_degraded,91.45472947530934,117.79638057802771,False,0.0958096,11.976199999999999,117.426,-0.3832384084459002,0.6821716160904786,5.473727113322805e-20,5.544260295415692,K32_R8_local
both_degraded,102.83925352372816,57.42690488631234,False,0.0958096,11.976199999999999,117.426,-0.23045779966797328,0.5719619986292725,0.15278060877792696,7.224388975739326,K32_R8_local
ppg_missing,63.884492390019886,92.87925696594428,False,0.0958096,11.976199999999999,117.426,-0.37703155547490913,0.7377938384573088,0.006206852970991026,6.817661134908502,K32_R8_local
ecg_degraded,52.91241115138854,72.09678226514792,True,0.0958096,11.976199999999999,117.426,0.15551969730322873,0.538758105749129,0.538758105749129,16.236666747014823,K32_R8_local
ecg_degraded,73.95480916923738,75.45333572553488,True,0.0958096,11.976199999999999,117.426,0.3355949221183918,0.718833330564292,0.718833330564292,18.181666508274375,K32_R8_local
ecg_degraded,69.79752258133095,109.26118626430802,False,0.0958096,11.976199999999999,117.426,-0.3830233988065717,0.6193946316685721,0.00021500963932848696,6.603011719857073,K32_R8_local
ecg_missing,77.69535986033627,80.21390374331551,True,0.0958096,11.976199999999999,117.426,0.3662522715457013,0.7494906799916015,0.7494906799916015,17.585970045851607,K32_R8_local
both_clean,75.64495006565645,75.62973102567389,True,0.0958096,11.976199999999999,117.426,0.35641338540307577,0.739651793848976,0.739651793848976,18.036122887879582,K32_R8_local
both_clean,106.5214651474812,106.50048913237845,True,0.0958096,11.976199999999999,117.426,0.34968382320180247,0.7329222316477026,0.7329222316477026,17.684463298829918,K32_R8_local
ppg_degraded,57.15956000775544,75.7373845196264,True,0.0958096,11.976199999999999,117.426,0.12965749354550288,0.5128959019914031,0.5128959019914031,17.431575020454876,K32_R8_local
ppg_degraded,106.64147432075225,107.11068558891414,True,0.0958096,11.976199999999999,117.426,0.1528456816200527,0.6944062806675875,0.5360840900659529,7.567077572533614,K32_R8_local
ecg_missing,52.74473713963757,70.77780883037684,False,0.0958096,11.976199999999999,117.426,-0.383238408443816,0.7497256713087559,2.084150365074038e-12,5.92176344086028,K32_R8_local
ecg_missing,106.29430179380209,106.32497273718649,True,0.0958096,11.976199999999999,117.426,0.3655149091592944,0.7487533176051946,0.7487533176051946,16.129224340325727,K32_R8_local
both_clean,69.98004153153579,92.87925696594428,False,0.0958096,11.976199999999999,117.426,-0.38288624525286485,0.7415186544426114,0.0003521631930353151,6.621232120802879,K32_R8_local
ppg_degraded,93.6251866656152,93.69996552026689,True,0.0958096,11.976199999999999,117.426,0.32952254469636,0.7127609531422602,0.7127609531422602,19.277284119391382,K32_R8_local
ppg_degraded,50.18560647574318,69.18970353812783,True,0.0958096,11.976199999999999,117.426,0.20532494020645436,0.5885633486523546,0.5885633486523546,20.32186280143802,K32_R8_local
ecg_degraded,76.8365525077941,103.35924849932911,False,0.0958096,11.976199999999999,117.426,-0.3832384084459002,0.7184532943324273,6.365912306543063e-54,4.542265830180227,K32_R8_local
both_degraded,90.66577119810566,90.80129187079,True,0.0958096,11.976199999999999,117.426,0.27135597693115865,0.6545943853770588,0.6545943853770588,19.922801565074295,K32_R8_local
ecg_degraded,87.69949924250298,87.76595744680851,True,0.0958096,11.976199999999999,117.426,0.2843645715841242,0.6676029800300244,0.6676029800300244,19.000287222793617,K32_R8_local
both_clean,98.38213732878091,99.31490763913777,True,0.0958096,11.976199999999999,117.426,0.34763580760255997,0.7308742160484601,0.7308742160484601,18.419921561357643,K32_R8_local
ppg_missing,59.20540747751657,59.255079006772,True,0.0958096,11.976199999999999,117.426,0.3559775856643328,0.739215994110233,0.739215994110233,14.846702829766208,K32_R8_local
ppg_degraded,74.07202971811815,81.59564052715814,False,0.0958096,11.976199999999999,117.426,-0.38145635246839277,0.7019145793995608,0.0017820559775074047,6.72819207701953,K32_R8_local
ecg_degraded,86.82142684650685,86.8421052631579,True,0.0958096,11.976199999999999,117.426,0.2878024233707349,0.6710408318166351,0.6710408318166351,19.49928905217542,K32_R8_local
ppg_degraded,51.723755430808936,75.75757575757575,False,0.0958096,11.976199999999999,117.426,-0.3832096102899239,0.5288672869201312,2.8798155976266138e-05,6.504018345666462,K32_R8_local
ecg_degraded,100.13954748558025,100.22271714922051,True,0.0958096,11.976199999999999,117.426,0.2787091328744927,0.6619475413203929,0.6619475413203929,19.623681800813724,K32_R8_local
both_clean,74.97426258430569,103.9445628997868,False,0.0958096,11.976199999999999,117.426,-0.3794607083892978,0.7306580456308371,0.0037777000566023722,6.779675287481668,K32_R8_local
both_clean,64.76471926110288,64.77443621359562,True,0.0958096,11.976199999999999,117.426,0.35853721121125737,0.7417756196571575,0.7417756196571575,19.318225969318732,K32_R8_local
ecg_degraded,63.34774856473702,79.27274071525106,True,0.0958096,11.976199999999999,117.426,0.17534143208719305,0.5589292241935035,0.5585798405330933,8.266110104451666,K32_R8_local
ecg_missing,89.05516186299079,89.09287257019439,True,0.0958096,11.976199999999999,117.426,0.365980921269764,0.7492193297156642,0.7492193297156642,16.679765278100643,K32_R8_local
ecg_missing,52.870299790531156,52.87896592244418,True,0.0958096,11.976199999999999,117.426,0.3664195317851293,0.7496579402310295,0.7496579402310295,15.89827689693962,K32_R8_local
both_clean,64.66725145967841,67.04052696395765,True,0.0958096,11.976199999999999,117.426,0.36547187925164415,0.7487102876975443,0.7487102876975443,17.86115297065743,K32_R8_local
both_clean,68.23503634022154,68.25938566552902,True,0.0958096,11.976199999999999,117.426,0.3564912692850494,0.7397296777309496,0.7397296777309496,18.41466799813167,K32_R8_local
ecg_degraded,65.50950843273692,71.8387376878387,True,0.0958096,11.976199999999999,117.426,0.20306706927362267,0.5863054777195229,0.5863054777195229,16.205997314464007,K32_R8_local
ecg_missing,93.83638177855478,83.70535714285715,False,0.0958096,11.976199999999999,117.426,-0.3832384084452735,0.748799645520937,6.266808258781458e-13,5.891130825469061,K32_R8_local
both_clean,85.54624905001342,57.5027382256298,False,0.0958096,11.976199999999999,117.426,-0.38323840821990596,0.7363859030902424,2.2599424145790268e-10,6.0514444954620785,K32_R8_local
both_degraded,104.2378170150946,104.0048139534166,True,0.0958096,11.976199999999999,117.426,0.16183074811152237,0.5450691565574226,0.5450691565574226,16.967408954127404,K32_R8_local
ecg_missing,92.05864241242654,92.07589285714286,True,0.0958096,11.976199999999999,117.426,0.3660068358852445,0.7492452443311447,0.7492452443311447,17.39938861903348,K32_R8_local
ppg_degraded,67.6673424798571,67.56838747436245,True,0.0958096,11.976199999999999,117.426,0.3450998970322193,0.7283383054781195,0.7283383054781195,17.497224876057285,K32_R8_local
ppg_degraded,69.45408861780766,72.37358193327807,True,0.0958096,11.976199999999999,117.426,0.32219438539451284,0.705432793840413,0.705432793840413,19.953120921927123,K32_R8_local
both_clean,57.39469118273434,57.377049180327866,True,0.0958096,11.976199999999999,117.426,0.36191111996988523,0.7451495284157854,0.7451495284157854,17.279198958896345,K32_R8_local
ecg_degraded,64.55261183188732,76.65357838255193,True,0.0958096,11.976199999999999,117.426,-0.35827265805386715,0.5789860849701249,0.024965750392033043,6.968411383798724,K32_R8_local
both_clean,86.2772029831056,86.29707112970713,True,0.0958096,11.976199999999999,117.426,0.350993834332917,0.7342322427788172,0.7342322427788172,16.456993046612997,K32_R8_local
ppg_missing,93.85978117871278,93.84775808133475,True,0.0958096,11.976199999999999,117.426,0.3385007645005985,0.7217391729464987,0.7217391729464987,16.545824718996943,K32_R8_local
ppg_degraded,67.7538495782034,67.75816833218188,True,0.0958096,11.976199999999999,117.426,0.35062316757055956,0.7338615760164597,0.7338615760164597,18.833209834720193,K32_R8_local
ecg_missing,70.65380464279116,76.13200855091563,False,0.0958096,11.976199999999999,117.426,-0.3832384077699267,0.7494559337812491,6.759735184574726e-10,6.0837028444937244,K32_R8_local
both_degraded,98.17358590910561,91.19543825469722,False,0.0958096,11.976199999999999,117.426,-0.38310125072900075,0.5480104298486044,0.00013715771689940106,6.584497665666398,K32_R8_local
both_clean,107.50875939419915,107.49724366041893,True,0.0958096,11.976199999999999,117.426,0.34843915179114626,0.7316775602370464,0.7316775602370464,19.20007160084874,K32_R8_local
ppg_missing,55.082921224780854,55.08919202518363,True,0.0958096,11.976199999999999,117.426,0.357799224490174,0.7410376329360742,0.7410376329360742,17.498614778232493,K32_R8_local
both_clean,54.27612711359533,54.2637622658184,True,0.0958096,11.976199999999999,117.426,0.361558958473823,0.7447973669197232,0.7447973669197232,16.833251240241978,K32_R8_local
ecg_degraded,95.55251127272118,96.79874525795786,True,0.0958096,11.976199999999999,117.426,0.23012177680067974,0.6134465143815122,0.61336018524658,8.390598597435197,K32_R8_local
both_clean,79.74108745853121,79.70244420828907,True,0.0958096,11.976199999999999,117.426,0.34935492914730504,0.7325933375932052,0.7325933375932052,18.770187315967707,K32_R8_local
both_clean,75.50072088931505,76.95800037151677,False,0.0958096,11.976199999999999,117.426,-0.383238408249318,0.7415085617857576,1.9658219367902913e-10,6.047146172103773,K32_R8_local
ppg_degraded,88.01393982275678,88.04695837780152,True,0.0958096,11.976199999999999,117.426,0.3181033704360453,0.7013417788819455,0.7013417788819455,16.38546567605006,K32_R8_local
ecg_degraded,95.62352407156004,95.60787058893591,True,0.0958096,11.976199999999999,117.426,0.24340966799550107,0.6266480764414013,0.6266480764414013,16.027912943154686,K32_R8_local
both_degraded,54.19089942982161,78.890489202374,True,0.0958096,11.976199999999999,117.426,0.04266475927871357,0.4259031677246138,0.4259031677246138,15.905062041769412,K32_R8_local
ppg_degraded,107.70862317435694,117.79638057802771,False,0.0958096,11.976199999999999,117.426,-0.3830034576501783,0.6072409013436667,0.00023495079572187304,6.60926450614057,K32_R8_local
ecg_missing,107.48402061970415,107.49724366041893,True,0.0958096,11.976199999999999,117.426,0.3654808277072087,0.7487192361531089,0.7487192361531089,17.556555140470394,K32_R8_local
ppg_missing,74.99918283614329,76.06490872210954,True,0.0958096,11.976199999999999,117.426,0.3667597603817434,0.7499981688276436,0.7499981688276436,20.54984144961877,K32_R8_local
ecg_missing,78.17380960673398,78.20646506777894,True,0.0958096,11.976199999999999,117.426,0.3656289207329112,0.7488673291788114,0.7488673291788114,18.145857594571318,K32_R8_local
both_clean,66.33800853921669,67.27297878389489,True,0.0958096,11.976199999999999,117.426,0.3613672728231203,0.7446056812690205,0.7446056812690205,17.60495965637007,K32_R8_local
both_degraded,85.24907947232572,85.17520618187447,True,0.0958096,11.976199999999999,117.426,0.09933502371414206,0.4825734321600423,0.4825734321600423,18.36747306292413,K32_R8_local
both_degraded,62.30887916035567,98.35815381377633,True,0.0958096,11.976199999999999,117.426,-0.03115094710906389,0.3520874613368363,0.3520874613368363,21.599579110028348,K32_R8_local
both_degraded,82.07643904199351,75.52441800361383,False,0.0958096,11.976199999999999,117.426,-0.3832383986104248,0.6822696712785797,9.835475397695e-09,6.172026357945324,K32_R8_local
ppg_missing,104.26005506237104,104.1666666666667,True,0.0958096,11.976199999999999,117.426,0.34281916050210415,0.7260575689480043,0.7260575689480043,18.17958147944851,K32_R8_local
ppg_degraded,80.37094515468047,82.77021635111345,True,0.0958096,11.976199999999999,117.426,0.32181128398407277,0.705049692429973,0.705049692429973,18.633853298133012,K32_R8_local
ppg_degraded,99.62532805991823,99.82730020783298,True,0.0958096,11.976199999999999,117.426,0.31190497716436116,0.6951433856102613,0.6951433856102613,19.115306585218498,K32_R8_local
both_degraded,60.751568036126685,103.35924849932911,True,0.0958096,11.976199999999999,117.426,-0.026159039771248876,0.35707936867465134,0.35707936867465134,17.467518061837254,K32_R8_local
both_clean,103.01105693914504,103.01909440942899,True,0.0958096,11.976199999999999,117.426,0.3482312971378626,0.7314697055837628,0.7314697055837628,17.872180759749995,K32_R8_local
both_clean,57.39149766886264,57.377049180327866,True,0.0958096,11.976199999999999,117.426,0.36145618892877684,0.744694597374677,0.744694597374677,17.534660756045096,K32_R8_local
ecg_missing,62.7716946621913,62.72401433691757,True,0.0958096,11.976199999999999,117.426,0.3664294619620767,0.7496678704079769,0.7496678704079769,15.86084095245942,K32_R8_local
both_degraded,93.2143167598687,94.09292118229439,True,0.0958096,11.976199999999999,117.426,0.3217916475535805,0.7050300559994807,0.7050300559994807,16.55457278071221,K32_R8_local
both_clean,68.11929392790697,69.3745673306316,True,0.0958096,11.976199999999999,117.426,0.35303728550056046,0.7362756939464606,0.7362756939464606,19.79123343237845,K32_R8_local
ecg_degraded,57.134753698752206,73.468460368912,True,0.0958096,11.976199999999999,117.426,0.13600571642095444,0.5192441248668547,0.5192441248668547,18.44454071077071,K32_R8_local
both_clean,55.207772172776714,81.47495223898446,False,0.0958096,11.976199999999999,117.426,-0.37426904816518863,0.7434936104310604,0.00896936028071156,6.847495562864402,K32_R8_local
both_degraded,97.59791182431391,99.01423660680736,True,0.0958096,11.976199999999999,117.426,0.2693075577487304,0.6525459661946306,0.6525459661946306,18.14860981641057,K32_R8_local
ecg_degraded,51.18594701647352,85.37437533019398,False,0.0958096,11.976199999999999,117.426,-0.3832384084459002,0.5313055568758339,1.1668369595902805e-26,5.289954193379977,K32_R8_local
ppg_degraded,53.38059550605404,62.537733116860004,True,0.0958096,11.976199999999999,117.426,0.24587629568014852,0.6291147041260488,0.6291147041260488,17.581839371555645,K32_R8_local
ppg_degraded,106.73126394313586,106.67396061269146,True,0.0958096,11.976199999999999,117.426,0.34059756223916626,0.7238359706850664,0.7238359706850664,16.30617639466332,K32_R8_local
both_degraded,96.92901090246664,97.0403327399703,True,0.0958096,11.976199999999999,117.426,0.3145554309343913,0.6977938393802915,0.6977938393802915,18.808265121801615,K32_R8_local
both_clean,72.22609479414665,72.23073206389022,True,0.0958096,11.976199999999999,117.426,0.35804541128226064,0.7412838197281608,0.7412838197281608,19.066704156070273,K32_R8_local
ecg_degraded,61.5425116938015,82.9986995412737,False,0.0958096,11.976199999999999,117.426,-0.38323143633425677,0.5324857383939412,6.9721116434379225e-06,6.435988230660493,K32_R8_local
ppg_missing,102.03073023913988,103.17460317460319,True,0.0958096,11.976199999999999,117.426,0.34158095496368857,0.7248193634095887,0.7248193634095887,17.632050365969434,K32_R8_local
ecg_degraded,97.25872260436728,107.83131321708426,False,0.0958096,11.976199999999999,117.426,-0.3832384084459002,0.6014771525645205,1.2585036287194032e-65,4.303141410707642,K32_R8_local
ppg_missing,90.11118083964155,92.02453987730063,True,0.0958096,11.976199999999999,117.426,0.3416933260115632,0.7249317344574634,0.7249317344574634,18.337074553208172,K32_R8_local
ppg_missing,81.82304074876973,85.45348423788222,False,0.0958096,11.976199999999999,117.426,-0.37920679193377144,0.7325483638727255,0.004031616512128753,6.784414358877659,K32_R8_local
ppg_missing,81.51607946033117,83.61204013377927,True,0.0958096,11.976199999999999,117.426,0.36666974503577876,0.7499081534816789,0.7499081534816789,16.58191843269271,K32_R8_local
ppg_missing,108.67631977871852,81.12502624001814,False,0.0958096,11.976199999999999,117.426,-0.38323058001902033,0.7487086793910451,7.828426879829406e-06,6.425780555309319,K32_R8_local
both_clean,81.3374315824576,82.68464930314319,True,0.0958096,11.976199999999999,117.426,0.3508989099505392,0.7341373183964394,0.7341373183964394,18.872514465796982,K32_R8_local
both_clean,55.04187488224524,56.03186217962601,True,0.0958096,11.976199999999999,117.426,0.35780914198426494,0.7410475504301651,0.7410475504301651,18.379151931227252,K32_R8_local
ppg_degraded,54.48769474092933,67.27478550519831,True,0.0958096,11.976199999999999,117.426,0.23837818582497877,0.621616594270879,0.621616594270879,18.470256064073887,K32_R8_local
ppg_missing,85.73322658849389,76.95800037151677,False,0.0958096,11.976199999999999,117.426,-0.3831851685729171,0.7322292500793384,5.323987298306171e-05,6.518604423746671,K32_R8_local
ppg_missing,93.96074345782014,94.04388714733544,True,0.0958096,11.976199999999999,117.426,0.33931429791976664,0.7225527063656668,0.7225527063656668,19.631876567592027,K32_R8_local
both_degraded,87.69452348523917,91.51123320412374,True,0.0958096,11.976199999999999,117.426,0.10130700296934216,0.4845454114152424,0.4845454114152424,16.649766389180577,K32_R8_local
ecg_missing,94.56913707203074,94.53781512605043,True,0.0958096,11.976199999999999,117.426,0.3657021082815549,0.7489405167274551,0.7489405167274551,17.918047678914064,K32_R8_local
ecg_missing,67.65177657905355,63.29113924050633,False,0.0958096,11.976199999999999,117.426,-0.3832384084459002,0.7495344825098932,5.020002678780242e-24,5.380545431796444,K32_R8_local
ecg_missing,72.26761853207019,72.19251336898397,True,0.0958096,11.976199999999999,117.426,0.3663128144418646,0.7495512228877648,0.7495512228877648,16.903472181544373,K32_R8_local
ecg_missing,65.92038649324255,65.93406593406593,True,0.0958096,11.976199999999999,117.426,0.36627090482059066,0.7495093132664908,0.7495093132664908,18.51748808727762,K32_R8_local
both_clean,72.35581960803432,74.7141685828409,True,0.0958096,11.976199999999999,117.426,0.16469286724747606,0.7394024470166636,0.5479312756933763,7.541359963540015,K32_R8_local
both_degraded,65.99773010944075,79.25638284454904,True,0.0958096,11.976199999999999,117.426,0.09067906093023605,0.47391746937613627,0.47391746937613627,18.93794477222523,K32_R8_local
both_degraded,100.0482993740152,100.93508055839744,False,0.0958096,11.976199999999999,117.426,-0.3819177113044297,0.6346482909811308,0.001320697141470459,6.714534465582868,K32_R8_local
both_clean,58.869675666617525,58.88930119338454,True,0.0958096,11.976199999999999,117.426,0.3611712135497652,0.7444096219956654,0.7444096219956654,16.20987093665456,K32_R8_local
ppg_missing,62.47339878750614,76.09921082299887,False,0.0958096,11.976199999999999,117.426,0.08222583562026094,0.7483267029436802,0.46546424406616116,7.455140189633968,K32_R8_local
ecg_missing,92.84451779548152,92.80089988751408,True,0.0958096,11.976199999999999,117.426,0.36593156115893233,0.7491699696048325,0.7491699696048325,16.19081855977992,K32_R8_local
ppg_degraded,73.87527564602973,73.95736620436644,True,0.0958096,11.976199999999999,117.426,0.35102012686635264,0.7342585353122528,0.7342585353122528,14.770527082851666,K32_R8_local
both_degraded,70.47612543257617,88.90086206896552,False,0.0958096,11.976199999999999,117.426,-0.38323840779267593,0.6494069349088775,6.532242602371845e-10,6.0870268010692055,K32_R8_local
both_clean,108.46728313299343,85.37437533019398,False,0.0958096,11.976199999999999,117.426,-0.3832311572622203,0.7320615367672516,7.251183679881182e-06,6.423344862494112,K32_R8_local
ppg_degraded,103.6280703588626,103.70771885115865,True,0.0958096,11.976199999999999,117.426,0.25728217964256317,0.6405205880884633,0.6405205880884633,20.204243412383068,K32_R8_local
ecg_missing,63.136577628320225,63.09148264984228,True,0.0958096,11.976199999999999,117.426,0.36643281816987383,0.749671226615774,0.749671226615774,16.26079889411948,K32_R8_local
both_degraded,59.3206609771279,95.06550453019274,True,0.0958096,11.976199999999999,117.426,0.014617607767950586,0.3978560162138508,0.3978560162138508,17.611238441570173,K32_R8_local
both_clean,79.54189806615742,79.51914207132691,True,0.0958096,11.976199999999999,117.426,0.35512151458724983,0.73835992303315,0.73835992303315,17.613286603598013,K32_R8_local
ecg_degraded,84.44675666512919,85.90772988070619,True,0.0958096,11.976199999999999,117.426,0.2844929830530649,0.6677313914989651,0.6677313914989651,17.941802254723214,K32_R8_local
both_clean,70.8036242578098,70.79667469830592,True,0.0958096,11.976199999999999,117.426,0.3627663944243986,0.7460048028702988,0.7460048028702988,15.70205422953871,K32_R8_local
both_degraded,85.48606022942309,86.23082710090038,True,0.0958096,11.976199999999999,117.426,0.22514585775029888,0.6083842661961991,0.6083842661961991,17.910484575981446,K32_R8_local
ppg_missing,90.69098427104737,90.75907590759077,True,0.0958096,11.976199999999999,117.426,0.3377693000858427,0.7210077085317429,0.7210077085317429,15.937514818384827,K32_R8_local
both_degraded,98.87748241875812,99.47091481677211,True,0.0958096,11.976199999999999,117.426,0.1949182643691773,0.5781566728150775,0.5781566728150775,17.601258195649276,K32_R8_local
ppg_degraded,64.53009627889708,76.13200855091563,True,0.0958096,11.976199999999999,117.426,0.1779392212452094,0.5653177921777689,0.5611776296911096,8.032951164952552,K32_R8_local
ppg_missing,88.70666922037191,91.64969450101833,True,0.0958096,11.976199999999999,117.426,0.34190733041531596,0.7251457388612161,0.7251457388612161,19.122202921392052,K32_R8_local
both_clean,53.485766954075714,53.47581393172521,True,0.0958096,11.976199999999999,117.426,0.3629825127768359,0.7462209212227361,0.7462209212227361,18.216148895255465,K32_R8_local
ecg_degraded,53.88839698205203,72.97764979959562,True,0.0958096,11.976199999999999,117.426,0.1479388514307714,0.5311772598766716,0.5311772598766716,17.1534195621861,K32_R8_local
ecg_degraded,53.32126106485847,64.57245614858213,True,0.0958096,11.976199999999999,117.426,0.16906968902235892,0.5523080974682592,0.5523080974682592,19.404688116077573,K32_R8_local
ecg_degraded,56.98243150647982,78.17439476243354,True,0.0958096,11.976199999999999,117.426,0.15744728155391224,0.5406856899998125,0.5406856899998125,17.92431263516698,K32_R8_local
ecg_missing,96.90535645943837,96.98275862068967,True,0.0958096,11.976199999999999,117.426,0.365757539682355,0.7489959481282552,0.7489959481282552,17.42040853963228,K32_R8_local
ppg_missing,72.25219082692924,72.19251336898397,True,0.0958096,11.976199999999999,117.426,0.35431507626265857,0.7375534847085587,0.7375534847085587,15.478588029992842,K32_R8_local
ecg_degraded,79.56922687650857,72.80676074757237,False,0.0958096,11.976199999999999,117.426,-0.21214214352699423,0.7225452042527704,0.171096264918906,7.201531267662005,K32_R8_local
both_clean,77.05398314696869,106.32497273718649,False,0.0958096,11.976199999999999,117.426,-0.38323840844460105,0.7407941952236632,1.2991541494790914e-12,5.90990279899571,K32_R8_local
ecg_degraded,62.42426847250392,79.03375790559343,True,0.0958096,11.976199999999999,117.426,0.14265062563598246,0.5258890340818827,0.5258890340818827,20.098496544518756,K32_R8_local
ppg_missing,52.74659760377526,75.66084380003245,False,0.0958096,11.976199999999999,117.426,-0.3832288534617312,0.7416378583941695,9.554984168966162e-06,6.43525045399364,K32_R8_local
ecg_degraded,60.909846192418655,76.06123791657998,True,0.0958096,11.976199999999999,117.426,0.14946042113577568,0.5326988295816759,0.5326988295816759,17.075704008074243,K32_R8_local
ecg_degraded,101.4974264065005,101.50742527652687,True,0.0958096,11.976199999999999,117.426,-0.17152182709364086,0.7197142913244011,0.21171658135225938,7.24378785889704,K32_R8_local
both_clean,70.31785075700373,70.34883476444277,True,0.0958096,11.976199999999999,117.426,0.3596522228799516,0.7428906313258518,0.7428906313258518,14.970588007924757,K32_R8_local
ecg_degraded,75.23218624644257,86.20689655172416,False,0.0958096,11.976199999999999,117.426,-0.12030365763156946,0.6714777390204898,0.26293475081433076,7.308680724432423,K32_R8_local
ecg_missing,65.8640761922112,65.86169045005488,True,0.0958096,11.976199999999999,117.426,0.3662720650686976,0.7495104735145978,0.7495104735145978,20.2680692942444,K32_R8_local
both_degraded,94.4726756564115,94.33071756824187,True,0.0958096,11.976199999999999,117.426,0.046803638205948704,0.4300420466518489,0.4300420466518489,15.939781183513968,K32_R8_local
ecg_missing,92.14194751090102,92.17877094972067,True,0.0958096,11.976199999999999,117.426,0.3659099993365591,0.7491484077824593,0.7491484077824593,16.37922769793493,K32_R8_local
ecg_missing,73.02981878621179,75.75757575757575,True,0.0958096,11.976199999999999,117.426,0.36596749586061983,0.7493748118004745,0.74920590430652,8.352308470118539,K32_R8_local
ecg_missing,80.38304248581613,80.38585209003216,True,0.0958096,11.976199999999999,117.426,0.3660613660076555,0.7492997744535557,0.7492997744535557,20.677376495473837,K32_R8_local
ppg_missing,73.74876604757769,87.71929824561404,False,0.0958096,11.976199999999999,117.426,-0.38323840825384453,0.7295605985117678,1.920556341375024e-10,6.0469395662789935,K32_R8_local
ppg_degraded,84.39954008881932,86.20689655172416,False,0.0958096,11.976199999999999,117.426,-0.3146474398491896,0.7264269690149623,0.06859096859671061,7.0606292565548365,K32_R8_local
ecg_missing,85.61543578246318,88.23529411764709,True,0.0958096,11.976199999999999,117.426,0.3659135149418228,0.749151923387723,0.749151923387723,17.009787112190335,K32_R8_local
both_clean,84.64690215169213,79.26022160916736,False,0.0958096,11.976199999999999,117.426,-0.3166037815599748,0.7383888830812438,0.06663462688592538,7.054771983007825,K32_R8_local
both_clean,104.09482638964477,83.79888268156425,False,0.0958096,11.976199999999999,117.426,-0.38320426198504287,0.7328516987202865,3.41464608573243e-05,6.496273349459931,K32_R8_local
both_clean,107.01484542159,107.03363914373085,True,0.0958096,11.976199999999999,117.426,0.349285043648896,0.7325234520947962,0.7325234520947962,18.758825224800216,K32_R8_local
ppg_missing,53.08392919340482,88.23529411764709,False,0.0958096,11.976199999999999,117.426,-0.3832384084459002,0.7396260013877961,1.0661499830277224e-35,4.997866249448451,K32_R8_local
both_clean,72.78485342913709,72.77701170013708,True,0.0958096,11.976199999999999,117.426,0.3534392009220527,0.7366776093679529,0.7366776093679529,19.104418437389118,K32_R8_local
ppg_missing,52.42086288534103,52.386495925494756,True,0.0958096,11.976199999999999,117.426,0.3496541786963736,0.7328925871422738,0.7328925871422738,17.869215245615557,K32_R8_local
ppg_degraded,72.48108742370661,73.90622683437525,True,0.0958096,11.976199999999999,117.426,0.3168279336834131,0.7000663421293133,0.7000663421293133,18.97580403727416,K32_R8_local
ecg_missing,98.18387141131478,98.14612868047985,True,0.0958096,11.976199999999999,117.426,0.36564249486836964,0.7488809033142698,0.7488809033142698,18.89521323034793,K32_R8_local
both_clean,90.76962483131479,109.79729729729728,False,0.0958096,11.976199999999999,117.426,-0.38305788498612975,0.7362229849153655,0.00018052345977045565,6.583353065435,K32_R8_local
both_degraded,84.04005002488194,86.38522795198168,True,0.0958096,11.976199999999999,117.426,0.297215505413826,0.6804539138597262,0.6804539138597262,18.56778238588885,K32_R8_local
both_clean,55.178153400949185,55.20504731861199,True,0.0958096,11.976199999999999,117.426,0.36095404507795403,0.7441924535238542,0.7441924535238542,19.647125559228797,K32_R8_local
both_clean,98.68213185626949,79.26022160916736,False,0.0958096,11.976199999999999,117.426,-0.38323840844589424,0.7499937241280958,5.950250942091413e-15,5.779883870950764,K32_R8_local
ppg_missing,86.7463823445093,86.75078864353314,True,0.0958096,11.976199999999999,117.426,0.3407420292030685,0.7239804376489687,0.7239804376489687,20.47199053020315,K32_R8_local
ecg_missing,68.15800452303877,68.18181818181819,True,0.0958096,11.976199999999999,117.426,0.3497799941080616,0.7499515101695607,0.7330184025539618,7.90796420191964,K32_R8_local
both_clean,97.11990907678512,97.07280224109027,True,0.0958096,11.976199999999999,117.426,0.3505282145617912,0.7337666230076914,0.7337666230076914,18.421522855370306,K32_R8_local
ppg_degraded,52.34374258316605,72.05701839823801,True,0.0958096,11.976199999999999,117.426,0.16262987405122548,0.5458682824971257,0.5458682824971257,18.97487646970377,K32_R8_local
both_clean,61.25268099025487,103.35924849932911,False,0.0958096,11.976199999999999,117.426,-0.37180125909003703,0.744269471148697,0.01143714935586317,6.868456424714749,K32_R8_local
both_degraded,97.34728131622825,97.70753538189258,True,0.0958096,11.976199999999999,117.426,0.224663550728394,0.6079019591742942,0.6079019591742942,16.516287344341194,K32_R8_local
ecg_missing,52.75415298491672,52.75498241500586,True,0.0958096,11.976199999999999,117.426,0.3664604643289454,0.7496988727748456,0.7496988727748456,19.694056557575518,K32_R8_local
ecg_degraded,57.928916190750485,100.93508055839744,False,0.0958096,11.976199999999999,117.426,-0.32543249777083516,0.5260781233051604,0.057805910675065006,7.0808311798254175,K32_R8_local
ecg_missing,80.09698954446489,80.042689434365,True,0.0958096,11.976199999999999,117.426,0.36604688022154286,0.749285288667443,0.749285288667443,17.983975259795127,K32_R8_local
ppg_degraded,92.60729865278087,93.42081769722246,True,0.0958096,11.976199999999999,117.426,0.35499804507596455,0.7382364535218647,0.7382364535218647,18.974508755339507,K32_R8_local
ecg_missing,85.3554883323711,100.16327939015676,False,0.0958096,11.976199999999999,117.426,-0.14307764488413527,0.7489582216989343,0.24016076356176497,7.262080009969361,K32_R8_local
ecg_missing,52.21651992892497,52.20417633410673,True,0.0958096,11.976199999999999,117.426,0.3665043188957331,0.7497427273416333,0.7497427273416333,16.48070605525537,K32_R8_local
ecg_missing,66.48805607332301,107.83131321708426,False,0.0958096,11.976199999999999,117.426,-0.38047459881453943,0.7495887417964893,0.0027638096313607587,6.754658415242771,K32_R8_local
both_clean,92.37243744714877,63.76195536663125,False,0.0958096,11.976199999999999,117.426,-0.37727460499690557,0.7362023844960899,0.005963803448994622,6.8146223046406105,K32_R8_local
both_degraded,70.90348769266873,76.14604263833061,True,0.0958096,11.976199999999999,117.426,0.15831143274956244,0.5415498411954627,0.5415498411954627,16.92932174629147,K32_R8_local
ppg_missing,61.653095923340715,61.664953751284685,True,0.0958096,11.976199999999999,117.426,0.35453305429628656,0.7377786928708228,0.7377714627421867,8.593087029652795,K32_R8_local
ppg_degraded,50.1365306200696,88.90086206896552,False,0.0958096,11.976199999999999,117.426,-0.3832384075117257,0.6279146606440836,9.341744481924797e-10,6.0990523004441375,K32_R8_local
both_degraded,65.76259494797978,77.53149928606408,False,0.0958096,11.976199999999999,117.426,-0.3832097347155612,0.5006815605216797,2.867373033897391e-05,6.506542088756991,K32_R8_local
both_clean,105.84654461025903,105.86319218241044,True,0.0958096,11.976199999999999,117.426,0.34964777190573304,0.7328861803516332,0.7328861803516332,17.343958037499338,K32_R8_local
both_clean,52.97248333668864,52.94117647058824,True,0.0958096,11.976199999999999,117.426,0.3623450504236998,0.7455834588696,0.7455834588696,17.219123130360416,K32_R8_local
ecg_degraded,83.18870619841182,83.19641847844689,True,0.0958096,11.976199999999999,117.426,0.3400875355084133,0.7233259439543135,0.7233259439543135,17.77204485750468,K32_R8_local
both_degraded,104.58057518569993,104.61816624348052,True,0.0958096,11.976199999999999,117.426,0.3231021194900656,0.7063405279359658,0.7063405279359658,16.243381898986502,K32_R8_local
ppg_degraded,92.0361763756691,92.07589285714286,True,0.0958096,11.976199999999999,117.426,0.2602850400048826,0.6435234484507828,0.6435234484507828,17.66595562272857,K32_R8_local
ppg_missing,66.85847569482586,66.88963210702342,True,0.0958096,11.976199999999999,117.426,0.35593046262180517,0.7391688710677053,0.7391688710677053,15.08048383409596,K32_R8_local
both_clean,88.9150003636772,91.31607659736858,True,0.0958096,11.976199999999999,117.426,0.3540205030936533,0.7372589115395535,0.7372589115395535,17.645586742755082,K32_R8_local
ecg_degraded,57.163735107279294,77.56263539736284,True,0.0958096,11.976199999999999,117.426,0.1533711199354228,0.536609528381323,0.536609528381323,18.094253521040766,K32_R8_local
both_degraded,79.93368066645641,85.34442738261669,True,0.0958096,11.976199999999999,117.426,0.16604780736423735,0.5492862158101376,0.5492862158101376,19.33654815689996,K32_R8_local
both_clean,65.79302415866486,67.26333860837033,True,0.0958096,11.976199999999999,117.426,0.36147937666177044,0.7447177851076706,0.7447177851076706,19.79025673922415,K32_R8_local
ppg_missing,102.54040164956592,102.52365930599372,True,0.0958096,11.976199999999999,117.426,0.3391449099071666,0.7223833183530668,0.7223833183530668,16.8411167895705,K32_R8_local
ecg_degraded,101.95828933794434,102.55479657726454,True,0.0958096,11.976199999999999,117.426,0.23446242890519203,0.6177008373510923,0.6177008373510923,20.666786642231674,K32_R8_local
both_clean,95.7097404139928,95.72583639844059,True,0.0958096,11.976199999999999,117.426,0.199057880706292,0.7360039462694099,0.5822962891521922,7.584062007851796,K32_R8_local
ecg_degraded,72.53375706880956,95.72583639844059,False,0.0958096,11.976199999999999,117.426,-0.3832380231244954,0.7226451381938539,3.85321404794025e-07,6.301686267604317,K32_R8_local
ppg_degraded,97.81621902059837,83.79888268156425,False,0.0958096,11.976199999999999,117.426,-0.35427494455085234,0.6368661684408607,0.028963463895047857,6.974141778975458,K32_R8_local
ecg_missing,108.79193948997107,108.80829015544042,True,0.0958096,11.976199999999999,117.426,0.365228248957449,0.7484666574033492,0.7484666574033492,20.44083206431092,K32_R8_local
both_degraded,72.16655021025008,72.07760716759037,True,0.0958096,11.976199999999999,117.426,0.17259543270850625,0.5558338411544065,0.5558338411544065,16.59155689592979,K32_R8_local
ppg_missing,81.51170237051802,81.43322475570034,True,0.0958096,11.976199999999999,117.426,0.32114163327898915,0.7043800417248893,0.7043800417248893,18.53973754691871,K32_R8_local
both_degraded,59.746222149725945,111.10100433873133,True,0.0958096,11.976199999999999,117.426,-0.009477654124295059,0.3748728617177331,0.37376075432160516,8.123666601954062,K32_R8_local
ecg_degraded,56.4997905284785,75.96101584285117,True,0.0958096,11.976199999999999,117.426,0.1505039747420684,0.5337423831879686,0.5337423831879686,18.755386080058265,K32_R8_local
both_clean,93.2084566240282,93.21518342693835,True,0.0958096,11.976199999999999,117.426,0.35365639647243896,0.7368948049183391,0.7368948049183391,17.652750894958636,K32_R8_local
both_degraded,53.61674955223578,107.87415714877919,True,0.0958096,11.976199999999999,117.426,-0.0022706008763708034,0.3809678075695294,0.3809678075695294,17.659347287576125,K32_R8_local
ppg_degraded,86.08118562259207,86.0738299884411,True,0.0958096,11.976199999999999,117.426,0.3202741532790342,0.7035125617249344,0.7035125617249344,18.210865372562466,K32_R8_local
ppg_missing,56.81684969041714,58.011049723756905,True,0.0958096,11.976199999999999,117.426,0.36675649490141404,0.7499949033473142,0.7499949033473142,17.426685799429276,K32_R8_local
both_degraded,90.14165942479869,90.16393442622952,True,0.0958096,11.976199999999999,117.426,0.22752691907771222,0.6107653275236125,0.6107653275236125,17.277298074819214,K32_R8_local
ppg_missing,95.20726677541678,97.19222462203024,True,0.0958096,11.976199999999999,117.426,0.3390954232654473,0.7223338317113475,0.7223338317113475,17.41341833586658,K32_R8_local
ecg_missing,106.45414162990264,106.44104803493451,True,0.0958096,11.976199999999999,117.426,0.365582809922247,0.7488212183681472,0.7488212183681472,15.82343098190054,K32_R8_local
both_degraded,73.39421099306381,73.48658385047447,True,0.0958096,11.976199999999999,117.426,0.1497516464143151,0.5329900548602153,0.5329900548602153,14.976433696979056,K32_R8_local
both_clean,73.36920981888866,73.3695652173913,True,0.0958096,11.976199999999999,117.426,0.357808956833495,0.7410473652793952,0.7410473652793952,16.001251420390187,K32_R8_local
ppg_degraded,73.97880310154724,77.77058789381942,True,0.0958096,11.976199999999999,117.426,0.22158529749822037,0.6048237059441206,0.6048237059441206,17.153385511227057,K32_R8_local
ppg_degraded,92.34857230271757,92.34542194932871,True,0.0958096,11.976199999999999,117.426,0.23867479685726162,0.6219132053031619,0.6219132053031619,17.265425469848207,K32_R8_local
both_clean,97.26321108406827,97.19222462203027,True,0.0958096,11.976199999999999,117.426,0.34817945511594317,0.7314178635618434,0.7314178635618434,15.058598113403843,K32_R8_local
both_clean,56.94392246409419,95.72583639844059,False,0.0958096,11.976199999999999,117.426,-0.3816111753878127,0.7411161912415463,0.0016272330580874804,6.718188739796346,K32_R8_local
both_clean,69.4860508098232,70.74505781802587,True,0.0958096,11.976199999999999,117.426,0.35869936631553,0.7431409153471683,0.7419377747614302,8.180872845283064,K32_R8_local
ecg_missing,53.314278771948636,55.91054313099041,True,0.0958096,11.976199999999999,117.426,0.36649045597323515,0.7497288644191353,0.7497288644191353,16.419042987115354,K32_R8_local
ppg_missing,64.09401528008323,64.1025641025641,True,0.0958096,11.976199999999999,117.426,0.36659653913071133,0.7498349475766115,0.7498349475766115,20.092391949147412,K32_R8_local
both_degraded,94.02426588421505,94.04388714733544,True,0.0958096,11.976199999999999,117.426,0.32366279461525727,0.7069012030611574,0.7069012030611574,18.278122483112913,K32_R8_local
ecg_missing,106.20840223393978,106.27530364372468,True,0.0958096,11.976199999999999,117.426,0.3655098065615495,0.7487482150074497,0.7487482150074497,17.383708120002982,K32_R8_local
both_degraded,108.82007447827824,100.93508055839744,False,0.0958096,11.976199999999999,117.426,-0.38323733245368663,0.6166196056239654,1.0759922135328758e-06,6.348894330381018,K32_R8_local
ppg_degraded,54.089246571661135,63.44544598481082,True,0.0958096,11.976199999999999,117.426,0.25820943363104654,0.641448316998322,0.6414478420769467,8.772117234243375,K32_R8_local
ecg_degraded,74.11448861529429,80.90247718957312,True,0.0958096,11.976199999999999,117.426,0.21208149401826754,0.5953199024641678,0.5953199024641678,17.31360911041692,K32_R8_local
both_clean,102.34632567953425,102.2727272727273,True,0.0958096,11.976199999999999,117.426,0.348998039114644,0.7322364475605442,0.7322364475605442,19.48165997018215,K32_R8_local
ppg_missing,80.28699763920307,80.29978586723769,True,0.0958096,11.976199999999999,117.426,0.34550288399101126,0.7287412924369114,0.7287412924369114,15.729246231769165,K32_R8_local
ppg_degraded,70.9697466978238,71.27411540679505,True,0.0958096,11.976199999999999,117.426,0.2597955247190542,0.6430339331649544,0.6430339331649544,17.39216128290797,K32_R8_local
ecg_missing,96.94182219581225,96.87836383207753,True,0.0958096,11.976199999999999,117.426,0.3657160886898262,0.7489544971357264,0.7489544971357264,19.509247927151897,K32_R8_local
ecg_degraded,101.85971616121381,101.90627557423049,True,0.0958096,11.976199999999999,117.426,0.28457718303997903,0.6678155914858792,0.6678155914858792,15.985230607072218,K32_R8_local
both_degraded,58.75566644810788,117.7094720067971,True,0.0958096,11.976199999999999,117.426,0.001929569657916425,0.38516797810381664,0.38516797810381664,18.92201952575689,K32_R8_local
ecg_missing,81.03009243511184,80.99352051835854,True,0.0958096,11.976199999999999,117.426,0.3660149234093232,0.7492533318552234,0.7492533318552234,17.12267111644794,K32_R8_local
ecg_missing,58.832940124834124,58.85650224215247,True,0.0958096,11.976199999999999,117.426,0.3664675107996678,0.749705919245568,0.749705919245568,19.676782482644427,K32_R8_local
both_degraded,60.812353737204084,90.75907590759077,False,0.0958096,11.976199999999999,117.426,-0.3832384084459002,0.2805587153350011,1.9429880526716346e-38,4.932320684221944,K32_R8_local
both_clean,81.83906289606713,105.24348814058905,False,0.0958096,11.976199999999999,117.426,-0.3832384084446726,0.7373605492439559,1.2275564040549204e-12,5.908571259732195,K32_R8_local
both_clean,65.16691679122944,65.75636302080575,True,0.0958096,11.976199999999999,117.426,0.03569248405694638,0.7440387398952366,0.4189308925028466,7.416658056830923,K32_R8_local
both_clean,98.30228429421373,98.2694250003554,True,0.0958096,11.976199999999999,117.426,0.3499683777672059,0.7332067862131061,0.7332067862131061,15.45802471428015,K32_R8_local
ecg_missing,71.9236019942706,71.8849840255591,True,0.0958096,11.976199999999999,117.426,0.36607043432745257,0.7493088427733527,0.7493088427733527,17.49578906916705,K32_R8_local
ppg_missing,60.87709539274631,85.37437533019398,False,0.0958096,11.976199999999999,117.426,-0.38283852936124485,0.7397154403941222,0.0003998790846553521,6.628904311325134,K32_R8_local
ppg_degraded,87.75472263471329,74.7141685828409,False,0.0958096,11.976199999999999,117.426,-0.3832384082800871,0.7252503800016709,1.658130874987574e-10,6.042817337182025,K32_R8_local
both_clean,65.72156559886255,65.71741511500547,True,0.0958096,11.976199999999999,117.426,0.35915656713599264,0.7423949755818928,0.7423949755818928,17.514173415258448,K32_R8_local
both_degraded,53.983538152594065,107.83131321708426,True,0.0958096,11.976199999999999,117.426,-0.05424985009682496,0.3303429427984275,0.32898855834907526,8.09199259643079,K32_R8_local
ecg_degraded,109.94611356899108,110.55476499598404,True,0.0958096,11.976199999999999,117.426,0.32790191660787416,0.7111403250537743,0.7111403250537743,17.812326140349,K32_R8_local
ecg_degraded,61.05542926082709,76.95800037151677,True,0.0958096,11.976199999999999,117.426,0.14741061398945282,0.5415434980108613,0.5306490224353531,7.921544237359977,K32_R8_local
ppg_missing,57.878438959597545,60.0,True,0.0958096,11.976199999999999,117.426,0.35611568836093666,0.7393540968068368,0.7393540968068368,16.271043162938316,K32_R8_local
ppg_missing,78.83390446667792,79.95735607675907,True,0.0958096,11.976199999999999,117.426,0.3420241247921183,0.7252625332380185,0.7252625332380185,18.534082440725086,K32_R8_local
both_clean,50.23753799069525,50.2514387574606,True,0.0958096,11.976199999999999,117.426,0.3620504645291257,0.7452888729750259,0.7452888729750259,17.704833873077796,K32_R8_local
ppg_degraded,97.35987077971433,97.45489259174781,True,0.0958096,11.976199999999999,117.426,0.35481974908976777,0.738058157535668,0.738058157535668,21.47328809812824,K32_R8_local
ppg_degraded,54.510966218429296,70.96213444527106,True,0.0958096,11.976199999999999,117.426,0.1543021780759069,0.5375405865218071,0.5375405865218071,17.655573651888815,K32_R8_local
ecg_missing,52.3726569151252,52.38649592549476,True,0.0958096,11.976199999999999,117.426,0.36652014110900355,0.7497585495549037,0.7497585495549037,19.508643650465643,K32_R8_local
ppg_degraded,107.96243509177197,76.95800037151677,False,0.0958096,11.976199999999999,117.426,-0.3644600403707022,0.7221747399657676,0.01877836807519801,6.917014701801161,K32_R8_local
ppg_missing,81.00437482229924,68.18181818181819,False,0.0958096,11.976199999999999,117.426,-0.38323353219938183,0.7278425467854774,4.876246518358776e-06,6.405964957875743,K32_R8_local
both_clean,105.7250362090385,106.20817158184867,True,0.0958096,11.976199999999999,117.426,0.3438963126767821,0.7271347211226823,0.7271347211226823,16.82973239064323,K32_R8_local
ecg_degraded,103.82549816426625,103.28208138387832,True,0.0958096,11.976199999999999,117.426,0.23877269616630964,0.6220111046122099,0.6220111046122099,18.0078707256313,K32_R8_local
both_degraded,94.03945300440185,95.04306706060238,True,0.0958096,11.976199999999999,117.426,0.0949932252842627,0.4782316337301629,0.4782316337301629,19.25125762605629,K32_R8_local
ppg_missing,51.77912239343012,51.783659378596084,True,0.0958096,11.976199999999999,117.426,0.35743955268024674,0.7406779611261469,0.7406779611261469,16.975762660697196,K32_R8_local
ppg_missing,88.62635103505609,88.70967741935485,True,0.0958096,11.976199999999999,117.426,0.34172381267783636,0.7249622211237365,0.7249622211237365,18.947095520439376,K32_R8_local
ecg_degraded,53.90296858568705,72.11733727752346,True,0.0958096,11.976199999999999,117.426,0.14644533843074586,0.5296837468766461,0.5296837468766461,17.386841503542318,K32_R8_local
ppg_degraded,50.6403066379972,62.906644330367264,True,0.0958096,11.976199999999999,117.426,0.23106484046462034,0.6143032489105206,0.6143032489105206,18.17252678556601,K32_R8_local
both_degraded,100.66395639231615,101.2920864430635,True,0.0958096,11.976199999999999,117.426,0.027569858202832937,0.506662057889205,0.41080826664873316,7.602547672031312,K32_R8_local
both_clean,68.40820148968287,68.92039181835263,True,0.0958096,11.976199999999999,117.426,0.3565097525338293,0.7397481609797295,0.7397481609797295,15.424039021873446,K32_R8_local
ecg_degraded,94.8294373873332,95.46172834015024,True,0.0958096,11.976199999999999,117.426,0.33340802986231555,0.7166464383082157,0.7166464383082157,19.13798802252655,K32_R8_local
both_clean,81.78876647040474,83.19103553315256,True,0.0958096,11.976199999999999,117.426,0.35082456897003444,0.7340629774159346,0.7340629774159346,12.996144931203453,K32_R8_local
ecg_missing,97.0470480886041,96.98275862068967,True,0.0958096,11.976199999999999,117.426,0.3657908039463328,0.749029212392233,0.749029212392233,16.602736364997085,K32_R8_local
ecg_degraded,88.38674056076323,89.75465230345283,True,0.0958096,11.976199999999999,117.426,0.24080776903448425,0.6240461774803845,0.6240461774803845,17.414351449215527,K32_R8_local
ppg_missing,108.36587385096671,108.45383759733039,True,0.0958096,11.976199999999999,117.426,0.33282580762928404,0.7160642160751842,0.7160642160751842,18.50779687221045,K32_R8_local
ecg_missing,78.4861354137895,78.48837209302326,True,0.0958096,11.976199999999999,117.426,0.36606858544831944,0.7493069938942196,0.7493069938942196,18.055146224723966,K32_R8_local
both_clean,101.19191333853092,101.18198031953582,True,0.0958096,11.976199999999999,117.426,0.3467606420980336,0.7299990505439338,0.7299990505439338,17.15452660591423,K32_R8_local
ppg_missing,99.30905531371005,99.22822491730983,True,0.0958096,11.976199999999999,117.426,0.33171574342230736,0.7149541518682075,0.7149541518682075,16.708101352898844,K32_R8_local
ecg_missing,85.20264939710209,85.22727272727273,True,0.0958096,11.976199999999999,117.426,0.36669839499065027,0.7499368034365504,0.7499368034365504,18.341580650278118,K32_R8_local
both_degraded,80.38052908434932,80.22240339433694,True,0.0958096,11.976199999999999,117.426,0.16495016430580428,0.5481885727517045,0.5481885727517045,19.143353752832034,K32_R8_local
both_degraded,75.8102126349273,81.69303130056723,True,0.0958096,11.976199999999999,117.426,0.22778237854220668,0.6110207869881069,0.6110207869881069,16.408695707875513,K32_R8_local
both_clean,88.76222333409844,90.25545629998713,True,0.0958096,11.976199999999999,117.426,0.35156231366740054,0.7348007221133007,0.7348007221133007,18.427105472191844,K32_R8_local
ecg_missing,61.750388332119115,61.692126909518215,True,0.0958096,11.976199999999999,117.426,0.366407963786633,0.7496463722325332,0.7496463722325332,18.251398515171243,K32_R8_local
ppg_degraded,76.35143375345483,79.75565971519845,True,0.0958096,11.976199999999999,117.426,0.2353400069423695,0.6185784153882697,0.6185784153882697,18.51879844820209,K32_R8_local
ppg_missing,88.82476622767993,88.80516684607105,True,0.0958096,11.976199999999999,117.426,0.34334758376621277,0.726585992212113,0.726585992212113,15.039636227628188,K32_R8_local
ecg_missing,68.44219170233661,109.26118626430802,False,0.0958096,11.976199999999999,117.426,-0.3831266371118807,0.7495397017978361,0.0001117713340194645,6.556152094910405,K32_R8_local
ppg_degraded,63.002944464799526,81.8190760838698,True,0.0958096,11.976199999999999,117.426,0.13430944043808785,0.5175478488839881,0.5175478488839881,16.26551131550263,K32_R8_local
both_clean,56.38060697525785,57.42690488631234,True,0.0958096,11.976199999999999,117.426,0.36289913625866776,0.746137544704568,0.746137544704568,18.00072754999211,K32_R8_local
ppg_missing,98.27088219296822,99.28716904276988,True,0.0958096,11.976199999999999,117.426,0.34056180736487873,0.7238002158107789,0.7238002158107789,16.813692263699423,K32_R8_local
ppg_missing,102.54374821370014,72.80676074757237,False,0.0958096,11.976199999999999,117.426,-0.38323840843120355,0.7244771862861383,1.469660940195621e-11,5.97454704365407,K32_R8_local
ppg_degraded,100.03955943564415,77.06785632874642,False,0.0958096,11.976199999999999,117.426,-0.38323840844590007,0.738191943901601,1.2788236417838718e-16,5.696189393002329,K32_R8_local
ecg_degraded,92.39050684901164,92.38521836506159,True,0.0958096,11.976199999999999,117.426,0.2875089684306983,0.6707473768765985,0.6707473768765985,19.542925044295888,K32_R8_local
ppg_missing,86.27674210911854,86.20689655172416,True,0.0958096,11.976199999999999,117.426,0.22365541330049415,0.7378344127535872,0.6068938217463944,7.614177536050031,K32_R8_local
ppg_degraded,53.475790621157024,74.7141685828409,False,0.0958096,11.976199999999999,117.426,-0.38323840844511486,0.6223219394524945,7.853006535069144e-13,5.901509737349931,K32_R8_local
ecg_missing,102.84348363197233,102.85714285714289,True,0.0958096,11.976199999999999,117.426,0.36552579030120214,0.7487641987471023,0.7487641987471023,16.14010228988975,K32_R8_local
ppg_degraded,78.41187577733062,78.36990595611287,True,0.0958096,11.976199999999999,117.426,0.32589036191152165,0.7091287703574218,0.7091287703574218,17.19858613190929,K32_R8_local
ecg_degraded,91.1938695444448,91.91394063490098,True,0.0958096,11.976199999999999,117.426,0.23910742801971524,0.6223458364656155,0.6223458364656155,18.41122136778658,K32_R8_local
both_degraded,57.26409385258379,110.41565772178922,True,0.0958096,11.976199999999999,117.426,0.007701280848994869,0.3909396892948951,0.3909396892948951,16.074892426741933,K32_R8_local
ecg_missing,94.74517061392861,94.71871412169921,True,0.0958096,11.976199999999999,117.426,0.36569861605054554,0.7489370244964457,0.7489370244964457,18.27418388365115,K32_R8_local
ppg_degraded,58.8115779032927,77.67766957141947,True,0.0958096,11.976199999999999,117.426,0.12638942686131943,0.5096278353072197,0.5096278353072197,20.584328334519753,K32_R8_local
ppg_degraded,107.5036054032485,107.6918547794203,True,0.0958096,11.976199999999999,117.426,0.23995058305455025,0.6231889915004505,0.6231889915004505,18.027417708826267,K32_R8_local
both_clean,92.63880554315608,92.69662921348315,True,0.0958096,11.976199999999999,117.426,0.35672670997248623,0.7399651184183864,0.7399651184183864,17.316263463111024,K32_R8_local
ppg_degraded,81.8378219644857,81.83460297010829,True,0.0958096,11.976199999999999,117.426,0.3207225952523375,0.7039610036982377,0.7039610036982377,13.367798892137895,K32_R8_local
ppg_degraded,89.19747568009959,89.5645910046079,True,0.0958096,11.976199999999999,117.426,0.3151885267725695,0.6984269352184697,0.6984269352184697,18.098553962318046,K32_R8_local
ppg_missing,63.78859340301903,63.76195536663125,True,0.0958096,11.976199999999999,117.426,0.35347587791192625,0.7367142863578264,0.7367142863578264,16.757921337833512,K32_R8_local
ecg_degraded,79.94405396983339,81.47316443423213,True,0.0958096,11.976199999999999,117.426,0.2792012419812099,0.6624396504271101,0.6624396504271101,18.952641904628354,K32_R8_local
both_degraded,55.16558235725349,110.36049448725977,True,0.0958096,11.976199999999999,117.426,0.015614213213853551,0.39885262165975377,0.39885262165975377,19.48232911329081,K32_R8_local
ecg_degraded,66.77206228621868,68.44670096805369,True,0.0958096,11.976199999999999,117.426,0.28260449195024573,0.6658429003961459,0.6658429003961459,16.94444685261197,K32_R8_local
ppg_degraded,67.12859350845062,74.08561240990426,True,0.0958096,11.976199999999999,117.426,0.20108463525489956,0.5843230437007998,0.5843230437007998,16.821310710725268,K32_R8_local
both_clean,59.907976280842874,59.93150684931506,True,0.0958096,11.976199999999999,117.426,0.3620586563127155,0.7452970647586157,0.7452970647586157,18.23415563650039,K32_R8_local
ppg_degraded,74.96609598062184,75.54292755691053,True,0.0958096,11.976199999999999,117.426,0.3282491544107614,0.7114875628566616,0.7114875628566616,15.21551370786326,K32_R8_local
both_clean,53.79400811394663,81.47495223898446,False,0.0958096,11.976199999999999,117.426,-0.3770182645775667,0.7461660289191983,0.006220143868333499,6.816924231269332,K32_R8_local
ecg_missing,51.54683181787245,54.47941888619854,True,0.0958096,11.976199999999999,117.426,0.36284177753559854,0.7497757240210465,0.7460801859814987,8.07358180702542,K32_R8_local
both_degraded,69.95940435821207,72.93427394870491,True,0.0958096,11.976199999999999,117.426,0.06751260125917109,0.4507510097050713,0.4507510097050713,15.397066651318566,K32_R8_local
both_clean,109.48532489230897,110.05445695600868,True,0.0958096,11.976199999999999,117.426,0.34938249978337677,0.732620908229277,0.732620908229277,16.90387427337019,K32_R8_local
ppg_missing,93.62337149352038,93.65244536940688,True,0.0958096,11.976199999999999,117.426,0.33987007512566125,0.7231084835715614,0.7231084835715614,17.258297046675963,K32_R8_local
both_degraded,75.66383819824892,81.85537801783475,True,0.0958096,11.976199999999999,117.426,0.06539541043558307,0.4486338188814833,0.4486338188814833,18.164483318182377,K32_R8_local
ecg_missing,61.96307695858539,61.98347107438017,True,0.0958096,11.976199999999999,117.426,0.36672874115730414,0.7499671496032043,0.7499671496032043,16.402381517518048,K32_R8_local
ecg_degraded,57.292948608265405,77.57605716106445,True,0.0958096,11.976199999999999,117.426,0.14425980755264906,0.5274982159985493,0.5274982159985493,17.22811419701377,K32_R8_local
ecg_missing,74.99049168776186,63.76195536663125,False,0.0958096,11.976199999999999,117.426,-0.3832375560651159,0.7499918897373448,8.523807842776918e-07,6.33151167491998,K32_R8_local
ppg_degraded,89.20287930865743,89.81335623681119,True,0.0958096,11.976199999999999,117.426,0.2604326809734331,0.6436710894193333,0.6436710894193333,19.17136790287518,K32_R8_local
both_degraded,99.56721413534797,99.59141981613894,True,0.0958096,11.976199999999999,117.426,0.27462625754566317,0.6578646659915633,0.6578646659915633,17.09193588134815,K32_R8_local
both_degraded,77.74769380178607,81.37595289111066,True,0.0958096,11.976199999999999,117.426,0.10354529296334748,0.4867837014092477,0.4867837014092477,17.80818106527246,K32_R8_local
ecg_missing,101.11147945672788,101.12359550561801,True,0.0958096,11.976199999999999,117.426,0.36576076028228,0.7489991687281802,0.7489991687281802,18.127875251545746,K32_R8_local
ecg_missing,98.67770518546472,98.68421052631581,True,0.0958096,11.976199999999999,117.426,0.36675767042527074,0.7499960788711709,0.7499960788711709,18.183522578624206,K32_R8_local
ecg_missing,100.97791020472731,101.01010101010104,True,0.0958096,11.976199999999999,117.426,0.36571830088077495,0.7489567093266751,0.7489567093266751,18.15224743431866,K32_R8_local
ppg_missing,69.91526209182878,69.93006993006993,True,0.0958096,11.976199999999999,117.426,0.3516037568602455,0.7348421653061457,0.7348421653061457,18.02473430676415,K32_R8_local
both_clean,78.01962200155876,85.37437533019398,False,0.0958096,11.976199999999999,117.426,-0.11092513684801424,0.738360447422451,0.272313271597886,7.294009285080363,K32_R8_local
ecg_degraded,59.61667847085474,81.47495223898446,True,0.0958096,11.976199999999999,117.426,-0.01685427117503367,0.5249613730902543,0.36638413727086655,7.508261466843434,K32_R8_local
ecg_degraded,85.07368698805331,85.13931888544893,True,0.0958096,11.976199999999999,117.426,0.23938349384104168,0.6226219022869419,0.6226219022869419,20.006131843594634,K32_R8_local
both_degraded,52.542111995353245,104.32521854829619,True,0.0958096,11.976199999999999,117.426,0.04432418378143307,0.4275625922273333,0.4275625922273333,17.288705821109048,K32_R8_local
ecg_degraded,78.17075143505386,78.17174914750474,True,0.0958096,11.976199999999999,117.426,0.28383729414021874,0.6670757025861189,0.6670757025861189,18.919568587003994,K32_R8_local
ppg_missing,59.81647009821869,59.79498861047836,True,0.0958096,11.976199999999999,117.426,0.3538667570844505,0.7371051655303507,0.7371051655303507,19.039199066970536,K32_R8_local
ecg_missing,78.6622959256571,78.69884575026234,True,0.0958096,11.976199999999999,117.426,0.34505869161332536,0.7493962714772039,0.7282971000592255,7.881414066176281,K32_R8_local
ppg_missing,60.87671320798333,61.91950464396285,True,0.0958096,11.976199999999999,117.426,0.35156201653003394,0.7348004249759341,0.7348004249759341,16.259934629225718,K32_R8_local
ppg_missing,50.09026774167785,52.26480836236933,True,0.0958096,11.976199999999999,117.426,0.3591604643682733,0.7423988728141735,0.7423988728141735,17.713318032953293,K32_R8_local
both_degraded,75.30536805920377,78.25700206730414,True,0.0958096,11.976199999999999,117.426,0.1986740915140776,0.5819124999599778,0.5819124999599778,18.755766624129617,K32_R8_local
ecg_degraded,75.695914333043,78.7878108412857,True,0.0958096,11.976199999999999,117.426,0.22189077715198186,0.6051291855978821,0.6051291855978821,18.03573725869567,K32_R8_local
ecg_degraded,82.46607847267225,84.6513696864496,True,0.0958096,11.976199999999999,117.426,0.2884174193569683,0.6716558278028685,0.6716558278028685,17.764044582370534,K32_R8_local
both_degraded,57.47928840760106,111.42094739760802,True,0.0958096,11.976199999999999,117.426,-0.0279378658334332,0.355300542612467,0.355300542612467,19.5476648459273,K32_R8_local
ppg_degraded,79.89616845280784,95.72583639844059,False,0.0958096,11.976199999999999,117.426,-0.3394060828293451,0.7261431233204166,0.0438323256165551,7.0058019774453655,K32_R8_local
ppg_degraded,67.98038402209885,69.64579207375138,True,0.0958096,11.976199999999999,117.426,0.34575438390046787,0.728992792346368,0.728992792346368,15.317601680503186,K32_R8_local
both_degraded,54.88319759521259,104.34448875621176,True,0.0958096,11.976199999999999,117.426,0.0028298607273349492,0.38606826917323517,0.38606826917323517,17.73957520574492,K32_R8_local
ppg_missing,74.61241485195842,74.66814159292035,True,0.0958096,11.976199999999999,117.426,0.3524416559947572,0.7356800644406574,0.7356800644406574,19.225999296683767,K32_R8_local
ecg_degraded,90.0116320364676,91.8121342596405,True,0.0958096,11.976199999999999,117.426,0.285218798796127,0.6684572072420272,0.6684572072420272,15.136694547801026,K32_R8_local
ppg_degraded,68.1696463166624,70.7286858966194,True,0.0958096,11.976199999999999,117.426,0.27737364751833304,0.6606120559642332,0.6606120559642332,19.28878366971474,K32_R8_local
ecg_missing,92.80599373441198,92.80089988751408,True,0.0958096,11.976199999999999,117.426,0.300700879310313,0.7490883069151277,0.6839392877562132,7.730276973370081,K32_R8_local
ppg_missing,97.3262684089193,63.29113924050633,False,0.0958096,11.976199999999999,117.426,-0.38266923320084417,0.7125674189498652,0.0005691752450559819,6.652578019660149,K32_R8_local
ppg_degraded,50.84100552152224,69.86224444383774,True,0.0958096,11.976199999999999,117.426,0.1556381571029038,0.538876565548804,0.538876565548804,19.5346259198541,K32_R8_local
ecg_degraded,62.93338636469588,80.38008185157634,True,0.0958096,11.976199999999999,117.426,0.1671621470139169,0.5504005554598171,0.5504005554598171,17.854858831018973,K32_R8_local
ppg_missing,67.01870681538081,68.94790602655772,True,0.0958096,11.976199999999999,117.426,0.2254678134280355,0.7301914536257923,0.6087062218739357,7.6256688208343535,K32_R8_local
both_clean,85.53807926832594,85.51881413911062,True,0.0958096,11.976199999999999,117.426,0.3563839477478735,0.7396223561937737,0.7396223561937737,17.92066588172556,K32_R8_local
both_clean,79.21806388091665,79.82736511668716,True,0.0958096,11.976199999999999,117.426,0.3560280518419342,0.7392664602878344,0.7392664602878344,16.51579817368704,K32_R8_local
both_degraded,84.08409953174856,87.53205686041599,True,0.0958096,11.976199999999999,117.426,0.01776772373596654,0.40100613218186676,0.40100613218186676,19.277113817767034,K32_R8_local
ppg_degraded,54.42796547850157,71.10991321247313,True,0.0958096,11.976199999999999,117.426,0.14724988560051694,0.5304882940464172,0.5304882940464172,18.294425952913883,K32_R8_local
ppg_missing,67.22666681871897,67.18924972004478,True,0.0958096,11.976199999999999,117.426,0.35203853660488216,0.7352769450507823,0.7352769450507823,20.76763384922673,K32_R8_local
both_clean,59.64793890629953,85.37437533019398,False,0.0958096,11.976199999999999,117.426,-0.3832240899383433,0.7438583230257493,1.4318507556886049e-05,6.453791825277958,K32_R8_local
both_clean,94.75971911694714,85.37437533019398,False,0.0958096,11.976199999999999,117.426,0.019512215796660754,0.7349591116128534,0.402750624242561,7.4070635137801375,K32_R8_local
ecg_degraded,91.00883847035009,91.96983767458104,True,0.0958096,11.976199999999999,117.426,0.3325360672761415,0.7157744757220417,0.7157744757220417,17.349464805234994,K32_R8_local
both_degraded,68.29323601429111,76.95800037151677,False,0.0958096,11.976199999999999,117.426,-0.38323840826945016,0.37673552059440446,1.7645001603179703e-10,6.063966653889175,K32_R8_local
both_clean,102.56997563943787,102.5744061070728,True,0.0958096,11.976199999999999,117.426,0.34689791824674643,0.7301363266926466,0.7301363266926466,18.14517730960846,K32_R8_local
ecg_missing,58.13756561418017,58.13953488372093,True,0.0958096,11.976199999999999,117.426,0.36676124324656445,0.7499996516924646,0.7499996516924646,19.169651425130656,K32_R8_local
ppg_degraded,51.06924287147994,71.79008053867875,True,0.0958096,11.976199999999999,117.426,0.1683094335801883,0.5515478420260885,0.5515478420260885,17.48806985834356,K32_R8_local
ecg_missing,72.4014649094861,72.42489270386267,True,0.0958096,11.976199999999999,117.426,0.36621392730761526,0.7494523357535154,0.7494523357535154,17.173483648051743,K32_R8_local
both_clean,90.10709938728384,90.16393442622952,True,0.0958096,11.976199999999999,117.426,0.35511704343333705,0.7383554518792372,0.7383554518792372,17.761168957799573,K32_R8_local
ppg_missing,106.77035048329952,106.70731707317071,True,0.0958096,11.976199999999999,117.426,0.33281040811776263,0.7160488165636628,0.7160488165636628,20.190863790218366,K32_R8_local
both_clean,80.51870795451306,68.94790602655772,False,0.0958096,11.976199999999999,117.426,-0.3806700128509872,0.7413880857112191,0.0025683955949129646,6.7501572910152925,K32_R8_local
both_clean,58.18924610923995,59.56346740639837,True,0.0958096,11.976199999999999,117.426,0.3581287128685261,0.7413671213144263,0.7413671213144263,19.438863218252575,K32_R8_local
ecg_degraded,85.84211020007277,85.86800351866434,True,0.0958096,11.976199999999999,117.426,0.28983100726487554,0.6730694157107757,0.6730694157107757,16.286306953505658,K32_R8_local
both_degraded,51.008326175457654,103.48620921216495,True,0.0958096,11.976199999999999,117.426,-0.21532405861833112,0.42470587126335235,0.16791434982756911,7.311103008452924,K32_R8_local
ppg_missing,99.08252898659495,99.00990099009901,True,0.0958096,11.976199999999999,117.426,0.33514425489145805,0.7183826633373582,0.7183826633373582,20.521152291247237,K32_R8_local
ppg_degraded,69.34560506430068,71.73424533215298,True,0.0958096,11.976199999999999,117.426,0.349957166897909,0.7331955753438092,0.7331955753438092,19.146027786561323,K32_R8_local
both_clean,56.11010603500788,56.10972568578553,True,0.0958096,11.976199999999999,117.426,0.3625937243298307,0.7458321327757309,0.7458321327757309,18.7244124948353,K32_R8_local
ppg_missing,58.95754563788721,58.92255892255893,True,0.0958096,11.976199999999999,117.426,0.3522989774900924,0.7355373859359926,0.7355373859359926,21.0169422834718,K32_R8_local
both_degraded,99.71805525219814,85.37437533019398,False,0.0958096,11.976199999999999,117.426,-0.3832382344852701,0.43526495396675874,1.7396063006244175e-07,6.290596252136239,K32_R8_local
both_degraded,104.38558694741513,52.14368482039397,False,0.0958096,11.976199999999999,117.426,-0.38312847885208856,0.5138044561400845,0.00010992959381160407,6.575791807809759,K32_R8_local
both_clean,61.072816986463835,61.0822772601814,True,0.0958096,11.976199999999999,117.426,0.3612826840392517,0.7445210924851519,0.7445210924851519,17.916474435023233,K32_R8_local
both_degraded,109.88491719835787,107.83131321708426,False,0.0958096,11.976199999999999,117.426,-0.3832384084459002,0.5142115999866326,1.9251467108713496e-17,5.6642927450473595,K32_R8_local
ecg_missing,101.61811771624127,101.5801354401806,True,0.0958096,11.976199999999999,117.426,0.36581958557275296,0.7490579940186531,0.7490579940186531,17.890880070452297,K32_R8_local
ecg_degraded,69.76265658558788,72.66797965756027,True,0.0958096,11.976199999999999,117.426,0.27024637200645774,0.6534847804523579,0.6534847804523579,16.126902993582032,K32_R8_local
ecg_degraded,53.067346949820454,90.65571890326396,False,0.0958096,11.976199999999999,117.426,-0.38323840817948507,0.5335553359714441,2.664151111488146e-10,6.065876494697015,K32_R8_local
ppg_missing,59.07412969299688,59.05511811023622,True,0.0958096,11.976199999999999,117.426,0.3660631146568366,0.7493015231027368,0.7493015231027368,18.754874368391988,K32_R8_local
ecg_degraded,76.18542643967152,77.58639187156211,True,0.0958096,11.976199999999999,117.426,0.2805909845125091,0.6638293929584093,0.6638293929584093,17.48957601685077,K32_R8_local
both_clean,62.330915326487684,89.14038678079451,False,0.0958096,11.976199999999999,117.426,-0.3832384084459002,0.737905492756905,2.368608261757209e-34,5.037287045328899,K32_R8_local
ecg_degraded,60.91655492433519,78.25256501445558,True,0.0958096,11.976199999999999,117.426,0.135966484623589,0.5192048930694892,0.5192048930694892,18.102380532731594,K32_R8_local
ecg_missing,66.36311233364611,66.3716814159292,True,0.0958096,11.976199999999999,117.426,0.3667549499701206,0.7499933584160208,0.7499933584160208,19.53727468546727,K32_R8_local
ppg_degraded,102.65826148722341,103.26839222717446,True,0.0958096,11.976199999999999,117.426,0.3182318523718821,0.7014702608177823,0.7014702608177823,19.119385247281574,K32_R8_local
ecg_degraded,52.18693782688468,69.24287853879838,True,0.0958096,11.976199999999999,117.426,0.16025707820580276,0.543495486651703,0.543495486651703,17.922828691548467,K32_R8_local
ecg_degraded,105.34748327171553,105.82565975938103,True,0.0958096,11.976199999999999,117.426,0.2569506956773856,0.6401891041232858,0.6401891041232858,19.93642851735723,K32_R8_local
ecg_missing,76.95564013817535,76.87927107061503,True,0.0958096,11.976199999999999,117.426,0.36607087045180586,0.749309278897706,0.749309278897706,18.539029094403347,K32_R8_local
ecg_missing,94.279827774952,94.2857142857143,True,0.0958096,11.976199999999999,117.426,0.36584013361568224,0.7490785420615824,0.7490785420615824,20.558838993573794,K32_R8_local
ecg_degraded,80.71606840468928,80.73196986006458,True,0.0958096,11.976199999999999,117.426,0.2880302899856385,0.6712686984315387,0.6712686984315387,18.76797875297857,K32_R8_local
ppg_degraded,106.7237970225732,107.12147558761778,True,0.0958096,11.976199999999999,117.426,0.3138049527391267,0.6970433611850269,0.6970433611850269,18.93906404081035,K32_R8_local
ecg_missing,60.87747540268718,63.42494714587738,True,0.0958096,11.976199999999999,117.426,0.3664504148479286,0.7496888232938288,0.7496888232938288,15.672841121521035,K32_R8_local
both_degraded,65.3176523574125,67.1744679375607,True,0.0958096,11.976199999999999,117.426,0.318873786639989,0.7021121950858892,0.7021121950858892,17.20331073755401,K32_R8_local
ppg_degraded,80.49033644451005,80.47214289519779,True,0.0958096,11.976199999999999,117.426,0.3478632455649775,0.7311016540108777,0.7311016540108777,14.787189498337902,K32_R8_local
ecg_degraded,80.45668594257961,80.43811568680356,True,0.0958096,11.976199999999999,117.426,0.2626324450237255,0.6458708534696257,0.6458708534696257,17.768417157580178,K32_R8_local
ppg_degraded,69.8615783522871,71.09112402440914,True,0.0958096,11.976199999999999,117.426,0.3442219445103767,0.7274603529562769,0.7274603529562769,17.469715030783806,K32_R8_local
ppg_missing,68.31891887162232,68.31983805668015,True,0.0958096,11.976199999999999,117.426,0.35473552312066503,0.7379739315665652,0.7379739315665652,16.374068663496157,K32_R8_local
ecg_degraded,55.34834142322083,107.72417926188709,False,0.0958096,11.976199999999999,117.426,-0.2981176382678918,0.5399735821608732,0.0851207701780084,7.1331304218129095,K32_R8_local
ppg_missing,80.13169790301589,80.12820512820514,True,0.0958096,11.976199999999999,117.426,0.34656792897047417,0.7298063374163744,0.7298063374163744,19.609601872189288,K32_R8_local
both_clean,99.83651865342149,99.88901220865706,True,0.0958096,11.976199999999999,117.426,0.3541725214924192,0.7374109299383194,0.7374109299383194,20.466903609113192,K32_R8_local
ppg_degraded,102.00906706850307,101.9334841315844,True,0.0958096,11.976199999999999,117.426,0.3384413656141251,0.7216797740600253,0.7216797740600253,17.3887060626993,K32_R8_local
both_degraded,74.88209538128737,79.97490306316723,True,0.0958096,11.976199999999999,117.426,0.15912621970160762,0.5423646281475079,0.5423646281475079,14.874777880031122,K32_R8_local
ppg_degraded,108.77397047426035,108.71157368251347,True,0.0958096,11.976199999999999,117.426,0.2564150502792989,0.6396534587251991,0.6396534587251991,14.187265306802225,K32_R8_local
ecg_degraded,108.01831436999447,107.97342192691028,True,0.0958096,11.976199999999999,117.426,0.28085634321501385,0.664094751660914,0.664094751660914,19.04495232072368,K32_R8_local
ppg_degraded,69.17056676470231,71.41738156315797,True,0.0958096,11.976199999999999,117.426,0.2674392596526477,0.6506776680985479,0.6506776680985479,16.56440607584102,K32_R8_local
ppg_degraded,56.99275337606344,71.59904534606206,False,0.0958096,11.976199999999999,117.426,-0.38323840844480317,0.5187065498942343,1.0970049242704397e-12,5.914707867277054,K32_R8_local
ecg_missing,100.14431284687379,76.09921082299887,False,0.0958096,11.976199999999999,117.426,-0.3832384084459002,0.7490995713713037,1.12096924522613e-53,4.547271131082918,K32_R8_local
both_degraded,106.44359750977972,106.50759412879015,True,0.0958096,11.976199999999999,117.426,0.26499467282500655,0.6482330812709067,0.6482330812709067,17.464824626614693,K32_R8_local
ecg_missing,88.94932044864716,88.99676375404532,True,0.0958096,11.976199999999999,117.426,0.3659384871794302,0.7491768956253304,0.7491768956253304,19.137964235100455,K32_R8_local
ppg_degraded,107.86339523761066,107.9136690647482,True,0.0958096,11.976199999999999,117.426,0.33858297298931417,0.7218213814352143,0.7218213814352143,18.034672583458352,K32_R8_local
ppg_degraded,78.65226746206368,79.26022160916736,True,0.0958096,11.976199999999999,117.426,-0.09882337657161532,0.7042630097373909,0.2844150318742849,7.316506261729756,K32_R8_local
ppg_degraded,81.42864338197336,64.79481641468682,False,0.0958096,11.976199999999999,117.426,-0.38166613157178986,0.6422648771051074,0.0015722768741103404,6.725667617873169,K32_R8_local
ppg_missing,54.44543611569015,56.4516129032258,True,0.0958096,11.976199999999999,117.426,0.3598686639874421,0.7431070724333423,0.7431070724333423,20.399710877650122,K32_R8_local
ecg_degraded,72.1988850499597,78.45399994117706,True,0.0958096,11.976199999999999,117.426,0.22413438200558228,0.6073727904514825,0.6073727904514825,19.49580487259684,K32_R8_local
ecg_degraded,105.47677081471893,105.46569741796311,True,0.0958096,11.976199999999999,117.426,0.32748471306623295,0.7107231215121331,0.7107231215121331,17.462768576178632,K32_R8_local
ppg_missing,56.197001191056614,56.20985010706638,True,0.0958096,11.976199999999999,117.426,0.3550827602494302,0.7383211686953304,0.7383211686953304,16.62748330332059,K32_R8_local
ecg_degraded,58.24913816218221,77.24964189413149,True,0.0958096,11.976199999999999,117.426,0.14009944639273858,0.5233378548386388,0.5233378548386388,18.532817306465223,K32_R8_local
both_degraded,51.98499576689116,83.07454597048233,True,0.0958096,11.976199999999999,117.426,-0.2703230248743014,0.4176516785749782,0.11291538357159883,7.226757743983135,K32_R8_local
ecg_degraded,79.74296009171456,80.28497243414667,True,0.0958096,11.976199999999999,117.426,0.3412079597618909,0.7244463682077911,0.7244463682077911,18.17002702130642,K32_R8_local
both_degraded,86.20748587117457,86.25255171970348,True,0.0958096,11.976199999999999,117.426,0.3346301174446593,0.7178685258905595,0.7178685258905595,18.849972580299664,K32_R8_local
both_clean,81.95016840233579,83.28839164181736,True,0.0958096,11.976199999999999,117.426,0.34825591344270923,0.7314943218886094,0.7314943218886094,19.566846371618652,K32_R8_local
both_clean,102.73990040385581,102.73972602739728,True,0.0958096,11.976199999999999,117.426,0.36676154104340863,0.7499999494893088,0.7499999494893088,19.912897851793236,K32_R8_local
both_degraded,90.83655483040957,86.20689655172416,False,0.0958096,11.976199999999999,117.426,-0.3832384084449222,0.5072487915729741,9.779934104407229e-13,5.9123315354435,K32_R8_local
ecg_missing,88.21670902869944,88.23529411764707,True,0.0958096,11.976199999999999,117.426,0.3667263478618291,0.7499647563077293,0.7499647563077293,15.852039327837051,K32_R8_local
ecg_missing,86.16261484813134,69.99874385404044,False,0.0958096,11.976199999999999,117.426,-0.3832384071628712,0.748458842247,1.2830289664398943e-09,6.103443662810022,K32_R8_local
ppg_degraded,80.35702052495682,81.51211285822698,True,0.0958096,11.976199999999999,117.426,0.2936169673635437,0.6768553758094439,0.6768553758094439,17.930835369397933,K32_R8_local
both_degraded,54.47686702301346,82.56778725367205,True,0.0958096,11.976199999999999,117.426,0.05045402289763675,0.43369243134353697,0.43369243134353697,16.97927366036596,K32_R8_local
ppg_missing,55.840867556786414,55.851063829787236,True,0.0958096,11.976199999999999,117.426,0.35850761300491074,0.7417460214508109,0.7417460214508109,18.160515026734515,K32_R8_local
ecg_degraded,88.64553614914735,89.58900834322192,True,0.0958096,11.976199999999999,117.426,0.334367171477122,0.7176055799230222,0.7176055799230222,19.375631853571182,K32_R8_local
both_clean,62.71319060564995,62.72401433691757,True,0.0958096,11.976199999999999,117.426,0.14155901018904943,0.744056078693506,0.5247974186349497,7.513751049726308,K32_R8_local
both_clean,74.92341003567527,76.84111803510352,True,0.0958096,11.976199999999999,117.426,0.35495144091097075,0.7381898493568709,0.7381898493568709,18.117248468263714,K32_R8_local
ppg_missing,88.84110514563592,71.51370679380214,False,0.0958096,11.976199999999999,117.426,-0.38316679733924025,0.7224920193374247,7.161110665995556e-05,6.534562666925114,K32_R8_local
ecg_degraded,85.98387308590907,88.09764642711356,True,0.0958096,11.976199999999999,117.426,0.22394430664366577,0.607182715089566,0.607182715089566,19.111122265381866,K32_R8_local
both_degraded,64.65771978858496,89.14038678079451,False,0.0958096,11.976199999999999,117.426,-0.33106937382770124,0.376259415026123,0.05216903461819896,7.11377794744394,K32_R8_local
ppg_degraded,66.0382811355897,73.71813129921856,True,0.0958096,11.976199999999999,117.426,0.22342756804473224,0.6066659764906325,0.6066659764906325,16.3926557735588,K32_R8_local
both_degraded,58.43477786129022,113.1269397477774,True,0.0958096,11.976199999999999,117.426,-0.0355618031674527,0.3476766052784475,0.3476766052784475,16.416523653742317,K32_R8_local
both_clean,89.75034066839646,90.69597912409458,True,0.0958096,11.976199999999999,117.426,0.3512849737572066,0.7345233822031068,0.7345233822031068,17.877950491973632,K32_R8_local
ecg_missing,93.17837206808582,93.11512415349888,True,0.0958096,11.976199999999999,117.426,0.34916903565815705,0.7492652977069298,0.7324074441040572,7.9083835359324794,K32_R8_local
ppg_missing,57.91618800897866,57.94701986754967,True,0.0958096,11.976199999999999,117.426,0.3584093110068599,0.7416477194527601,0.7416477194527601,18.33319350374864,K32_R8_local
ecg_missing,66.24427753944529,66.2251655629139,True,0.0958096,11.976199999999999,117.426,0.36622192455751423,0.7494603330034144,0.7494603330034144,16.791964056212013,K32_R8_local
both_clean,58.92274311153567,58.92255892255893,True,0.0958096,11.976199999999999,117.426,0.3609946809443205,0.7442330893902207,0.7442330893902207,18.947389846131056,K32_R8_local
both_clean,86.72878477181106,86.70576684205284,True,0.0958096,11.976199999999999,117.426,0.35723312288335607,0.7404715313292562,0.7404715313292562,17.30706082101456,K32_R8_local
both_degraded,67.76680105518392,70.22524903422038,True,0.0958096,11.976199999999999,117.426,0.17637296932569796,0.5596113777715982,0.5596113777715982,19.349673083979187,K32_R8_local
ppg_degraded,102.18971995749715,102.06502616019662,True,0.0958096,11.976199999999999,117.426,0.2553989896237052,0.6386373980696054,0.6386373980696054,19.201796536266897,K32_R8_local
both_degraded,65.97401869177213,84.32035383103424,True,0.0958096,11.976199999999999,117.426,0.09853439396805964,0.48177280241395987,0.48177280241395987,17.712334631473993,K32_R8_local
ecg_degraded,88.66131100410041,88.61439312567133,True,0.0958096,11.976199999999999,117.426,0.3354172395911508,0.718655648037051,0.718655648037051,16.448579412989062,K32_R8_local
both_clean,88.16218756422393,95.18546873141284,False,0.0958096,11.976199999999999,117.426,-0.3832384084459002,0.7292337270004726,1.2280031922106148e-22,5.434454005889437,K32_R8_local
both_clean,106.51106098729304,106.497862045338,True,0.0958096,11.976199999999999,117.426,0.348565256502832,0.7318036649487322,0.7318036649487322,19.915799970395494,K32_R8_local
ppg_degraded,93.37478911227824,67.04052696395765,False,0.0958096,11.976199999999999,117.426,-0.38323840812304494,0.7250851268562551,3.2285523569306587e-10,6.062459921947909,K32_R8_local
both_degraded,105.98042345588274,107.23331458851384,True,0.0958096,11.976199999999999,117.426,0.23704112400254002,0.6202795324484403,0.6202795324484403,20.565222738603893,K32_R8_local
ecg_degraded,85.05770554295964,85.0515463917526,True,0.0958096,11.976199999999999,117.426,0.3357893557565448,0.719027764202445,0.719027764202445,18.101403339407454,K32_R8_local
ecg_missing,50.20703310102715,53.00353356890459,True,0.0958096,11.976199999999999,117.426,0.3665220581022809,0.7497604665481811,0.7497604665481811,18.51068675912586,K32_R8_local
both_degraded,69.58421073885518,76.45080347477797,True,0.0958096,11.976199999999999,117.426,0.013409826098540207,0.3966482345444404,0.3966482345444404,17.904878660551898,K32_R8_local
ppg_degraded,94.43148232655984,94.48487004877155,True,0.0958096,11.976199999999999,117.426,0.29795172585847507,0.6811901343043752,0.6811901343043752,18.119869595579118,K32_R8_local
ppg_degraded,70.56202999876854,72.99689342227445,True,0.0958096,11.976199999999999,117.426,0.318981397208674,0.7022198056545742,0.7022198056545742,19.530371916767578,K32_R8_local
ppg_degraded,89.47730629965429,92.80089988751408,False,0.0958096,11.976199999999999,117.426,-0.3448927818853811,0.7014062393723147,0.038345626560519104,6.994486087270621,K32_R8_local
ecg_degraded,57.053760014423624,76.09293706175983,True,0.0958096,11.976199999999999,117.426,0.15161461554368244,0.5348530239895827,0.5348530239895827,18.81333527041406,K32_R8_local
both_clean,88.79748312606279,88.80516684607105,True,0.0958096,11.976199999999999,117.426,0.35469861436422645,0.7379370228101266,0.7379370228101266,16.7573611316095,K32_R8_local
ecg_missing,73.10918519461688,75.84269662921349,True,0.0958096,11.976199999999999,117.426,0.36615952569963506,0.7493979341455352,0.7493979341455352,18.39439230184424,K32_R8_local
ppg_missing,106.76499600791621,107.91366906474818,True,0.0958096,11.976199999999999,117.426,0.3352881959970435,0.7185266044429437,0.7185266044429437,14.773448660725133,K32_R8_local
ppg_degraded,54.279949022931845,71.9648878776119,True,0.0958096,11.976199999999999,117.426,0.1369417197851785,0.5201801282310787,0.5201801282310787,14.984459623869164,K32_R8_local
both_degraded,71.63437809397675,77.1562547427999,True,0.0958096,11.976199999999999,117.426,0.30084318586676817,0.6840815943126684,0.6840815943126684,17.84483394822629,K32_R8_local
both_clean,96.04700710893408,96.0464823010564,True,0.0958096,11.976199999999999,117.426,0.32772029564539384,0.7356219791440093,0.710958704091294,7.859817411061467,K32_R8_local
both_clean,73.53375429714028,73.52941176470588,True,0.0958096,11.976199999999999,117.426,0.3667330228400314,0.7499714312859316,0.7499714312859316,17.932471806703102,K32_R8_local
both_clean,77.74815180610085,77.76112733882593,True,0.0958096,11.976199999999999,117.426,0.35491947426036163,0.7381578827062618,0.7381578827062618,19.314612750201956,K32_R8_local
both_clean,70.06311219546407,70.05331972387057,True,0.0958096,11.976199999999999,117.426,0.353173380090927,0.7364117885368272,0.7364117885368272,18.18819078054219,K32_R8_local
ecg_degraded,55.85202319854223,74.12184845624763,True,0.0958096,11.976199999999999,117.426,0.16089507184904034,0.5441334802949406,0.5441334802949406,16.162847306193783,K32_R8_local
ecg_missing,69.20823615498165,85.37437533019398,False,0.0958096,11.976199999999999,117.426,-0.2930592791049946,0.7494569015928361,0.09017912934090559,7.093394572431571,K32_R8_local
ecg_degraded,102.59935247183043,103.66938086320003,True,0.0958096,11.976199999999999,117.426,0.23095178703646996,0.6141901954823702,0.6141901954823702,18.411238171784497,K32_R8_local
ppg_degraded,96.03865215833476,101.2920864430635,False,0.0958096,11.976199999999999,117.426,-0.08025718056427482,0.7001093895495197,0.3029812278816254,7.33477778276333,K32_R8_local
both_degraded,68.58470659451868,72.05889834563266,True,0.0958096,11.976199999999999,117.426,0.2404770501197771,0.6237154585656773,0.6237154585656773,17.198740195770107,K32_R8_local
both_degraded,90.10906357096587,91.29999581870085,True,0.0958096,11.976199999999999,117.426,0.24156689917308044,0.6248053076189807,0.6248053076189807,15.585630436866145,K32_R8_local
ecg_missing,97.64009238106524,97.61388286334058,True,0.0958096,11.976199999999999,117.426,0.36581473316177004,0.7490531416076702,0.7490531416076702,18.055461297013245,K32_R8_local
both_clean,97.81778665380583,98.74262146508009,True,0.0958096,11.976199999999999,117.426,0.3489900197586745,0.7322284282045747,0.7322284282045747,17.853218517303954,K32_R8_local
ecg_degraded,53.31713873826164,72.09659873509653,True,0.0958096,11.976199999999999,117.426,0.15326902393175829,0.5365074323776585,0.5365074323776585,18.167404480507848,K32_R8_local
ppg_missing,59.845796725674155,61.7283950617284,True,0.0958096,11.976199999999999,117.426,0.35570804940194833,0.7389464578478485,0.7389464578478485,19.629858396926245,K32_R8_local
both_clean,107.3743198433952,107.37885462555062,True,0.0958096,11.976199999999999,117.426,0.34941147308451803,0.7326498815304182,0.7326498815304182,18.131657941647525,K32_R8_local
ppg_missing,66.79330676064666,66.74082313681869,True,0.0958096,11.976199999999999,117.426,0.3524183779857276,0.7356567864316278,0.7356567864316278,16.63118089156925,K32_R8_local
both_clean,96.71369889021943,96.72117615374123,True,0.0958096,11.976199999999999,117.426,0.35104738069928054,0.7342857891451807,0.7342857891451807,17.98350671078545,K32_R8_local
both_degraded,87.8218636138313,87.76595744680853,True,0.0958096,11.976199999999999,117.426,0.19708368859303987,0.5803220970389401,0.5803220970389401,20.21837533237574,K32_R8_local
ppg_missing,102.33216193137088,103.50318471337583,True,0.0958096,11.976199999999999,117.426,0.3373814224136854,0.7206198308595856,0.7206198308595856,16.497686856211057,K32_R8_local
both_clean,54.69061034558772,85.37437533019398,False,0.0958096,11.976199999999999,117.426,-0.38323840844562357,0.7465731204364017,2.7659505026647093e-13,5.870829385572113,K32_R8_local
ecg_missing,106.03838208990018,105.97826086956522,True,0.0958096,11.976199999999999,117.426,0.3656385451289401,0.7488769535748403,0.7488769535748403,16.901340106744392,K32_R8_local
both_clean,102.55782036540411,102.50569476082008,True,0.0958096,11.976199999999999,117.426,0.34910586725561943,0.7323442757015196,0.7323442757015196,14.690995235220774,K32_R8_local
both_degraded,64.30619842340124,103.78103482128003,True,0.0958096,11.976199999999999,117.426,-0.08581183906284721,0.297426569383053,0.297426569383053,17.07326420040183,K32_R8_local
ecg_missing,92.65623057259208,92.68795056642638,True,0.0958096,11.976199999999999,117.426,0.3660319668554173,0.7492703753013175,0.7492703753013175,19.38716026368224,K32_R8_local
ppg_degraded,50.36074433736174,65.04390496254037,True,0.0958096,11.976199999999999,117.426,0.2241885024802735,0.6074269109261737,0.6074269109261737,17.502499420524423,K32_R8_local
both_degraded,101.92180804616149,101.93235387032354,True,0.0958096,11.976199999999999,117.426,0.16894449933706884,0.5521829077829691,0.5521829077829691,15.497343241206416,K32_R8_local
ecg_missing,74.87200873272779,87.20887875138195,False,0.0958096,11.976199999999999,117.426,-0.24536947342795715,0.7492741268940668,0.1378689350179431,7.157742749771003,K32_R8_local
ppg_degraded,94.42946548163923,63.29113924050633,False,0.0958096,11.976199999999999,117.426,-0.383217240002528,0.6968877853948547,2.116844337216173e-05,6.475416295736029,K32_R8_local
ecg_missing,97.70310070847063,97.71986970684041,True,0.0958096,11.976199999999999,117.426,0.36566460060225214,0.7489030090481523,0.7489030090481523,15.920586953422243,K32_R8_local
ppg_missing,51.595696011965856,51.60550458715596,True,0.0958096,11.976199999999999,117.426,0.359177777825027,0.7424161862709272,0.7424161862709272,19.11047355233703,K32_R8_local
both_degraded,102.92584162490905,95.46172834015024,False,0.0958096,11.976199999999999,117.426,-0.3715197639523085,0.6241965726521043,0.011718644493591645,6.886428422841093,K32_R8_local
both_clean,56.29910052629629,56.30046030103895,True,0.0958096,11.976199999999999,117.426,0.3620317417995583,0.7452701502454585,0.7452701502454585,19.346491854037826,K32_R8_local
ppg_missing,59.29396435766788,59.32203389830509,True,0.0958096,11.976199999999999,117.426,0.35099848361856356,0.7342368920644637,0.7342368920644637,18.219177722587002,K32_R8_local
ecg_degraded,77.38118798331391,78.70874106710174,True,0.0958096,11.976199999999999,117.426,0.2805880541858342,0.6638264626317344,0.6638264626317344,18.62061742456131,K32_R8_local
ecg_missing,65.20687344604877,65.21739130434783,True,0.0958096,11.976199999999999,117.426,0.3667512724083819,0.7499896808542821,0.7499896808542821,18.08265349702356,K32_R8_local
both_degraded,88.88162613377051,75.75757575757575,False,0.0958096,11.976199999999999,117.426,0.021064181889498285,0.5578889886393082,0.4043025903353985,7.528488929005402,K32_R8_local
both_clean,61.433926335020246,85.37437533019398,False,0.0958096,11.976199999999999,117.426,-0.3812303583017233,0.7455216809607778,0.002008050144176887,6.732310833953407,K32_R8_local
both_degraded,87.37939165360885,87.39406779661019,True,0.0958096,11.976199999999999,117.426,0.18169905535800396,0.6120193396591772,0.5649374638039042,7.7482854674162125,K32_R8_local
both_degraded,95.69794099356955,83.07454597048233,False,0.0958096,11.976199999999999,117.426,-0.38323840842566387,0.660738372299833,2.0236311901110974e-11,5.985835759344107,K32_R8_local
ecg_degraded,107.81762294161338,107.2348205450783,True,0.0958096,11.976199999999999,117.426,0.23692231863329788,0.6201607270791981,0.6201607270791981,18.69142686438076,K32_R8_local
ecg_degraded,73.9624030841348,77.96383084886028,True,0.0958096,11.976199999999999,117.426,0.23146446493333656,0.6147028733792368,0.6147028733792368,17.49938245972983,K32_R8_local
ppg_degraded,67.1601342928458,109.26118626430802,False,0.0958096,11.976199999999999,117.426,-0.38323840790202357,0.7226649489587199,5.438765828954113e-10,6.078210320087765,K32_R8_local
ppg_missing,84.65708883512926,75.75757575757575,False,0.0958096,11.976199999999999,117.426,0.23685231461730788,0.7281383699109611,0.6200907230632081,7.645480698223321,K32_R8_local
ppg_missing,89.07960359079341,89.09287257019439,True,0.0958096,11.976199999999999,117.426,0.34283310151477064,0.7260715099606708,0.7260715099606708,21.26274108910338,K32_R8_local
ecg_missing,105.38152005363085,105.40540540540543,True,0.0958096,11.976199999999999,117.426,0.36565686540938624,0.7488952738552864,0.7488952738552864,21.79249314552086,K32_R8_local
ecg_degraded,85.14163659451822,86.17789823737404,True,0.0958096,11.976199999999999,117.426,0.3343127210175443,0.7175511294634445,0.7175511294634445,17.209737455804582,K32_R8_local
ppg_degraded,76.30847670597475,78.32291092158904,True,0.0958096,11.976199999999999,117.426,0.26923042815547504,0.6524688366013752,0.6524688366013752,18.27731816712974,K32_R8_local
ecg_degraded,67.85717297831249,68.87497103563673,True,0.0958096,11.976199999999999,117.426,0.3383376452712076,0.7215760537171078,0.7215760537171078,19.738259764787617,K32_R8_local
ecg_missing,93.51249477579412,93.5374149659864,True,0.0958096,11.976199999999999,117.426,0.36594578462176064,0.7491841930676608,0.7491841930676608,16.6554711540909,K32_R8_local
both_degraded,88.25631466015273,88.1808854848417,True,0.0958096,11.976199999999999,117.426,0.09057790789333438,0.4738163163392346,0.4738163163392346,18.848601230706826,K32_R8_local
ecg_missing,54.299686346380675,56.87973997833152,True,0.0958096,11.976199999999999,117.426,0.36644111221826514,0.7496795206641653,0.7496795206641653,16.721413311934676,K32_R8_local
ecg_degraded,67.95741146320873,69.72849340907042,True,0.0958096,11.976199999999999,117.426,0.3404441530580926,0.7236825615039928,0.7236825615039928,19.882882868421262,K32_R8_local
both_degraded,60.02936759550024,113.63673656639665,True,0.0958096,11.976199999999999,117.426,-0.021837096377192593,0.3614013120687076,0.3614013120687076,14.83615921493583,K32_R8_local
ppg_degraded,79.72679201512864,79.7872340425532,True,0.0958096,11.976199999999999,117.426,0.09899767298115288,0.7347167970628983,0.4822360814270531,7.4785360056355445,K32_R8_local
ppg_missing,72.86674470093891,74.91675915649279,True,0.0958096,11.976199999999999,117.426,0.3592700393603997,0.7425084478062999,0.7425084478062999,16.763958423048933,K32_R8_local
ecg_missing,59.5292950153936,59.523809523809526,True,0.0958096,11.976199999999999,117.426,0.3667590190827281,0.7499974275286283,0.7499974275286283,20.28472747322199,K32_R8_local
ecg_degraded,81.79449228900191,63.44544598481082,False,0.0958096,11.976199999999999,117.426,-0.35899229954642564,0.7144645838862475,0.024246108899474563,6.943423791102386,K32_R8_local
ppg_missing,89.55833486034416,89.57654723127037,True,0.0958096,11.976199999999999,117.426,0.34386234830212914,0.7271007567480293,0.7271007567480293,18.030666842131623,K32_R8_local
ppg_degraded,70.4674801262884,73.88262265128175,True,0.0958096,11.976199999999999,117.426,0.3094728946417298,0.69271130308763,0.69271130308763,15.825439961739614,K32_R8_local
both_clean,100.0723527160041,100.11123470522806,True,0.0958096,11.976199999999999,117.426,0.34908692109673933,0.7323253295426395,0.7323253295426395,17.784212324388637,K32_R8_local
both_clean,56.09045478360268,56.089743589743584,True,0.0958096,11.976199999999999,117.426,0.3628428282387385,0.7460812366846387,0.7460812366846387,17.049346261440235,K32_R8_local
both_degraded,53.44733133371293,107.17003923694804,True,0.0958096,11.976199999999999,117.426,0.0028915457441270505,0.38612995419002727,0.38612995419002727,18.297572599264104,K32_R8_local
both_clean,92.44097624430827,92.43631387060113,True,0.0958096,11.976199999999999,117.426,0.3558403312412136,0.7390787396871138,0.7390787396871138,17.219719642759827,K32_R8_local
both_clean,83.79016556684596,80.38585209003216,False,0.0958096,11.976199999999999,117.426,-0.3832384084459002,0.7410913869385181,4.968202494653403e-109,3.597868354961293,K32_R8_local
both_degraded,95.10731805635015,95.08781628966669,True,0.0958096,11.976199999999999,117.426,0.1749369442445618,0.558175352690462,0.558175352690462,17.06583683948998,K32_R8_local
ecg_degraded,106.08425998265147,106.09357997823723,True,0.0958096,11.976199999999999,117.426,0.3320277018680242,0.7152661103139244,0.7152661103139244,17.99606557436048,K32_R8_local
ppg_degraded,80.65708233052631,85.37437533019398,False,0.0958096,11.976199999999999,117.426,-0.3832384084459002,0.7181534467139319,2.1897641604854763e-39,4.8952063986727765,K32_R8_local
ppg_degraded,99.0216481077573,71.51370679380214,False,0.0958096,11.976199999999999,117.426,0.12991339279783115,0.642988305477479,0.5131518012437314,7.590432032416567,K32_R8_local
ecg_degraded,88.87382298110977,91.69495197540017,True,0.0958096,11.976199999999999,117.426,0.3357514445074311,0.7189898529533313,0.7189898529533313,17.83279007049247,K32_R8_local
both_clean,80.85287587388449,80.8189655172414,True,0.0958096,11.976199999999999,117.426,0.35694496243383367,0.7401833708797338,0.7401833708797338,16.98083341217888,K32_R8_local
both_degraded,80.19671233201177,81.59564052715814,True,0.0958096,11.976199999999999,117.426,-0.014503588060783706,0.662810968792176,0.3687348203851165,7.4123612244102,K32_R8_local
ecg_degraded,109.51617418211298,83.07454597048233,False,0.0958096,11.976199999999999,117.426,-0.3832157530241416,0.6236684216436609,2.2655421758573198e-05,6.484067266811035,K32_R8_local
ecg_missing,70.74415698971893,73.28990228013029,True,0.0958096,11.976199999999999,117.426,0.1824154815608789,0.748990774222447,0.5656538900067791,7.552898620130476,K32_R8_local
both_clean,75.47943695709552,76.48014926474023,True,0.0958096,11.976199999999999,117.426,0.35436367623941245,0.7376020846853126,0.7376020846853126,19.401959966358522,K32_R8_local
ecg_missing,78.46891045593229,75.66084380003245,False,0.0958096,11.976199999999999,117.426,-0.3803523345753396,0.7492416069515777,0.0028860738705605393,6.75783791260685,K32_R8_local
ecg_degraded,88.38743344810476,89.8698776288083,True,0.0958096,11.976199999999999,117.426,0.28692389136534224,0.6701622998112424,0.6701622998112424,18.200071699144672,K32_R8_local
ecg_missing,53.658585962060876,61.664953751284685,False,0.0958096,11.976199999999999,117.426,-0.3650086886534785,0.749728344948366,0.018229719792421644,6.910567575445101,K32_R8_local
both_degraded,89.10177010962579,90.1697959211197,True,0.0958096,11.976199999999999,117.426,0.2859686254023762,0.6692070338482764,0.6692070338482764,18.07311763108908,K32_R8_local
both_degraded,52.30155751655011,104.78479847587246,True,0.0958096,11.976199999999999,117.426,0.02211948594599796,0.4053578943918982,0.4053578943918982,16.84117234140445,K32_R8_local
ecg_missing,72.76935449805285,72.73706896551725,True,0.0958096,11.976199999999999,117.426,0.36627598425075747,0.7498404713685607,0.7495143926966576,8.297328885454103,K32_R8_local
both_clean,76.54074275007096,95.46172834015024,False,0.0958096,11.976199999999999,117.426,-0.3760956816873272,0.7498287891347549,0.007142726758572973,6.827769495193478,K32_R8_local
ppg_degraded,83.95794416260495,100.93508055839744,False,0.0958096,11.976199999999999,117.426,-0.38323840741125365,0.7062351876347907,1.0346465575684018e-09,6.098576519393053,K32_R8_local
ppg_degraded,84.29450588913787,84.22304663204905,True,0.0958096,11.976199999999999,117.426,0.3542447175949992,0.7374831260408994,0.7374831260408994,19.673658463579738,K32_R8_local
ecg_missing,86.21305287172741,86.20689655172414,True,0.0958096,11.976199999999999,117.426,0.36675773719058846,0.7499961456364886,0.7499961456364886,15.997006002375503,K32_R8_local
ppg_missing,51.4711301795936,70.82896117523609,False,0.0958096,11.976199999999999,117.426,-0.2739049815018299,0.7414634574160726,0.10933342694407026,7.122948352565458,K32_R8_local
ecg_missing,69.71224698107727,69.76744186046511,True,0.0958096,11.976199999999999,117.426,0.3662138884146683,0.7494522968605685,0.7494522968605685,16.586586209833747,K32_R8_local
ppg_missing,94.28579447239544,94.33962264150945,True,0.0958096,11.976199999999999,117.426,0.338468327868386,0.7217067363142862,0.7217067363142862,20.08990128035671,K32_R8_local
ppg_degraded,75.03278209146572,76.62563512772078,True,0.0958096,11.976199999999999,117.426,0.3306337578895061,0.7138721663354063,0.7138721663354063,18.646064898145767,K32_R8_local
ecg_degraded,99.57821202659764,100.18730263137027,True,0.0958096,11.976199999999999,117.426,0.2371843497551252,0.6204227582010254,0.6204227582010254,16.533533773331712,K32_R8_local
ppg_missing,82.61458855493825,82.69018743109152,True,0.0958096,11.976199999999999,117.426,0.34271766733766795,0.7259560757835681,0.7259560757835681,20.49028654593321,K32_R8_local
ecg_missing,84.15863358309417,84.1750841750842,True,0.0958096,11.976199999999999,117.426,0.36613314062604996,0.7493715490719501,0.7493715490719501,18.94147618406268,K32_R8_local
ppg_degraded,90.59286135863212,90.59819563248351,True,0.0958096,11.976199999999999,117.426,0.23934929133055366,0.6225876997764539,0.6225876997764539,14.834175081031237,K32_R8_local
both_clean,108.97436803552675,109.47650113650539,True,0.0958096,11.976199999999999,117.426,0.3441962993312573,0.7274347077771575,0.7274347077771575,17.26886397262105,K32_R8_local
ppg_missing,50.23469650136134,52.44755244755244,True,0.0958096,11.976199999999999,117.426,0.36036336373352706,0.7436017721794272,0.7436017721794272,17.68811776527624,K32_R8_local
both_degraded,57.121316595348034,110.55563032265526,True,0.0958096,11.976199999999999,117.426,0.006277900474268978,0.38951718303528515,0.3895163089201692,8.696973500700382,K32_R8_local
ppg_degraded,55.32573607943227,90.75907590759077,False,0.0958096,11.976199999999999,117.426,-0.371721822998767,0.5306481388016532,0.011516585447133174,6.8998242062327595,K32_R8_local
ppg_degraded,62.37846243334654,83.13859000815899,True,0.0958096,11.976199999999999,117.426,0.1325350935175123,0.5157735019634125,0.5157735019634125,18.420440408795656,K32_R8_local
ppg_degraded,51.24587650973248,66.65630084435364,True,0.0958096,11.976199999999999,117.426,0.139428081866881,0.5226664903127812,0.5226664903127812,18.61293176144543,K32_R8_local
ecg_degraded,109.26291511720665,109.26118626430802,True,0.0958096,11.976199999999999,117.426,0.26224416092694147,0.6641729797332675,0.6454825693728417,7.88147487271608,K32_R8_local
ppg_degraded,59.006662860199555,79.51093034452438,True,0.0958096,11.976199999999999,117.426,0.12453408828636887,0.5077724967322691,0.5077724967322691,17.986357911466836,K32_R8_local
ecg_degraded,78.45378637820316,78.45188284518831,True,0.0958096,11.976199999999999,117.426,0.336820045882003,0.7200584543279032,0.7200584543279032,18.868335972775046,K32_R8_local
both_degraded,102.91210981538273,95.46172834015024,False,0.0958096,11.976199999999999,117.426,-0.38323840844140444,0.6366490223440836,4.495754387635123e-12,5.946186564382873,K32_R8_local
ecg_degraded,78.44809691747847,78.423541746799,True,0.0958096,11.976199999999999,117.426,0.34035820327215993,0.7235966117180601,0.7235966117180601,15.927227975618482,K32_R8_local
both_clean,64.81363093431861,110.55563032265526,False,0.0958096,11.976199999999999,117.426,-0.3832383897800995,0.7429357031917267,1.8665800682227284e-08,6.1907873753589815,K32_R8_local
ecg_missing,67.52652537867783,67.56756756756756,True,0.0958096,11.976199999999999,117.426,0.36661452366594993,0.7498529321118501,0.7498529321118501,19.631775425129366,K32_R8_local
both_degraded,75.31383382223729,77.53149928606408,True,0.0958096,11.976199999999999,117.426,-0.07994984748608096,0.4949917721882252,0.30328856095981926,7.448953219728613,K32_R8_local
ecg_missing,68.44718920402545,68.45841784989858,True,0.0958096,11.976199999999999,117.426,0.3662981659039475,0.7495365743498477,0.7495365743498477,16.361401302049973,K32_R8_local
both_clean,78.2426337193109,78.21104775137135,True,0.0958096,11.976199999999999,117.426,0.3578060226249693,0.7410444310708695,0.7410444310708695,21.71821677517231,K32_R8_local
both_clean,74.79037535843707,76.58442881812623,True,0.0958096,11.976199999999999,117.426,0.3561151072634713,0.7393535157093715,0.7393535157093715,17.93015559969902,K32_R8_local
both_clean,54.882312863371666,56.188339509504964,True,0.0958096,11.976199999999999,117.426,0.3575122555649901,0.7407506640108903,0.7407506640108903,17.486915243108903,K32_R8_local
ecg_missing,102.4465511067462,117.79638057802771,False,0.0958096,11.976199999999999,117.426,-0.21783179613832862,0.7489206246367637,0.16540661230757162,7.1889274637642355,K32_R8_local
both_clean,108.14645872498114,108.1754116142629,True,0.0958096,11.976199999999999,117.426,0.34899831193307795,0.7322367203789781,0.7322367203789781,16.08470783091888,K32_R8_local
ppg_degraded,83.7506407344369,86.1283725014942,True,0.0958096,11.976199999999999,117.426,0.29412739966995327,0.6773658081158535,0.6773658081158535,18.580397284149768,K32_R8_local
ecg_missing,55.665436400730194,55.69306930693069,True,0.0958096,11.976199999999999,117.426,0.36635966818476096,0.7495980766306611,0.7495980766306611,17.183923491219346,K32_R8_local
ecg_missing,104.53131734458111,71.73219978746015,False,0.0958096,11.976199999999999,117.426,-0.3832378339340278,0.7489273584452666,5.745118723288538e-07,6.315888245472541,K32_R8_local
ecg_missing,71.76406387936913,71.73219978746015,True,0.0958096,11.976199999999999,117.426,0.2329148815140047,0.7495457059860227,0.6161532899599049,7.613672873448433,K32_R8_local
ecg_missing,72.89528831969197,72.97297297297298,True,0.0958096,11.976199999999999,117.426,0.36628636211746124,0.7495247705633614,0.7495247705633614,18.65834775952958,K32_R8_local
ecg_missing,65.3222224527903,65.359477124183,True,0.0958096,11.976199999999999,117.426,0.3661855763115083,0.7494239847574085,0.7494239847574085,17.757338120115488,K32_R8_local
ppg_missing,105.73504962653361,105.74837310195234,True,0.0958096,11.976199999999999,117.426,0.3300951337884904,0.7133335422343906,0.7133335422343906,16.32432315624052,K32_R8_local
ppg_degraded,91.521231912459,103.48620921216495,False,0.0958096,11.976199999999999,117.426,-0.35594682083803103,0.7342994436216685,0.027291587607869167,6.952765335618229,K32_R8_local
both_clean,68.05403979911627,70.28026423026738,True,0.0958096,11.976199999999999,117.426,0.3588853228595261,0.7421237313054263,0.7421237313054263,17.543118731001705,K32_R8_local
both_clean,72.16521702632755,73.4803697490259,True,0.0958096,11.976199999999999,117.426,0.3578700958145823,0.7411085042604825,0.7411085042604825,18.2874608621051,K32_R8_local
both_clean,75.36838235721262,76.64083045503587,True,0.0958096,11.976199999999999,117.426,0.35500714383529997,0.7382455522812001,0.7382455522812001,17.614968626722877,K32_R8_local
ecg_missing,72.83346044771505,75.503355704698,True,0.0958096,11.976199999999999,117.426,0.3667310641865871,0.7499694726324873,0.7499694726324873,17.025368594408267,K32_R8_local
ecg_degraded,90.34066333716956,91.11835141630108,True,0.0958096,11.976199999999999,117.426,0.2430115700289835,0.6262499784748837,0.6262499784748837,16.120508343567874,K32_R8_local
ecg_degraded,106.96983200811685,92.80089988751408,False,0.0958096,11.976199999999999,117.426,-0.3832384084458972,0.7125793044905104,2.977186758163432e-15,5.765412266158332,K32_R8_local
both_degraded,52.580823941314144,95.28944428000693,True,0.0958096,11.976199999999999,117.426,0.06982293467864471,0.45306134312454494,0.45306134312454494,18.7406603188677,K32_R8_local
ecg_missing,100.87523251273447,100.93167701863358,True,0.0958096,11.976199999999999,117.426,0.3657534495580994,0.7489918580039996,0.7489918580039996,16.496350324498373,K32_R8_local
ecg_missing,100.95474052264413,100.8968609865471,True,0.0958096,11.976199999999999,117.426,0.36560566182721776,0.748844070273118,0.748844070273118,15.647485018037571,K32_R8_local
ppg_degraded,63.14404618015023,74.70486385944344,True,0.0958096,11.976199999999999,117.426,0.1868479352162949,0.5700863436621951,0.5700863436621951,19.024059299696297,K32_R8_local
ecg_degraded,108.69235832549708,108.69565217391309,True,0.0958096,11.976199999999999,117.426,0.2584086968135564,0.6416471052594566,0.6416471052594566,16.55906672386474,K32_R8_local
ppg_degraded,102.5656299056644,102.57969316090134,True,0.0958096,11.976199999999999,117.426,0.3153884234424722,0.6986268318883724,0.6986268318883724,18.9683598083223,K32_R8_local
ppg_degraded,93.35718860032286,94.26393151999059,True,0.0958096,11.976199999999999,117.426,0.2629402330988121,0.6461786415447123,0.6461786415447123,17.69582855595015,K32_R8_local
ecg_degraded,56.41629462608294,75.09780825747636,True,0.0958096,11.976199999999999,117.426,0.13206192180441795,0.5153003302503182,0.5153003302503182,17.113313580375117,K32_R8_local
ecg_missing,76.8384107928722,76.84426229508198,True,0.0958096,11.976199999999999,117.426,0.3661047520230202,0.7493431604689204,0.7493431604689204,20.50980991828256,K32_R8_local
ppg_degraded,95.43863344918978,95.29306300689514,True,0.0958096,11.976199999999999,117.426,0.3180877181845967,0.7013261266304969,0.7013261266304969,15.024045684741445,K32_R8_local
both_degraded,83.24177352462182,89.75465230345283,False,0.0958096,11.976199999999999,117.426,-0.27559081653719536,0.6253380042071626,0.10764759190870482,7.146953256058194,K32_R8_local
ppg_missing,53.526275469334784,53.57142857142857,True,0.0958096,11.976199999999999,117.426,0.3620095279171892,0.7452479363630894,0.7452479363630894,16.879782272479556,K32_R8_local
ecg_degraded,95.8320660227699,97.19189845201605,True,0.0958096,11.976199999999999,117.426,0.23341361403880007,0.6166520224847003,0.6166520224847003,17.563103118995258,K32_R8_local
both_clean,74.62079716594837,95.46172834015024,False,0.0958096,11.976199999999999,117.426,-0.21079036362956508,0.7430276749185694,0.17244804481633516,7.197854600163997,K32_R8_local
both_degraded,63.227886910212405,86.40155885896917,True,0.0958096,11.976199999999999,117.426,0.08370416315225378,0.466942571598154,0.466942571598154,18.987498659064038,K32_R8_local
ecg_missing,70.856232545355,73.52941176470588,True,0.0958096,11.976199999999999,117.426,0.36606117958619677,0.749299588032097,0.749299588032097,17.811966390883523,K32_R8_local
both_degraded,56.21884785897097,79.26022160916736,False,0.0958096,11.976199999999999,117.426,-0.2598399269155476,0.3511613821272895,0.1233984815303526,7.282627957411161,K32_R8_local
ppg_missing,71.66828696962824,71.65605095541402,True,0.0958096,11.976199999999999,117.426,0.35208887783116394,0.7353272862770641,0.7353272862770641,16.92782815377875,K32_R8_local
ppg_degraded,50.93181536261547,85.37437533019398,False,0.0958096,11.976199999999999,117.426,-0.3832384084459002,0.552060179154405,1.3928741513196617e-35,5.00490306522794,K32_R8_local
ppg_missing,109.90556882881862,109.94764397905755,True,0.0958096,11.976199999999999,117.426,0.3340307060028471,0.7186619137333818,0.7172691144487473,8.16414625180262,K32_R8_local
ecg_missing,58.20282698511656,58.13953488372093,True,0.0958096,11.976199999999999,117.426,0.3664010511989433,0.7496394596448435,0.7496394596448435,17.547720650509252,K32_R8_local
ecg_degraded,70.33982284331799,72.66732695673069,True,0.0958096,11.976199999999999,117.426,0.28233048689654017,0.6655688953424403,0.6655688953424403,15.959142250711455,K32_R8_local
ppg_missing,68.05434219383771,68.02721088435374,True,0.0958096,11.976199999999999,117.426,0.35365846814228985,0.73689687658819,0.73689687658819,16.963086197505092,K32_R8_local
both_degraded,77.57301779417588,95.46172834015024,False,0.0958096,11.976199999999999,117.426,-0.3816193193982411,0.6189498720956392,0.001619089047659081,6.730270432939841,K32_R8_local
ppg_degraded,70.34406640346242,85.37437533019398,False,0.0958096,11.976199999999999,117.426,-0.25578145793165796,0.7294011983951324,0.12745695051424225,7.149354409219353,K32_R8_local
ppg_missing,103.23965822997648,103.21100917431195,True,0.0958096,11.976199999999999,117.426,0.33308352943385644,0.7163219378797566,0.7163219378797566,19.724940282437228,K32_R8_local
ppg_missing,61.23096051656629,63.224446786090624,True,0.0958096,11.976199999999999,117.426,0.3573609970300915,0.7405994054759917,0.7405994054759917,15.196228563869962,K32_R8_local
ecg_missing,109.82557662700374,109.79729729729728,True,0.0958096,11.976199999999999,117.426,0.3196791737420902,0.7486895713912624,0.7029175821879904,7.780820559207454,K32_R8_local
ppg_missing,73.55261658663143,75.5879059350504,True,0.0958096,11.976199999999999,117.426,0.36522631549716744,0.7484647239430676,0.7484647239430676,16.510115643980306,K32_R8_local
ecg_degraded,108.96672049122807,108.99410389007542,True,0.0958096,11.976199999999999,117.426,0.3100508345147185,0.6932892429606187,0.6932892429606187,18.51784779450251,K32_R8_local
ppg_degraded,70.08300699818736,72.52622151786885,True,0.0958096,11.976199999999999,117.426,0.272117507801909,0.6553559162478092,0.6553559162478092,15.81840327678351,K32_R8_local
ppg_degraded,54.83382318796411,69.0543220442741,True,0.0958096,11.976199999999999,117.426,0.13511539182539684,0.6104225583276969,0.5183538002712971,7.642698882719351,K32_R8_local
ppg_degraded,100.00606820927574,100.16327939015676,True,0.0958096,11.976199999999999,117.426,0.2637818496682872,0.6470995956390985,0.6470202581141874,8.401642609670116,K32_R8_local
ppg_missing,59.50689719275933,59.523809523809526,True,0.0958096,11.976199999999999,117.426,0.16901072110519505,0.7492528308536281,0.5522491295510953,7.538185626802361,K32_R8_local
ecg_missing,94.5687155636792,94.61009174311928,True,0.0958096,11.976199999999999,117.426,0.3657877157626308,0.749026124208531,0.749026124208531,16.763572034577688,K32_R8_local
ppg_missing,102.82759393637787,103.9445628997868,True,0.0958096,11.976199999999999,117.426,0.31445236504852137,0.7110379949615931,0.6976907734944215,7.929596386691479,K32_R8_local
ecg_degraded,63.049142085916934,79.76827988844988,True,0.0958096,11.976199999999999,117.426,0.13956359322557094,0.5228020016714712,0.5228020016714712,17.353543415260383,K32_R8_local
ecg_missing,69.04811000173808,69.01840490797547,True,0.0958096,11.976199999999999,117.426,0.36622721353782917,0.7494656219837293,0.7494656219837293,19.759913431438573,K32_R8_local
both_degraded,83.84795760338176,85.99584856442209,True,0.0958096,11.976199999999999,117.426,0.2989851502059411,0.6822235586518413,0.6822235586518413,18.69695816002665,K32_R8_local
ppg_degraded,102.14479414299284,57.5027382256298,False,0.0958096,11.976199999999999,117.426,-0.17928793726515954,0.6252687770355534,0.2039504711807407,7.265818512394588,K32_R8_local
ppg_missing,101.31352460571439,101.24610591900314,True,0.0958096,11.976199999999999,117.426,0.3092912811861094,0.6925296896320096,0.6925296896320096,14.001018838416753,K32_R8_local
ecg_degraded,79.18798801723133,85.40598051188509,True,0.0958096,11.976199999999999,117.426,0.22083795248808474,0.604076360933985,0.604076360933985,18.21369951709219,K32_R8_local
ecg_degraded,83.99627999787958,86.39684917406268,True,0.0958096,11.976199999999999,117.426,0.22267703454087412,0.6059154429867744,0.6059154429867744,17.839947100147242,K32_R8_local
ppg_degraded,98.20133904288701,98.20032257213506,True,0.0958096,11.976199999999999,117.426,0.3410525063637846,0.7242909148096848,0.7242909148096848,19.612083215209992,K32_R8_local
both_degraded,59.30270056990293,114.03554711548625,True,0.0958096,11.976199999999999,117.426,-0.019153735803731014,0.3640846726421692,0.3640846726421692,18.075323742621773,K32_R8_local
ecg_missing,105.90189199102906,105.97826086956522,True,0.0958096,11.976199999999999,117.426,0.059937313017941106,0.748792548960243,0.4431757214638413,7.435245386547064,K32_R8_local
both_clean,101.82654500491884,76.09921082299887,False,0.0958096,11.976199999999999,117.426,0.15322535813562216,0.734160796304864,0.5364637665815224,7.533175998987433,K32_R8_local
ecg_degraded,64.02868099130932,80.83121615593748,True,0.0958096,11.976199999999999,117.426,0.1374954232440158,0.520733831689916,0.520733831689916,16.10396708144821,K32_R8_local
ecg_missing,87.73605927486406,87.76595744680853,True,0.0958096,11.976199999999999,117.426,0.3657821442264424,0.7490205526723426,0.7490205526723426,18.956057599371878,K32_R8_local
both_degraded,93.93785343774843,95.9876086741997,True,0.0958096,11.976199999999999,117.426,0.16863476852647147,0.5518731769723717,0.5518731769723717,19.801115427926522,K32_R8_local
ppg_missing,88.86199104505152,88.90086206896552,True,0.0958096,11.976199999999999,117.426,0.3232694021588626,0.7276255152300061,0.7065078106047628,7.877698388042974,K32_R8_local
ppg_degraded,54.33181764987868,65.71171828556818,True,0.0958096,11.976199999999999,117.426,0.2391887340399615,0.6224271424858617,0.6224271424858617,18.03247379885484,K32_R8_local
both_clean,53.710038305703684,75.66084380003245,False,0.0958096,11.976199999999999,117.426,-0.3832384075662108,0.741108458261852,8.796893847411641e-10,6.0920951555032055,K32_R8_local
both_clean,63.38099383778851,68.94790602655772,False,0.0958096,11.976199999999999,117.426,-0.37649066255570546,0.7388840793733421,0.006747745890194731,6.824317954050946,K32_R8_local
ppg_degraded,56.28119630541675,76.25167237355484,True,0.0958096,11.976199999999999,117.426,0.13097231420520578,0.514210722651106,0.514210722651106,15.693656091554296,K32_R8_local
ecg_degraded,79.0831909568775,88.22877875160341,True,0.0958096,11.976199999999999,117.426,0.18368160846985843,0.5669200169157587,0.5669200169157587,18.832930711129567,K32_R8_local
ppg_missing,94.24158406158946,94.33962264150944,True,0.0958096,11.976199999999999,117.426,0.3427687949967172,0.7260072034426174,0.7260072034426174,15.931018718531627,K32_R8_local
both_degraded,84.56515228057958,84.680715771563,True,0.0958096,11.976199999999999,117.426,0.24241952733513888,0.6256579357810391,0.6256579357810391,17.663018662783873,K32_R8_local
ecg_missing,104.35551355127384,90.75907590759077,False,0.0958096,11.976199999999999,117.426,-0.37929873151335886,0.7485663634148678,0.0039396769325413025,6.781019468395139,K32_R8_local
ecg_degraded,79.42456166893018,85.1468316087222,True,0.0958096,11.976199999999999,117.426,0.20361268821992767,0.5868510966658279,0.5868510966658279,18.68476809562427,K32_R8_local
ecg_degraded,76.95601799170534,76.94673380566157,True,0.0958096,11.976199999999999,117.426,0.31552309908263276,0.6987904918596256,0.6987615075285329,8.486142150540827,K32_R8_local
ppg_degraded,57.643940588834674,74.64062503648023,True,0.0958096,11.976199999999999,117.426,0.14785672557659874,0.531095134022499,0.531095134022499,18.258583408047322,K32_R8_local
ppg_degraded,107.21899089529336,107.20188592687744,True,0.0958096,11.976199999999999,117.426,0.3152858255427632,0.6985242339886634,0.6985242339886634,18.378896018050288,K32_R8_local
both_degraded,90.3509328353955,90.31337051158465,True,0.0958096,11.976199999999999,117.426,0.30559922480221957,0.6888376332481198,0.6888376332481198,21.376513066880175,K32_R8_local
ecg_missing,108.82292456736403,108.80829015544042,True,0.0958096,11.976199999999999,117.426,0.3654078847547697,0.7486462932006699,0.7486462932006699,16.747780507165103,K32_R8_local
both_clean,106.08235949701685,106.09357997823722,True,0.0958096,11.976199999999999,117.426,0.3495767436485907,0.7328151520944909,0.7328151520944909,16.1946057916417,K32_R8_local
ppg_degraded,55.109836498457796,75.52441800361383,True,0.0958096,11.976199999999999,117.426,-0.034351833210947404,0.5338630051551048,0.3488865752349528,7.4765642959387755,K32_R8_local
both_degraded,86.20539169728872,86.20689655172416,True,0.0958096,11.976199999999999,117.426,0.20153683603711275,0.6897869734892845,0.584775244483013,7.641105146790344,K32_R8_local
ecg_missing,79.23635584180295,79.22535211267606,True,0.0958096,11.976199999999999,117.426,0.3662086236277211,0.7494470320736213,0.7494470320736213,14.85861295968204,K32_R8_local
both_degraded,95.25817293249715,95.0886555843632,True,0.0958096,11.976199999999999,117.426,0.29850599035419245,0.6817443988000926,0.6817443988000926,19.64484115116432,K32_R8_local
both_degraded,52.678736426296595,103.34440177480857,True,0.0958096,11.976199999999999,117.426,-0.045075572043079694,0.3381783260743731,0.3381628364028205,8.478569021632495,K32_R8_local
ecg_missing,89.55356980045102,89.57654723127037,True,0.0958096,11.976199999999999,117.426,0.3658616028648821,0.7491000113107823,0.7491000113107823,18.491394545229213,K32_R8_local
ecg_degraded,86.64561899758675,89.19492899859253,True,0.0958096,11.976199999999999,117.426,0.2251669549103798,0.60840536335628,0.60840536335628,18.49297967728901,K32_R8_local
ppg_missing,72.39755122554669,72.42489270386267,True,0.0958096,11.976199999999999,117.426,0.3487789600222926,0.7320173684681928,0.7320173684681928,21.285714253590733,K32_R8_local
ecg_degraded,57.53754356058364,72.25237427238116,True,0.0958096,11.976199999999999,117.426,0.14998093250010952,0.5332193409460098,0.5332193409460098,19.438910345565315,K32_R8_local
ecg_missing,91.15257318293237,91.16022099447515,True,0.0958096,11.976199999999999,117.426,0.36579363414411037,0.7490320425900105,0.7490320425900105,19.08101855685284,K32_R8_local
ecg_missing,52.877617802359374,52.87896592244418,True,0.0958096,11.976199999999999,117.426,0.36645801902286645,0.7496964274687666,0.7496964274687666,14.462948288150983,K32_R8_local
ecg_missing,70.25442255587137,95.18546873141284,False,0.0958096,11.976199999999999,117.426,-0.2808715351568616,0.7494526626791957,0.10236687328903858,7.111575347282818,K32_R8_local
ppg_missing,51.64729577146614,51.60550458715596,True,0.0958096,11.976199999999999,117.426,0.3565557876271698,0.73979419607307,0.73979419607307,16.428269616068075,K32_R8_local
both_degraded,68.43731810206603,69.83364444247246,True,0.0958096,11.976199999999999,117.426,0.2724346962240908,0.655673104669991,0.655673104669991,17.020295320393885,K32_R8_local
ppg_degraded,64.96131456111625,76.34004908602233,True,0.0958096,11.976199999999999,117.426,0.1734609544721965,0.5566993629180967,0.5566993629180967,18.457002179379987,K32_R8_local
both_clean,87.14995659688293,89.48215239247124,True,0.0958096,11.976199999999999,117.426,0.3598679886718308,0.743106397117731,0.743106397117731,17.57930194489616,K32_R8_local
ecg_missing,91.03830620260022,91.05960264900662,True,0.0958096,11.976199999999999,117.426,0.3658355902226592,0.7490739986685594,0.7490739986685594,17.265535222159823,K32_R8_local
both_degraded,92.47878911791702,93.50274795802913,True,0.0958096,11.976199999999999,117.426,0.24300909465886994,0.6262475031047702,0.6262475031047702,18.363014948059075,K32_R8_local
both_clean,74.63108628303388,74.585635359116,True,0.0958096,11.976199999999999,117.426,0.35967012446100743,0.7429085329069076,0.7429085329069076,17.253650949535125,K32_R8_local
both_clean,95.25539246722079,95.23809523809526,True,0.0958096,11.976199999999999,117.426,0.3522302631321388,0.7354686718555695,0.735468671578039,9.236333954790137,K32_R8_local
ecg_degraded,89.62814011389449,89.67391304347827,True,0.0958096,11.976199999999999,117.426,0.33138355618418935,0.7146219646300895,0.7146219646300895,16.8649669335212,K32_R8_local
both_degraded,82.05962528007998,82.2041229803884,True,0.0958096,11.976199999999999,117.426,0.24222212134100135,0.6254605297869016,0.6254605297869016,17.19224052550556,K32_R8_local
ecg_degraded,96.74387074182333,96.71005396098171,True,0.0958096,11.976199999999999,117.426,0.25658626042024335,0.6398246688661435,0.6398246688661435,16.389744297563954,K32_R8_local
ppg_degraded,108.29939435203414,108.43549328177811,True,0.0958096,11.976199999999999,117.426,0.2476148993363651,0.6308533077822653,0.6308533077822653,18.929433594706165,K32_R8_local
both_degraded,78.83668727810925,86.20689655172416,False,0.0958096,11.976199999999999,117.426,-0.07194879157635185,0.5488209627451192,0.31128961686954837,7.4193136793485275,K32_R8_local
both_degraded,107.70257953681882,107.56757359054308,True,0.0958096,11.976199999999999,117.426,0.2763126209280329,0.6595510293739331,0.6595510293739331,17.14977889932033,K32_R8_local
both_degraded,87.40422130877363,90.27469237368919,True,0.0958096,11.976199999999999,117.426,0.23640786036274947,0.6196462688086497,0.6196462688086497,18.829621419028143,K32_R8_local
ppg_missing,73.21342923254532,75.25083612040133,True,0.0958096,11.976199999999999,117.426,0.34865881344570127,0.7318972218916014,0.7318972218916014,17.213493307754565,K32_R8_local
ppg_degraded,78.5961334278536,79.73193755530716,True,0.0958096,11.976199999999999,117.426,0.2593957698058754,0.6426341782517756,0.6426341782517756,18.008099940661378,K32_R8_local
both_degraded,89.31518549712476,91.93948093033622,True,0.0958096,11.976199999999999,117.426,0.3038239080337338,0.687062316479634,0.687062316479634,16.40386830341962,K32_R8_local
ecg_degraded,68.91840610989047,71.51370679380214,False,0.0958096,11.976199999999999,117.426,-0.38323840837959533,0.7201028632180065,6.630485839377083e-11,6.016633690609447,K32_R8_local
ecg_degraded,105.37868494122728,105.29447289427746,True,0.0958096,11.976199999999999,117.426,0.23893444840756267,0.6221728568534629,0.6221728568534629,15.362737957046246,K32_R8_local
ppg_missing,73.15078146044775,73.13109425785483,True,0.0958096,11.976199999999999,117.426,0.348115396425028,0.7313538048709282,0.7313538048709282,16.664745645342336,K32_R8_local
ecg_missing,87.49401965986249,87.48674443266174,True,0.0958096,11.976199999999999,117.426,0.3658892599813286,0.7491276684272288,0.7491276684272288,16.398583372547623,K32_R8_local
both_degraded,101.57298037738693,101.6574130900722,True,0.0958096,11.976199999999999,117.426,0.2377862916617393,0.6210247001076395,0.6210247001076395,17.202394284384646,K32_R8_local
ppg_degraded,99.77309382024373,99.84434862797877,True,0.0958096,11.976199999999999,117.426,0.3088390636207998,0.6920774720667,0.6920774720667,19.653065261223194,K32_R8_local
both_degraded,90.40430138433042,92.58853204150256,True,0.0958096,11.976199999999999,117.426,0.2745753977471247,0.6578138061930249,0.6578138061930249,18.850004733500274,K32_R8_local
both_degraded,92.84424198501912,92.87925696594428,True,0.0958096,11.976199999999999,117.426,-0.24279335275417374,0.6600553646461516,0.1404450556917265,7.182351701083189,K32_R8_local
ppg_degraded,95.41612617681568,95.35383992266793,True,0.0958096,11.976199999999999,117.426,0.25418885897584986,0.63742726742175,0.63742726742175,18.278799602723115,K32_R8_local
ppg_missing,85.21918194612854,85.22727272727275,True,0.0958096,11.976199999999999,117.426,0.3665884972895441,0.7498269057354443,0.7498269057354443,19.02770858084803,K32_R8_local
ppg_missing,75.95765023283434,107.83131321708426,False,0.0958096,11.976199999999999,117.426,-0.3832384084459002,0.7341711598614015,2.321080915472619e-19,5.570036033878681,K32_R8_local
both_clean,103.91041703183632,103.89059948890817,True,0.0958096,11.976199999999999,117.426,0.3475781917145344,0.7308166001604346,0.7308166001604346,18.547562375441807,K32_R8_local
ecg_degraded,59.62569522145871,64.79481641468682,False,0.0958096,11.976199999999999,117.426,-0.3832384084459002,0.5247256025795818,1.2476802955038833e-23,5.4014651777207945,K32_R8_local
ppg_degraded,57.7202309334745,77.27029134804668,True,0.0958096,11.976199999999999,117.426,0.13815618469826713,0.5213945931441674,0.5213945931441674,14.77631800612667,K32_R8_local
both_clean,68.75743179437667,69.26132936687662,True,0.0958096,11.976199999999999,117.426,0.3577676493455001,0.7410060577914003,0.7410060577914003,14.698221498908277,K32_R8_local
ecg_degraded,64.08326802313309,83.84411541319533,True,0.0958096,11.976199999999999,117.426,0.17368492925668427,0.5569233377025845,0.5569233377025845,13.95356079080712,K32_R8_local
ppg_degraded,108.42045135789873,108.39554583998665,True,0.0958096,11.976199999999999,117.426,0.31311470327577096,0.6963531117216711,0.6963531117216711,17.829084611495418,K32_R8_local
ppg_degraded,81.83510346133653,81.78844056706653,True,0.0958096,11.976199999999999,117.426,0.34320243669075956,0.7264408451366597,0.7264408451366597,20.434580406125,K32_R8_local
both_clean,103.0757405980171,84.68459532555174,False,0.0958096,11.976199999999999,117.426,-0.3832384084451469,0.730448987965494,7.532640652953425e-13,5.896395251048285,K32_R8_local
ecg_degraded,83.14592418629611,85.37437533019398,True,0.0958096,11.976199999999999,117.426,0.036251660108222804,0.7177390864970432,0.419490068554123,7.43044039533918,K32_R8_local
both_clean,63.029399031610396,86.20689655172416,False,0.0958096,11.976199999999999,117.426,-0.38320995659516127,0.7499788879579137,2.8451850738931405e-05,6.486180469762918,K32_R8_local
ppg_degraded,102.49935601539201,90.75907590759077,False,0.0958096,11.976199999999999,117.426,-0.38263277609310475,0.7021634648353247,0.0006056323527954342,6.657335143754674,K32_R8_local
ppg_degraded,102.91659771302488,102.91740438083797,True,0.0958096,11.976199999999999,117.426,0.31635780243490874,0.6995962108808089,0.6995962108808089,18.798187252707297,K32_R8_local
both_degraded,57.42514989586142,109.70487094029382,True,0.0958096,11.976199999999999,117.426,-0.05319507690910134,0.3300433315367989,0.3300433315367989,19.069755927484813,K32_R8_local
ecg_degraded,95.98930938742572,96.78352293227015,True,0.0958096,11.976199999999999,117.426,0.23198823573624422,0.6152266441821445,0.6152266441821445,19.19715065696133,K32_R8_local
ecg_degraded,84.12004073001589,88.30773984917155,True,0.0958096,11.976199999999999,117.426,0.21585952194860197,0.5990979303945022,0.5990979303945022,18.430579257391283,K32_R8_local
ecg_missing,60.76223122638855,63.29113924050633,True,0.0958096,11.976199999999999,117.426,0.3633435001908767,0.7495887319126496,0.7465819086367769,8.094158812220138,K32_R8_local
ecg_degraded,70.24192835561195,70.27128156390907,True,0.0958096,11.976199999999999,117.426,0.29246989788829403,0.6757083063341942,0.6757083063341942,18.788709676172402,K32_R8_local
both_clean,94.04404735853898,94.01806593201074,True,0.0958096,11.976199999999999,117.426,0.3529318585350776,0.7361702669809778,0.7361702669809778,16.74922785850487,K32_R8_local
ppg_missing,61.218653373873664,61.260210035005834,True,0.0958096,11.976199999999999,117.426,0.3573826792234702,0.7406210876693704,0.7406210876693704,20.565854258372916,K32_R8_local
ppg_missing,86.4351336579557,88.51931330472105,True,0.0958096,11.976199999999999,117.426,0.3393190841696613,0.7225574926155615,0.7225574926155615,17.295383709377305,K32_R8_local
ecg_degraded,81.98368512184875,83.03274691241829,True,0.0958096,11.976199999999999,117.426,0.33552402797754965,0.7187624364234498,0.7187624364234498,18.207347757856052,K32_R8_local
both_clean,81.84268448407843,81.87772925764193,True,0.0958096,11.976199999999999,117.426,0.35533633861822245,0.7385747470641226,0.7385747470641226,17.892828777200535,K32_R8_local
ppg_missing,60.930317030889,63.29113924050633,False,0.0958096,11.976199999999999,117.426,-0.32267831952872617,0.7320869833605415,0.060560088917174036,7.043723174004051,K32_R8_local
ecg_degraded,99.51579050836426,99.44751381215472,True,0.0958096,11.976199999999999,117.426,0.3331513739102123,0.7163897823561125,0.7163897823561125,16.865679789098408,K32_R8_local
ecg_degraded,82.42608301235882,101.2920864430635,False,0.0958096,11.976199999999999,117.426,-0.38178824440295894,0.7065841130474725,0.0014501640429412197,6.713593974613111,K32_R8_local
ecg_missing,91.35570226144031,91.36212624584718,True,0.0958096,11.976199999999999,117.426,0.36581668606668294,0.7490550945125831,0.7490550945125831,16.390365446784664,K32_R8_local
ecg_degraded,87.64989661806703,91.19543825469722,True,0.0958096,11.976199999999999,117.426,0.33263424686174003,0.7158726553076402,0.7158726553076402,17.04573093738228,K32_R8_local
ppg_degraded,69.2037432896773,103.48620921216495,False,0.0958096,11.976199999999999,117.426,-0.3832383515409834,0.7045891324461236,5.690491677580319e-08,6.231541762944324,K32_R8_local
both_clean,94.20720157483399,94.19058180103394,True,0.0958096,11.976199999999999,117.426,0.3515079074230606,0.7347463158689608,0.7347463158689608,18.29288725321102,K32_R8_local
ecg_degraded,73.84239267406328,77.27345995161481,True,0.0958096,11.976199999999999,117.426,0.2885624091725021,0.6718008176184023,0.6718008176184023,17.821751232782084,K32_R8_local
ecg_degraded,105.34664805685343,105.34706862897073,True,0.0958096,11.976199999999999,117.426,0.2833287593808662,0.6665671678267664,0.6665671678267664,17.517429736616172,K32_R8_local
ecg_degraded,77.47732356212688,78.31146377471046,True,0.0958096,11.976199999999999,117.426,0.23592557852403145,0.7172514684471857,0.6191639869699317,7.659217157734298,K32_R8_local
both_degraded,61.670141701810515,120.35254859338494,True,0.0958096,11.976199999999999,117.426,-0.01140487854003817,0.37183352990586205,0.37183352990586205,17.17569212003489,K32_R8_local
both_degraded,77.88642168621794,75.66084380003245,False,0.0958096,11.976199999999999,117.426,-0.3832384084459002,0.7123100808965642,4.688891890044538e-52,4.58383448459074,K32_R8_local
ecg_degraded,73.63538602675796,74.90441209936073,True,0.0958096,11.976199999999999,117.426,0.28003285758761076,0.6632712660335109,0.6632712660335109,18.6598953454639,K32_R8_local
ecg_degraded,107.08411587054638,110.36049448725977,False,0.0958096,11.976199999999999,117.426,-0.3832384084459002,0.6156971767335265,8.403869326231761e-47,4.707631546224735,K32_R8_local
ppg_missing,68.47851559938721,68.52791878172589,True,0.0958096,11.976199999999999,117.426,0.35548516990009915,0.7387235783459993,0.7387235783459993,18.31489449996425,K32_R8_local
both_degraded,103.37794838093083,103.39342523860024,True,0.0958096,11.976199999999999,117.426,0.1683876368237946,0.5516260452696948,0.5516260452696948,21.209688429686324,K32_R8_local
both_degraded,51.5377343961855,102.5341589135133,True,0.0958096,11.976199999999999,117.426,-0.019301707827692898,0.3639367006182073,0.3639367006182073,19.253524993157253,K32_R8_local
both_degraded,58.06167408092501,116.39952126237496,True,0.0958096,11.976199999999999,117.426,0.020466324341413118,0.40370473278731334,0.40370473278731334,16.127195488366656,K32_R8_local
ecg_missing,67.6771339756315,67.64374295377678,True,0.0958096,11.976199999999999,117.426,0.36622250780593113,0.7494609162518313,0.7494609162518313,18.015263788911216,K32_R8_local
both_degraded,94.4683087356525,94.88285411545066,True,0.0958096,11.976199999999999,117.426,0.24057057130953757,0.6238089797554378,0.6238089797554378,16.007807200899887,K32_R8_local
ppg_missing,86.12017790264008,86.1169102296451,True,0.0958096,11.976199999999999,117.426,0.3428664022227115,0.7261048106686117,0.7261048106686117,16.469567541009067,K32_R8_local
ecg_missing,74.98073139127311,101.2920864430635,False,0.0958096,11.976199999999999,117.426,-0.3832384084459002,0.7499666892365489,1.8080428916481475e-29,5.189253299077569,K32_R8_local
ppg_missing,74.82041282825125,74.83370288248337,True,0.0958096,11.976199999999999,117.426,0.35037217315039715,0.7336105815962973,0.7336105815962973,18.730302056129755,K32_R8_local
both_degraded,100.48386013489035,100.71330539219736,True,0.0958096,11.976199999999999,117.426,0.15279318317999485,0.5360315916258951,0.5360315916258951,17.866709886473807,K32_R8_local
ecg_missing,63.02855645930234,65.71741511500548,True,0.0958096,11.976199999999999,117.426,0.36676010009754023,0.7499985085434404,0.7499985085434404,17.650209939701597,K32_R8_local
both_clean,97.25413010386876,97.19222462203027,True,0.0958096,11.976199999999999,117.426,0.3479368435456953,0.7311752519915955,0.7311752519915955,17.294434962818055,K32_R8_local
ecg_missing,72.38835400290438,75.08342602892102,True,0.0958096,11.976199999999999,117.426,0.36610730327084307,0.7493457117167432,0.7493457117167432,18.534526970083466,K32_R8_local
both_degraded,91.55744480154894,76.65357838255193,False,0.0958096,11.976199999999999,117.426,-0.3832384084459002,0.6196329096582885,3.1764269484515867e-19,5.5792518012328385,K32_R8_local
ecg_missing,98.99906063107707,99.00990099009903,True,0.0958096,11.976199999999999,117.426,0.36569369916679506,0.7489321076126952,0.7489321076126952,17.584927354266892,K32_R8_local
ecg_missing,75.77000833364526,78.28810020876827,True,0.0958096,11.976199999999999,117.426,0.36674802526491956,0.7499864337108197,0.7499864337108197,17.70893461151289,K32_R8_local
both_clean,61.68249715152281,57.42690488631234,False,0.0958096,11.976199999999999,117.426,-0.38323840844297463,0.742502759037458,2.9255408444923727e-12,5.930834187983707,K32_R8_local
both_clean,64.43266060208697,65.00479289770782,True,0.0958096,11.976199999999999,117.426,0.3571293441191641,0.7403677525650643,0.7403677525650643,16.567817541575568,K32_R8_local
ecg_missing,64.80508696521558,64.79481641468682,True,0.0958096,11.976199999999999,117.426,0.366129302210653,0.7495870825086535,0.7493677106565532,8.330689647796314,K32_R8_local
both_clean,55.753640778370176,55.7324840764331,True,0.0958096,11.976199999999999,117.426,0.36231351734305917,0.7455519257889593,0.7455519257889593,20.79658062884863,K32_R8_local
ppg_missing,75.62876913013608,75.67264573991032,True,0.0958096,11.976199999999999,117.426,0.34996467670437026,0.7332030851502704,0.7332030851502704,17.511727938727354,K32_R8_local
ecg_degraded,88.66662436946373,91.8394287333573,True,0.0958096,11.976199999999999,117.426,0.24544804528598035,0.6286864537318806,0.6286864537318806,16.883629293721512,K32_R8_local
both_degraded,73.22416097184652,74.36713432044726,True,0.0958096,11.976199999999999,117.426,0.32500452087951437,0.7082429293254145,0.7082429293254145,18.490487319654886,K32_R8_local
ecg_missing,107.39737006669051,107.37885462555063,True,0.0958096,11.976199999999999,117.426,0.36541737590185874,0.7486557843477589,0.7486557843477589,16.606030608233233,K32_R8_local
ecg_missing,106.36771967450854,106.32497273718649,True,0.0958096,11.976199999999999,117.426,0.044017105358321616,0.7490372700073621,0.42725551380422183,7.421373022401042,K32_R8_local
ppg_degraded,96.60674412990699,89.14038678079451,False,0.0958096,11.976199999999999,117.426,-0.3830977202377437,0.7045104028717961,0.0001406882081564706,6.571998141660649,K32_R8_local
ecg_degraded,97.60439942965283,71.59904534606206,False,0.0958096,11.976199999999999,117.426,-0.38323840766542266,0.6221568433051978,7.804774970867433e-10,6.093793803815413,K32_R8_local
ecg_missing,68.7825417172755,68.80733944954129,True,0.0958096,11.976199999999999,117.426,0.36670985213561,0.7499482605815102,0.7499482605815102,18.946113005941548,K32_R8_local
both_degraded,95.48995265558068,95.49539060191309,True,0.0958096,11.976199999999999,117.426,0.2332108651105484,0.6164492735564486,0.6164492735564486,17.698853166407456,K32_R8_local
both_degraded,53.15749441412143,79.02889278740993,True,0.0958096,11.976199999999999,117.426,0.07563842595044341,0.45887683439634364,0.45887683439634364,17.860046465247752,K32_R8_local
ecg_degraded,51.18612898947203,68.89649540493076,True,0.0958096,11.976199999999999,117.426,0.1485084530514425,0.5317468614973427,0.5317468614973427,16.300757887701806,K32_R8_local
ecg_missing,54.08748143679798,54.08653846153845,True,0.0958096,11.976199999999999,117.426,0.3664565948823926,0.7496950033282928,0.7496950033282928,17.103311488090903,K32_R8_local
ecg_degraded,69.03230512796999,73.43056522477922,True,0.0958096,11.976199999999999,117.426,0.21088387074710874,0.594122279193009,0.594122279193009,18.59327023562459,K32_R8_local
ecg_degraded,93.62372736330003,93.65244536940688,True,0.0958096,11.976199999999999,117.426,0.33768579089121964,0.7209241993371198,0.7209241993371198,20.344501262659108,K32_R8_local
ecg_missing,51.88040710491088,69.0543220442741,False,0.0958096,11.976199999999999,117.426,-0.3832384084459002,0.7496724924235083,2.4136202567845542e-19,5.570381812293916,K32_R8_local
both_degraded,73.00101351390292,95.23809523809526,False,0.0958096,11.976199999999999,117.426,-0.3828977954128421,0.6095269092691309,0.0003406130330581058,6.630883334443922,K32_R8_local
both_clean,85.75512452154118,63.44544598481082,False,0.0958096,11.976199999999999,117.426,-0.383193663519657,0.7373749152269711,4.47449262431623e-05,6.509448401907297,K32_R8_local
ecg_missing,100.79371477785854,77.06785632874642,False,0.0958096,11.976199999999999,117.426,-0.28552728561949303,0.7489342966648656,0.09771112282640718,7.1049084070087645,K32_R8_local
ppg_missing,83.79306823628848,85.75883575883577,True,0.0958096,11.976199999999999,117.426,0.34874488914806245,0.7319832975939626,0.7319832975939626,19.432643400651383,K32_R8_local
both_clean,64.73172061068547,65.28861456909044,True,0.0958096,11.976199999999999,117.426,0.3581833728218907,0.741431031898415,0.7414217812677909,8.575578157963147,K32_R8_local
ppg_missing,55.18137117887144,90.65571890326396,False,0.0958096,11.976199999999999,117.426,-0.3832382755327159,0.7342039621994927,1.3291318431892559e-07,6.260848214022545,K32_R8_local
ppg_missing,80.39131031576467,80.38585209003216,True,0.0958096,11.976199999999999,117.426,0.3424366241562178,0.7290349536997587,0.725675032602118,8.08033015488643,K32_R8_local
ppg_degraded,98.37764764040838,98.36065573770493,True,0.0958096,11.976199999999999,117.426,0.3109473132935089,0.6941857217394091,0.6941857217394091,19.395760230484257,K32_R8_local
ppg_missing,99.9144584547808,99.88901220865706,True,0.0958096,11.976199999999999,117.426,0.3368774276357803,0.7201158360816805,0.7201158360816805,17.472995110295997,K32_R8_local
ecg_missing,87.17774112944889,87.20930232558142,True,0.0958096,11.976199999999999,117.426,0.3666798020842861,0.7499182105301863,0.7499182105301863,16.940076163651646,K32_R8_local
ppg_degraded,60.79919015103134,69.24841667104559,True,0.0958096,11.976199999999999,117.426,0.017514318126168067,0.6145660428878242,0.4007527265720683,7.475580223897644,K32_R8_local
both_clean,54.49873799000794,54.4890103385232,True,0.0958096,11.976199999999999,117.426,0.3622912089634027,0.7455296174093029,0.7455296174093029,17.160186093680373,K32_R8_local
both_clean,52.89528254790992,52.87896592244418,True,0.0958096,11.976199999999999,117.426,0.36264446796736216,0.7458828764132623,0.7458828764132623,18.405111782273295,K32_R8_local
ppg_missing,66.1890483155451,66.1521499448732,True,0.0958096,11.976199999999999,117.426,0.3495140640937435,0.7327524725396437,0.7327524725396437,17.01846321436649,K32_R8_local
ppg_degraded,82.03414232558697,82.01208663120998,True,0.0958096,11.976199999999999,117.426,0.34665719791092775,0.7298956063568279,0.7298956063568279,20.210931742542396,K32_R8_local
both_clean,58.96532093842238,58.92255892255892,True,0.0958096,11.976199999999999,117.426,0.36051578122709305,0.7437541896729932,0.7437541896729932,15.484524219458416,K32_R8_local
ecg_degraded,87.20194509970139,67.04052696395765,False,0.0958096,11.976199999999999,117.426,-0.33043698486965817,0.5971840259146961,0.052801423576242006,7.05215209028329,K32_R8_local
ppg_missing,68.86880784352955,70.82896117523609,True,0.0958096,11.976199999999999,117.426,0.3476843188630232,0.7309227273089234,0.7309227273089234,17.793595276004552,K32_R8_local
ecg_missing,97.3821694001395,97.40259740259742,True,0.0958096,11.976199999999999,117.426,0.36672180402846977,0.74996021247437,0.74996021247437,17.07526574395792,K32_R8_local
both_degraded,81.83007197432966,88.0605425957969,True,0.0958096,11.976199999999999,117.426,0.20751330770844018,0.5907517161543404,0.5907517161543404,16.790455009194325,K32_R8_local
ecg_missing,96.03986828079138,96.051227321238,True,0.0958096,11.976199999999999,117.426,0.3657981790911242,0.7490365875370244,0.7490365875370244,18.808501324873422,K32_R8_local
ppg_degraded,65.40241728763611,100.93508055839744,False,0.0958096,11.976199999999999,117.426,-0.38323840844057755,0.5582899259403322,5.322657614459294e-12,5.954174683735127,K32_R8_local
ecg_missing,84.17957851227928,84.1750841750842,True,0.0958096,11.976199999999999,117.426,0.36597156951580145,0.7492099779617016,0.7492099779617016,19.231034650646325,K32_R8_local
both_degraded,103.20398931773806,103.35138274825769,True,0.0958096,11.976199999999999,117.426,0.1920632450136069,0.5753016534595071,0.5753016534595071,18.79359289332368,K32_R8_local
both_clean,50.99587860564845,50.991508317559415,True,0.0958096,11.976199999999999,117.426,0.3658362645552957,0.7490746730011959,0.7490746730011959,16.488298066967012,K32_R8_local
both_degraded,105.98313712719846,105.83459082394387,True,0.0958096,11.976199999999999,117.426,0.23863491306724333,0.6218733215131436,0.6218733215131436,16.193762126681875,K32_R8_local
ecg_missing,85.48425398938389,88.04695837780152,True,0.0958096,11.976199999999999,117.426,0.3658980141044572,0.7491364225503574,0.7491364225503574,17.403623265134822,K32_R8_local
ppg_degraded,109.84944774812855,83.70535714285715,False,0.0958096,11.976199999999999,117.426,-0.3832384066005957,0.7225679295506382,1.8453044441043606e-09,6.115906886235814,K32_R8_local
ecg_missing,67.0669633473754,67.0391061452514,True,0.0958096,11.976199999999999,117.426,0.3662479313199076,0.7494863397658078,0.7494863397658078,17.891551591958304,K32_R8_local
both_clean,79.36807068437344,76.94673380566157,False,0.0958096,11.976199999999999,117.426,0.1772699074590925,0.7400633308769328,0.5605083159049927,7.5546883794496305,K32_R8_local
both_clean,91.02930036864768,91.99983317362474,True,0.0958096,11.976199999999999,117.426,0.3492513035801377,0.7324897120260379,0.7324897120260379,18.34362024361169,K32_R8_local
ecg_missing,85.63121354454279,64.79481641468682,False,0.0958096,11.976199999999999,117.426,-0.3832384084459002,0.7491511621810836,1.4147576323325707e-38,4.916772040802625,K32_R8_local
ecg_degraded,87.26804937147509,84.68459532555174,False,0.0958096,11.976199999999999,117.426,-0.38323840840645074,0.6279605141888764,3.944942320463095e-11,6.00582913708126,K32_R8_local
both_clean,101.87353350169363,87.71929824561404,False,0.0958096,11.976199999999999,117.426,-0.3832384084459001,0.7318376714424806,6.392397694807467e-17,5.681824451366923,K32_R8_local
both_degraded,59.73994814265138,112.37090503715679,True,0.0958096,11.976199999999999,117.426,-0.05036345460329387,0.33287495384260635,0.33287495384260635,19.194489614517384,K32_R8_local
ppg_missing,93.04530083317638,93.07135470527405,True,0.0958096,11.976199999999999,117.426,0.3378857060510363,0.7211241144969365,0.7211241144969365,20.072225385931276,K32_R8_local
ppg_degraded,76.71299213993959,90.75907590759077,False,0.0958096,11.976199999999999,117.426,-0.3832384084459002,0.7124493240623515,7.651911745041535e-21,5.507396433832079,K32_R8_local
ppg_degraded,104.75741326063414,109.26118626430802,False,0.0958096,11.976199999999999,117.426,-0.3789152647159592,0.7200494144821561,0.004323143729940977,6.79108027979567,K32_R8_local
ecg_missing,106.89683362757134,106.9078947368421,True,0.0958096,11.976199999999999,117.426,0.3654590254545518,0.748697433900452,0.748697433900452,17.9361616318279,K32_R8_local
ppg_missing,76.65155797977008,75.66084380003245,False,0.0958096,11.976199999999999,117.426,-0.38323840844409424,0.7354012498230781,1.805949823662156e-12,5.9185580383153304,K32_R8_local
ppg_missing,71.46732516332585,71.51370679380214,True,0.0958096,11.976199999999999,117.426,0.3457340635274182,0.728980077848255,0.7289724719733184,8.588558116007773,K32_R8_local
ecg_degraded,104.03517762838851,104.57364233556406,True,0.0958096,11.976199999999999,117.426,0.23786265413947733,0.6211010625853776,0.6211010625853776,16.297485793483137,K32_R8_local
both_clean,106.47547704124005,71.59904534606206,False,0.0958096,11.976199999999999,117.426,-0.3832384082980784,0.7304919165809312,1.4782175807653148e-10,6.0392628344545045,K32_R8_local
ecg_degraded,96.38130404512972,97.03804239305877,True,0.0958096,11.976199999999999,117.426,0.23764606093836932,0.6208844693842696,0.6208844693842696,18.79381668995444,K32_R8_local
ppg_missing,104.26155059568649,104.2780748663102,True,0.0958096,11.976199999999999,117.426,0.3279202804214493,0.7111586888673495,0.7111586888673495,17.580984836730586,K32_R8_local
ecg_degraded,106.87836712200705,77.53149928606408,False,0.0958096,11.976199999999999,117.426,-0.38304925068424794,0.7139334487305913,0.00018915776165222216,6.587686066503017,K32_R8_local
both_clean,79.08432687367208,80.42735198574825,True,0.0958096,11.976199999999999,117.426,0.34999093317937835,0.7332293416252785,0.7332293416252785,22.161030393003713,K32_R8_local
ppg_missing,71.58031912381524,71.59904534606206,True,0.0958096,11.976199999999999,117.426,0.04220450243330411,0.7333164903101372,0.42544291087920433,7.427658818725508,K32_R8_local
ppg_degraded,53.43413654719505,72.07959524504773,True,0.0958096,11.976199999999999,117.426,0.13724265135811126,0.5204810598040115,0.5204810598040115,18.540222974837153,K32_R8_local
ppg_degraded,76.31082871502755,76.90121866518882,True,0.0958096,11.976199999999999,117.426,0.3250331456579375,0.7082715541038377,0.7082715541038377,18.88137761690686,K32_R8_local
ppg_missing,63.029515098923866,63.02521008403362,True,0.0958096,11.976199999999999,117.426,0.36671840730078187,0.749956815746682,0.749956815746682,19.55004127407202,K32_R8_local
ppg_degraded,93.51070569232192,94.38755731388817,True,0.0958096,11.976199999999999,117.426,0.3358764621132807,0.7191148705591809,0.7191148705591809,17.039395176047137,K32_R8_local
ecg_degraded,86.69599309832206,87.20887875138195,True,0.0958096,11.976199999999999,117.426,0.2965085263208268,0.7133600022775852,0.679746934766727,7.816043166890145,K32_R8_local
both_degraded,106.17769350784269,106.26465827435678,True,0.0958096,11.976199999999999,117.426,0.1710883100136576,0.5543267184595578,0.5543267184595578,19.36548158711633,K32_R8_local
ppg_missing,91.35128287503113,91.37055837563453,True,0.0958096,11.976199999999999,117.426,0.3408433134833504,0.7240817219292506,0.7240817219292506,13.778250936959019,K32_R8_local
ecg_missing,65.04124672200139,65.0759219088937,True,0.0958096,11.976199999999999,117.426,0.3662024706730641,0.7494408791189643,0.7494408791189643,16.82135731098269,K32_R8_local
ppg_missing,72.45182885056545,72.42489270386267,True,0.0958096,11.976199999999999,117.426,0.34327472157565864,0.7265131300215588,0.7265131300215588,17.882633698180687,K32_R8_local
both_degraded,80.03990471666222,87.39406779661019,False,0.0958096,11.976199999999999,117.426,-0.3646070046490518,0.6095763684725254,0.018631403796848384,6.932883610824451,K32_R8_local
ecg_degraded,82.19455659720991,82.17631861357813,True,0.0958096,11.976199999999999,117.426,0.24011428237435833,0.6233526908202586,0.6233526908202586,17.147229916189033,K32_R8_local
both_degraded,106.4476666406082,106.56010571262271,True,0.0958096,11.976199999999999,117.426,0.20996466035840583,0.5932030688043061,0.5932030688043061,19.370589769880436,K32_R8_local
both_degraded,87.96665976269072,87.953091684435,True,0.0958096,11.976199999999999,117.426,0.10421317775018953,0.48745158619608975,0.48745158619608975,17.275248231871075,K32_R8_local
ppg_degraded,69.55661482958855,70.77780883037684,True,0.0958096,11.976199999999999,117.426,0.3480135714135145,0.7312519798594147,0.7312519798594147,17.60330951921395,K32_R8_local
ppg_missing,66.50802095870782,66.51884700665188,True,0.0958096,11.976199999999999,117.426,0.35225623860589184,0.735494647051792,0.735494647051792,16.445592721315336,K32_R8_local
ecg_degraded,84.54908537740775,84.55467869222097,True,0.0958096,11.976199999999999,117.426,0.28800387326720145,0.6712422817131016,0.6712422817131016,19.177329420745558,K32_R8_local
both_clean,55.12183962242534,56.452293845486984,True,0.0958096,11.976199999999999,117.426,0.3611976085883596,0.7444360170342598,0.7444360170342598,15.942524892640591,K32_R8_local
ecg_missing,77.50316636051889,77.47933884297521,True,0.0958096,11.976199999999999,117.426,0.3233885274519066,0.7493263825745586,0.7066269358978068,7.79049645145419,K32_R8_local
ppg_degraded,103.76689548106964,104.47621957908294,True,0.0958096,11.976199999999999,117.426,0.3137927239822246,0.6970311324281248,0.6970311324281248,20.1612649955964,K32_R8_local
ppg_degraded,105.07335681207077,83.07454597048233,False,0.0958096,11.976199999999999,117.426,-0.3831494131407291,0.6951771740161684,8.899530517107045e-05,6.548011320766179,K32_R8_local
both_clean,83.6273701554087,83.61204013377927,True,0.0958096,11.976199999999999,117.426,0.3534982975300822,0.7367367059759824,0.7367367059759824,15.697568757544806,K32_R8_local
both_clean,82.69381052227882,82.69018743109152,True,0.0958096,11.976199999999999,117.426,0.35549741150147973,0.7387358199473799,0.7387358199473799,18.718813848343196,K32_R8_local
both_degraded,69.89757385239407,76.81105019408749,True,0.0958096,11.976199999999999,117.426,0.21567672031878266,0.5989151287646829,0.5989151287646829,19.410456326007395,K32_R8_local
ppg_missing,85.31985025969455,72.80676074757237,False,0.0958096,11.976199999999999,117.426,-0.38154327114822933,0.7256276758250801,0.0016951372976708667,6.7224398362624065,K32_R8_local
ecg_missing,77.42421989403822,92.80089988751408,False,0.0958096,11.976199999999999,117.426,-0.3832267513725939,0.7492559012274935,1.1657073306330463e-05,6.443906153729371,K32_R8_local
both_clean,88.9356721043588,88.99676375404532,True,0.0958096,11.976199999999999,117.426,0.3560803327707319,0.7393187412166321,0.7393187412166321,17.854802283398712,K32_R8_local
both_clean,107.18725589510132,107.67333500671968,True,0.0958096,11.976199999999999,117.426,0.3372521203348301,0.7204905287807303,0.7204905287807303,17.95840072494199,K32_R8_local
ecg_missing,95.28729356565768,95.26558891454967,True,0.0958096,11.976199999999999,117.426,0.36587496202529923,0.7491133704711994,0.7491133704711994,19.309414716812974,K32_R8_local
both_clean,58.2494736371213,90.75907590759077,False,0.0958096,11.976199999999999,117.426,-0.38323840815802734,0.7450482787823594,2.878728523531461e-10,6.058246820910955,K32_R8_local
ecg_missing,60.33847814043157,109.26118626430802,False,0.0958096,11.976199999999999,117.426,-0.3832384084459002,0.7496140692155868,2.091027011876329e-23,5.404125382909793,K32_R8_local
ecg_degraded,91.41500901252311,92.47546188353193,True,0.0958096,11.976199999999999,117.426,0.3401045396600244,0.7233429481059246,0.7233429481059246,16.718138258879186,K32_R8_local
ecg_degraded,108.46794898662728,108.57883145452094,True,0.0958096,11.976199999999999,117.426,0.2379207782341824,0.6211591866800826,0.6211591866800826,16.512253991206283,K32_R8_local
ppg_degraded,85.91409167546348,86.19079316113364,True,0.0958096,11.976199999999999,117.426,0.2627940314771271,0.6460324399230273,0.6460324399230273,18.854923177341764,K32_R8_local
ecg_degraded,100.27793737872128,100.93508055839744,True,0.0958096,11.976199999999999,117.426,0.25995498733018196,0.6665832096926336,0.6431933957760821,7.854094269492056,K32_R8_local
ecg_missing,66.71342405178673,69.15983606557377,True,0.0958096,11.976199999999999,117.426,0.3662880728779705,0.7495264813238707,0.7495264813238707,16.477272933560315,K32_R8_local
ppg_missing,64.58301536263795,65.71741511500548,True,0.0958096,11.976199999999999,117.426,0.35350120569598764,0.7367396141418878,0.7367396141418878,17.29784351562514,K32_R8_local
ppg_missing,108.96014430183115,109.0342679127726,True,0.0958096,11.976199999999999,117.426,0.32911432046239086,0.712352728908291,0.712352728908291,18.887712132676995,K32_R8_local
both_clean,102.63948660145303,81.12502624001814,False,0.0958096,11.976199999999999,117.426,-0.38323438221271133,0.7311067658175535,4.026233188867344e-06,6.397393494498658,K32_R8_local
ppg_degraded,76.97229401610052,76.96262977295223,True,0.0958096,11.976199999999999,117.426,0.34881170072770107,0.7320501091736012,0.7320501091736012,15.773634032558789,K32_R8_local
both_degraded,98.96036175480884,65.71741511500548,False,0.0958096,11.976199999999999,117.426,-0.3829110486293638,0.7000135646887001,0.0003273598165363662,6.620323502326744,K32_R8_local
ppg_degraded,88.55835664499747,75.75757575757575,False,0.0958096,11.976199999999999,117.426,-0.29618587244616057,0.7304694694849568,0.08705253599973961,7.092045461026361,K32_R8_local
both_degraded,96.83700697242367,97.68550176189216,True,0.0958096,11.976199999999999,117.426,0.2048874392933671,0.5881258477392673,0.5881258477392673,19.047884636272812,K32_R8_local
both_degraded,85.3119026091737,85.36360896775228,True,0.0958096,11.976199999999999,117.426,0.23821846521014461,0.6214568736560449,0.6214568736560449,19.071893318871112,K32_R8_local
both_degraded,90.98894347087509,91.61666639032852,True,0.0958096,11.976199999999999,117.426,0.294516123475538,0.6777545319214382,0.6777545319214382,18.60968885976503,K32_R8_local
ecg_degraded,106.56043930519084,106.57127265853626,True,0.0958096,11.976199999999999,117.426,0.2407666624665485,0.6240050709124487,0.6240050709124487,17.06727542099554,K32_R8_local
ecg_degraded,75.817595913375,61.664953751284685,False,0.0958096,11.976199999999999,117.426,-0.372840411974818,0.6662487334505784,0.010397996471082178,6.869825287842826,K32_R8_local
ppg_degraded,94.19216563669853,94.23777764326624,True,0.0958096,11.976199999999999,117.426,0.31739961544490447,0.7006380238908047,0.7006380238908047,17.97570675559973,K32_R8_local
ppg_degraded,107.61988525507799,107.6158940397351,True,0.0958096,11.976199999999999,117.426,0.3134986441707077,0.6967370526166079,0.6967370526166079,19.054009175477347,K32_R8_local
ppg_missing,52.450722058520775,52.447552447552454,True,0.0958096,11.976199999999999,117.426,0.36673693431649945,0.7499753427623996,0.7499753427623996,16.526237202990213,K32_R8_local
both_clean,65.14796329714252,66.52233475088487,True,0.0958096,11.976199999999999,117.426,0.35475117118405275,0.7379895796299529,0.7379895796299529,14.610837025722997,K32_R8_local
both_clean,71.4774205675695,71.4657592597733,True,0.0958096,11.976199999999999,117.426,0.3540821549926112,0.7373205634385114,0.7373205634385114,18.689611371703222,K32_R8_local
both_degraded,84.43492167005368,84.71281293560445,True,0.0958096,11.976199999999999,117.426,0.22708639138989756,0.6103247998357978,0.6103247998357978,18.944372392906995,K32_R8_local
ppg_missing,77.31276883391955,79.28118393234674,True,0.0958096,11.976199999999999,117.426,0.36664140783200283,0.749879816277903,0.749879816277903,15.441212399685234,K32_R8_local
ppg_missing,106.55177944758404,107.58196721311475,True,0.0958096,11.976199999999999,117.426,0.3326128371797069,0.7158512456256071,0.7158512456256071,19.792802587271375,K32_R8_local
both_degraded,61.44821948854231,111.80538176151175,True,0.0958096,11.976199999999999,117.426,-0.027601414350701053,0.35563699409519917,0.35563699409519917,17.493798016334672,K32_R8_local
both_degraded,68.3525262143363,75.83266912121739,True,0.0958096,11.976199999999999,117.426,0.15321187100286598,0.5364502794487662,0.5364502794487662,19.60598679397137,K32_R8_local
ppg_missing,54.60702947055005,54.630593132154004,True,0.0958096,11.976199999999999,117.426,0.3580753473712349,0.7413137558171351,0.7413137558171351,18.459671905865054,K32_R8_local
both_clean,60.65140905361739,60.69364161849712,True,0.0958096,11.976199999999999,117.426,0.36082236060457706,0.7440607690504772,0.7440607690504772,17.482925732661467,K32_R8_local
ppg_missing,85.70988682109721,86.8421052631579,True,0.0958096,11.976199999999999,117.426,0.3487305361610693,0.7319689446069695,0.7319689446069695,16.031962135680388,K32_R8_local
ecg_missing,53.11062073150136,53.06603773584906,True,0.0958096,11.976199999999999,117.426,0.36640250813874997,0.7496409165846502,0.7496409165846502,18.0824463334254,K32_R8_local
both_degraded,106.48229377449653,106.44104803493445,True,0.0958096,11.976199999999999,117.426,0.1765858803326807,0.5598242887785809,0.5598242887785809,17.23701681830801,K32_R8_local
ppg_missing,95.56564024809057,95.64293304994689,True,0.0958096,11.976199999999999,117.426,0.3343013369037914,0.7175397453496916,0.7175397453496916,16.74775767314265,K32_R8_local
ppg_missing,55.127256339652924,56.27009646302251,True,0.0958096,11.976199999999999,117.426,0.3658916060570351,0.7491300145029353,0.7491300145029353,17.010025620513748,K32_R8_local
ppg_missing,97.37151576525798,97.2972972972973,True,0.0958096,11.976199999999999,117.426,0.3193737823022832,0.7026121907481834,0.7026121907481834,18.195948089963007,K32_R8_local
ppg_missing,57.35644499650697,101.2920864430635,False,0.0958096,11.976199999999999,117.426,-0.19357326310326733,0.7415618600599916,0.1896651453426329,7.215984979518627,K32_R8_local
ecg_missing,81.01774695918508,83.70535714285715,True,0.0958096,11.976199999999999,117.426,0.3660314568200551,0.7492698652659553,0.7492698652659553,20.60383013158432,K32_R8_local
ppg_missing,62.86341506961972,69.80351602895553,False,0.0958096,11.976199999999999,117.426,-0.27336126617648915,0.7391844399709908,0.109877142269411,7.124160915274117,K32_R8_local
ppg_degraded,60.34860694280267,80.34778886265208,True,0.0958096,11.976199999999999,117.426,0.12265543081341997,0.5058938392593202,0.5058938392593202,18.406469670081265,K32_R8_local
ppg_missing,81.97214469627744,81.9672131147541,True,0.0958096,11.976199999999999,117.426,0.3411420761441937,0.7243804845900939,0.7243804845900939,17.894332474616697,K32_R8_local
both_degraded,103.0554317131814,100.37080584750078,True,0.0958096,11.976199999999999,117.426,0.1710681277382518,0.554306536184152,0.554306536184152,19.416900537063192,K32_R8_local
ppg_degraded,55.040712840258294,69.99874385404044,True,0.0958096,11.976199999999999,117.426,0.15095413040241484,0.5342201556406929,0.5341925388483151,8.469288247413544,K32_R8_local
ecg_missing,62.484506024337236,65.07592190889372,True,0.0958096,11.976199999999999,117.426,0.36674298217990975,0.7499813906258099,0.7499813906258099,17.495848734726156,K32_R8_local
both_clean,79.12598548413483,79.1139240506329,True,0.0958096,11.976199999999999,117.426,0.3570542115396529,0.7402926199855531,0.7402926199855531,14.542362590522947,K32_R8_local
both_clean,107.32774999494336,107.31841879064645,True,0.0958096,11.976199999999999,117.426,0.34887665203715046,0.7321150604830506,0.7321150604830506,18.473973301201323,K32_R8_local
ppg_missing,71.76768348943958,71.77033492822967,True,0.0958096,11.976199999999999,117.426,0.3539506572022232,0.7371890656481234,0.7371890656481234,17.947995228343498,K32_R8_local
both_clean,102.18942567073185,68.94790602655772,False,0.0958096,11.976199999999999,117.426,-0.3832384084459002,0.7330394189080564,6.5225322076109885e-21,5.504001507715167,K32_R8_local
ecg_missing,82.49765141770635,82.41758241758242,True,0.0958096,11.976199999999999,117.426,0.3661742622850448,0.749412670730945,0.749412670730945,17.626375425362404,K32_R8_local
ppg_degraded,77.12611805196495,77.22873534635562,True,0.0958096,11.976199999999999,117.426,0.2710932286437797,0.6543316370896799,0.6543316370896799,19.26065271684645,K32_R8_local
both_degraded,95.77323176275215,95.88959468365613,True,0.0958096,11.976199999999999,117.426,0.3182173325190092,0.7014557409649094,0.7014557409649094,19.313258165680637,K32_R8_local
ppg_missing,61.72713593401467,61.7283950617284,True,0.0958096,11.976199999999999,117.426,0.35732013475079405,0.7405585431966942,0.7405585431966942,22.594483055043714,K32_R8_local
both_degraded,81.60773419029493,82.1239211923424,True,0.0958096,11.976199999999999,117.426,0.22549244324779777,0.608730851693698,0.608730851693698,18.805871160682422,K32_R8_local
ppg_degraded,52.04508939086897,67.20919467266582,True,0.0958096,11.976199999999999,117.426,0.13210842337379264,0.5153468318196929,0.5153468318196929,16.160881889538768,K32_R8_local
ecg_degraded,81.43790742174791,81.43322475570034,True,0.0958096,11.976199999999999,117.426,0.29641606614980187,0.679654474595702,0.679654474595702,19.62350370174024,K32_R8_local
ppg_degraded,109.77144351629136,109.72322813556504,True,0.0958096,11.976199999999999,117.426,0.29939741380550344,0.6826358222514036,0.6826358222514036,19.257833757045848,K32_R8_local
both_degraded,54.26624448900467,83.67502745350588,True,0.0958096,11.976199999999999,117.426,0.08830134604626995,0.47153975449217017,0.47153975449217017,19.88247469288117,K32_R8_local
ecg_missing,55.94476650690374,55.97014925373134,True,0.0958096,11.976199999999999,117.426,0.36671495036294643,0.7499533588088466,0.7499533588088466,19.56754480069478,K32_R8_local
ecg_degraded,84.37819209033088,86.58386618484109,True,0.0958096,11.976199999999999,117.426,0.33861005408215195,0.7218484625280521,0.7218484625280521,20.552731779394737,K32_R8_local
both_degraded,105.91891240849498,103.8041386430755,True,0.0958096,11.976199999999999,117.426,0.16611964613497715,0.5493580545808774,0.5493580545808774,17.047324719722365,K32_R8_local
both_degraded,83.38343908408991,85.45348423788222,True,0.0958096,11.976199999999999,117.426,0.3243408141638481,0.7075792226097483,0.7075792226097483,17.803509244543697,K32_R8_local
ecg_missing,107.71416035911008,107.73480662983422,True,0.0958096,11.976199999999999,117.426,0.3655382624486704,0.7487766708945706,0.7487766708945706,16.038201956946804,K32_R8_local
ecg_missing,69.1231557260705,71.73219978746015,True,0.0958096,11.976199999999999,117.426,0.36636242543965747,0.7496008338855576,0.7496008338855576,17.749973553184176,K32_R8_local
ecg_missing,109.49302846074505,109.55056179775279,True,0.0958096,11.976199999999999,117.426,0.3657608854720127,0.7489992939179129,0.7489992939179129,16.476842952126894,K32_R8_local
both_degraded,62.72151384492836,105.35697189125635,True,0.0958096,11.976199999999999,117.426,0.006408371319075585,0.3896467797649758,0.3896467797649758,20.71405487106981,K32_R8_local
ppg_degraded,96.3794062933608,96.24086799023357,True,0.0958096,11.976199999999999,117.426,0.2320727525175092,0.6153639054643529,0.6153111609634094,8.429994308802492,K32_R8_local
ecg_missing,70.12889228888719,110.36049448725977,False,0.0958096,11.976199999999999,117.426,-0.3832380143272756,0.7490194891096777,3.9411862459314496e-07,6.3011724991605975,K32_R8_local
both_degraded,100.1061002157632,101.2525789555673,True,0.0958096,11.976199999999999,117.426,0.23766070124031385,0.6208991096862141,0.6208991096862141,18.949264114954282,K32_R8_local
ecg_missing,52.13630696445729,52.14368482039397,True,0.0958096,11.976199999999999,117.426,0.35312147057070176,0.7497085008665814,0.7363598790166019,7.935695705172988,K32_R8_local
ecg_degraded,68.7366957186144,95.46172834015024,False,0.0958096,11.976199999999999,117.426,-0.3832384084459002,0.6140214185010635,4.135224321080795e-28,5.237561181244859,K32_R8_local
ecg_degraded,105.43368367918774,105.40540540540543,True,0.0958096,11.976199999999999,117.426,0.33289820061956543,0.7161366090654656,0.7161366090654656,18.61599749925325,K32_R8_local
ppg_degraded,96.37745411430045,96.4117800005303,True,0.0958096,11.976199999999999,117.426,0.34426082139806957,0.7274992298439698,0.7274992298439698,19.572924737411277,K32_R8_local
ppg_missing,79.09966903033526,81.08108108108108,True,0.0958096,11.976199999999999,117.426,0.3478726614811526,0.7311111018114338,0.7311110699270528,8.954425214681365,K32_R8_local
both_degraded,72.67790376569972,79.26022160916736,False,0.0958096,11.976199999999999,117.426,-0.38323795706940617,0.5797340708003182,4.513764939963421e-07,6.316473335936423,K32_R8_local
both_clean,106.65559450524101,106.6518740426598,True,0.0958096,11.976199999999999,117.426,0.34854446603912725,0.7317828744850274,0.7317828744850274,16.262411629757647,K32_R8_local
