regime,hr_true,hr_delivered,decode_success,energy_j,power_mw,latency_ms,reward,piv,u_pir,snr_db,arm
ecg_missing,88.21770123928727,90.85903083700443,True,0.0958096,11.976199999999999,117.426,0.3667298529968719,0.7499682614427721,0.7499682614427721,19.019119324704196,K32_R8_local
both_degraded,66.18720282583222,83.80030489650468,True,0.08377120000000002,10.471400000000003,105.114,-0.02917098602816654,0.30591381398974865,0.30591381398974865,17.514531607958837,K32_R2_local
ppg_degraded,52.45841143617168,70.13733801120881,True,0.08377120000000002,10.471400000000003,85.39689142857144,0.22297058357031985,0.558055383570333,0.558055383570333,17.021161383939678,K32_R2_edge
ppg_missing,50.991658131711745,53.191489361702125,True,0.08377120000000002,10.471400000000003,85.39689142857144,0.41278127228163886,0.747866072281652,0.747866072281652,16.566664846109468,K32_R2_edge
ecg_missing,98.79621435201634,98.79253567508235,True,0.08377120000000002,10.471400000000003,85.39689142857144,0.4137562980160713,0.7488410980160844,0.7488410980160844,18.909054992925554,K32_R2_edge
ecg_degraded,104.76533463666331,104.7261009667025,True,0.08377120000000002,10.471400000000003,85.39689142857144,0.33098882574239474,0.6660736257424079,0.6660736257424079,17.953831152858353,K32_R2_edge
ecg_missing,86.3981465460308,86.38743455497384,True,0.0958096,11.976199999999999,117.426,0.36587850973517644,0.7491169181810766,0.7491169181810766,19.09157231081863,K32_R8_local
ecg_degraded,93.7697936590399,93.75000000000001,True,0.08377120000000002,10.471400000000003,85.39689142857144,0.28888113628143164,0.6239659362814448,0.6239659362814448,15.505128101058089,K32_R2_edge
ppg_degraded,82.61749948792537,78.57974388824215,False,0.0958096,11.976199999999999,117.426,-0.3832384084457038,0.6421757746230494,1.9639127448796484e-13,5.866106278834191,K32_R8_local
both_degraded,106.1043454272661,106.24019056455836,True,0.1198864,14.985800000000001,142.05,0.11504606633522665,0.5964521810714987,0.5964521810714987,17.230029962693383,K32_R20_local
ecg_degraded,98.95121324729193,100.04384889625062,True,0.08377120000000002,10.471400000000003,85.39689142857144,0.283386575816001,0.6184713758160142,0.6184713758160142,18.30369331189674,K32_R2_edge
both_degraded,50.16431001020889,78.05628345837623,True,0.08377120000000002,10.471400000000003,105.114,0.04787289417842172,0.3829576941963369,0.3829576941963369,19.25180973389582,K32_R2_local
ppg_missing,101.44425659525416,101.35135135135137,True,0.0958096,11.976199999999999,117.426,0.34126863716095235,0.7245070456068525,0.7245070456068525,18.744993296757603,K32_R8_local
ppg_missing,52.01513451832786,52.02312138728324,True,0.0958096,11.976199999999999,117.426,0.35861397674499373,0.7418523851908939,0.7418523851908939,18.608402781696363,K32_R8_local
ppg_degraded,93.77932678579664,93.75000000000001,True,0.08377120000000002,10.471400000000003,85.39689142857144,0.38228182281753675,0.7173666228175499,0.7173666228175499,18.599355005468894,K32_R2_edge
both_degraded,60.53933723615354,105.602965635082,True,0.08377120000000002,10.471400000000003,105.114,0.04516156902180507,0.38024636903972026,0.38024636903972026,14.238826436939355,K32_R2_local
both_clean,101.7907353409932,101.75381827122483,True,0.08377120000000002,10.471400000000003,85.39689142857144,0.39646414789989726,0.7315489478999104,0.7315489478999104,18.645688670186168,K32_R2_edge
ecg_missing,82.4876732149455,84.96395468589084,True,0.08377120000000002,10.471400000000003,105.114,0.41402943135437553,0.7491142313722907,0.7491142313722907,18.845886543211236,K32_R2_local
both_degraded,67.98271343224309,71.3495287632052,True,0.08377120000000002,10.471400000000003,85.39689142857144,0.23842784742168288,0.573512647421696,0.573512647421696,18.66256518404364,K32_R2_edge
ecg_missing,75.3612332718595,88.14102564102564,False,0.08377120000000002,10.471400000000003,85.39689142857144,-0.06234418817837828,0.7495054207078652,0.2727406118216349,7.9893498111154635,K32_R2_edge
ppg_missing,51.69918026872778,51.724137931034484,True,0.08377120000000002,10.471400000000003,85.39689142857144,0.4133448471111938,0.748429647111207,0.748429647111207,19.663435099438626,K32_R2_edge
ecg_degraded,57.45699658997384,78.6983287096219,True,0.08377120000000002,10.471400000000003,105.114,0.20526431592256655,0.5403491159404817,0.5403491159404817,16.808542417628285,K32_R2_local
ppg_missing,90.23746488161783,90.26258205689278,True,0.08377120000000002,10.471400000000003,85.39689142857144,0.3897948200798903,0.7248796200799035,0.7248796200799035,18.75771911277442,K32_R2_edge
ppg_missing,88.831370694455,88.90086206896552,True,0.1198864,14.985800000000001,142.05,0.23990795113657196,0.7268246464721752,0.721314065872844,7.272066337987355,K32_R20_local
ppg_missing,86.92310668887524,88.04695837780152,True,0.08377120000000002,10.471400000000003,85.39689142857144,0.39131478343530945,0.7263995834353226,0.7263995834353226,18.001858851580053,K32_R2_edge
both_degraded,73.020653255713,75.01134450440378,True,0.08377120000000002,10.471400000000003,85.39689142857144,0.28963711775880996,0.6247219177588231,0.6247219177588231,19.00202487329653,K32_R2_edge
ppg_degraded,109.83259614735266,109.85722421019894,True,0.08377120000000002,10.471400000000003,85.39689142857144,0.3580210532271275,0.6931058532271407,0.6931058532271407,17.175315388889846,K32_R2_edge
both_degraded,108.8501203265738,108.85040560411171,True,0.08377120000000002,10.471400000000003,105.114,0.06639972154007466,0.40148452155798986,0.40148452155798986,16.460514964780344,K32_R2_local
both_clean,91.13251906884167,92.04762187432353,True,0.08377120000000002,10.471400000000003,85.39689142857144,0.39746340887733855,0.7325482088773517,0.7325482088773517,19.063294786462887,K32_R2_edge
both_clean,89.02755657606897,88.99676375404532,True,0.08377120000000002,10.471400000000003,85.39689142857144,0.4038449256067451,0.7389297256067583,0.7389297256067583,18.619124004334154,K32_R2_edge
ppg_degraded,91.30680383425641,91.26106194690266,True,0.08377120000000002,10.471400000000003,85.39689142857144,0.28534213506076234,0.6204269350607755,0.6204269350607755,17.101921113166426,K32_R2_edge
ppg_missing,73.33528543874623,73.28990228013029,True,0.08377120000000002,10.471400000000003,85.39689142857144,0.39573901038960213,0.7308238103896153,0.7308238103896153,19.76495265979884,K32_R2_edge
ecg_missing,58.10579030134467,60.90487238979119,True,0.08377120000000002,10.471400000000003,105.114,0.41481296155731173,0.7498977615752269,0.7498977615752269,17.636906845706694,K32_R2_local
both_degraded,93.2893004116449,94.12226829782809,True,0.08377120000000002,10.471400000000003,85.39689142857144,0.3147098320594155,0.6497946320594287,0.6497946320594287,19.123439643369263,K32_R2_edge
ecg_degraded,81.52125934854355,81.52173913043478,True,0.08377120000000002,10.471400000000003,85.39689142857144,0.39372659117082887,0.728811391170842,0.728811391170842,18.834394630550126,K32_R2_edge
ecg_degraded,68.61451253353734,70.04343496229585,True,0.08377120000000002,10.471400000000003,105.114,0.3326123799664116,0.6676971799843268,0.6676971799843268,18.524952074731413,K32_R2_local
ecg_missing,79.15012152990735,79.1324736225088,True,0.08377120000000002,10.471400000000003,105.114,0.41428230464299665,0.7493671046609118,0.7493671046609118,17.67194184691418,K32_R2_local
ecg_missing,103.36927006094001,103.32950631458097,True,0.08377120000000002,10.471400000000003,105.114,0.41377588012838706,0.7488606801463022,0.7488606801463022,20.47016467301821,K32_R2_local
ecg_missing,106.04261095737499,105.97826086956522,True,0.08377120000000002,10.471400000000003,85.39689142857144,0.41371748202183944,0.7488022820218526,0.7488022820218526,18.026019128227574,K32_R2_edge
ppg_degraded,71.46771180254422,71.46663636838323,True,0.08377120000000002,10.471400000000003,85.39689142857144,0.4066300223126734,0.7417148223126866,0.7417148223126866,16.63142407709525,K32_R2_edge
both_clean,84.29178984378566,84.26966292134831,True,0.08377120000000002,10.471400000000003,85.39689142857144,0.41408906822812075,0.7491738682281339,0.7491738682281339,18.28520841686837,K32_R2_edge
ecg_degraded,69.31216346455653,70.2114011984869,True,0.08377120000000002,10.471400000000003,85.39689142857144,0.38430000490263827,0.7193848049026514,0.7193848049026514,18.11582897550811,K32_R2_edge
ppg_missing,85.6580018119818,85.6164383561644,True,0.08377120000000002,10.471400000000003,85.39689142857144,0.39270609910335064,0.7277908991033638,0.7277908991033638,17.023422125650775,K32_R2_edge
both_degraded,70.274673530428,75.6481076055763,True,0.08377120000000002,10.471400000000003,85.39689142857144,0.32205724876848474,0.6571420487684979,0.6571420487684979,17.690327866780084,K32_R2_edge
ppg_degraded,73.49714003168967,76.23391079304469,True,0.08377120000000002,10.471400000000003,85.39689142857144,0.38174897817472275,0.7168337781747359,0.7168337781747359,18.435144560342138,K32_R2_edge
both_degraded,103.41646112028754,105.67922597873716,True,0.08377120000000002,10.471400000000003,85.39689142857144,0.208836489754757,0.5439212897547702,0.5439212897547702,17.85333311784867,K32_R2_edge
ecg_degraded,63.629455612002786,97.8682137002169,False,0.0958096,11.976199999999999,117.426,-0.3831893724185555,0.5116114039644678,4.9036027344669067e-05,6.532817463998095,K32_R8_local
ppg_missing,87.39122868116254,87.39406779661019,True,0.08377120000000002,10.471400000000003,85.39689142857144,0.3890622976607213,0.7241470976607345,0.7241470976607345,19.033966002925887,K32_R2_edge
both_clean,55.04092061494309,55.06018915135213,True,0.08377120000000002,10.471400000000003,85.39689142857144,0.4111651775454035,0.7462499775454167,0.7462499775454167,19.62993152126831,K32_R2_edge
ppg_missing,99.95864885920386,100.00000000000003,True,0.08377120000000002,10.471400000000003,85.39689142857144,0.4103094496919113,0.7453942496919245,0.7453942496919245,18.860055060659576,K32_R2_edge
ecg_missing,97.225898449321,97.1731448763251,True,0.0958096,11.976199999999999,117.426,0.36566194430995325,0.7489003527558534,0.7489003527558534,18.97074777994925,K32_R8_local
ppg_degraded,64.36216657957713,78.80905573158395,True,0.0958096,11.976199999999999,97.68598857142857,0.16157602743968624,0.5448144274401266,0.5448144274401266,17.635812437043057,K32_R8_edge
ppg_degraded,102.58905384864224,102.63157894736845,True,0.08377120000000002,10.471400000000003,85.39689142857144,0.367581485518111,0.7026662855181242,0.7026662855181242,16.927094099687107,K32_R2_edge
ppg_missing,53.51408208831166,54.630593132154004,True,0.08377120000000002,10.471400000000003,85.39689142857144,0.40478062206964427,0.7398654220696574,0.7398654220696574,19.78194339988145,K32_R2_edge
ppg_degraded,70.16702363273961,71.95494634401105,True,0.0958096,11.976199999999999,97.68598857142857,0.2649269350980042,0.6481653350984445,0.6481653350984445,18.63409657673827,K32_R8_edge
ecg_degraded,59.016768013690346,79.5849091307054,True,0.08377120000000002,10.471400000000003,85.39689142857144,0.1853898848167902,0.5204746848168034,0.5204746848168034,16.29218540317854,K32_R2_edge
ecg_degraded,77.02036199895721,79.80151638697879,True,0.08377120000000002,10.471400000000003,85.39689142857144,0.27887685577191834,0.6139616557719315,0.6139616557719315,16.678155068265333,K32_R2_edge
ppg_missing,97.77945621723765,99.69325153374234,True,0.08377120000000002,10.471400000000003,85.39689142857144,0.3879143215289249,0.7229991215289381,0.7229991215289381,18.137538836039116,K32_R2_edge
both_clean,63.83853253962485,63.82978723404256,True,0.08377120000000002,10.471400000000003,85.39689142857144,0.40965534803903914,0.7447401480390523,0.7447401480390523,19.500844789948776,K32_R2_edge
ecg_missing,53.12127806386458,53.128689492325854,True,0.0958096,11.976199999999999,97.68598857142857,0.3664885774087006,0.749726977409141,0.749726977409141,14.539306598211086,K32_R8_edge
ecg_degraded,74.27311038929169,71.31537021314826,False,0.0958096,11.976199999999999,97.68598857142857,-0.38323839923868075,0.616544591317036,7.617596160398623e-10,6.093326127521051,K32_R8_edge
ecg_missing,61.91078267055532,64.51612903225806,True,0.0958096,11.976199999999999,97.68598857142857,0.3663394199354532,0.7495778199358936,0.7495778199358936,17.35332989260636,K32_R8_edge
ecg_missing,55.44518273714731,55.41871921182266,True,0.08377120000000002,10.471400000000003,105.114,0.4145725378784819,0.7496573378963971,0.7496573378963971,21.233426807303054,K32_R2_local
ecg_degraded,84.81994315921105,85.66319289682318,True,0.1198864,14.985800000000001,122.26418285714286,0.13783431359470477,0.6199846624942298,0.6173800084897731,7.313618129059853,K32_R20_edge
ppg_missing,67.92176796913536,67.87330316742081,True,0.0958096,11.976199999999999,117.426,0.3522609700650974,0.7354993785109976,0.7354993785109976,17.797507022158477,K32_R8_local
both_clean,90.31969267738157,90.26258205689278,True,0.08377120000000002,10.471400000000003,85.39689142857144,0.39214918150658484,0.727233981506598,0.727233981506598,17.323995924100068,K32_R2_edge
both_degraded,61.9709266380928,121.37515364399408,True,0.0958096,11.976199999999999,117.426,-0.002206957564765615,0.3810314508811346,0.3810314508811346,17.853387689527867,K32_R8_local
ppg_missing,106.52678663038986,106.55737704918032,True,0.08377120000000002,10.471400000000003,85.39689142857144,0.3795843500312289,0.7146691500312421,0.7146691500312421,17.521368303974118,K32_R2_edge
both_clean,71.90661009468971,74.22022531427277,True,0.08377120000000002,10.471400000000003,85.39689142857144,0.40675229171797833,0.7418370917179915,0.7418370917179915,20.70297273932953,K32_R2_edge
both_clean,56.32971677421377,57.66629792939882,True,0.08377120000000002,10.471400000000003,85.39689142857144,0.4060855930957775,0.7411703930957907,0.7411703930957907,16.576036764479603,K32_R2_edge
ecg_degraded,87.74648909238255,87.73477719151536,True,0.08377120000000002,10.471400000000003,85.39689142857144,0.2893987016597924,0.6244835016598056,0.6244835016598056,17.21814763010334,K32_R2_edge
both_degraded,105.62927318407205,106.26145672823846,True,0.1198864,14.985800000000001,122.26418285714286,0.08732477334907962,0.5668704682441478,0.566870468244148,8.84717956116166,K32_R20_edge
both_clean,76.42262928294704,76.44394110985276,True,0.08377120000000002,10.471400000000003,85.39689142857144,0.40584858401543944,0.7409333840154526,0.7409333840154526,17.613356253026733,K32_R2_edge
ppg_degraded,107.27542962144423,107.88293423932191,True,0.08377120000000002,10.471400000000003,85.39689142857144,0.30075841863957364,0.6358432186395868,0.6358432186395868,18.968762538570573,K32_R2_edge
ppg_degraded,79.99374882125882,80.54320333534116,True,0.1198864,14.985800000000001,122.26418285714286,0.1294746732645884,0.7024176136597801,0.6090203681596568,7.014704601395575,K32_R20_edge
both_degraded,75.51371749094453,79.21363342147369,True,0.08377120000000002,10.471400000000003,105.114,0.09610494719332706,0.43118974721124226,0.43118974721124226,18.980308272924304,K32_R2_local
ppg_degraded,87.21280712092266,87.16394778971737,True,0.08377120000000002,10.471400000000003,85.39689142857144,0.403805337824683,0.7388901378246961,0.7388901378246961,18.510134540570437,K32_R2_edge
ecg_missing,109.70579031411944,109.67379077615297,True,0.08377120000000002,10.471400000000003,105.114,0.4135871925151112,0.7486719925330264,0.7486719925330264,16.973527991683945,K32_R2_local
ppg_degraded,106.93662049626592,107.00010306797806,True,0.0958096,11.976199999999999,97.68598857142857,0.23065526373307665,0.6138969349342374,0.6138936637335171,8.636625946955704,K32_R8_edge
both_degraded,77.60270835854577,81.51792547470671,True,0.08377120000000002,10.471400000000003,85.39689142857144,0.2126970984626545,0.5477818984626677,0.5477818984626677,17.77341842369754,K32_R2_edge
ecg_degraded,95.46373071849749,95.44008483563098,True,0.08377120000000002,10.471400000000003,85.39689142857144,0.3309955574611828,0.666080357461196,0.666080357461196,16.552618678983585,K32_R2_edge
both_clean,79.84536172925714,79.82924979172441,True,0.08377120000000002,10.471400000000003,85.39689142857144,0.406390320533878,0.7414751205338912,0.7414751205338912,19.167892400730157,K32_R2_edge
both_degraded,81.75872961180622,61.47540983606557,False,0.0958096,11.976199999999999,97.68598857142857,-0.38323839716835995,0.6228852641010559,2.8320803855986566e-09,6.134237602633735,K32_R8_edge
ecg_degraded,97.14714204282845,97.86643633497857,True,0.08377120000000002,10.471400000000003,85.39689142857144,0.2851432090712709,0.6202280090712841,0.6202280090712841,21.5007724564396,K32_R2_edge
both_degraded,74.87935096134025,80.54437011452032,True,0.0958096,11.976199999999999,97.68598857142857,0.10521329423691456,0.48845169423735496,0.48845169423735496,20.269316796746455,K32_R8_edge
ecg_degraded,94.06901430732376,94.80793277691919,True,0.08377120000000002,10.471400000000003,85.39689142857144,0.2858806606583624,0.6209654606583755,0.6209654606583755,16.916642519013518,K32_R2_edge
both_degraded,92.668572679385,92.50326051143709,True,0.08377120000000002,10.471400000000003,85.39689142857144,0.20356403779441157,0.5386488377944247,0.5386488377944247,17.017843854556716,K32_R2_edge
ppg_missing,105.9235811968027,105.86319218241044,True,0.08377120000000002,10.471400000000003,85.39689142857144,0.38429492659921294,0.7193797265992261,0.7193797265992261,19.157379181820048,K32_R2_edge
both_clean,56.895957996854314,57.47417059019254,True,0.08377120000000002,10.471400000000003,85.39689142857144,0.4083409509245205,0.7434257509245337,0.7434257509245337,19.265164972071368,K32_R2_edge
ppg_missing,93.74090702457856,95.74468085106385,True,0.08377120000000002,10.471400000000003,85.39689142857144,0.4146557906937177,0.7497405906937309,0.7497405906937309,17.177521440805798,K32_R2_edge
ppg_missing,105.64543571747359,105.63380281690144,True,0.08377120000000002,10.471400000000003,85.39689142857144,0.4145390438012566,0.7496238438012698,0.7496238438012698,18.28114804931482,K32_R2_edge
both_degraded,108.07557139547879,108.26993389464093,True,0.08377120000000002,10.471400000000003,85.39689142857144,0.27758615278395193,0.6126709527839651,0.6126709527839651,17.730500102479443,K32_R2_edge
ppg_missing,50.88237829792216,50.90497737556561,True,0.08377120000000002,10.471400000000003,85.39689142857144,0.15231659055817914,0.7424557997775847,0.4874013905581923,8.275254989958542,K32_R2_edge
both_clean,101.81840541473454,101.77453027139877,True,0.08377120000000002,10.471400000000003,85.39689142857144,0.40027447461603194,0.7353592746160451,0.7353592746160451,18.68453116467093,K32_R2_edge
ppg_degraded,108.87170240398066,105.56978044460755,True,0.1198864,14.985800000000001,122.26418285714286,0.13773898922290762,0.617284684117976,0.617284684117976,17.289437205782583,K32_R20_edge
both_degraded,107.43261077665781,107.4718526100307,True,0.08377120000000002,10.471400000000003,85.39689142857144,0.139496110940247,0.47458091094026017,0.47458091094026017,18.098646834813707,K32_R2_edge
ppg_degraded,58.925840733949876,69.47800541127287,True,0.08377120000000002,10.471400000000003,85.39689142857144,0.2567044808919601,0.5917892808919732,0.5917892808919732,18.311405626865202,K32_R2_edge
ppg_degraded,108.3577288293773,88.14102564102564,False,0.1198864,14.985800000000001,122.26418285714286,-0.4795456948950683,0.7212561852578961,4.641474990077853e-19,5.355334429072014,K32_R20_edge
both_degraded,103.39613334323124,103.17714637341483,True,0.08377120000000002,10.471400000000003,85.39689142857144,0.34016663531336455,0.6752514353133777,0.6752514353133777,17.149574097443228,K32_R2_edge
ppg_degraded,99.34242965258423,100.2197950141361,True,0.08377120000000002,10.471400000000003,85.39689142857144,0.34060618534222065,0.6756909853422338,0.6756909853422338,18.332863217717463,K32_R2_edge
ppg_missing,78.79927542846993,79.87220447284345,True,0.08377120000000002,10.471400000000003,85.39689142857144,0.39370060406206064,0.7287854040620738,0.7287854040620738,18.163594817794795,K32_R2_edge
ppg_missing,63.94237517835823,66.006600660066,True,0.08377120000000002,10.471400000000003,85.39689142857144,0.4014193059471475,0.7365041059471606,0.7365041059471606,18.341886332482577,K32_R2_edge
ecg_missing,98.11283472309847,98.14612868047985,True,0.08377120000000002,10.471400000000003,105.114,0.4139003460521805,0.7489851460700957,0.7489851460700957,20.378559431326096,K32_R2_local
ecg_missing,105.41180958700818,105.40540540540543,True,0.08377120000000002,10.471400000000003,85.39689142857144,0.4136657857507884,0.7487505857508016,0.7487505857508016,20.169535234584153,K32_R2_edge
both_degraded,65.96781633753756,83.17352349028121,True,0.0958096,11.976199999999999,117.426,0.08555262971876644,0.46879103816466666,0.46879103816466666,15.647580771888812,K32_R8_local
ecg_missing,82.33606445733122,82.32711306256861,True,0.08377120000000002,10.471400000000003,85.39689142857144,0.4140802941253404,0.7491650941253536,0.7491650941253536,17.18591300111612,K32_R2_edge
both_degraded,76.5651697384719,78.92153908557752,True,0.1198864,14.985800000000001,122.26418285714286,0.1508219275226177,0.6303676448098848,0.6303676224176861,7.8961526166191405,K32_R20_edge
both_clean,105.8610389588693,105.86319218241044,True,0.08377120000000002,10.471400000000003,85.39689142857144,0.39746069327138156,0.7325454932713947,0.7325454932713947,16.552816739768197,K32_R2_edge
both_degraded,52.430642671306074,95.35663898321822,True,0.1198864,14.985800000000001,142.05,-0.04558016132038386,0.43582595341588815,0.43582595341588815,9.908867405112474,K32_R20_local
ppg_missing,93.92037173939364,95.94882729211089,True,0.08377120000000002,10.471400000000003,85.39689142857144,0.3860534952845125,0.7211382952845257,0.7211382952845257,17.870538389166377,K32_R2_edge
ecg_missing,86.8623948169398,89.47939262472886,True,0.08377120000000002,10.471400000000003,85.39689142857144,0.4141836957412113,0.7492684957412244,0.7492684957412244,16.13317789651819,K32_R2_edge
ppg_missing,51.701921906811265,51.66475315729047,True,0.08377120000000002,10.471400000000003,85.39689142857144,0.41406060163851766,0.7491454016385308,0.7491454016385308,17.572882605696375,K32_R2_edge
both_clean,93.15318636960441,94.11183455875408,True,0.08377120000000002,10.471400000000003,85.39689142857144,0.40019072252188115,0.7352755225218943,0.7352755225218943,16.966143392658143,K32_R2_edge
ppg_missing,50.95950377141432,50.962627406568515,True,0.08377120000000002,10.471400000000003,85.39689142857144,0.4062633219380326,0.7413481219380458,0.7413481219380458,17.017608723217787,K32_R2_edge
ecg_missing,95.47706014138569,95.44008483563097,True,0.08377120000000002,10.471400000000003,85.39689142857144,0.4139798181231641,0.7490646181231773,0.7490646181231773,21.50899081132927,K32_R2_edge
both_clean,80.76552339572468,83.10787570630956,True,0.08377120000000002,10.471400000000003,85.39689142857144,0.4035493149545525,0.7386341149545657,0.7386341149545657,18.97846659099088,K32_R2_edge
ppg_degraded,105.74625324782036,102.57743829255162,False,0.08377120000000002,10.471400000000003,85.39689142857144,-0.3350848000000123,0.7220416569753352,8.781619135291414e-16,5.978888357641558,K32_R2_edge
both_clean,53.96494980344448,56.24588450080374,True,0.08377120000000002,10.471400000000003,85.39689142857144,0.4015886554133008,0.736673455413314,0.736673455413314,19.561988784485493,K32_R2_edge
ppg_degraded,100.47903677674299,100.74081553953717,True,0.08377120000000002,10.471400000000003,85.39689142857144,0.3087355200495052,0.6438203200495184,0.6438203200495184,18.462895969896888,K32_R2_edge
ecg_missing,54.00140052602608,54.01234567901234,True,0.08377120000000002,10.471400000000003,105.114,0.4144924727051077,0.7495772727230229,0.7495772727230229,16.83957577218274,K32_R2_local
ppg_missing,70.65859872824751,108.85040560411171,False,0.08377120000000002,10.471400000000003,85.39689142857144,-0.33508480000001317,0.7317699012043595,5.938628844857442e-19,5.806385158943607,K32_R2_edge
ecg_missing,75.81792391687,78.28810020876827,True,0.08377120000000002,10.471400000000003,105.114,0.4140963115263132,0.7491811115442284,0.7491811115442284,18.008766550634373,K32_R2_local
ppg_missing,107.9637248470442,107.91366906474819,True,0.0958096,11.976199999999999,117.426,0.331793431397573,0.7150318398434732,0.7150318398434732,19.166389927794143,K32_R8_local
ppg_degraded,83.73391053370742,87.33819266248338,True,0.08377120000000002,10.471400000000003,85.39689142857144,0.2636263167527422,0.5987111167527553,0.5987111167527553,17.480600340947902,K32_R2_edge
both_clean,65.53187559025594,65.50218340611352,True,0.08377120000000002,10.471400000000003,85.39689142857144,0.4070896097657324,0.7421744097657456,0.7421744097657456,17.715999529037617,K32_R2_edge
ppg_missing,64.5005428456607,66.59267480577137,True,0.08377120000000002,10.471400000000003,85.39689142857144,0.40180189771524844,0.7368866977152616,0.7368866977152616,17.355902312360023,K32_R2_edge
ecg_missing,103.2870992395508,103.21100917431195,True,0.08377120000000002,10.471400000000003,85.39689142857144,0.4137019847473806,0.7487867847473938,0.7487867847473938,18.17628702612775,K32_R2_edge
ecg_degraded,63.552165705039464,84.32794269401707,True,0.08377120000000002,10.471400000000003,85.39689142857144,0.2024525833702191,0.5375373833702323,0.5375373833702323,17.84958493955535,K32_R2_edge
both_clean,57.47328235011701,57.47110709231335,True,0.08377120000000002,10.471400000000003,85.39689142857144,0.4104182398439955,0.7455030398440087,0.7455030398440087,17.023104247212974,K32_R2_edge
ppg_degraded,67.29984542045466,69.11890246948434,True,0.08377120000000002,10.471400000000003,85.39689142857144,0.36802461361850447,0.7031094136185176,0.7031094136185176,18.8980681301223,K32_R2_edge
ecg_degraded,85.16738388876396,86.44715648812829,True,0.08377120000000002,10.471400000000003,85.39689142857144,0.3865011376524583,0.7215859376524715,0.7215859376524715,17.63402604774082,K32_R2_edge
ppg_missing,83.24543013039607,83.24084350721422,True,0.08377120000000002,10.471400000000003,85.39689142857144,0.39349846316018333,0.7285832631601965,0.7285832631601965,19.461633781810754,K32_R2_edge
ppg_missing,98.58264655476665,98.57612267250823,True,0.08377120000000002,10.471400000000003,85.39689142857144,0.3829062569977305,0.7179910569977437,0.7179910569977437,18.817893391083814,K32_R2_edge
ecg_missing,83.62855712037114,79.7645719626272,False,0.0958096,11.976199999999999,97.68598857142857,-0.3517207374255627,0.7491851519456326,0.031517662574877654,6.965779514123839,K32_R8_edge
ppg_missing,67.30527286587264,74.33920704845815,False,0.0958096,11.976199999999999,97.68598857142857,-0.38322773260223886,0.7336263067412374,1.0667398201503168e-05,6.440791235949756,K32_R8_edge
both_clean,74.77378056085357,74.75083056478405,True,0.08377120000000002,10.471400000000003,85.39689142857144,0.4072330694844728,0.742317869484486,0.742317869484486,17.457606701309146,K32_R2_edge
ppg_degraded,99.08725825825462,99.4891308770736,True,0.08377120000000002,10.471400000000003,85.39689142857144,0.3649539059012161,0.7000387059012293,0.7000387059012293,20.662463031081515,K32_R2_edge
ppg_degraded,87.59038774518521,89.82237151482322,True,0.08377120000000002,10.471400000000003,85.39689142857144,0.39257518108399103,0.7276599810840042,0.7276599810840042,20.23595725089592,K32_R2_edge
ppg_degraded,107.54465856184653,106.59426977529229,True,0.08377120000000002,10.471400000000003,85.39689142857144,0.2846938208969968,0.61977862089701,0.61977862089701,19.004357685126763,K32_R2_edge
ppg_degraded,72.16426466550085,74.86595370862656,True,0.08377120000000002,10.471400000000003,85.39689142857144,0.3103487584695538,0.645433558469567,0.645433558469567,19.77735908412574,K32_R2_edge
ecg_missing,83.15669063127723,85.66978193146419,True,0.08377120000000002,10.471400000000003,105.114,0.41413030350301794,0.7492151035209331,0.7492151035209331,18.962107578716914,K32_R2_local
both_degraded,85.63545209679009,76.89006596054072,False,0.0958096,11.976199999999999,97.68598857142857,-0.3560932380341491,0.5429457585779355,0.02714516196629123,6.984503018422257,K32_R8_edge
both_degraded,100.8974724965036,101.65948378809522,True,0.08377120000000002,10.471400000000003,85.39689142857144,0.330544259191062,0.6656290591910752,0.6656290591910752,17.101857724877206,K32_R2_edge
both_clean,58.7284122911919,58.757477878438934,True,0.08377120000000002,10.471400000000003,85.39689142857144,0.40911505601023024,0.7441998560102434,0.7441998560102434,18.184905692555716,K32_R2_edge
both_clean,74.3906202048876,74.42116868798236,True,0.08377120000000002,10.471400000000003,85.39689142857144,0.4048305449942289,0.739915344994242,0.739915344994242,16.809609461414137,K32_R2_edge
both_clean,104.59753769973781,104.61373390557942,True,0.08377120000000002,10.471400000000003,85.39689142857144,0.3989877289219478,0.734072528921961,0.734072528921961,18.821645329519885,K32_R2_edge
ecg_degraded,52.58401331409225,72.25693564226017,True,0.08377120000000002,10.471400000000003,85.39689142857144,0.1980689151408378,0.533153715140851,0.533153715140851,19.233021909522343,K32_R2_edge
ppg_missing,99.36237681089011,101.24610591900314,True,0.08377120000000002,10.471400000000003,85.39689142857144,0.3839558136935033,0.7190406136935165,0.7190406136935165,19.367457653181038,K32_R2_edge
ppg_missing,74.92304224227348,74.91675915649279,True,0.0958096,11.976199999999999,97.68598857142857,0.34709152875958876,0.7303299287600291,0.7303299287600291,18.246785511211407,K32_R8_edge
ecg_degraded,99.78823911668616,90.80874889413438,False,0.1198864,14.985800000000001,122.26418285714286,-0.4795456948950682,0.6228507299329259,1.3848016044640626e-16,5.457991351366374,K32_R20_edge
both_degraded,50.597273648437515,96.56652360515024,False,0.08377120000000002,10.471400000000003,85.39689142857144,-0.33508479974342237,0.46673856514406953,2.5659082343984213e-10,6.368849542543841,K32_R2_edge
ecg_missing,71.90276946549623,71.8849840255591,True,0.08377120000000002,10.471400000000003,105.114,0.41429954955856685,0.749384349576482,0.749384349576482,20.57259809292649,K32_R2_local
both_degraded,54.71780222993839,104.27584156151038,False,0.1198864,14.985800000000001,122.26418285714286,-0.47954568940234793,0.3912260729629769,5.49272041211723e-09,5.857414111572377,K32_R20_edge
ecg_missing,89.1568745801983,89.1891891891892,True,0.08377120000000002,10.471400000000003,85.39689142857144,0.4140489641935119,0.7491337641935251,0.7491337641935251,19.21932475644349,K32_R2_edge
ppg_degraded,66.43094591597344,68.80942984006175,True,0.08377120000000002,10.471400000000003,85.39689142857144,0.3953427211496049,0.7304275211496181,0.7304275211496181,16.048286587383,K32_R2_edge
ecg_missing,92.15912423958719,92.11873080859776,True,0.0958096,11.976199999999999,97.68598857142857,0.3655036399520272,0.7491248716766892,0.7487420399524676,8.283522151417845,K32_R8_edge
ppg_degraded,106.62808561652545,106.61445947003396,True,0.08377120000000002,10.471400000000003,85.39689142857144,0.36251264631954094,0.6975974463195541,0.6975974463195541,19.410777904912507,K32_R2_edge
ppg_missing,57.60902613567487,57.62897914379803,True,0.0958096,11.976199999999999,117.426,0.3564955295506036,0.7397339379965038,0.7397339379965038,15.27122063306826,K32_R8_local
ecg_degraded,101.88669772404646,102.44378002522546,True,0.08377120000000002,10.471400000000003,85.39689142857144,0.3779065260470861,0.7129913260470992,0.7129913260470992,14.930940518272074,K32_R2_edge
both_degraded,53.56784909602031,90.87384590415253,True,0.08377120000000002,10.471400000000003,105.114,0.11749173708302361,0.4525765371009388,0.4525765371009388,18.919555159624153,K32_R2_local
both_degraded,72.84623049865337,75.71608027807387,True,0.08377120000000002,10.471400000000003,85.39689142857144,0.24353137586522866,0.5786161758652418,0.5786161758652418,17.64936058970625,K32_R2_edge
ecg_missing,75.78644367071459,76.89006596054072,False,0.0958096,11.976199999999999,117.426,-0.3831714906419863,0.7487951040528807,6.691780391389494e-05,6.529190557993491,K32_R8_local
both_degraded,79.33097281000786,81.44568779626321,True,0.0958096,11.976199999999999,97.68598857142857,0.21722059751083111,0.6099819002906386,0.6004589975112715,7.950698122898392,K32_R8_edge
ppg_missing,108.58773931616267,108.58324715615306,True,0.0958096,11.976199999999999,117.426,0.3273466022774292,0.7105850107233294,0.7105850107233294,19.009721641279715,K32_R8_local
both_degraded,96.5414712861097,90.26258205689278,False,0.0958096,11.976199999999999,97.68598857142857,-0.38323840000044035,0.55962759120572,9.459669627323964e-18,5.648070665262161,K32_R8_edge
ecg_degraded,68.53144176315567,69.87822102866458,True,0.08377120000000002,10.471400000000003,85.39689142857144,0.3334922956140597,0.6685770956140729,0.6685770956140729,18.74326914641253,K32_R2_edge
both_degraded,66.19020713004801,71.59777388781077,True,0.08377120000000002,10.471400000000003,85.39689142857144,0.29130609970182775,0.6263908997018409,0.6263908997018409,16.35858242524656,K32_R2_edge
both_clean,101.78721225135907,101.80995475113124,True,0.08377120000000002,10.471400000000003,105.114,0.3992333079242639,0.7343181079421791,0.7343181079421791,15.90233702887014,K32_R2_local
ppg_degraded,102.87843036426139,102.84810126582283,True,0.08377120000000002,10.471400000000003,85.39689142857144,0.30654459895247954,0.6416293989524927,0.6416293989524927,16.920017921312905,K32_R2_edge
ppg_degraded,80.64239033261872,80.64516129032258,True,0.08377120000000002,10.471400000000003,85.39689142857144,0.3850256244153699,0.7201104244153831,0.7201104244153831,18.331375146384236,K32_R2_edge
both_clean,70.65774385773952,50.847457627118644,False,0.1198864,14.985800000000001,122.26418285714286,-0.4533518462597918,0.7405232486481323,0.02619384863527652,6.481306838395028,K32_R20_edge
both_degraded,109.69504088965508,108.63964286808441,True,0.1198864,14.985800000000001,122.26418285714286,-0.14499984300429386,0.4318124088703629,0.3345458518907745,6.946651720201825,K32_R20_edge
ppg_missing,68.956612722062,70.09345794392523,True,0.08377120000000002,10.471400000000003,85.39689142857144,0.3990242933212885,0.7341090933213017,0.7341090933213017,17.963407576781552,K32_R2_edge
ecg_missing,60.96274273559375,78.57974388824215,False,0.0958096,11.976199999999999,117.426,-0.38323840843438395,0.7499865425227873,1.1516216377844626e-11,5.966986579023317,K32_R8_local
ppg_missing,102.80588727824419,102.73972602739728,True,0.08377120000000002,10.471400000000003,85.39689142857144,0.40214454462377025,0.7372293446237834,0.7372293446237834,18.67553883519278,K32_R2_edge
ecg_degraded,98.74012388667524,98.74018482531567,True,0.08377120000000002,10.471400000000003,85.39689142857144,0.3905310545725861,0.7256158545725993,0.7256158545725993,16.510698239884874,K32_R2_edge
both_clean,90.07336433428108,90.06550218340612,True,0.08377120000000002,10.471400000000003,85.39689142857144,0.4023899015421225,0.7374747015421357,0.7374747015421357,17.768324742337644,K32_R2_edge
ecg_degraded,107.50481790667712,107.48633122739385,True,0.08377120000000002,10.471400000000003,85.39689142857144,0.33437551554575495,0.6694603155457681,0.6694603155457681,16.286818474119915,K32_R2_edge
ecg_missing,105.54287463286512,105.51948051948055,True,0.0958096,11.976199999999999,117.426,0.36543435226879817,0.7486737559884539,0.7486727607146983,8.73275117888542,K32_R8_local
both_degraded,94.89491019810524,94.87033337620748,True,0.0958096,11.976199999999999,97.68598857142857,0.22714949430498266,0.6103878943054231,0.6103878943054231,16.37543505609159,K32_R8_edge
ppg_missing,101.64208457286065,101.66840458811264,True,0.08377120000000002,10.471400000000003,85.39689142857144,0.38206525512110934,0.7171500551211225,0.7171500551211225,17.71914596772249,K32_R2_edge
ppg_missing,64.82880441932645,107.95134922423901,False,0.0958096,11.976199999999999,117.426,0.13149427373341155,0.7350004815023934,0.5147326821793118,7.510028595738223,K32_R8_local
ppg_missing,58.47479341406189,58.52842809364549,True,0.1198864,14.985800000000001,122.26418285714286,-0.3602491840601523,0.7403878307149047,0.119296510834916,6.625864868639007,K32_R20_edge
ecg_degraded,90.20371095889615,90.16393442622953,True,0.08377120000000002,10.471400000000003,85.39689142857144,0.32908007834259634,0.6641648783426095,0.6641648783426095,17.12338749199116,K32_R2_edge
ppg_missing,92.87711219928516,94.04388714733544,True,0.08377120000000002,10.471400000000003,85.39689142857144,0.3910560595572895,0.7261408595573027,0.7261408595573027,18.912905850531626,K32_R2_edge
both_degraded,60.02317572693633,54.413542926239415,False,0.1198864,14.985800000000001,142.05,-0.4438425247591719,0.31149851258477307,0.0375635899771001,6.593337381982391,K32_R20_local
both_degraded,73.73343638629257,102.27605165678709,False,0.1198864,14.985800000000001,142.05,-0.45931596561851956,0.6850334725982642,0.022090149117752395,6.474033068856926,K32_R20_local
ppg_missing,104.61534597296328,104.61373390557944,True,0.08377120000000002,10.471400000000003,85.39689142857144,0.3812869489781212,0.7163717489781344,0.7163717489781344,20.42691140956375,K32_R2_edge
ecg_degraded,83.68404605301338,85.99943537441355,True,0.08377120000000002,10.471400000000003,85.39689142857144,0.27266817307901203,0.6077529730790252,0.6077529730790252,19.102851354005484,K32_R2_edge
ppg_missing,84.70015489557636,84.7457627118644,True,0.08377120000000002,10.471400000000003,85.39689142857144,0.3918546565579136,0.7269394565579268,0.7269394565579268,19.15354684141289,K32_R2_edge
ppg_degraded,61.647786373447616,90.80874889413438,False,0.0958096,11.976199999999999,97.68598857142857,0.014540388257712209,0.5965503579093118,0.3977787882581526,7.485839245057854,K32_R8_edge
ppg_missing,81.56133491707251,83.87880636560645,False,0.1198864,14.985800000000001,142.05,-0.48082486965874827,0.7455361185175391,0.0005812450775236947,6.248585734478817,K32_R20_local
ppg_degraded,81.4060836436952,81.3892776998576,True,0.08377120000000002,10.471400000000003,85.39689142857144,0.39345282611696863,0.7285376261169818,0.7285376261169818,18.107381115111213,K32_R2_edge
both_clean,55.33613841477632,57.66435472224325,True,0.08377120000000002,10.471400000000003,85.39689142857144,0.4076195529740141,0.7427043529740273,0.7427043529740273,18.790793706564422,K32_R2_edge
both_degraded,108.91656158760237,109.32026692164303,True,0.08377120000000002,10.471400000000003,85.39689142857144,0.20284699429260444,0.5379317942926176,0.5379317942926176,15.987722801849193,K32_R2_edge
ppg_degraded,84.28373602734646,84.90562909637082,True,0.08377120000000002,10.471400000000003,85.39689142857144,0.37900704807109253,0.7140918480711057,0.7140918480711057,18.162039081437072,K32_R2_edge
ppg_missing,50.38453295985861,50.39193729003359,True,0.08377120000000002,10.471400000000003,85.39689142857144,0.40384435609053504,0.7389291560905482,0.7389291560905482,19.405542269785318,K32_R2_edge
both_degraded,96.35895207352331,96.30865750810307,True,0.08377120000000002,10.471400000000003,85.39689142857144,0.21788850127574722,0.5529733012757604,0.5529733012757604,20.445088573841158,K32_R2_edge
both_degraded,108.69594283040874,108.69565217391306,True,0.08377120000000002,10.471400000000003,85.39689142857144,0.38519440886988265,0.7202792088698958,0.7202792088698958,17.76828002050976,K32_R2_edge
ecg_degraded,85.39220169925703,85.58410568753739,True,0.08377120000000002,10.471400000000003,85.39689142857144,0.28915338819581915,0.6242381881958323,0.6242381881958323,18.971645307306332,K32_R2_edge
both_degraded,69.1808981769599,70.35396927356449,True,0.0958096,11.976199999999999,117.426,0.11234425975112595,0.6539744772935802,0.4955826681970262,7.555039876585555,K32_R8_local
ppg_degraded,61.250462943667095,74.05526377155348,True,0.08377120000000002,10.471400000000003,85.39689142857144,0.2304595910778825,0.5655443910778957,0.5655443910778957,18.90745646617614,K32_R2_edge
both_clean,90.35159803501216,91.3343974947855,True,0.0958096,11.976199999999999,97.68598857142857,0.3451309376654335,0.7463834219751222,0.7283693376658739,7.900029251079342,K32_R8_edge
both_degraded,61.7064439074083,88.90086206896552,False,0.1198864,14.985800000000001,122.26418285714286,-0.47953957551770243,0.3777361875865724,6.119377365880564e-06,6.0834225345703725,K32_R20_edge
ppg_missing,84.66127355107156,85.75883575883577,True,0.0958096,11.976199999999999,117.426,0.34405349178540967,0.7272919002313099,0.7272919002313099,18.557351576696245,K32_R8_local
ecg_degraded,86.13435058277754,87.6036805547909,True,0.08377120000000002,10.471400000000003,85.39689142857144,0.32787278234294426,0.6629575823429574,0.6629575823429574,22.231762863680196,K32_R2_edge
both_clean,107.74538558746286,107.73480662983425,True,0.08377120000000002,10.471400000000003,85.39689142857144,0.3954619824585027,0.7305467824585159,0.7305467824585159,18.69696767444042,K32_R2_edge
ppg_missing,54.335915931792606,61.47540983606557,False,0.1198864,14.985800000000001,142.05,-0.48140611473513395,0.7495552045556994,1.1380432024382755e-12,5.634059311436248,K32_R20_local
ppg_degraded,79.9983694195171,82.04089279777634,True,0.08377120000000002,10.471400000000003,85.39689142857144,0.28498543611101146,0.6200702361110246,0.6200702361110246,17.108663742995354,K32_R2_edge
ecg_missing,94.6458487569589,94.73684210526318,True,0.08377120000000002,10.471400000000003,105.114,0.41400691572874493,0.7490917157466601,0.7490917157466601,18.4196746717178,K32_R2_local
both_degraded,60.63360442847953,118.259620981946,True,0.0958096,11.976199999999999,97.68598857142857,0.024367127187207356,0.40760552718764775,0.40760552718764775,17.218189816032424,K32_R8_edge
ecg_missing,73.28400390707115,73.28990228013029,True,0.08377120000000002,10.471400000000003,105.114,0.4143896628009689,0.7494744628188841,0.7494744628188841,15.6702717761896,K32_R2_local
both_clean,53.77372990729828,53.795737755062646,True,0.08377120000000002,10.471400000000003,85.39689142857144,0.4112982784718877,0.7463830784719009,0.7463830784719009,16.697636044036642,K32_R2_edge
both_clean,93.5528518265466,93.55509355509358,True,0.0958096,11.976199999999999,97.68598857142857,0.35266948053474695,0.7359078805351873,0.7359078805351873,19.509172273070224,K32_R8_edge
both_clean,55.26607320556921,76.64677116422574,False,0.1198864,14.985800000000001,142.05,-0.48140556011647717,0.7398376911741016,5.54619794806755e-07,5.976502434777762,K32_R20_local
ppg_missing,73.70550250147805,73.68995633187772,True,0.08377120000000002,10.471400000000003,85.39689142857144,0.39789798762408723,0.7329827876241004,0.7329827876241004,16.88864816626049,K32_R2_edge
both_degraded,102.41135786724394,98.48396754825806,True,0.08377120000000002,10.471400000000003,85.39689142857144,0.13704722598443247,0.47213202598444565,0.47213202598444565,18.28883001600329,K32_R2_edge
ecg_missing,78.33802020500069,78.28810020876827,True,0.08377120000000002,10.471400000000003,105.114,0.4142805352572039,0.7493653352751191,0.7493653352751191,18.470634675966007,K32_R2_local
ecg_degraded,104.75731601845314,104.7261009667025,True,0.08377120000000002,10.471400000000003,85.39689142857144,0.28624833204608846,0.6213331320461016,0.6213331320461016,18.26916212577611,K32_R2_edge
both_degraded,95.95502706433234,96.88338457932979,True,0.08377120000000002,10.471400000000003,85.39689142857144,0.2694200538024648,0.604504853802478,0.604504853802478,16.916570258786447,K32_R2_edge
ecg_degraded,104.91943760670596,79.7645719626272,False,0.0958096,11.976199999999999,97.68598857142857,-0.3279977533843241,0.6203344929135666,0.05524064661611629,7.05306386316611,K32_R8_edge
both_clean,57.64418054293438,57.623687591341195,True,0.0958096,11.976199999999999,97.68598857142857,0.35953463591319684,0.7465974230363702,0.7427730359136372,8.069693127236695,K32_R8_edge
ppg_missing,54.41377431983792,55.55555555555555,True,0.08377120000000002,10.471400000000003,85.39689142857144,0.40527166329686193,0.7403564632968751,0.7403564632968751,18.609892258062896,K32_R2_edge
ppg_missing,54.21957521415308,90.80874889413438,False,0.0958096,11.976199999999999,97.68598857142857,-0.36899929119378144,0.7422603991045105,0.01423910880665888,6.888400992699361,K32_R8_edge
both_clean,102.13125766083917,102.15664018161185,True,0.08377120000000002,10.471400000000003,85.39689142857144,0.39750932826051244,0.7325941282605256,0.7325941282605256,18.797020579019573,K32_R2_edge
ecg_missing,88.0441987608466,88.04695837780152,True,0.08377120000000002,10.471400000000003,105.114,0.4140563206578365,0.7491411206757517,0.7491411206757517,20.84646538368849,K32_R2_local
ppg_degraded,79.79430162793118,79.7872340425532,True,0.08377120000000002,10.471400000000003,85.39689142857144,0.3265941831168606,0.6616789831168738,0.6616789831168738,20.264834908566197,K32_R2_edge
ppg_degraded,59.812604971788815,76.9438128283764,True,0.08377120000000002,10.471400000000003,85.39689142857144,0.19573864728650825,0.5308234472865214,0.5308234472865214,19.14507603674129,K32_R2_edge
ppg_degraded,90.42400626363641,91.3323315870547,True,0.0958096,11.976199999999999,117.426,0.2297583094366586,0.6129967178825588,0.6129967178825588,17.099559431485712,K32_R8_local
ppg_missing,69.08104327074788,52.50875145857643,False,0.0958096,11.976199999999999,117.426,0.1980834237360039,0.7359012204844907,0.5813218321819041,7.5829576731657635,K32_R8_local
both_degraded,92.65279179595669,71.08686209336142,False,0.0958096,11.976199999999999,97.68598857142857,-0.383223736443795,0.5179752618684544,1.4663556645390846e-05,6.472036452600831,K32_R8_edge
ppg_degraded,77.6213197320395,77.43448365496276,True,0.08377120000000002,10.471400000000003,85.39689142857144,0.3160472809010866,0.6511320809010998,0.6511320809010998,17.157959601508615,K32_R2_edge
ecg_degraded,80.44819163267164,80.47210300429185,True,0.08377120000000002,10.471400000000003,85.39689142857144,0.3365362281517249,0.6716210281517381,0.6716210281517381,22.146874878919338,K32_R2_edge
both_degraded,97.37994394759222,98.27163790393335,True,0.08377120000000002,10.471400000000003,85.39689142857144,0.27283589687101883,0.607920696871032,0.607920696871032,15.637720228560969,K32_R2_edge
ppg_missing,55.56472853140284,55.55555555555555,True,0.08377120000000002,10.471400000000003,85.39689142857144,0.4147312283735506,0.7498160283735638,0.7498160283735638,18.68221598066394,K32_R2_edge
both_degraded,84.72551019941015,85.44339275319541,True,0.08377120000000002,10.471400000000003,85.39689142857144,0.20784187873481574,0.5429266787348289,0.5429266787348289,19.026005633901143,K32_R2_edge
both_degraded,61.834096837752114,88.75525686984949,True,0.08377120000000002,10.471400000000003,85.39689142857144,0.11540160954544432,0.4504864095454575,0.4504864095454575,16.714170891983198,K32_R2_edge
ecg_missing,98.48820510881409,98.46827133479215,True,0.08377120000000002,10.471400000000003,85.39689142857144,0.4137474964272856,0.7488322964272988,0.7488322964272988,19.463036033022167,K32_R2_edge
both_degraded,79.3307621677556,79.31976864998762,True,0.08377120000000002,10.471400000000003,85.39689142857144,0.2905158271753797,0.6256006271753929,0.6256006271753929,16.6788947934082,K32_R2_edge
ppg_degraded,109.32172000206918,109.39791244484448,True,0.08377120000000002,10.471400000000003,85.39689142857144,0.3044020295312202,0.6394868295312334,0.6394868295312334,17.68029760321506,K32_R2_edge
ecg_missing,60.97659948054312,60.97560975609756,True,0.08377120000000002,10.471400000000003,105.114,0.41491512004097264,0.7499999200588878,0.7499999200588878,19.504178784230938,K32_R2_local
ecg_degraded,107.78114840745604,107.80287474332646,True,0.08377120000000002,10.471400000000003,85.39689142857144,0.3779436180598499,0.7130284180598631,0.7130284180598631,15.854983508319343,K32_R2_edge
ecg_missing,98.05502219651655,98.03921568627453,True,0.08377120000000002,10.471400000000003,105.114,0.4140429473680286,0.7491277473859438,0.7491277473859438,20.78122043383669,K32_R2_local
ecg_missing,78.87562979451612,96.15516158638226,False,0.08377120000000002,10.471400000000003,105.114,-0.334913923727439,0.7495829491795919,0.00017087629047619064,7.004335643741679,K32_R2_local
both_clean,98.81204385077814,98.79253567508235,True,0.0958096,11.976199999999999,97.68598857142857,0.3531389693425179,0.7363773693429583,0.7363773693429583,19.577168514602022,K32_R8_edge
ppg_degraded,86.17093431446699,88.9662936981703,True,0.0958096,11.976199999999999,97.68598857142857,0.22805728217342025,0.6112956821738607,0.6112956821738607,16.999529436895916,K32_R8_edge
ppg_missing,89.30726383948281,89.28571428571429,True,0.0958096,11.976199999999999,117.426,0.36541048655600183,0.748648895001902,0.748648895001902,21.540261186025994,K32_R8_local
both_degraded,104.82144576244333,96.56652360515024,False,0.1198864,14.985800000000001,122.26418285714286,-0.3484409787340566,0.5619948475617659,0.13110471616101171,6.67290540267771,K32_R20_edge
ecg_degraded,53.916224984677484,67.58628793806031,True,0.0958096,11.976199999999999,97.68598857142857,0.1563611125598321,0.5395995125602725,0.5395995125602725,20.18563546219906,K32_R8_edge
ppg_degraded,100.09929223750403,100.1122289281918,True,0.08377120000000002,10.471400000000003,85.39689142857144,0.3907027872056492,0.7257875872056624,0.7257875872056624,20.048582239404617,K32_R2_edge
both_degraded,72.90888679797433,76.45364495277414,True,0.08377120000000002,10.471400000000003,85.39689142857144,0.2525116513707836,0.5875964513707967,0.5875964513707967,17.51121028717808,K32_R2_edge
ppg_missing,69.53273696604226,69.58762886597938,True,0.08377120000000002,10.471400000000003,85.39689142857144,0.3980288034560503,0.7331136034560635,0.7331136034560635,19.454455166015016,K32_R2_edge
ecg_degraded,109.64160627259906,109.67379077615296,True,0.08377120000000002,10.471400000000003,85.39689142857144,0.3789036333890242,0.7139884333890374,0.7139884333890374,15.62230417757483,K32_R2_edge
both_clean,96.8714301245827,96.87836383207753,True,0.08377120000000002,10.471400000000003,85.39689142857144,0.39930261265948164,0.7343874126594948,0.7343874126594948,19.22674315514316,K32_R2_edge
both_clean,79.13210832677527,79.11392405063292,True,0.08377120000000002,10.471400000000003,85.39689142857144,0.4045972870515332,0.7396820870515464,0.7396820870515464,17.13851657460261,K32_R2_edge
ppg_degraded,75.35770378548688,77.55151245152658,True,0.08377120000000002,10.471400000000003,85.39689142857144,0.37439783432753193,0.7094826343275451,0.7094826343275451,17.033918702082495,K32_R2_edge
both_clean,102.65173435230777,102.68677456923864,True,0.08377120000000002,10.471400000000003,85.39689142857144,0.39902556670327205,0.7341103667032852,0.7341103667032852,18.407095003717238,K32_R2_edge
ecg_degraded,55.20889233289365,75.00378515679846,True,0.08377120000000002,10.471400000000003,105.114,0.19460709003796872,0.5296918900558839,0.5296918900558839,17.696531857689937,K32_R2_local
ecg_degraded,92.50512541483195,92.49743062692703,True,0.08377120000000002,10.471400000000003,85.39689142857144,0.28577000507367556,0.6208548050736887,0.6208548050736887,18.71685066481768,K32_R2_edge
both_clean,97.34927742230876,97.35173779057872,True,0.08377120000000002,10.471400000000003,85.39689142857144,0.390637580455237,0.7257223804552502,0.7257223804552502,15.417910982868769,K32_R2_edge
ppg_missing,97.95178278296689,97.93253536452667,True,0.08377120000000002,10.471400000000003,85.39689142857144,0.38263032500411376,0.7177151250041269,0.7177151250041269,20.22097280453627,K32_R2_edge
both_degraded,69.3372034843899,77.3993648311641,True,0.08377120000000002,10.471400000000003,105.114,0.23708396225045103,0.5721687622683662,0.5721687622683662,17.34599700647969,K32_R2_local
ppg_degraded,97.79835096476327,98.29503227902987,True,0.08377120000000002,10.471400000000003,85.39689142857144,0.2726373515505093,0.6077221515505224,0.6077221515505224,18.996289749761846,K32_R2_edge
ppg_missing,63.51970651253991,63.55932203389831,True,0.08377120000000002,10.471400000000003,85.39689142857144,0.411342340833612,0.7464271408336252,0.7464271408336252,15.443608556117384,K32_R2_edge
ecg_degraded,71.73847702907415,75.71791593428169,True,0.08377120000000002,10.471400000000003,85.39689142857144,0.26426562784354346,0.5993504278435566,0.5993504278435566,14.766315395948059,K32_R2_edge
ecg_degraded,75.04688673226279,78.3659999579148,True,0.08377120000000002,10.471400000000003,105.114,0.2954790650223773,0.6305638650402925,0.6305638650402925,18.3003276228606,K32_R2_local
ecg_missing,82.48459901780987,82.41758241758242,True,0.08377120000000002,10.471400000000003,105.114,0.4145026840693795,0.7495874840872947,0.7495874840872947,18.44143316151639,K32_R2_local
both_degraded,56.75681993243343,113.57531372357818,True,0.0958096,11.976199999999999,117.426,0.001556134754489919,0.38479454320039014,0.38479454320039014,17.84766603877683,K32_R8_local
ppg_degraded,74.41686803835836,77.14159904127843,True,0.08377120000000002,10.471400000000003,85.39689142857144,0.31609091646813625,0.6511757164681494,0.6511757164681494,19.21451675009716,K32_R2_edge
both_degraded,50.01804140641538,86.72532181196219,True,0.08377120000000002,10.471400000000003,105.114,0.1448443530114365,0.4799291530293517,0.4799291530293517,20.325110975792917,K32_R2_local
both_degraded,94.66284358084394,97.09512828537702,True,0.0958096,11.976199999999999,117.426,0.21075199403498496,0.5939904024808852,0.5939904024808852,19.406998506863783,K32_R8_local
ecg_missing,101.11255473405541,101.1410788381743,True,0.08377120000000002,10.471400000000003,85.39689142857144,0.4138477651013409,0.7489325651013541,0.7489325651013541,17.086727109658074,K32_R2_edge
ecg_degraded,58.33590074721185,77.06203755615569,True,0.0958096,11.976199999999999,117.426,0.14174501492555852,0.5249834233714588,0.5249834233714588,18.518785718272877,K32_R8_local
ppg_missing,92.22714615600788,94.24083769633509,True,0.08377120000000002,10.471400000000003,85.39689142857144,0.3916390935006612,0.7267238935006743,0.7267238935006743,16.649667235464943,K32_R2_edge
ppg_degraded,99.26618530367833,99.17536292212553,True,0.08377120000000002,10.471400000000003,85.39689142857144,0.3629822521918754,0.6980670521918886,0.6980670521918886,20.23916012762172,K32_R2_edge
ecg_degraded,108.90969937230763,108.92116182572616,True,0.08377120000000002,10.471400000000003,85.39689142857144,0.3781791481824548,0.713263948182468,0.713263948182468,19.42402257126102,K32_R2_edge
both_clean,100.6274337421236,101.13207102061153,True,0.08377120000000002,10.471400000000003,85.39689142857144,0.39598081225037396,0.7310656122503871,0.7310656122503871,19.309988097155472,K32_R2_edge
both_degraded,75.44638912664077,72.26980728051392,False,0.1198864,14.985800000000001,142.05,-0.48029394704688644,0.45294993150640145,0.0011121676893855392,6.30793164849888,K32_R20_local
ecg_missing,108.7813225105794,108.80829015544042,True,0.08377120000000002,10.471400000000003,105.114,0.4131479778018011,0.7482327778197163,0.7482327778197163,16.57349293494944,K32_R2_local
both_degraded,108.4390642911413,90.80874889413438,False,0.0958096,11.976199999999999,97.68598857142857,-0.3796631440507355,0.6637598371150563,0.0035752559497048667,6.782777368531592,K32_R8_edge
ppg_degraded,80.22061875203474,82.721271577571,True,0.08377120000000002,10.471400000000003,85.39689142857144,0.36501756037218547,0.7001023603721986,0.7001023603721986,17.229001138692063,K32_R2_edge
ecg_degraded,95.2067923150343,95.57604496902448,True,0.08377120000000002,10.471400000000003,85.39689142857144,0.28636404367805846,0.6214488436780716,0.6214488436780716,19.657735589533182,K32_R2_edge
ppg_missing,104.83026006038978,104.83870967741937,True,0.08377120000000002,10.471400000000003,85.39689142857144,0.3826282075069395,0.7177130075069527,0.7177130075069527,16.662639953189768,K32_R2_edge
ecg_degraded,78.56882431812518,92.02453987730063,False,0.0958096,11.976199999999999,97.68598857142857,-0.38317510437666796,0.7201474884601895,6.329562377241295e-05,6.528330946162957,K32_R8_edge
ecg_degraded,101.8271744658251,102.27605165678709,True,0.08377120000000002,10.471400000000003,85.39689142857144,0.2882636262251823,0.6233484262251955,0.6233484262251955,20.85021762579302,K32_R2_edge
ppg_missing,92.09411396371237,92.07589285714286,True,0.0958096,11.976199999999999,97.68598857142857,0.34149868186182114,0.7247370818622615,0.7247370818622615,16.522244093072644,K32_R8_edge
both_clean,67.63545535847345,67.60524353689895,True,0.08377120000000002,10.471400000000003,85.39689142857144,0.4064478166524117,0.7415326166524249,0.7415326166524249,16.251765331980895,K32_R2_edge
ecg_degraded,96.0591361990084,96.051227321238,True,0.08377120000000002,10.471400000000003,85.39689142857144,0.2899897879436125,0.6250745879436257,0.6250745879436257,18.884898120649382,K32_R2_edge
ppg_degraded,84.24108715156996,87.14728936304165,True,0.1198864,14.985800000000001,122.26418285714286,0.13147478318111316,0.6110204780761939,0.6110204780761815,8.39681074743391,K32_R20_edge
ppg_degraded,55.63070920599837,65.69335013983435,True,0.08377120000000002,10.471400000000003,85.39689142857144,0.27652047910086797,0.6116052791008811,0.6116052791008811,19.144315411621438,K32_R2_edge
ecg_missing,73.48282557827986,73.52941176470588,True,0.0958096,11.976199999999999,97.68598857142857,0.36660204546719105,0.7498404454676314,0.7498404454676314,18.958817438976205,K32_R8_edge
both_clean,54.42446080386836,54.413542926239415,True,0.08377120000000002,10.471400000000003,85.39689142857144,0.41095741809011643,0.7460422180901296,0.7460422180901296,16.069449256196343,K32_R2_edge
ppg_degraded,78.57001779301973,71.31537021314826,False,0.0958096,11.976199999999999,97.68598857142857,-0.38323839981549246,0.6390964373758452,1.8494789768881202e-10,6.049717264662746,K32_R8_edge
both_clean,75.71237648857543,52.50875145857643,False,0.1198864,14.985800000000001,142.05,-0.48012655783053587,0.7472140732171182,0.0012795569057361157,6.288582441916071,K32_R20_local
ecg_missing,75.42424657822684,77.88161993769471,True,0.08377120000000002,10.471400000000003,85.39689142857144,0.41428997359210584,0.749374773592119,0.749374773592119,18.096462070454145,K32_R2_edge
both_degraded,85.17802121544706,86.73406680412147,True,0.1198864,14.985800000000001,142.05,0.07812396348793951,0.5595300782242115,0.5595300782242115,18.46542678511985,K32_R20_local
ecg_missing,57.3614396105644,57.31441048034934,True,0.08377120000000002,10.471400000000003,105.114,0.4146622187787403,0.7497470187966555,0.7497470187966555,18.62593456901623,K32_R2_local
both_degraded,106.02613459741056,106.72002472136782,True,0.08377120000000002,10.471400000000003,85.39689142857144,0.20872532414867906,0.5438101241486922,0.5438101241486922,20.013834857744467,K32_R2_edge
ecg_degraded,91.04302688450198,91.05960264900662,True,0.0958096,11.976199999999999,97.68598857142857,0.0445248449540014,0.6211670091463155,0.4277632449544418,7.501464548141811,K32_R8_edge
ecg_degraded,99.4268815035663,99.44751381215472,True,0.08377120000000002,10.471400000000003,85.39689142857144,0.38286205754626457,0.7179468575462777,0.7179468575462777,16.233161281832114,K32_R2_edge
ecg_degraded,103.80807393582559,105.51948051948055,False,0.0958096,11.976199999999999,117.426,-0.3832384084459001,0.666030164253989,3.992662828718412e-17,5.674002334970824,K32_R8_local
ecg_missing,84.99920281540855,84.93771234428087,True,0.08377120000000002,10.471400000000003,105.114,0.4140444920538974,0.7491292920718126,0.7491292920718126,16.258168888328843,K32_R2_local
ecg_missing,52.41309325427604,52.38649592549476,True,0.08377120000000002,10.471400000000003,85.39689142857144,0.41446158823093304,0.7495463882309462,0.7495463882309462,20.594235132937232,K32_R2_edge
ecg_missing,92.68920944706548,92.68795056642638,True,0.08377120000000002,10.471400000000003,105.114,0.41402036292279143,0.7491051629407066,0.7491051629407066,18.410720337053835,K32_R2_local
both_degraded,84.14155125580149,84.88982132903311,True,0.08377120000000002,10.471400000000003,85.39689142857144,0.28514026690526983,0.620225066905283,0.620225066905283,17.828152362296965,K32_R2_edge
ppg_degraded,99.55743333022396,99.65344283920228,True,0.08377120000000002,10.471400000000003,85.39689142857144,0.31291456626903935,0.6479993662690525,0.6479993662690525,19.235263911450563,K32_R2_edge
ecg_missing,81.92962840846064,92.02453987730063,False,0.0958096,11.976199999999999,97.68598857142857,-0.3831152862359294,0.7491910550818068,0.00012311376451097297,6.561382520071538,K32_R8_edge
ppg_missing,98.79464572185154,99.79529170931424,True,0.1198864,14.985800000000001,122.26418285714286,0.23944991129299908,0.7189956061880675,0.7189956061880675,19.59813380555611,K32_R20_edge
ecg_degraded,109.8206175843495,99.27768417568888,False,0.0958096,11.976199999999999,117.426,-0.38192492045143744,0.71239672313142,0.0013134879944627284,6.706364873100875,K32_R8_local
both_degraded,71.03328868207329,74.37183199924819,True,0.08377120000000002,10.471400000000003,85.39689142857144,0.25705871129826563,0.5921435112982788,0.5921435112982788,20.33338661121757,K32_R2_edge
ppg_missing,60.26128640124045,60.275545350172216,True,0.08377120000000002,10.471400000000003,85.39689142857144,0.40490077960444004,0.7399855796044532,0.7399855796044532,16.99398092136645,K32_R2_edge
both_degraded,73.50048796723416,74.68231749767043,True,0.08377120000000002,10.471400000000003,85.39689142857144,0.2815318561454062,0.6166166561454194,0.6166166561454194,17.354702718924557,K32_R2_edge
both_clean,95.18299939194058,96.15076888099179,True,0.0958096,11.976199999999999,97.68598857142857,0.34597445111644415,0.7292128511168845,0.7292128511168845,19.148577994045436,K32_R8_edge
both_clean,76.35373591149839,76.35746606334841,True,0.0958096,11.976199999999999,117.426,0.3570342911682399,0.7402726996141401,0.7402726996141401,18.225150757078428,K32_R8_local
ecg_missing,85.30280656575289,85.22727272727273,True,0.08377120000000002,10.471400000000003,85.39689142857144,0.4144230607615781,0.7495078607615913,0.7495078607615913,19.111331287033455,K32_R2_edge
ecg_degraded,57.641508315300264,76.4710812134525,True,0.08377120000000002,10.471400000000003,85.39689142857144,0.18679026039635804,0.5218750603963712,0.5218750603963712,16.635460014408643,K32_R2_edge
ecg_missing,93.56741065603882,93.64358683314416,True,0.08377120000000002,10.471400000000003,105.114,0.41413843652408877,0.749223236542004,0.749223236542004,15.86792969661396,K32_R2_local
both_clean,66.80494411198997,79.7645719626272,False,0.08377120000000002,10.471400000000003,85.39689142857144,-0.33485044469601194,0.7432430735996034,0.00023435530400124215,7.027937809311854,K32_R2_edge
both_degraded,61.437053624241095,95.84858044885222,True,0.08377120000000002,10.471400000000003,105.114,0.06378287733005426,0.39886767734796946,0.39886767734796946,18.083007687693478,K32_R2_local
both_clean,101.77699991499168,81.44568779626321,False,0.0958096,11.976199999999999,97.68598857142857,0.17440469657025248,0.7330375028246421,0.5576430965706929,7.557486508925591,K32_R8_edge
ppg_degraded,83.86476926723564,83.93236639334224,True,0.08377120000000002,10.471400000000003,85.39689142857144,0.3114028920520139,0.646487692052027,0.646487692052027,14.97120595477935,K32_R2_edge
both_clean,79.06993654077502,81.43837364657881,True,0.08377120000000002,10.471400000000003,85.39689142857144,0.4015785269741454,0.7366633269741586,0.7366633269741586,15.936669103585956,K32_R2_edge
both_clean,103.92942591490907,103.9445628997868,True,0.08377120000000002,10.471400000000003,85.39689142857144,0.3991713949010456,0.7342561949010588,0.7342561949010588,16.125233636435972,K32_R2_edge
ecg_missing,55.16074616366016,57.81938325991189,True,0.08377120000000002,10.471400000000003,85.39689142857144,0.41490159499669654,0.7499863949967097,0.7499863949967097,15.856852721514944,K32_R2_edge
ppg_missing,91.76926702045355,92.87925696594428,True,0.08377120000000002,10.471400000000003,85.39689142857144,0.38805153308349283,0.723136333083506,0.723136333083506,15.907416580745917,K32_R2_edge
ecg_degraded,69.67893738587615,72.46896394877135,True,0.08377120000000002,10.471400000000003,85.39689142857144,0.27081649936978425,0.6059012993697974,0.6059012993697974,17.57732662410834,K32_R2_edge
ppg_degraded,60.52458499910486,70.1446569887108,True,0.08377120000000002,10.471400000000003,85.39689142857144,0.25201992737178325,0.5871047273717964,0.5871047273717964,14.422426174172958,K32_R2_edge
ppg_missing,90.48791899803673,90.46052631578948,True,0.08377120000000002,10.471400000000003,85.39689142857144,0.39241732008252084,0.727502120082534,0.727502120082534,19.041236215181264,K32_R2_edge
ecg_missing,71.76931705177617,71.73219978746015,True,0.08377120000000002,10.471400000000003,85.39689142857144,0.41448694986947676,0.7495717498694899,0.7495717498694899,16.91600253737529,K32_R2_edge
ppg_missing,69.79374994963615,61.47540983606557,False,0.1198864,14.985800000000001,142.05,-0.3300472219875112,0.7321693259386464,0.15135889274876083,6.656733464647704,K32_R20_local
ppg_degraded,106.62066591375127,106.61505580347092,True,0.08377120000000002,10.471400000000003,85.39689142857144,0.3876215313068283,0.7227063313068415,0.7227063313068415,15.742522809001478,K32_R2_edge
ecg_degraded,61.957900440769166,79.70096590363015,True,0.08377120000000002,10.471400000000003,105.114,0.19352575439468844,0.5286105544126036,0.5286105544126036,18.127975465972856,K32_R2_local
both_degraded,80.73041947026411,84.56599484906133,True,0.1198864,14.985800000000001,122.26418285714286,0.18432115325090104,0.6638668481459694,0.6638668481459694,17.90885100608493,K32_R20_edge
ecg_missing,51.440792040280954,54.282267792521104,True,0.08377120000000002,10.471400000000003,85.39689142857144,0.41459649861072234,0.7496812986107355,0.7496812986107355,18.41314590239179,K32_R2_edge
both_clean,59.80208546821737,61.614865990299286,True,0.0958096,11.976199999999999,117.426,0.35818571318065207,0.7414241216265522,0.7414241216265522,19.493305761393795,K32_R8_local
ppg_missing,103.00512401801372,102.9567053854277,True,0.08377120000000002,10.471400000000003,85.39689142857144,0.3857438034104479,0.7208286034104611,0.7208286034104611,19.905088561249844,K32_R2_edge
ecg_degraded,97.35485289516058,98.85783953453797,True,0.08377120000000002,10.471400000000003,85.39689142857144,0.3862571910970024,0.7213419910970156,0.7213419910970156,19.736151262190017,K32_R2_edge
ecg_degraded,83.41012940323941,84.54157059539293,True,0.08377120000000002,10.471400000000003,85.39689142857144,0.32933761598991984,0.664422415989933,0.664422415989933,17.662085908372088,K32_R2_edge
ecg_degraded,63.347203759481616,84.85669225417402,True,0.0958096,11.976199999999999,97.68598857142857,0.057629148379774134,0.5362727592775699,0.4408675483802145,7.613733682924858,K32_R8_edge
ppg_missing,83.46485495727839,83.42602892102336,True,0.08377120000000002,10.471400000000003,85.39689142857144,0.39695227672821487,0.732037076728228,0.732037076728228,15.467061220715488,K32_R2_edge
ppg_degraded,50.72879156681675,58.01794433900731,True,0.08377120000000002,10.471400000000003,85.39689142857144,0.2962848771266309,0.631369677126644,0.631369677126644,16.48857876156293,K32_R2_edge
both_degraded,92.77961785627524,52.50875145857643,False,0.08377120000000002,10.471400000000003,85.39689142857144,-0.33508480000001317,0.548013645759423,2.8382197478444732e-42,4.9574963627462,K32_R2_edge
both_degraded,93.0050408338237,93.03002674796406,True,0.08377120000000002,10.471400000000003,85.39689142857144,0.12862160234634223,0.4637064023463554,0.4637064023463554,19.26534399184984,K32_R2_edge
ecg_degraded,88.76270141398129,88.70967741935486,True,0.08377120000000002,10.471400000000003,85.39689142857144,0.3298302433699293,0.6649150433699424,0.6649150433699424,19.28594609407962,K32_R2_edge
both_clean,86.68032105651207,86.70602778279395,True,0.1198864,14.985800000000001,142.05,0.2550829474284036,0.7364890621646756,0.7364890621646756,16.886388168833594,K32_R20_local
ecg_degraded,54.42298595747225,68.74174990194906,True,0.08377120000000002,10.471400000000003,105.114,0.19048917437852309,0.5255739743964383,0.5255739743964383,19.10845901513723,K32_R2_local
both_clean,64.78435814305854,90.80874889413438,False,0.0958096,11.976199999999999,97.68598857142857,-0.38323838489827583,0.7403517879440329,1.5102164513255327e-08,6.1837048264230745,K32_R8_edge
both_degraded,84.46268288587592,85.15876540315048,True,0.08377120000000002,10.471400000000003,85.39689142857144,0.36797552266060496,0.7030603226606181,0.7030603226606181,18.69448073751587,K32_R2_edge
ecg_missing,73.65120596173385,73.60959651035988,True,0.08377120000000002,10.471400000000003,85.39689142857144,0.4144639524256688,0.749548752425682,0.749548752425682,19.451326714618382,K32_R2_edge
ppg_missing,109.5213937148867,109.55056179775279,True,0.08377120000000002,10.471400000000003,85.39689142857144,0.3749125081206842,0.7099973081206974,0.7099973081206974,17.420033543963463,K32_R2_edge
ecg_degraded,105.42472144251087,105.40540540540543,True,0.08377120000000002,10.471400000000003,85.39689142857144,0.33019235904636146,0.6652771590463746,0.6652771590463746,18.639935601089366,K32_R2_edge
ecg_missing,59.12047415135223,59.12162162162162,True,0.08377120000000002,10.471400000000003,105.114,0.41452414883021227,0.7496089488481275,0.7496089488481275,17.83191808485519,K32_R2_local
ppg_degraded,85.39763555897184,90.61296856062464,True,0.08377120000000002,10.471400000000003,85.39689142857144,0.2709823466683843,0.6060671466683974,0.6060671466683974,17.826939143731966,K32_R2_edge
ecg_degraded,91.7729063662074,91.78922636169426,True,0.08377120000000002,10.471400000000003,85.39689142857144,0.2855442883481055,0.6206290883481187,0.6206290883481187,17.994760088515083,K32_R2_edge
ecg_degraded,58.192604858053166,73.75656256897473,True,0.08377120000000002,10.471400000000003,85.39689142857144,0.19789147715775723,0.5329762771577704,0.5329762771577704,16.674593626358057,K32_R2_edge
both_degraded,68.75573882607029,71.45897193011986,True,0.08377120000000002,10.471400000000003,85.39689142857144,0.23750648741497327,0.5725912874149864,0.5725912874149864,20.102455691272226,K32_R2_edge
both_clean,92.95507081552967,92.97520661157027,True,0.08377120000000002,10.471400000000003,85.39689142857144,0.400402942703744,0.7354877427037572,0.7354877427037572,17.470393501467996,K32_R2_edge
ecg_degraded,104.06648560537019,104.05549626467452,True,0.0958096,11.976199999999999,97.68598857142857,0.23166419488339218,0.623124485348585,0.6149025948838326,7.969562491305296,K32_R8_edge
ppg_degraded,70.50455901236812,71.48171490746087,True,0.08377120000000002,10.471400000000003,85.39689142857144,0.3092563886993982,0.6443411886994114,0.6443411886994114,18.087651599439965,K32_R2_edge
ppg_degraded,64.33662270147684,77.2674430576815,True,0.08377120000000002,10.471400000000003,85.39689142857144,0.20672008825343524,0.5418048882534484,0.5418048882534484,21.15827760181932,K32_R2_edge
ecg_missing,99.30752016381288,99.22822491730983,True,0.08377120000000002,10.471400000000003,85.39689142857144,0.41374747805060774,0.7488322780506209,0.7488322780506209,18.52471096379823,K32_R2_edge
both_degraded,85.0989608135407,104.27584156151038,False,0.0958096,11.976199999999999,97.68598857142857,-0.23333332016636488,0.6040553580406739,0.14990507983407553,7.21025922849258,K32_R8_edge
ecg_degraded,78.59530530234622,78.61635220125787,True,0.08377120000000002,10.471400000000003,85.39689142857144,0.38711399014489256,0.7221987901449057,0.7221987901449057,18.16793952313607,K32_R2_edge
ecg_degraded,65.36900128567353,99.27768417568888,False,0.0958096,11.976199999999999,117.426,-0.3771409872785918,0.5661009118480941,0.006097421167308393,6.837942328154316,K32_R8_local
both_clean,54.35950091889926,55.684293273638524,True,0.08377120000000002,10.471400000000003,85.39689142857144,0.4036949881987112,0.7387797881987244,0.7387797881987244,18.562643287903985,K32_R2_edge
ecg_missing,51.07348525381852,51.078320090805896,True,0.0958096,11.976199999999999,117.426,0.3664826343234372,0.7497210427693374,0.7497210427693374,19.670109435846634,K32_R8_local
ppg_missing,84.79821083384569,86.75078864353314,True,0.08377120000000002,10.471400000000003,85.39689142857144,0.39128423359593,0.7263690335959432,0.7263690335959432,15.875009955101493,K32_R2_edge
ppg_missing,61.46661640760449,61.47540983606557,True,0.1198864,14.985800000000001,142.05,0.2673924407194444,0.749751170041397,0.7487985554557164,7.3912795668778974,K32_R20_local
ppg_degraded,108.53197870560922,108.47107438016529,True,0.08377120000000002,10.471400000000003,85.39689142857144,0.38430183681469465,0.7193866368147078,0.7193866368147078,17.828823136185992,K32_R2_edge
ppg_missing,56.44863370316884,70.35396927356449,False,0.0958096,11.976199999999999,117.426,-0.38323710372039616,0.7405041810194245,1.3047255040130788e-06,6.349290618427888,K32_R8_local
ecg_missing,77.1253272996265,77.14285714285714,True,0.08377120000000002,10.471400000000003,85.39689142857144,0.4143337399390825,0.7494185399390957,0.7494185399390957,16.248875209297083,K32_R2_edge
ppg_degraded,73.6795878242576,76.7608218147549,True,0.08377120000000002,10.471400000000003,85.39689142857144,0.2709804266155811,0.6060652266155943,0.6060652266155943,19.48297936836014,K32_R2_edge
ecg_degraded,63.93868851713186,84.65994536314118,True,0.1198864,14.985800000000001,122.26418285714286,-0.22772471130773603,0.5221201399995643,0.25182098358733235,6.797555578905012,K32_R20_edge
ppg_missing,94.9253435002361,76.44394110985277,False,0.0958096,11.976199999999999,97.68598857142857,-0.38080214881795477,0.7496057292791073,0.00243625118248557,6.745580822832683,K32_R8_edge
both_degraded,88.62228572481862,90.00711488075365,True,0.08377120000000002,10.471400000000003,85.39689142857144,0.31378405603671333,0.6488688560367265,0.6488688560367265,18.91580732117439,K32_R2_edge
ecg_degraded,93.54546110311219,93.92844333874967,True,0.08377120000000002,10.471400000000003,85.39689142857144,0.2857228936512193,0.6208076936512325,0.6208076936512325,17.618501617662254,K32_R2_edge
ecg_missing,54.96851455378968,57.56578947368421,True,0.08377120000000002,10.471400000000003,105.114,0.4146798775558952,0.7497646775738104,0.7497646775738104,16.84962833877886,K32_R2_local
both_clean,71.1646049417843,72.1831020799835,True,0.08377120000000002,10.471400000000003,85.39689142857144,0.4039977376047289,0.7390825376047421,0.7390825376047421,21.43841190168279,K32_R2_edge
ppg_missing,81.1899844600539,84.18367346938777,True,0.08377120000000002,10.471400000000003,85.39689142857144,0.39234430358696193,0.7274291035869751,0.7274291035869751,15.254040812157626,K32_R2_edge
both_clean,75.60326862381447,76.8803677959152,True,0.08377120000000002,10.471400000000003,85.39689142857144,0.40080804513892154,0.7358928451389347,0.7358928451389347,16.887012529263735,K32_R2_edge
both_clean,52.437053712364715,52.417283702216,True,0.0958096,11.976199999999999,117.426,0.36037565748522493,0.7436140659311251,0.7436140659311251,18.16710829554637,K32_R8_local
both_clean,61.641647294047594,62.18624330233611,True,0.08377120000000002,10.471400000000003,85.39689142857144,0.4068961452636958,0.741980945263709,0.741980945263709,16.910284866220337,K32_R2_edge
ppg_degraded,106.7014788982776,106.73306441848662,True,0.08377120000000002,10.471400000000003,85.39689142857144,0.38792547898328067,0.7230102789832938,0.7230102789832938,15.145933173144098,K32_R2_edge
ppg_degraded,59.75418348519909,81.31083315817472,True,0.08377120000000002,10.471400000000003,85.39689142857144,0.18219355058154096,0.5172783505815541,0.5172783505815541,16.7068065488573,K32_R2_edge
ppg_degraded,101.1231399477665,101.14107883817431,True,0.08377120000000002,10.471400000000003,85.39689142857144,0.3921634144511098,0.727248214451123,0.727248214451123,17.903009415484128,K32_R2_edge
ecg_missing,99.3282295438664,88.90086206896552,False,0.0958096,11.976199999999999,97.68598857142857,-0.36557806966550227,0.749167203396484,0.017660330334938062,6.907616992723792,K32_R8_edge
ppg_missing,73.47762542468648,73.44940152339501,True,0.08377120000000002,10.471400000000003,85.39689142857144,0.3994431077057482,0.7345279077057614,0.7345279077057614,18.62330304654172,K32_R2_edge
ecg_degraded,78.00701119065582,78.03903250633513,True,0.08377120000000002,10.471400000000003,85.39689142857144,0.3894362171068092,0.7245210171068224,0.7245210171068224,16.135507356570958,K32_R2_edge
ecg_degraded,99.44010845899516,99.48979591836736,True,0.08377120000000002,10.471400000000003,85.39689142857144,0.38163683803084925,0.7167216380308624,0.7167216380308624,17.557871541955702,K32_R2_edge
ecg_degraded,90.84117953421276,61.47540983606557,False,0.1198864,14.985800000000001,122.26418285714286,-0.47929823165300145,0.7185418955814479,0.0002474632420668951,6.209846997734644,K32_R20_edge
ecg_degraded,100.21662418574425,79.7645719626272,False,0.1198864,14.985800000000001,142.05,-0.31587879659340384,0.6160773178046888,0.16552731814286814,6.693012368226616,K32_R20_local
ecg_degraded,95.45579514992743,95.44008483563096,True,0.08377120000000002,10.471400000000003,85.39689142857144,0.29207886723379584,0.627163667233809,0.627163667233809,18.26696466999305,K32_R2_edge
both_clean,91.47628876643628,92.41192463651281,True,0.08377120000000002,10.471400000000003,85.39689142857144,0.41128884474852756,0.7463736447485407,0.7463736447485407,18.856697644972574,K32_R2_edge
ppg_degraded,104.77844636041269,104.7806885107407,True,0.08377120000000002,10.471400000000003,85.39689142857144,0.36166894159898366,0.6967537415989968,0.6967537415989968,16.506278233405435,K32_R2_edge
ppg_degraded,99.36842798567532,99.75657569182319,True,0.08377120000000002,10.471400000000003,85.39689142857144,0.3562622816126635,0.6913470816126767,0.6913470816126767,19.00620256677634,K32_R2_edge
both_degraded,60.743761254979596,114.43903004527887,True,0.0958096,11.976199999999999,117.426,0.013717752152830404,0.3969561605987306,0.3969561605987306,18.84263023342877,K32_R8_local
both_degraded,94.89345650487469,95.41697405703898,True,0.08377120000000002,10.471400000000003,85.39689142857144,0.35922926239728736,0.6943140623973005,0.6943140623973005,16.787478595840952,K32_R2_edge
both_clean,55.20087938687257,55.20504731861198,True,0.0958096,11.976199999999999,97.68598857142857,0.3607885638711478,0.7440269638715882,0.7440269638715882,19.865088062958787,K32_R8_edge
ppg_missing,75.5513744176413,75.58790593505039,True,0.08377120000000002,10.471400000000003,85.39689142857144,0.39858373673027814,0.7336685367302913,0.7336685367302913,18.27053592139653,K32_R2_edge
ppg_degraded,73.80511322920552,74.800547501154,True,0.08377120000000002,10.471400000000003,85.39689142857144,0.3915370772221719,0.7266218772221851,0.7266218772221851,14.700418850692687,K32_R2_edge
ecg_missing,62.13008563852908,62.130177514792905,True,0.0958096,11.976199999999999,117.426,0.36637757735649734,0.7496159858023975,0.7496159858023975,14.51801891926858,K32_R8_local
ecg_missing,106.27430651815936,106.2091503267974,True,0.08377120000000002,10.471400000000003,105.114,0.41381319110661885,0.748897991124534,0.748897991124534,16.823161475681722,K32_R2_local
ecg_degraded,55.68660070167002,73.28171181823544,True,0.1198864,14.985800000000001,122.26418285714286,0.05657320215766971,0.5361188970527379,0.5361188970527381,8.759578051303848,K32_R20_edge
ecg_missing,50.29396489931454,71.31537021314826,False,0.08377120000000002,10.471400000000003,105.114,-0.3350848000179151,0.7496503781995959,1.192532775493984e-16,5.928393861517719,K32_R2_local
ecg_missing,69.37524821983871,69.36416184971098,True,0.08377120000000002,10.471400000000003,85.39689142857144,0.4142970897036551,0.7493818897036683,0.7493818897036683,16.214768574412766,K32_R2_edge
ecg_degraded,109.44468309447332,109.46831493051965,True,0.08377120000000002,10.471400000000003,85.39689142857144,0.28807931626819516,0.6231641162682083,0.6231641162682083,16.221248184549136,K32_R2_edge
ppg_missing,65.88170770330639,65.86169045005488,True,0.0958096,11.976199999999999,117.426,0.35480748593699096,0.7380458943828911,0.7380458943828911,19.46066636486064,K32_R8_local
ecg_missing,99.84165593106385,99.79529170931424,True,0.08377120000000002,10.471400000000003,85.39689142857144,0.4139314903588346,0.7490162903588478,0.7490162903588478,16.226172919793107,K32_R2_edge
ppg_missing,60.38681822122793,60.41426927502877,True,0.08377120000000002,10.471400000000003,85.39689142857144,0.40476954466049964,0.7398543446605128,0.7398543446605128,18.777993902741574,K32_R2_edge
ecg_missing,85.18270128790266,85.13931888544893,True,0.08377120000000002,10.471400000000003,85.39689142857144,0.41348000568034127,0.7485648056803544,0.7485648056803544,18.79378442412953,K32_R2_edge
ppg_degraded,107.50456011076352,107.77181213303778,True,0.08377120000000002,10.471400000000003,85.39689142857144,0.3020798678460439,0.6371646678460571,0.6371646678460571,16.853055550326324,K32_R2_edge
both_clean,92.99079407394842,93.46319467381328,True,0.08377120000000002,10.471400000000003,85.39689142857144,0.39755194162057117,0.7326367416205843,0.7326367416205843,17.398811968977117,K32_R2_edge
ecg_missing,108.83047851070918,108.81696428571429,True,0.08377120000000002,10.471400000000003,85.39689142857144,0.4135480576615541,0.7486328576615673,0.7486328576615673,17.849108706101315,K32_R2_edge
ecg_missing,84.47339894534238,84.45945945945947,True,0.08377120000000002,10.471400000000003,85.39689142857144,0.41412686831420864,0.7492116683142218,0.7492116683142218,17.341853298296932,K32_R2_edge
ecg_missing,109.00008239320528,109.06040268456377,True,0.08377120000000002,10.471400000000003,85.39689142857144,0.4135529232794003,0.7486377232794135,0.7486377232794135,18.533269019092387,K32_R2_edge
ecg_missing,100.22282190320023,100.20554984583764,True,0.08377120000000002,10.471400000000003,85.39689142857144,0.4138238372949419,0.748908637294955,0.748908637294955,15.758214438652391,K32_R2_edge
both_clean,96.6948935661157,96.72126619064537,True,0.08377120000000002,10.471400000000003,85.39689142857144,0.4004468731061511,0.7355316731061643,0.7355316731061643,20.684588246197727,K32_R2_edge
ppg_degraded,103.30939321469,103.38920560331906,True,0.08377120000000002,10.471400000000003,85.39689142857144,0.38774402446635436,0.7228288244663675,0.7228288244663675,18.433125241696413,K32_R2_edge
ppg_degraded,87.889491035697,90.92551067451544,True,0.08377120000000002,10.471400000000003,85.39689142857144,0.2695800879482113,0.6046648879482245,0.6046648879482245,17.01697671517435,K32_R2_edge
both_degraded,71.38187278259429,81.68707586547056,True,0.08377120000000002,10.471400000000003,85.39689142857144,0.2556103834025417,0.5906951834025549,0.5906951834025549,15.00696113076991,K32_R2_edge
both_degraded,81.69694640341959,76.64677116422574,False,0.1198864,14.985800000000001,122.26418285714286,-0.3631639408918165,0.4170536264833367,0.11638175400325185,6.698656984165578,K32_R20_edge
both_clean,63.59002374094182,63.55932203389832,True,0.08377120000000002,10.471400000000003,85.39689142857144,0.413805003481437,0.7488898034814502,0.7488898034814502,17.25134337332736,K32_R2_edge
ecg_missing,96.65264743290231,96.6702470461869,True,0.08377120000000002,10.471400000000003,105.114,0.4138769964456249,0.7489617964635401,0.7489617964635401,20.996889985915036,K32_R2_local
ppg_missing,60.204710096891986,61.224489795918366,True,0.08377120000000002,10.471400000000003,85.39689142857144,0.4027490412974716,0.7378338412974847,0.7378338412974847,18.144538755710162,K32_R2_edge
both_degraded,84.63187693919545,84.50273179160172,True,0.08377120000000002,10.471400000000003,85.39689142857144,0.26339021690411546,0.5984750169041286,0.5984750169041286,15.209419096550793,K32_R2_edge
ppg_missing,82.15393577474686,85.13931888544893,True,0.08377120000000002,10.471400000000003,85.39689142857144,0.39453109723921564,0.7296158972392288,0.7296158972392288,18.51374380765771,K32_R2_edge
ecg_degraded,90.31416820866143,91.14868144094535,True,0.08377120000000002,10.471400000000003,85.39689142857144,0.3335426267407553,0.6686274267407685,0.6686274267407685,20.149234284036694,K32_R2_edge
ecg_degraded,95.629195919915,95.59455136564014,True,0.08377120000000002,10.471400000000003,85.39689142857144,0.38173973427165986,0.716824534271673,0.716824534271673,18.104246388579924,K32_R2_edge
ecg_missing,56.58967316383453,59.255079006772,True,0.08377120000000002,10.471400000000003,105.114,0.4146310193225058,0.749715819340421,0.749715819340421,19.425898431364672,K32_R2_local
both_degraded,87.49645770007902,89.60909495103961,True,0.0958096,11.976199999999999,97.68598857142857,0.074933952587733,0.4581723525881734,0.4581723525881734,18.63368852527217,K32_R8_edge
ppg_degraded,74.83735294791157,76.34141147443783,True,0.08377120000000002,10.471400000000003,85.39689142857144,0.3662615254270726,0.7013463254270857,0.7013463254270857,20.359306553070166,K32_R2_edge
ecg_missing,86.85208614007722,86.8421052631579,True,0.08377120000000002,10.471400000000003,85.39689142857144,0.4140565916740516,0.7491413916740648,0.7491413916740648,19.43700167764638,K32_R2_edge
both_clean,91.63907258878972,91.66666666666667,True,0.08377120000000002,10.471400000000003,85.39689142857144,0.3996564350388573,0.7347412350388705,0.7347412350388705,18.642158257852884,K32_R2_edge
ppg_degraded,85.12877514563732,86.27040395368887,True,0.08377120000000002,10.471400000000003,85.39689142857144,0.31131764411863283,0.646402444118646,0.646402444118646,17.353537980962624,K32_R2_edge
ecg_missing,93.97316461152292,94.04388714733544,True,0.1198864,14.985800000000001,122.26418285714286,0.22061890158446928,0.7490107620031315,0.7001645964795377,7.091709245132288,K32_R20_edge
both_clean,81.20151543227888,71.08686209336142,False,0.0958096,11.976199999999999,97.68598857142857,-0.3601766065448983,0.7407902180569375,0.02306179345554203,6.9347188851040205,K32_R8_edge
ecg_missing,77.7720685477563,77.76497695852535,True,0.08377120000000002,10.471400000000003,105.114,0.41423464229182083,0.749319442309736,0.749319442309736,19.175664131000374,K32_R2_local
both_clean,67.20613192691211,69.41190957917514,True,0.08377120000000002,10.471400000000003,85.39689142857144,0.4068840470352554,0.7419688470352686,0.7419688470352686,16.340314264607773,K32_R2_edge
both_degraded,63.74910019980239,119.51862285963838,True,0.0958096,11.976199999999999,97.68598857142857,-0.025232053621714927,0.35800634637872547,0.35800634637872547,17.92793790451389,K32_R8_edge
ecg_missing,91.71812636550911,91.76863181312571,True,0.08377120000000002,10.471400000000003,85.39689142857144,0.41393208684137595,0.7490168868413891,0.7490168868413891,17.039191546144476,K32_R2_edge
ecg_degraded,91.74268116874745,76.44394110985277,False,0.0958096,11.976199999999999,97.68598857142857,-0.38323840000044035,0.716781556753741,1.0062836057890308e-19,5.554711120246571,K32_R8_edge
ppg_degraded,61.72895077859578,79.2520131774976,True,0.08377120000000002,10.471400000000003,85.39689142857144,0.1691824262663808,0.504267226266394,0.504267226266394,16.514496167819065,K32_R2_edge
ppg_missing,108.31024499666673,92.97241357172078,False,0.0958096,11.976199999999999,97.68598857142857,-0.3832384000004272,0.7172467864118403,1.3177975823698434e-14,5.7991219075226725,K32_R8_edge
ppg_missing,90.26904681736376,90.26258205689278,True,0.0958096,11.976199999999999,117.426,0.2719727022127699,0.722186378906159,0.6552111106586701,7.720657848931367,K32_R8_local
ppg_missing,81.87296739258957,81.87772925764193,True,0.08377120000000002,10.471400000000003,85.39689142857144,0.3926121055089019,0.7276969055089151,0.7276969055089151,19.505273394869075,K32_R2_edge
ppg_missing,100.47052109269805,100.51546391752579,True,0.08377120000000002,10.471400000000003,85.39689142857144,0.3822278109386802,0.7173126109386934,0.7173126109386934,15.891555368935535,K32_R2_edge
both_clean,79.1912259981893,79.19746568109821,True,0.08377120000000002,10.471400000000003,85.39689142857144,0.4034988973742526,0.7385836973742658,0.7385836973742658,17.69447091145642,K32_R2_edge
ecg_missing,78.5566922060196,78.53403141361257,True,0.08377120000000002,10.471400000000003,85.39689142857144,0.4140505844919323,0.7491353844919455,0.7491353844919455,16.797378710100265,K32_R2_edge
ppg_missing,65.49646400465221,67.64374295377678,True,0.08377120000000002,10.471400000000003,85.39689142857144,0.403565126541641,0.7386499265416542,0.7386499265416542,17.296475755114876,K32_R2_edge
ecg_degraded,59.36812888344154,81.1819747780185,True,0.08377120000000002,10.471400000000003,85.39689142857144,0.19492184020478232,0.5300066402047955,0.5300066402047955,14.314600936585862,K32_R2_edge
ecg_missing,92.69723473285504,92.69662921348315,True,0.08377120000000002,10.471400000000003,105.114,0.4140431081770567,0.7491279081949719,0.7491279081949719,16.510383598902788,K32_R2_local
both_clean,100.64665809434254,100.67114093959734,True,0.1198864,14.985800000000001,142.05,0.25531924681,0.736725361546272,0.736725361546272,17.32644005955756,K32_R20_local
ecg_missing,90.66792668575755,90.65934065934067,True,0.08377120000000002,10.471400000000003,85.39689142857144,0.41404319878651663,0.7491279987865298,0.7491279987865298,19.02776462674282,K32_R2_edge
ecg_missing,72.12929100175701,76.44394110985277,False,0.1198864,14.985800000000001,122.26418285714286,-0.47941135405402296,0.749981237624874,0.00013434084104535222,6.180585882891028,K32_R20_edge
ecg_missing,84.54332547314313,87.11721224920804,True,0.08377120000000002,10.471400000000003,105.114,0.4141018189706509,0.7491866189885661,0.7491866189885661,18.107459096299532,K32_R2_local
ecg_missing,83.8047484204394,61.47540983606557,False,0.1198864,14.985800000000001,142.05,-0.46468589174819724,0.7494220414130441,0.016720222988074716,6.446255610476316,K32_R20_local
ppg_degraded,106.19396500845764,106.2605518742169,True,0.08377120000000002,10.471400000000003,85.39689142857144,0.305346234553301,0.6404310345533142,0.6404310345533142,18.696405640940778,K32_R2_edge
both_degraded,73.26045271734137,73.24534414187848,True,0.08377120000000002,10.471400000000003,85.39689142857144,0.32305425099723084,0.658139050997244,0.658139050997244,17.213163391725708,K32_R2_edge
ppg_missing,59.88695912396021,59.863169897377425,True,0.08377120000000002,10.471400000000003,85.39689142857144,0.40577570359180404,0.7408605035918172,0.7408605035918172,15.76939330907912,K32_R2_edge
both_degraded,102.61597359974064,102.57743829255162,True,0.0958096,11.976199999999999,117.426,0.005300979842163229,0.38853938828806345,0.38853938828806345,18.923368611239503,K32_R8_local
both_degraded,103.6837098132121,103.59763543051595,True,0.08377120000000002,10.471400000000003,85.39689142857144,0.3145789689180677,0.6496637689180809,0.6496637689180809,16.626331393747094,K32_R2_edge
ppg_degraded,52.89593570011372,71.2709831455886,True,0.08377120000000002,10.471400000000003,85.39689142857144,0.19472947715203714,0.5298142771520503,0.5298142771520503,16.91123974754677,K32_R2_edge
ppg_degraded,61.893441850368944,78.4863798582885,True,0.0958096,11.976199999999999,117.426,0.1334316988808683,0.5166701073267685,0.5166701073267685,16.180527109616918,K32_R8_local
ppg_missing,88.17701921596759,88.14102564102564,True,0.0958096,11.976199999999999,117.426,0.33190699519668576,0.7151454036425859,0.7151454036425859,18.131992525456702,K32_R8_local
both_degraded,97.33070933809027,97.28478677646714,True,0.08377120000000002,10.471400000000003,85.39689142857144,0.32324349564500643,0.6583282956450196,0.6583282956450196,16.77153373469261,K32_R2_edge
both_degraded,86.40155040443302,89.61560775139301,True,0.0958096,11.976199999999999,97.68598857142857,0.09596074607551514,0.47919914607595554,0.47919914607595554,18.765758824687094,K32_R8_edge
ecg_missing,61.49535176759349,61.47540983606557,True,0.08377120000000002,10.471400000000003,105.114,0.4148833433307738,0.749968143348689,0.749968143348689,17.79839445540641,K32_R2_local
ppg_missing,57.058494515731944,59.188275084554675,True,0.08377120000000002,10.471400000000003,85.39689142857144,0.40355158544925207,0.7386363854492652,0.7386363854492652,17.528362512655796,K32_R2_edge
both_clean,80.35835804391101,80.2997858672377,True,0.08377120000000002,10.471400000000003,85.39689142857144,0.40531789285868114,0.7404026928586943,0.7404026928586943,15.536735444941115,K32_R2_edge
ppg_degraded,98.93062439954068,98.84635184610126,True,0.08377120000000002,10.471400000000003,85.39689142857144,0.39106355155312755,0.7261483515531407,0.7261483515531407,18.086558353190426,K32_R2_edge
both_degraded,63.02403086432757,70.35396927356449,False,0.0958096,11.976199999999999,117.426,-0.35932934721833676,0.3969179017622688,0.023909061227563432,7.005559721806311,K32_R8_local
both_degraded,54.50796169236702,106.50742676200667,True,0.1198864,14.985800000000001,142.05,-0.1493546661690596,0.3320514485672124,0.3320514485672124,18.07164282118779,K32_R20_local
ecg_degraded,83.06269974759829,80.99352051835854,False,0.0958096,11.976199999999999,117.426,-0.3832384084459002,0.6691165975574038,1.288647369261935e-38,4.917005645027631,K32_R8_local
ecg_degraded,61.50902888811528,83.5193169597652,True,0.08377120000000002,10.471400000000003,85.39689142857144,0.1841594230382032,0.5192442230382164,0.5192442230382164,19.98929441718602,K32_R2_edge
both_degraded,54.045423229056176,109.04524312741476,True,0.08377120000000002,10.471400000000003,105.114,0.0360775393455563,0.3711623393634715,0.3711623393634715,20.127688858560465,K32_R2_local
ppg_missing,96.39587588247609,96.4630225080386,True,0.0958096,11.976199999999999,97.68598857142857,0.3334725683325887,0.716710968333029,0.716710968333029,21.144204995287993,K32_R8_edge
both_clean,99.27359636467534,81.44568779626321,False,0.0958096,11.976199999999999,97.68598857142857,-0.38323840000044035,0.7318055654565688,6.22526832240672e-24,5.384468435520905,K32_R8_edge
ppg_degraded,73.90013306589412,76.68643688847831,True,0.08377120000000002,10.471400000000003,85.39689142857144,0.39334805217650104,0.7284328521765142,0.7284328521765142,19.27151860058997,K32_R2_edge
ecg_degraded,67.64458161009706,68.8934702653741,True,0.08377120000000002,10.471400000000003,85.39689142857144,0.33218962331300994,0.6672744233130231,0.6672744233130231,19.094198688108616,K32_R2_edge
ppg_degraded,66.62725336621747,69.51439861965585,True,0.08377120000000002,10.471400000000003,85.39689142857144,0.3839700685338864,0.7190548685338995,0.7190548685338995,20.26643581754707,K32_R2_edge
ecg_missing,71.65828554970105,71.68458781362007,True,0.08377120000000002,10.471400000000003,105.114,0.41440561692598865,0.7494904169439038,0.7494904169439038,16.73640884897719,K32_R2_local
both_degraded,84.61445858697573,86.36886640681296,True,0.0958096,11.976199999999999,97.68598857142857,0.18856897536495898,0.5718073753653994,0.5718073753653994,17.750693524644102,K32_R8_edge
ppg_missing,81.66920468674864,83.50202429149799,True,0.08377120000000002,10.471400000000003,85.39689142857144,0.39847481467082624,0.7335596146708394,0.7335596146708394,18.24787866193729,K32_R2_edge
ppg_degraded,71.32095087036177,71.31537021314826,True,0.0958096,11.976199999999999,97.68598857142857,0.018522443796618777,0.7329496883994617,0.4017608437970592,7.407159968300084,K32_R8_edge
ecg_missing,88.24525875429089,88.23529411764707,True,0.08377120000000002,10.471400000000003,105.114,0.414905513913319,0.7499903139312342,0.7499903139312342,16.624452888508877,K32_R2_local
both_degraded,90.5460465168476,90.80874889413438,False,0.1198864,14.985800000000001,122.26418285714286,-0.19314352600245616,0.562479088540027,0.2864021688926122,6.809983653939534,K32_R20_edge
ppg_degraded,83.49673687850205,84.12459962226167,True,0.08377120000000002,10.471400000000003,85.39689142857144,0.3561104149862352,0.6911952149862484,0.6911952149862484,16.883317268870424,K32_R2_edge
both_clean,73.23769490311244,73.25054034986546,True,0.08377120000000002,10.471400000000003,85.39689142857144,0.407185036703407,0.7422698367034202,0.7422698367034202,16.465267662317817,K32_R2_edge
ppg_missing,87.43416691634806,87.39406779661019,True,0.08377120000000002,10.471400000000003,85.39689142857144,0.3920814300500325,0.7271662300500457,0.7271662300500457,18.58890586289151,K32_R2_edge
ppg_degraded,85.51416699284664,87.57127097698006,True,0.08377120000000002,10.471400000000003,85.39689142857144,0.33515954910654155,0.6702443491065547,0.6702443491065547,16.45576305129283,K32_R2_edge
ppg_degraded,70.41943144283998,70.93401744589538,True,0.08377120000000002,10.471400000000003,85.39689142857144,0.37136780468380837,0.7064526046838215,0.7064526046838215,19.11842069198661,K32_R2_edge
ecg_missing,68.19206075985471,68.18181818181819,True,0.0958096,11.976199999999999,117.426,0.3667526182481827,0.7499910266940829,0.7499910266940829,18.18531340536296,K32_R8_local
ppg_missing,82.74493274115719,83.84146341463416,True,0.0958096,11.976199999999999,117.426,0.3461485189321223,0.7293869273780225,0.7293869273780225,18.427534472526652,K32_R8_local
ppg_degraded,86.74050434011104,89.48303595686573,True,0.08377120000000002,10.471400000000003,85.39689142857144,0.2620643534940721,0.5971491534940853,0.5971491534940853,17.198255334071764,K32_R2_edge
both_degraded,86.64790633530853,89.7488484745087,True,0.08377120000000002,10.471400000000003,85.39689142857144,0.34419252718817206,0.6792773271881852,0.6792773271881852,17.46097208304512,K32_R2_edge
ecg_missing,72.97028053387129,72.97297297297298,True,0.08377120000000002,10.471400000000003,105.114,0.4143108700651953,0.7493956700831105,0.7493956700831105,17.453365957014377,K32_R2_local
ecg_missing,83.94643443297531,83.986562150056,True,0.0958096,11.976199999999999,97.68598857142857,0.365594167961566,0.7492527372838924,0.7488325679620064,8.275518786150995,K32_R8_edge
ecg_degraded,109.14617811178515,104.46557433146536,True,0.08377120000000002,10.471400000000003,85.39689142857144,0.2646194286008231,0.5997042286008363,0.5997042286008363,14.94674045420222,K32_R2_edge
ecg_missing,75.6814711426371,75.67264573991032,True,0.08377120000000002,10.471400000000003,105.114,0.41426760712403055,0.7493524071419457,0.7493524071419457,17.804319251800205,K32_R2_local
ecg_missing,100.58088287539942,100.5586592178771,True,0.0958096,11.976199999999999,97.68598857142857,0.3655566212124049,0.7487950212128452,0.7487950212128452,19.325151224293165,K32_R8_edge
ppg_degraded,54.87942147841741,95.72514243695926,False,0.0958096,11.976199999999999,117.426,-0.3813466456960912,0.5274931479727748,0.0018917627498089536,6.7526530346088105,K32_R8_local
ppg_missing,102.51369522211832,102.52365930599372,True,0.08377120000000002,10.471400000000003,85.39689142857144,0.3813616996026583,0.7164464996026715,0.7164464996026715,15.833691797768846,K32_R2_edge
ecg_missing,106.50236933179318,106.44104803493447,True,0.08377120000000002,10.471400000000003,105.114,0.41360390592459473,0.7486887059425099,0.7486887059425099,18.675247644204802,K32_R2_local
ecg_degraded,65.71184095123624,76.00042611644953,True,0.08377120000000002,10.471400000000003,85.39689142857144,0.28162871678372503,0.6167135167837382,0.6167135167837382,17.654881460603566,K32_R2_edge
both_clean,50.72608494033156,50.704087565077465,True,0.08377120000000002,10.471400000000003,85.39689142857144,0.4105990952765811,0.7456838952765943,0.7456838952765943,19.233472780130587,K32_R2_edge
ecg_degraded,78.98050480602797,83.95115809694236,True,0.08377120000000002,10.471400000000003,85.39689142857144,0.27267489557482616,0.6077596955748393,0.6077596955748393,18.828764502890817,K32_R2_edge
ppg_degraded,60.96273545973668,77.36084400189739,True,0.08377120000000002,10.471400000000003,85.39689142857144,0.18888123955093306,0.5239660395509462,0.5239660395509462,19.194487839771842,K32_R2_edge
ppg_degraded,108.29787525711608,73.28171181823544,False,0.08377120000000002,10.471400000000003,85.39689142857144,-0.3215793130610689,0.7226975100078724,0.013505486938944291,7.411964699589089,K32_R2_edge
ecg_degraded,103.8619061070529,104.37499678988598,True,0.08377120000000002,10.471400000000003,85.39689142857144,0.28283202225067683,0.61791682225069,0.61791682225069,19.86078040929945,K32_R2_edge
both_clean,107.63989315581631,107.63823970476354,True,0.08377120000000002,10.471400000000003,85.39689142857144,0.39915182444129504,0.7342366244413082,0.7342366244413082,17.784517663939482,K32_R2_edge
both_degraded,86.23217946444517,90.02411311778745,True,0.08377120000000002,10.471400000000003,85.39689142857144,0.2118297637144516,0.5469145637144648,0.5469145637144648,19.339871957312237,K32_R2_edge
both_clean,80.90962201415853,80.90614886731393,True,0.08377120000000002,10.471400000000003,85.39689142857144,0.40460508796980454,0.7396898879698177,0.7396898879698177,17.95441038144734,K32_R2_edge
ppg_degraded,99.96307096281384,100.72059197979895,True,0.08377120000000002,10.471400000000003,85.39689142857144,0.3582620215538215,0.6933468215538346,0.6933468215538346,19.25372161604414,K32_R2_edge
ppg_missing,89.14093794134126,89.1891891891892,True,0.08377120000000002,10.471400000000003,85.39689142857144,0.3931479614130442,0.7282327614130574,0.7282327614130574,17.22371308223164,K32_R2_edge
ecg_degraded,64.9134605820347,78.0742596881104,True,0.08377120000000002,10.471400000000003,85.39689142857144,0.2504511488941096,0.5855359488941227,0.5855359488941227,17.513288253448543,K32_R2_edge
both_clean,106.05716229547173,106.0346461081964,True,0.08377120000000002,10.471400000000003,85.39689142857144,0.3976625647926533,0.7327473647926664,0.7327473647926664,18.009923167588425,K32_R2_edge
ecg_missing,76.38196699793188,76.44394110985277,True,0.1198864,14.985800000000001,122.26418285714286,0.09857116727227155,0.7494241803205011,0.5781168621673399,6.944561186852579,K32_R20_edge
ppg_missing,96.41337369855793,96.35974304068523,True,0.08377120000000002,10.471400000000003,85.39689142857144,0.3899344858748741,0.7250192858748873,0.7250192858748873,19.771673689666972,K32_R2_edge
ppg_degraded,80.0562774193092,80.042689434365,True,0.08377120000000002,10.471400000000003,85.39689142857144,0.34603425040221614,0.6811190504022293,0.6811190504022293,16.31381177583656,K32_R2_edge
both_clean,61.001374586307655,60.97560975609756,True,0.08377120000000002,10.471400000000003,85.39689142857144,0.4138097791779345,0.7488945791779477,0.7488945791779477,20.12655298110033,K32_R2_edge
both_degraded,67.7556108205648,69.63769732456159,True,0.08377120000000002,10.471400000000003,85.39689142857144,0.3725071588630171,0.7075919588630303,0.7075919588630303,16.391367978658067,K32_R2_edge
ecg_degraded,84.46464612816902,84.42654747660472,True,0.08377120000000002,10.471400000000003,85.39689142857144,0.29200509419730303,0.6270898941973162,0.6270898941973162,17.880196804688012,K32_R2_edge
ppg_missing,58.58012505585683,100.34211514431283,False,0.08377120000000002,10.471400000000003,85.39689142857144,-0.33508477241109913,0.7496347798892256,2.7588914061819332e-08,6.532672200667868,K32_R2_edge
ecg_missing,50.824271516988716,50.8130081300813,True,0.08377120000000002,10.471400000000003,85.39689142857144,0.4145950572477104,0.7496798572477236,0.7496798572477236,16.21575886288022,K32_R2_edge
ppg_missing,76.03347346099588,78.04370447450573,True,0.0958096,11.976199999999999,117.426,0.34721241262963565,0.7304508210755358,0.7304508210755358,18.375183366366553,K32_R8_local
both_degraded,95.73183031155318,95.69212030299381,True,0.08377120000000002,10.471400000000003,85.39689142857144,0.37196285649211325,0.7070476564921264,0.7070476564921264,17.903572898751328,K32_R2_edge
ecg_missing,86.84943642457327,86.8421052631579,True,0.08377120000000002,10.471400000000003,85.39689142857144,0.4140686860419792,0.7491534860419924,0.7491534860419924,18.664955555553295,K32_R2_edge
ppg_degraded,69.44878254844257,72.80482828633143,True,0.08377120000000002,10.471400000000003,85.39689142857144,0.2910767090383808,0.626161509038394,0.626161509038394,16.738455825168018,K32_R2_edge
both_degraded,93.0344563577296,94.08402691268955,True,0.08377120000000002,10.471400000000003,85.39689142857144,0.3704240531087448,0.705508853108758,0.705508853108758,16.187335730187236,K32_R2_edge
both_clean,79.0708779865924,81.39523820266568,True,0.08377120000000002,10.471400000000003,85.39689142857144,0.40150830477629373,0.7365931047763069,0.7365931047763069,17.931456914636026,K32_R2_edge
ppg_missing,109.97008113542161,72.80482828633143,False,0.1198864,14.985800000000001,122.26418285714286,-0.42652560979835974,0.7142611883183849,0.05302008509670857,6.544936135345583,K32_R20_edge
ecg_degraded,96.56189914668684,96.56652360515024,True,0.08377120000000002,10.471400000000003,85.39689142857144,0.335429629524142,0.6705144295241552,0.6705144295241552,19.015635001108436,K32_R2_edge
ppg_degraded,99.83788647630554,101.77453027139876,True,0.08377120000000002,10.471400000000003,85.39689142857144,0.3044452819052711,0.6395300819052843,0.6395300819052843,16.35344896163666,K32_R2_edge
ppg_degraded,65.57293436832668,79.73142921904802,True,0.08377120000000002,10.471400000000003,85.39689142857144,0.20856854326655727,0.5436533432665704,0.5436533432665704,19.39326475531686,K32_R2_edge
both_degraded,59.13769777092884,91.08711170643163,True,0.08377120000000002,10.471400000000003,85.39689142857144,0.10517730521791835,0.4402621052179315,0.4402621052179315,17.45302115001794,K32_R2_edge
ecg_degraded,61.95823454642,84.56340280416443,False,0.08377120000000002,10.471400000000003,105.114,-0.3350848000179152,0.5140951316307002,1.1794011473322669e-23,5.594367938482666,K32_R2_local
ecg_missing,75.93589786077597,78.4518828451883,True,0.08377120000000002,10.471400000000003,105.114,0.4142131740968149,0.7492979741147301,0.7492979741147301,15.829246780664837,K32_R2_local
both_clean,80.72894717725401,80.7319698600646,True,0.08377120000000002,10.471400000000003,85.39689142857144,0.4037651853714551,0.7388499853714683,0.7388499853714683,16.701914336221535,K32_R2_edge
ecg_degraded,61.67656086393407,77.82151800136421,True,0.0958096,11.976199999999999,97.68598857142857,-0.23590982353379422,0.5385139349426511,0.14732857646664618,7.229102575416394,K32_R8_edge
ecg_degraded,96.7966862593149,96.72997152931738,True,0.08377120000000002,10.471400000000003,85.39689142857144,0.331214608963993,0.6662994089640062,0.6662994089640062,16.063630682438035,K32_R2_edge
ecg_missing,102.10586926503377,102.04081632653063,True,0.08377120000000002,10.471400000000003,105.114,0.41377668345869045,0.7488614834766056,0.7488614834766056,20.14825202515882,K32_R2_local
ecg_degraded,68.96029914561444,70.55559550757486,True,0.08377120000000002,10.471400000000003,85.39689142857144,0.3824259690219277,0.7175107690219409,0.7175107690219409,19.758321083011122,K32_R2_edge
both_degraded,80.4838518053774,88.00405298589412,True,0.08377120000000002,10.471400000000003,85.39689142857144,0.25829248766806445,0.5933772876680776,0.5933772876680776,17.739000364741177,K32_R2_edge
ppg_degraded,85.66247615076554,87.89838726817142,True,0.0958096,11.976199999999999,97.68598857142857,0.31560360789249303,0.6988420078929334,0.6988420078929334,16.75734514959726,K32_R8_edge
ppg_missing,93.34269043586742,93.36099585062242,True,0.1198864,14.985800000000001,122.26418285714286,0.24034013399253118,0.7198858288875996,0.7198858288875996,17.47605769587243,K32_R20_edge
ppg_missing,58.84834726792138,58.85650224215247,True,0.0958096,11.976199999999999,117.426,0.35501388313206816,0.7382522915779683,0.7382522915779683,19.5765870274752,K32_R8_local
both_clean,66.85226368418938,66.81514476614699,True,0.08377120000000002,10.471400000000003,85.39689142857144,0.4060748236080639,0.7411596236080771,0.7411596236080771,19.611311230882496,K32_R2_edge
both_clean,93.84235975150418,93.84775808133475,True,0.08377120000000002,10.471400000000003,85.39689142857144,0.3998150176551557,0.7348998176551689,0.7348998176551689,20.81091953242917,K32_R2_edge
ppg_missing,84.0915388575576,84.09785932721714,True,0.08377120000000002,10.471400000000003,85.39689142857144,0.3924526491035377,0.7275374491035509,0.7275374491035509,16.398603547479922,K32_R2_edge
ecg_degraded,103.9967476063369,103.99736079497185,True,0.08377120000000002,10.471400000000003,85.39689142857144,0.38072209114289435,0.7158068911429075,0.7158068911429075,18.803142373917137,K32_R2_edge
ecg_missing,76.87150171932461,79.44915254237289,True,0.1198864,14.985800000000001,122.26418285714286,0.2698415724119682,0.7493872673070365,0.7493872673070365,18.363353726488175,K32_R20_edge
ppg_degraded,74.39677070203088,75.70542691635859,True,0.08377120000000002,10.471400000000003,85.39689142857144,0.3931279806778347,0.7282127806778479,0.7282127806778479,17.757650573590976,K32_R2_edge
ecg_missing,68.39043305184214,70.90336134453781,True,0.08377120000000002,10.471400000000003,105.114,0.41426954852345454,0.7493543485413697,0.7493543485413697,18.99366519223681,K32_R2_local
ecg_missing,63.88235435928473,63.89776357827476,True,0.1198864,14.985800000000001,142.05,0.2680493826497114,0.7494557733997809,0.7494554973859834,7.799817182817528,K32_R20_local
both_clean,89.0459800858039,88.9967637540453,True,0.08377120000000002,10.471400000000003,85.39689142857144,0.40008771557038303,0.7351725155703962,0.7351725155703962,17.31743599712849,K32_R2_edge
both_degraded,65.88116010936173,90.09958187719546,True,0.0958096,11.976199999999999,97.68598857142857,0.01583141226491592,0.3990698122653563,0.3990698122653563,16.800704346549878,K32_R8_edge
ppg_degraded,101.73653123858284,85.93766159458177,False,0.0958096,11.976199999999999,117.426,-0.14285227320300115,0.6413315253264066,0.2403861352428991,7.297907181729743,K32_R8_local
both_degraded,66.2389037391265,76.68654751021394,True,0.08377120000000002,10.471400000000003,85.39689142857144,0.1337009928541214,0.4687857928541346,0.4687857928541346,18.033446229231625,K32_R2_edge
ppg_degraded,90.40157787350887,100.34211514431283,False,0.1198864,14.985800000000001,122.26418285714286,-0.4795375146898225,0.7368995745260876,8.180205245850314e-06,6.069363309955417,K32_R20_edge
both_clean,84.09104851410392,86.34576811041465,True,0.08377120000000002,10.471400000000003,85.39689142857144,0.40374605315495427,0.7388308531549674,0.7388308531549674,17.846122146346055,K32_R2_edge
ecg_degraded,87.7075278727345,91.03689460055195,True,0.08377120000000002,10.471400000000003,85.39689142857144,0.3326944530323477,0.6677792530323609,0.6677792530323609,15.114710439290656,K32_R2_edge
both_clean,103.72500653791028,103.7451292923108,True,0.08377120000000002,10.471400000000003,85.39689142857144,0.39787822758729385,0.732963027587307,0.732963027587307,18.195384691136567,K32_R2_edge
ecg_missing,60.199307088164765,60.206422018348626,True,0.08377120000000002,10.471400000000003,105.114,0.41451254584412367,0.7495973458620389,0.7495973458620389,19.31053270377037,K32_R2_local
both_clean,58.988932752527724,104.05549626467452,False,0.0958096,11.976199999999999,97.68598857142857,-0.3832383981179951,0.7441402403676639,1.8824452465154785e-09,6.115608240236792,K32_R8_edge
ppg_degraded,57.31413328011838,96.15516158638226,False,0.1198864,14.985800000000001,122.26418285714286,-0.47954569489213456,0.730581566166143,2.9337605570158306e-12,5.655449613038345,K32_R20_edge
ecg_missing,54.58634125509302,54.57380457380457,True,0.08377120000000002,10.471400000000003,85.39689142857144,0.41455718205548475,0.7496419820554979,0.7496419820554979,18.934873344399374,K32_R2_edge
ppg_missing,82.05386141622444,84.0122199592668,True,0.08377120000000002,10.471400000000003,85.39689142857144,0.39414793763488676,0.7292327376348999,0.7292327376348999,19.092552828459816,K32_R2_edge
both_clean,59.94386911713633,59.93150684931507,True,0.08377120000000002,10.471400000000003,85.39689142857144,0.4107573364915088,0.745842136491522,0.745842136491522,17.258130537599556,K32_R2_edge
both_degraded,98.43007580560939,71.08686209336142,False,0.0958096,11.976199999999999,97.68598857142857,-0.38323660562691325,0.7016267346474983,1.7943735271041403e-06,6.3647066450449366,K32_R8_edge
both_clean,51.35663183281281,51.36986301369863,True,0.08377120000000002,10.471400000000003,85.39689142857144,0.4147565514519108,0.749841351451924,0.749841351451924,18.814580957864784,K32_R2_edge
ppg_degraded,72.47641830409145,75.63974232416898,True,0.0958096,11.976199999999999,97.68598857142857,0.2744827498171489,0.7253039508996852,0.6577211498175892,7.719945002146237,K32_R8_edge
both_degraded,78.39223828331413,85.25617443200547,True,0.0958096,11.976199999999999,97.68598857142857,0.16171158031273591,0.5449499803131763,0.5449499803131763,14.47000993305069,K32_R8_edge
both_clean,62.99169804060947,62.95907660020986,True,0.08377120000000002,10.471400000000003,85.39689142857144,0.40802418577945454,0.7431089857794677,0.7431089857794677,18.890633288046576,K32_R2_edge
both_clean,71.35437317103742,71.39128128906458,True,0.08377120000000002,10.471400000000003,85.39689142857144,0.40538265472290824,0.7404674547229214,0.7404674547229214,17.442663791371956,K32_R2_edge
ecg_missing,63.367486131707125,63.357972544878564,True,0.08377120000000002,10.471400000000003,105.114,0.41447231670362306,0.7495571167215382,0.7495571167215382,19.919440550881525,K32_R2_local
both_clean,66.90968638008354,66.92737233742118,True,0.08377120000000002,10.471400000000003,85.39689142857144,0.4063956160539729,0.7414804160539861,0.7414804160539861,15.649366730544337,K32_R2_edge
both_clean,105.6122636437155,105.57667621258479,True,0.08377120000000002,10.471400000000003,85.39689142857144,0.4129700106272155,0.7480548106272287,0.7480548106272287,18.069162274202842,K32_R2_edge
ppg_degraded,75.03052197858956,78.07073951246906,True,0.08377120000000002,10.471400000000003,85.39689142857144,0.26800466173132653,0.6030894617313397,0.6030894617313397,16.283192120001555,K32_R2_edge
ecg_degraded,73.1518964756432,74.47055330914314,True,0.08377120000000002,10.471400000000003,85.39689142857144,0.3824336456356108,0.717518445635624,0.717518445635624,20.113946447857387,K32_R2_edge
both_degraded,86.67046714605046,86.98397367354438,True,0.08377120000000002,10.471400000000003,85.39689142857144,0.2316615403320429,0.5667463403320561,0.5667463403320561,15.63900274214884,K32_R2_edge
ppg_missing,89.84851140491034,89.86928104575163,True,0.08377120000000002,10.471400000000003,85.39689142857144,0.3930277316396331,0.7281125316396463,0.7281125316396463,17.3262691438625,K32_R2_edge
ecg_degraded,89.61659269566108,90.61263124993508,True,0.0958096,11.976199999999999,97.68598857142857,0.33197913400005813,0.7152175340004985,0.7152175340004985,19.33377535947716,K32_R8_edge
ecg_missing,55.085538033440834,55.08919202518363,True,0.08377120000000002,10.471400000000003,105.114,0.4146404337834111,0.7497252338013263,0.7497252338013263,17.25627679771164,K32_R2_local
ecg_missing,84.91415474208135,87.48674443266174,True,0.08377120000000002,10.471400000000003,85.39689142857144,0.4140342792976245,0.7491190792976377,0.7491190792976377,15.777000106453606,K32_R2_edge
ppg_degraded,94.15541599387853,96.19739163399841,True,0.08377120000000002,10.471400000000003,85.39689142857144,0.3046104940036516,0.6396952940036648,0.6396952940036648,16.222622430707503,K32_R2_edge
ppg_missing,97.73410196860698,99.69325153374236,True,0.08377120000000002,10.471400000000003,85.39689142857144,0.3833193900912587,0.7184041900912719,0.7184041900912719,16.75667831868589,K32_R2_edge
ppg_degraded,85.31205511636117,86.39409895324945,True,0.08377120000000002,10.471400000000003,85.39689142857144,0.3103553300422286,0.6454401300422418,0.6454401300422418,19.78509750453342,K32_R2_edge
both_clean,57.83438349407347,60.31386563065088,True,0.0958096,11.976199999999999,97.68598857142857,0.3525111803779995,0.7435887838660811,0.7357495803784398,7.994184439775486,K32_R8_edge
both_clean,55.02441943380674,96.051227321238,False,0.08377120000000002,10.471400000000003,85.39689142857144,-0.334936052753766,0.7447687453522083,0.00014874724624717542,6.99490711026582,K32_R2_edge
ppg_degraded,69.38322158634907,69.9601399593314,True,0.08377120000000002,10.471400000000003,85.39689142857144,0.3158086795820956,0.6508934795821087,0.6508934795821087,17.65248210379312,K32_R2_edge
ecg_missing,105.65352856795776,105.63380281690144,True,0.08377120000000002,10.471400000000003,105.114,0.4148777619487113,0.7499625619666265,0.7499625619666265,19.22280294640677,K32_R2_local
ppg_degraded,78.35705173000895,78.34479146445702,True,0.08377120000000002,10.471400000000003,85.39689142857144,0.3148892535348632,0.6499740535348764,0.6499740535348764,17.30006670999252,K32_R2_edge
ppg_missing,103.72843442885889,103.72340425531918,True,0.0958096,11.976199999999999,97.68598857142857,0.33330773782092565,0.716546137821366,0.716546137821366,18.025370300141606,K32_R8_edge
ecg_degraded,77.5804971966215,102.27605165678709,False,0.1198864,14.985800000000001,122.26418285714286,-0.4773625207534745,0.6633131977423515,0.0021831741415937822,6.324205349416142,K32_R20_edge
ecg_missing,95.30708639360762,95.26558891454967,True,0.08377120000000002,10.471400000000003,105.114,0.41405393470026075,0.7491387347181759,0.7491387347181759,20.404482905795202,K32_R2_local
ecg_missing,79.10763054137843,79.11392405063292,True,0.08377120000000002,10.471400000000003,105.114,0.4143580067124564,0.7494428067303716,0.7494428067303716,17.24276325753351,K32_R2_local
ppg_missing,92.52213568594303,92.48878923766816,True,0.08377120000000002,10.471400000000003,85.39689142857144,0.3811731552556811,0.7162579552556942,0.7162579552556942,17.587938969105895,K32_R2_edge
ecg_degraded,69.03075660003077,70.48380262913088,True,0.08377120000000002,10.471400000000003,85.39689142857144,0.32907671976394004,0.6641615197639532,0.6641615197639532,18.33306380635299,K32_R2_edge
ppg_degraded,103.39191581820222,103.48124881923873,True,0.08377120000000002,10.471400000000003,85.39689142857144,0.38863702164983194,0.7237218216498451,0.7237218216498451,17.987309977428996,K32_R2_edge
both_clean,65.94248412419499,65.93406593406593,True,0.08377120000000002,10.471400000000003,85.39689142857144,0.4082842414681004,0.7433690414681136,0.7433690414681136,18.205541817277364,K32_R2_edge
ecg_missing,50.37060972705669,50.39193729003359,True,0.08377120000000002,10.471400000000003,85.39689142857144,0.41480805863704573,0.7498928586370589,0.7498928586370589,18.489768434436115,K32_R2_edge
both_degraded,93.26994716701051,94.14238679583511,True,0.08377120000000002,10.471400000000003,85.39689142857144,0.19895112944404514,0.5340359294440583,0.5340359294440583,17.84222783766751,K32_R2_edge
ecg_degraded,90.59626779467477,79.7645719626272,False,0.0958096,11.976199999999999,97.68598857142857,-0.3816049593185108,0.6695907616486058,0.0016334406819295516,6.725425487444227,K32_R8_edge
ppg_degraded,89.41408699554063,105.51948051948055,False,0.1198864,14.985800000000001,122.26418285714286,-0.47908924449440704,0.628176638843578,0.0004564504006612895,6.245142666529463,K32_R20_edge
both_clean,91.2449001387996,92.19723232976256,True,0.08377120000000002,10.471400000000003,85.39689142857144,0.39764876621774936,0.7327335662177625,0.7327335662177625,17.097097000769367,K32_R2_edge
both_degraded,85.17585266110899,85.6460832463846,True,0.08377120000000002,10.471400000000003,85.39689142857144,0.14265574643108103,0.4777405464310942,0.4777405464310942,21.135170658804903,K32_R2_edge
ppg_missing,56.91673718471087,56.94143167028199,True,0.08377120000000002,10.471400000000003,85.39689142857144,0.4018607335941108,0.736945533594124,0.736945533594124,18.468332214800327,K32_R2_edge
ecg_degraded,90.15222334280308,90.16393442622952,True,0.08377120000000002,10.471400000000003,85.39689142857144,0.3308406721998748,0.665925472199888,0.665925472199888,15.42565308878309,K32_R2_edge
ppg_degraded,50.39591142684229,54.21497209884192,True,0.08377120000000002,10.471400000000003,85.39689142857144,0.3316007818863139,0.6666855818863271,0.6666855818863271,19.736807187745953,K32_R2_edge
both_clean,60.97057273728204,50.847457627118644,False,0.08377120000000002,10.471400000000003,85.39689142857144,-0.33508479881928477,0.7499575198481403,1.1807283836180968e-09,6.407443120282808,K32_R2_edge
both_degraded,75.25270431172089,79.92667656812897,True,0.08377120000000002,10.471400000000003,85.39689142857144,0.23032545146740935,0.5654102514674225,0.5654102514674225,19.812030644284988,K32_R2_edge
both_clean,72.70216282451928,74.04687445879354,True,0.08377120000000002,10.471400000000003,85.39689142857144,0.40355752020570557,0.7386423202057187,0.7386423202057187,15.533786235691093,K32_R2_edge
both_clean,57.13790974487105,57.12731229597389,True,0.08377120000000002,10.471400000000003,85.39689142857144,0.4099397552088574,0.7450245552088706,0.7450245552088706,18.876428612109866,K32_R2_edge
ppg_missing,75.61745624239325,75.67264573991032,True,0.08377120000000002,10.471400000000003,85.39689142857144,0.4004917299141214,0.7355765299141346,0.7355765299141346,18.437427814525538,K32_R2_edge
both_clean,87.41703461740053,87.9952830090949,True,0.08377120000000002,10.471400000000003,85.39689142857144,0.40116719478897434,0.7362519947889875,0.7362519947889875,17.427642842948877,K32_R2_edge
both_degraded,72.64780589194604,72.58168330882347,True,0.08377120000000002,10.471400000000003,85.39689142857144,0.3514446387277661,0.6865294387277793,0.6865294387277793,16.78144737328927,K32_R2_edge
ppg_degraded,92.50996899720255,94.34790760837373,True,0.08377120000000002,10.471400000000003,85.39689142857144,0.3604176214349035,0.6955024214349167,0.6955024214349167,16.08033418509218,K32_R2_edge
ppg_degraded,63.85532572269662,76.52201933958898,True,0.08377120000000002,10.471400000000003,85.39689142857144,0.2505020189608267,0.5855868189608399,0.5855868189608399,18.694930092000728,K32_R2_edge
both_clean,58.629516336255406,58.62654520414084,True,0.08377120000000002,10.471400000000003,85.39689142857144,0.4127734162793587,0.7478582162793719,0.7478582162793719,16.16453280177101,K32_R2_edge
ecg_missing,94.9339906693092,94.93670886075951,True,0.08377120000000002,10.471400000000003,105.114,0.41491458061724495,0.7499993806351601,0.7499993806351601,18.468834196132192,K32_R2_local
both_clean,90.12368778572329,90.16393442622952,True,0.08377120000000002,10.471400000000003,85.39689142857144,0.4012516588616366,0.7363364588616498,0.7363364588616498,17.724087344920832,K32_R2_edge
ecg_degraded,75.76224159768574,76.2948712355538,True,0.08377120000000002,10.471400000000003,85.39689142857144,0.33490270979146564,0.6699875097914788,0.6699875097914788,19.360215797510183,K32_R2_edge
both_degraded,58.20603708906278,117.02680311843457,True,0.08377120000000002,10.471400000000003,85.39689142857144,0.024062910695223316,0.3591477106952365,0.3591477106952365,18.501451226095746,K32_R2_edge
both_clean,89.82102435973863,83.87880636560645,False,0.08377120000000002,10.471400000000003,85.39689142857144,-0.33479335595058346,0.7398701133228602,0.0002914440494296903,7.044540227540734,K32_R2_edge
ppg_degraded,94.99734499557286,96.34412772432226,True,0.08377120000000002,10.471400000000003,85.39689142857144,0.28988992345990283,0.624974723459916,0.624974723459916,16.358866162626796,K32_R2_edge
ppg_missing,59.83655919246956,59.863169897377425,True,0.0958096,11.976199999999999,117.426,0.3577520256163933,0.7409904340622935,0.7409904340622935,17.84234184919847,K32_R8_local
both_degraded,91.35810421581104,92.03943084723934,True,0.08377120000000002,10.471400000000003,85.39689142857144,0.3240260100362321,0.6591108100362453,0.6591108100362453,17.668974625550536,K32_R2_edge
ppg_missing,71.33822518290715,73.36956521739131,True,0.08377120000000002,10.471400000000003,85.39689142857144,0.4008647532090589,0.7359495532090721,0.7359495532090721,19.37893796783778,K32_R2_edge
ecg_degraded,104.90711689338099,101.6230090025861,True,0.08377120000000002,10.471400000000003,85.39689142857144,0.30225519569709025,0.6373399956971034,0.6373399956971034,14.497460816700702,K32_R2_edge
ecg_missing,95.09238125650347,95.13742071881607,True,0.08377120000000002,10.471400000000003,105.114,0.413671043218256,0.7487558432361712,0.7487558432361712,20.818871028339313,K32_R2_local
ppg_degraded,66.42387021400378,77.77711426340473,True,0.08377120000000002,10.471400000000003,85.39689142857144,0.237718412108482,0.5728032121084952,0.5728032121084952,16.032115930172196,K32_R2_edge
both_degraded,106.28157917826825,106.30098157442393,True,0.08377120000000002,10.471400000000003,85.39689142857144,0.3710025975377367,0.7060873975377499,0.7060873975377499,17.538363154419546,K32_R2_edge
ppg_degraded,51.51396536627807,71.6929945364178,True,0.08377120000000002,10.471400000000003,85.39689142857144,0.20173938467272234,0.5368241846727355,0.5368241846727355,17.72181970442421,K32_R2_edge
both_clean,61.089440868703896,63.32775217128347,True,0.08377120000000002,10.471400000000003,85.39689142857144,0.4089695214031125,0.7440543214031257,0.7440543214031257,18.060264927745404,K32_R2_edge
ecg_missing,64.5141782688281,96.56652360515024,False,0.0958096,11.976199999999999,97.68598857142857,-0.3832371868986531,0.749621077132759,1.2131017872680604e-06,6.345811907348397,K32_R8_edge
ecg_degraded,93.92480500219305,93.88343604489164,True,0.1198864,14.985800000000001,122.26418285714286,0.14102860191262612,0.6205742969647388,0.6205742968076945,8.082955996556244,K32_R20_edge
both_clean,81.5700818300973,81.61044613710557,True,0.08377120000000002,10.471400000000003,85.39689142857144,0.3976489199236005,0.7327337199236137,0.7327337199236137,17.2317467806855,K32_R2_edge
ppg_missing,77.86252447364397,77.80082987551867,True,0.08377120000000002,10.471400000000003,85.39689142857144,0.39799095826965525,0.7330757582696684,0.7330757582696684,18.02498458600529,K32_R2_edge
ecg_degraded,63.35200032633101,84.78723877003506,True,0.0958096,11.976199999999999,97.68598857142857,0.13874086424544785,0.5219792642458883,0.5219792642458883,16.487397326259025,K32_R8_edge
ppg_missing,95.38802662157667,95.33898305084747,True,0.08377120000000002,10.471400000000003,85.39689142857144,0.3875428069912069,0.7226276069912201,0.7226276069912201,15.615375784663623,K32_R2_edge
both_degraded,57.026384483095576,100.34211514431283,True,0.0958096,11.976199999999999,97.68598857142857,0.02703387983891304,0.41027227983935344,0.41027227983935344,21.481504876379457,K32_R8_edge
ecg_degraded,64.84047322429134,77.52563187424053,True,0.08377120000000002,10.471400000000003,85.39689142857144,0.2528129294180579,0.5878977294180711,0.5878977294180711,20.666291295041933,K32_R2_edge
ppg_degraded,98.38161917449857,98.95472960897489,True,0.08377120000000002,10.471400000000003,85.39689142857144,0.36165929428667576,0.6967440942866889,0.6967440942866889,16.274300486176042,K32_R2_edge
both_clean,77.06284786796552,77.05479452054794,True,0.08377120000000002,10.471400000000003,85.39689142857144,0.4044858038768834,0.7395706038768965,0.7395706038768965,16.46754835517721,K32_R2_edge
both_degraded,102.60906419597654,104.27584156151038,True,0.1198864,14.985800000000001,122.26418285714286,0.03126474615724751,0.5475303027159764,0.5108104410523159,7.088919016315306,K32_R20_edge
both_clean,86.09984625393537,86.65451047011078,True,0.08377120000000002,10.471400000000003,85.39689142857144,0.4007087271126313,0.7357935271126445,0.7357935271126445,18.975124027887258,K32_R2_edge
ppg_degraded,97.37267881750293,97.4840088981794,True,0.08377120000000002,10.471400000000003,85.39689142857144,0.2890033957670918,0.624088195767105,0.624088195767105,19.360429309839933,K32_R2_edge
both_clean,61.244196375747265,62.534891493141565,True,0.08377120000000002,10.471400000000003,85.39689142857144,0.40395824929667146,0.7390430492966846,0.7390430492966846,19.47524204092479,K32_R2_edge
ecg_degraded,68.973312060588,92.02453987730063,False,0.0958096,11.976199999999999,97.68598857142857,-0.2940950304171592,0.6237398608850049,0.08914336958328119,7.118266247919065,K32_R8_edge
both_clean,72.60236310804096,73.92776756403592,True,0.08377120000000002,10.471400000000003,85.39689142857144,0.4028978962584039,0.7379826962584171,0.7379826962584171,17.0980732920641,K32_R2_edge
both_clean,79.65195235292208,80.63366624889126,True,0.08377120000000002,10.471400000000003,85.39689142857144,0.39962307960172194,0.7347078796017351,0.7347078796017351,16.76830139191662,K32_R2_edge
ppg_degraded,78.34802146865182,85.13931888544893,False,0.08377120000000002,10.471400000000003,85.39689142857144,-0.3349729883592669,0.7289475596523365,0.00011181164074623586,6.976407186779177,K32_R2_edge
both_clean,99.34796945494831,100.38500189157834,True,0.08377120000000002,10.471400000000003,85.39689142857144,0.39930710046493345,0.7343919004649466,0.7343919004649466,16.309558118167935,K32_R2_edge
ecg_degraded,60.39143191472256,73.35424670597506,True,0.08377120000000002,10.471400000000003,85.39689142857144,0.22056547661422699,0.5556502766142402,0.5556502766142402,16.904917639834196,K32_R2_edge
ecg_degraded,101.08915487777912,105.51948051948055,False,0.0958096,11.976199999999999,117.426,-0.3832381805016592,0.6740765614044294,2.2794424096632488e-07,6.284232811988991,K32_R8_local
ppg_degraded,103.34277764860458,104.01836101235581,True,0.08377120000000002,10.471400000000003,85.39689142857144,0.362106419564041,0.6971912195640542,0.6971912195640542,16.481931885180302,K32_R2_edge
ecg_degraded,54.53114213366586,71.61666943112438,True,0.08377120000000002,10.471400000000003,85.39689142857144,0.20148991564437757,0.5365747156443907,0.5365747156443907,19.259320877450847,K32_R2_edge
ecg_missing,50.56342217727094,50.561797752808985,True,0.08377120000000002,10.471400000000003,105.114,0.41470191731861417,0.7497867173365294,0.7497867173365294,17.422358401850804,K32_R2_local
both_clean,67.56517836917212,67.52960046570571,True,0.08377120000000002,10.471400000000003,85.39689142857144,0.4140767007198827,0.7491615007198958,0.7491615007198958,17.35449782719473,K32_R2_edge
both_clean,74.04468606569387,76.49196766216123,True,0.08377120000000002,10.471400000000003,85.39689142857144,0.4046427563653593,0.7397275563653725,0.7397275563653725,16.060297337608944,K32_R2_edge
ecg_degraded,108.22696440491043,108.7518397070042,True,0.08377120000000002,10.471400000000003,85.39689142857144,0.32625435435843564,0.6613391543584488,0.6613391543584488,20.903256647013922,K32_R2_edge
both_degraded,54.28451582320897,106.52581891424113,True,0.08377120000000002,10.471400000000003,85.39689142857144,0.07400023698483987,0.40908503698485305,0.40908503698485305,17.301080449764548,K32_R2_edge
ecg_degraded,96.87831591369809,99.27768417568888,False,0.0958096,11.976199999999999,117.426,-0.2679232628044333,0.7154742813131029,0.11531514564146687,7.136568194961284,K32_R8_local
both_degraded,78.52549721526373,81.78954449149252,True,0.0958096,11.976199999999999,117.426,0.05043651233351284,0.43367492077941305,0.43367492077941305,17.84844685955213,K32_R8_local
both_clean,57.792411486388076,59.162074984273914,True,0.08377120000000002,10.471400000000003,85.39689142857144,0.40555012892278,0.7406349289227931,0.7406349289227931,19.483020493619584,K32_R2_edge
both_degraded,71.9648185202395,77.06893862252421,True,0.08377120000000002,10.471400000000003,85.39689142857144,0.28498003960494034,0.6200648396049535,0.6200648396049535,18.017435385801182,K32_R2_edge
both_degraded,72.85408442485465,81.54489288036835,True,0.08377120000000002,10.471400000000003,85.39689142857144,0.26750342988086107,0.6025882298808742,0.6025882298808742,20.19687575497793,K32_R2_edge
ecg_missing,64.61435001812875,64.6551724137931,True,0.0958096,11.976199999999999,97.68598857142857,0.36663972967636466,0.749878129676805,0.749878129676805,19.197696219838726,K32_R8_edge
both_degraded,67.66182545143279,82.3238184935144,True,0.08377120000000002,10.471400000000003,85.39689142857144,0.08931902305494738,0.42440382305496055,0.42440382305496055,19.42582070591088,K32_R2_edge
ppg_missing,75.1951298721545,75.16703786191536,True,0.0958096,11.976199999999999,117.426,0.34758768530329354,0.7308260937491937,0.7308260937491937,18.589786491625066,K32_R8_local
both_clean,107.73568369488525,107.74886589245493,True,0.08377120000000002,10.471400000000003,85.39689142857144,0.39694216530027904,0.7320269653002922,0.7320269653002922,16.682975297517572,K32_R2_edge
ecg_degraded,77.53163413889499,77.55946225439503,True,0.0958096,11.976199999999999,97.68598857142857,-0.034504401291959794,0.67502563570353,0.3487339987084806,7.387270944614866,K32_R8_edge
both_clean,107.00810072673904,52.50875145857643,False,0.08377120000000002,10.471400000000003,85.39689142857144,-0.3350033664931059,0.7332698700124218,8.143350690726611e-05,6.954324618207524,K32_R2_edge
both_clean,51.83192429501333,52.75401431240789,True,0.08377120000000002,10.471400000000003,85.39689142857144,0.4067330292125899,0.7418178292126031,0.7418178292126031,16.705510326943593,K32_R2_edge
both_degraded,53.96661551439317,103.98690573156944,True,0.08377120000000002,10.471400000000003,105.114,-0.015938656009259873,0.3191461440086553,0.3191461440086553,17.94558696419243,K32_R2_local
ppg_missing,51.66895437183616,51.66475315729047,True,0.08377120000000002,10.471400000000003,85.39689142857144,0.4054570118368659,0.7405418118368791,0.7405418118368791,19.28619700277632,K32_R2_edge
ppg_missing,89.95667829574126,91.93054136874362,True,0.08377120000000002,10.471400000000003,85.39689142857144,0.3898009993828775,0.7248857993828907,0.7248857993828907,18.300972186001882,K32_R2_edge
ppg_degraded,63.21396146682771,78.30322412438642,True,0.0958096,11.976199999999999,97.68598857142857,0.143741010029813,0.5269794100302534,0.5269794100302534,18.096310557500278,K32_R8_edge
ppg_missing,84.58521087758291,77.82151800136421,False,0.0958096,11.976199999999999,117.426,-0.3832378969431436,0.7310810849838996,5.115027566185969e-07,6.312271366411141,K32_R8_local
both_clean,97.72196813632547,97.71986970684041,True,0.08377120000000002,10.471400000000003,85.39689142857144,0.40033787450428204,0.7354226745042952,0.7354226745042952,19.398805476632457,K32_R2_edge
ecg_missing,69.90883511951023,69.94818652849742,True,0.08377120000000002,10.471400000000003,85.39689142857144,0.41444523504936537,0.7495300350493785,0.7495300350493785,16.53353725239589,K32_R2_edge
ppg_missing,64.7406495625452,64.72491909385113,True,0.08377120000000002,10.471400000000003,85.39689142857144,0.4016640382264234,0.7367488382264366,0.7367488382264366,20.191005070792187,K32_R2_edge
both_clean,93.5245152284345,94.52174318602407,True,0.08377120000000002,10.471400000000003,85.39689142857144,0.39753524110787086,0.732730759526571,0.732620041107884,9.823598290304655,K32_R2_edge
ecg_missing,78.55386759797422,78.57974388824215,True,0.0958096,11.976199999999999,117.426,0.25834000315623584,0.7492987457238633,0.641578411602136,7.650848750729798,K32_R8_local
both_degraded,58.952608762958036,91.89383121325149,True,0.08377120000000002,10.471400000000003,85.39689142857144,0.13557769157117627,0.47066249157118945,0.47066249157118945,19.897827783999634,K32_R2_edge
both_clean,55.24670704818132,57.60036085934812,True,0.08377120000000002,10.471400000000003,85.39689142857144,0.4093927727336296,0.7444775727336428,0.7444775727336428,15.568483929714516,K32_R2_edge
ppg_missing,94.23005006836524,96.25668449197863,True,0.08377120000000002,10.471400000000003,85.39689142857144,0.38678345853253693,0.7218682585325501,0.7218682585325501,20.128240017114308,K32_R2_edge
ppg_missing,101.6247400927355,101.5801354401806,True,0.08377120000000002,10.471400000000003,85.39689142857144,0.3882210759936304,0.7233058759936436,0.7233058759936436,17.600524595019976,K32_R2_edge
ecg_missing,103.42172469701077,92.02453987730063,False,0.08377120000000002,10.471400000000003,105.114,-0.3350848000142798,0.7489704406304633,3.635367984545697e-12,6.210911989549491,K32_R2_local
ppg_missing,80.60534044908222,83.58662613981764,True,0.08377120000000002,10.471400000000003,85.39689142857144,0.41030738202073025,0.7453921820207434,0.7453921820207434,17.92963527889327,K32_R2_edge
ppg_missing,59.20727398187883,62.24066390041494,True,0.08377120000000002,10.471400000000003,85.39689142857144,0.40408742154721855,0.7391722215472317,0.7391722215472317,17.289679231614887,K32_R2_edge
ppg_missing,63.53944473670868,96.051227321238,False,0.1198864,14.985800000000001,122.26418285714286,-0.47954564068385,0.7490951311737397,5.421121828333221e-08,5.904368177264806,K32_R20_edge
ecg_degraded,77.21143334125611,84.74227547166348,True,0.08377120000000002,10.471400000000003,85.39689142857144,0.2618254938384127,0.5969102938384259,0.5969102938384259,15.884688583852343,K32_R2_edge
both_clean,101.11144241633681,101.12359550561801,True,0.08377120000000002,10.471400000000003,85.39689142857144,0.3968473615420367,0.7319321615420499,0.7319321615420499,18.649667755051706,K32_R2_edge
both_degraded,89.01184513011611,92.11042011613105,True,0.08377120000000002,10.471400000000003,85.39689142857144,0.22264832962530234,0.5577331296253155,0.5577331296253155,16.74919552824384,K32_R2_edge
both_clean,66.45241741719946,85.93766159458177,False,0.0958096,11.976199999999999,117.426,-0.381069256255166,0.7427230169214571,0.0021691521907341634,6.737993625268877,K32_R8_local
ppg_degraded,95.35631849343076,72.80482828633143,False,0.1198864,14.985800000000001,122.26418285714286,-0.004831773358424379,0.6943091711572068,0.474713921536644,6.89462974689161,K32_R20_edge
both_clean,76.12641051923661,76.09921082299886,True,0.08377120000000002,10.471400000000003,85.39689142857144,0.40730431086286356,0.7423891108628767,0.7423891108628767,17.64898186183636,K32_R2_edge
ecg_degraded,108.96583671164993,108.9939338736639,True,0.0958096,11.976199999999999,117.426,0.33404697386481563,0.7172853823107158,0.7172853823107158,16.74728590659045,K32_R8_local
both_clean,75.72362824908832,78.00471643089102,True,0.08377120000000002,10.471400000000003,85.39689142857144,0.41231979408140196,0.7474045940814151,0.7474045940814151,19.578311242550463,K32_R2_edge
ppg_degraded,100.23178093421276,100.27069447357694,True,0.08377120000000002,10.471400000000003,85.39689142857144,0.3929296385933023,0.7280144385933155,0.7280144385933155,15.47594982787558,K32_R2_edge
ecg_missing,50.87249788166116,50.847457627118644,True,0.0958096,11.976199999999999,117.426,-0.02080322008664857,0.7497252965662746,0.36243518835925165,7.366488053766689,K32_R8_local
both_degraded,93.09327590559009,93.16770186335405,True,0.08377120000000002,10.471400000000003,85.39689142857144,0.3488537102408322,0.6839385102408454,0.6839385102408454,20.046678102608787,K32_R2_edge
ppg_missing,73.90870656709473,73.93209200438116,True,0.08377120000000002,10.471400000000003,85.39689142857144,0.39479841587361,0.7298832158736231,0.7298832158736231,21.36660940817776,K32_R2_edge
ppg_missing,79.94055847939009,79.95735607675907,True,0.08377120000000002,10.471400000000003,85.39689142857144,0.39532468674356813,0.7304094867435813,0.7304094867435813,18.541588834174107,K32_R2_edge
ecg_missing,61.92954802193473,64.51612903225806,True,0.08377120000000002,10.471400000000003,85.39689142857144,0.41435180945360606,0.7494366094536192,0.7494366094536192,19.781984794876138,K32_R2_edge
ppg_degraded,105.77069082361933,105.69080400878191,True,0.0958096,11.976199999999999,97.68598857142857,0.3357881001190382,0.7190265001194786,0.7190265001194786,18.717100859797952,K32_R8_edge
ppg_degraded,61.978700802871245,71.08686209336142,False,0.0958096,11.976199999999999,97.68598857142857,-0.2676722827430232,0.5837262098023446,0.11556611725741715,7.169948435536725,K32_R8_edge
ppg_missing,83.69520224450861,83.70535714285715,True,0.08377120000000002,10.471400000000003,85.39689142857144,0.39272239568938605,0.7278071956893992,0.7278071956893992,17.989483106812486,K32_R2_edge
ecg_missing,85.84073741460818,85.81235697940504,True,0.08377120000000002,10.471400000000003,85.39689142857144,0.4141684836836469,0.7492532836836601,0.7492532836836601,19.735663216822566,K32_R2_edge
ecg_missing,101.5066056379707,101.56250000000003,True,0.0958096,11.976199999999999,97.68598857142857,-0.13715815120332636,0.7485680522824594,0.24608024879711404,7.26754044130119,K32_R8_edge
both_degraded,77.9999923811366,77.83639295607863,True,0.08377120000000002,10.471400000000003,85.39689142857144,0.2845653962904604,0.6196501962904736,0.6196501962904736,19.246532520956407,K32_R2_edge
both_clean,99.79347686965693,99.77827050997786,True,0.08377120000000002,10.471400000000003,85.39689142857144,0.4000629280751967,0.7351477280752099,0.7351477280752099,16.997093797061936,K32_R2_edge
both_degraded,81.43379385361428,83.89782405095785,True,0.08377120000000002,10.471400000000003,85.39689142857144,0.23161079547175456,0.5666955954717677,0.5666955954717677,17.6208503917438,K32_R2_edge
ecg_missing,107.38007956535714,107.37885462555063,True,0.1198864,14.985800000000001,122.26418285714286,0.269245381276441,0.7487910761715093,0.7487910761715093,18.07884269392883,K32_R20_edge
both_degraded,92.99647002393613,92.97241357172078,True,0.08377120000000002,10.471400000000003,85.39689142857144,0.3715664393663848,0.706651239366398,0.706651239366398,16.725124065341483,K32_R2_edge
ecg_missing,104.72631565904092,104.77299185098954,True,0.0958096,11.976199999999999,97.68598857142857,0.36554118145043807,0.7487795814508784,0.7487795814508784,18.5056707081017,K32_R8_edge
both_clean,106.54163193851926,76.64677116422574,False,0.0958096,11.976199999999999,97.68598857142857,-0.12635949437100336,0.7326323566506857,0.25687890562943705,7.282116411899745,K32_R8_edge
ecg_missing,98.13476937908352,98.14612868047985,True,0.08377120000000002,10.471400000000003,105.114,0.41380806029049144,0.7488928603084066,0.7488928603084066,18.16643597717256,K32_R2_local
both_clean,57.3420527957304,57.34590161600832,True,0.08377120000000002,10.471400000000003,85.39689142857144,0.41033523456412513,0.7454200345641383,0.7454200345641383,18.11491427549526,K32_R2_edge
both_degraded,57.46571589406096,96.051227321238,False,0.1198864,14.985800000000001,122.26418285714286,-0.4696958262891038,0.43534605734866527,0.009849868605964558,6.447279076308315,K32_R20_edge
ecg_missing,86.97450501782308,86.93361433087462,True,0.08377120000000002,10.471400000000003,85.39689142857144,0.41394555460166005,0.7490303546016732,0.7490303546016732,17.0043807197399,K32_R2_edge
ecg_missing,66.27240096571796,69.04487917146145,True,0.08377120000000002,10.471400000000003,105.114,0.41451585347731856,0.7496006534952337,0.7496006534952337,19.166375477286834,K32_R2_local
ecg_missing,73.10913945357635,73.17073170731707,True,0.1198864,14.985800000000001,142.05,0.26793959585888355,0.7493457121171981,0.7493457105951555,8.006657923901388,K32_R20_local
ecg_missing,60.42969059741765,60.41426927502877,True,0.08377120000000002,10.471400000000003,85.39689142857144,0.41467143265824336,0.7497562326582565,0.7497562326582565,18.442404715349717,K32_R2_edge
both_clean,95.73029978362325,95.72580652821641,True,0.0958096,11.976199999999999,117.426,0.35150762734739127,0.7347667632579005,0.7347460357932915,8.515289425032861,K32_R8_local
ecg_degraded,101.26986221873283,101.27728414821708,True,0.0958096,11.976199999999999,117.426,0.2442998332883805,0.6275382417342807,0.6275382417342807,17.30255724137985,K32_R8_local
ecg_degraded,57.96827762385729,79.29314678849683,True,0.08377120000000002,10.471400000000003,85.39689142857144,0.19252475258168145,0.5276095525816946,0.5276095525816946,16.658182390643912,K32_R2_edge
ecg_degraded,81.01009620584207,80.99352051835854,True,0.0958096,11.976199999999999,117.426,-0.07960799113815818,0.720979446270374,0.30363041730774204,7.327454685586344,K32_R8_local
ecg_missing,73.70077579985522,73.68995633187772,True,0.0958096,11.976199999999999,97.68598857142857,0.3662130217929423,0.7494514217933826,0.7494514217933826,17.092366337632047,K32_R8_edge
ppg_missing,97.400919078848,97.40259740259742,True,0.08377120000000002,10.471400000000003,85.39689142857144,0.4149069222524139,0.749991722252427,0.749991722252427,17.780575409453178,K32_R2_edge
ppg_degraded,77.89953801052863,78.44282017440938,True,0.08377120000000002,10.471400000000003,85.39689142857144,0.3024910621081772,0.6375758621081904,0.6375758621081904,17.98709151496502,K32_R2_edge
ecg_degraded,93.84854294889037,94.36781330194071,True,0.08377120000000002,10.471400000000003,85.39689142857144,0.3812904318597632,0.7163752318597764,0.7163752318597764,19.442525009996064,K32_R2_edge
ecg_degraded,83.96623259476442,83.93599919396506,True,0.08377120000000002,10.471400000000003,85.39689142857144,0.36487621596406394,0.6999610159640771,0.6999610159640771,18.622598383202202,K32_R2_edge
ppg_missing,108.69488684117286,108.69565217391307,True,0.08377120000000002,10.471400000000003,85.39689142857144,0.41491349144980594,0.7499982914498191,0.7499982914498191,21.097372639807,K32_R2_edge
ecg_degraded,75.17798455687682,76.70202950321705,True,0.08377120000000002,10.471400000000003,85.39689142857144,0.3800073539303882,0.7150921539304014,0.7150921539304014,14.597112195703914,K32_R2_edge
both_clean,109.26025217960436,109.82213088994972,True,0.08377120000000002,10.471400000000003,85.39689142857144,0.3947271711451761,0.7298119711451893,0.7298119711451893,18.499504389614106,K32_R2_edge
ecg_degraded,74.9263149975881,74.91675915649279,True,0.08377120000000002,10.471400000000003,85.39689142857144,0.38791825226060384,0.723003052260617,0.723003052260617,17.32178864265955,K32_R2_edge
both_degraded,60.960119083448525,121.28951197879206,True,0.0958096,11.976199999999999,97.68598857142857,0.020057946767181374,0.40329634676762177,0.40329634676762177,18.022765138257057,K32_R8_edge
both_degraded,96.9248636262446,98.6392128479445,True,0.08377120000000002,10.471400000000003,85.39689142857144,0.2878731739893371,0.6229579739893503,0.6229579739893503,16.50237971959863,K32_R2_edge
ecg_missing,66.30314014118953,102.27605165678709,False,0.08377120000000002,10.471400000000003,85.39689142857144,-0.33508480000001317,0.749532118257281,2.6780872342991936e-21,5.692244800532443,K32_R2_edge
ppg_degraded,83.94528385010335,84.52810421004486,True,0.08377120000000002,10.471400000000003,85.39689142857144,0.31607019981036666,0.6511549998103798,0.6511549998103798,17.731877674655202,K32_R2_edge
both_degraded,88.7609047934796,88.87835294309755,True,0.08377120000000002,10.471400000000003,85.39689142857144,0.28677033628583604,0.6218551362858492,0.6218551362858492,18.375112264871277,K32_R2_edge
ecg_degraded,61.98063548918059,79.77183572229752,True,0.08377120000000002,10.471400000000003,105.114,0.18035018797839353,0.5154349879963087,0.5154349879963087,18.582709188655993,K32_R2_local
ppg_degraded,52.06441614068147,64.29166694475374,True,0.08377120000000002,10.471400000000003,85.39689142857144,0.29281210069136643,0.6278969006913796,0.6278969006913796,17.495307522761365,K32_R2_edge
ecg_degraded,109.22200061359746,109.261186264308,True,0.08377120000000002,10.471400000000003,85.39689142857144,0.3804558471451783,0.7155406471451915,0.7155406471451915,18.420729327536506,K32_R2_edge
ppg_missing,99.04340858467438,90.26258205689278,False,0.0958096,11.976199999999999,117.426,-0.3832384084459002,0.7209744726273236,6.502465086316195e-20,5.546436972521931,K32_R8_local
ppg_missing,57.42231529756862,57.4398249452954,True,0.08377120000000002,10.471400000000003,85.39689142857144,0.40327994714817017,0.7383647471481833,0.7383647471481833,15.036166580230283,K32_R2_edge
both_degraded,100.87816580738951,101.88123589222032,True,0.08377120000000002,10.471400000000003,85.39689142857144,0.1785580002229451,0.5136428002229583,0.5136428002229583,17.47552182688795,K32_R2_edge
both_clean,65.48781210509654,66.08052560344245,True,0.08377120000000002,10.471400000000003,85.39689142857144,0.4075380342773153,0.7426228342773284,0.7426228342773284,17.8169414525579,K32_R2_edge
ecg_degraded,64.83708442329956,100.05602797766052,False,0.0958096,11.976199999999999,117.426,-0.38300497392154037,0.5381395178328057,0.00023343452435980788,6.615915070273143,K32_R8_local
ecg_degraded,96.35698102298974,96.4043026528414,True,0.08377120000000002,10.471400000000003,85.39689142857144,0.3357935808423357,0.6708783808423489,0.6708783808423489,21.773012216479657,K32_R2_edge
ppg_degraded,95.44172074142733,95.44008483563098,True,0.08377120000000002,10.471400000000003,85.39689142857144,0.3883770223809686,0.7234618223809818,0.7234618223809818,17.212872060851563,K32_R2_edge
ppg_degraded,100.75744063592245,101.31285832882018,True,0.08377120000000002,10.471400000000003,85.39689142857144,0.3582790960391786,0.6933638960391918,0.6933638960391918,18.23996836984707,K32_R2_edge
ecg_missing,58.19912047319953,58.2039911308204,True,0.08377120000000002,10.471400000000003,105.114,0.41459593092183145,0.7496807309397466,0.7496807309397466,18.975963448976835,K32_R2_local
ecg_missing,94.85517051350513,58.52842809364549,False,0.08377120000000002,10.471400000000003,105.114,-0.3350640818318567,0.7487922657115588,2.0718186058476355e-05,6.865416402379188,K32_R2_local
ecg_degraded,78.18943245639237,83.05028647415959,True,0.08377120000000002,10.471400000000003,85.39689142857144,0.2760852767247418,0.611170076724755,0.611170076724755,16.191371433301025,K32_R2_edge
ppg_degraded,69.55300448764314,92.02453987730063,False,0.0958096,11.976199999999999,97.68598857142857,-0.37567422802532624,0.6528264170057307,0.007564171975114098,6.8440770911451265,K32_R8_edge
ppg_degraded,94.05817265293445,94.11133903259523,True,0.08377120000000002,10.471400000000003,85.39689142857144,0.3924683892952513,0.7275531892952645,0.7275531892952645,15.697887848278585,K32_R2_edge
ecg_degraded,100.70858485749208,100.69368079564364,True,0.08377120000000002,10.471400000000003,85.39689142857144,0.33732345600305724,0.6724082560030704,0.6724082560030704,17.31293799853686,K32_R2_edge
both_degraded,69.34764545379036,75.20056079264792,True,0.08377120000000002,10.471400000000003,85.39689142857144,0.21434827860998984,0.549433078610003,0.549433078610003,17.966423904132057,K32_R2_edge
ecg_degraded,59.28869339962772,73.45879008879766,True,0.08377120000000002,10.471400000000003,85.39689142857144,0.19564164278144536,0.5307264427814585,0.5307264427814585,17.94410018992114,K32_R2_edge
ppg_missing,109.50108310003328,109.60334029227556,True,0.08377120000000002,10.471400000000003,85.39689142857144,0.36960643222065626,0.7046912322206694,0.7046912322206694,16.492345394203642,K32_R2_edge
both_degraded,105.15139935427389,71.31537021314826,False,0.1198864,14.985800000000001,122.26418285714286,-0.40125511334240604,0.569150070031358,0.07829058155266226,6.6077190190588935,K32_R20_edge
ecg_degraded,67.39046898896224,99.27768417568888,False,0.0958096,11.976199999999999,97.68598857142857,-0.38323824692779634,0.6191149779607009,1.5307264403164035e-07,6.272434765074416,K32_R8_edge
ppg_missing,98.8648584799799,98.79253567508235,True,0.0958096,11.976199999999999,97.68598857142857,0.3412962155968409,0.7245346155972813,0.7245346155972813,18.03959871935643,K32_R8_edge
both_degraded,55.38159333298319,111.1467945862705,True,0.0958096,11.976199999999999,117.426,-0.010661281775009506,0.3725771266708907,0.3725771266708907,21.025707732883394,K32_R8_local
ecg_missing,104.75275444721927,104.7261009667025,True,0.08377120000000002,10.471400000000003,105.114,0.4136243990323454,0.7487091990502606,0.7487091990502606,17.60320808147671,K32_R2_local
ppg_missing,96.47913411590022,96.4630225080386,True,0.08377120000000002,10.471400000000003,85.39689142857144,0.38586294497235263,0.7209477449723658,0.7209477449723658,15.111710867619944,K32_R2_edge
both_clean,61.81178688563159,62.82735803635126,True,0.08377120000000002,10.471400000000003,85.39689142857144,0.4063503637282988,0.741435163728312,0.741435163728312,15.959003092521003,K32_R2_edge
ppg_degraded,67.74123481986194,69.223505249955,True,0.08377120000000002,10.471400000000003,85.39689142857144,0.370856943871576,0.7059417438715891,0.7059417438715891,20.143107522189148,K32_R2_edge
ppg_degraded,85.73329129045996,92.97241357172078,False,0.08377120000000002,10.471400000000003,85.39689142857144,-0.18043529867884528,0.6083049062573758,0.1546495013211679,7.877103750133906,K32_R2_edge
ecg_missing,71.34545985388358,74.01315789473685,True,0.08377120000000002,10.471400000000003,85.39689142857144,0.4143826873691083,0.7494674873691215,0.7494674873691215,17.462958170441198,K32_R2_edge
both_clean,94.17402895684728,94.16051110173677,True,0.08377120000000002,10.471400000000003,85.39689142857144,0.4002357119335124,0.7353205119335255,0.7353205119335255,16.779069481518487,K32_R2_edge
both_degraded,85.54177216063962,88.69060963343124,True,0.08377120000000002,10.471400000000003,85.39689142857144,0.2014245465525768,0.53650934655259,0.53650934655259,17.531998347425695,K32_R2_edge
ppg_missing,62.421719154079376,62.425683709869205,True,0.08377120000000002,10.471400000000003,85.39689142857144,0.4037990041814591,0.7388838041814723,0.7388838041814723,22.215828367518533,K32_R2_edge
ecg_degraded,86.60657059303853,87.01062633823122,True,0.08377120000000002,10.471400000000003,85.39689142857144,0.2848902911049934,0.6199750911050066,0.6199750911050066,16.500695129939206,K32_R2_edge
ppg_degraded,50.84354510893471,68.2750204319324,True,0.08377120000000002,10.471400000000003,85.39689142857144,0.19924269538086026,0.5343274953808734,0.5343274953808734,16.64670585318215,K32_R2_edge
both_clean,56.704868918182655,56.685201404473865,True,0.08377120000000002,10.471400000000003,85.39689142857144,0.4099418136382975,0.7450266136383107,0.7450266136383107,18.60643341229209,K32_R2_edge
ecg_missing,59.6724690263991,62.1761658031088,True,0.0958096,11.976199999999999,117.426,0.3663930100668965,0.7496314185127967,0.7496314185127967,18.11024793358051,K32_R8_local
both_degraded,71.22066272116484,76.45598172246001,True,0.08377120000000002,10.471400000000003,85.39689142857144,0.21902941961701994,0.5541142196170331,0.5541142196170331,17.989117113881964,K32_R2_edge
both_degraded,50.71458430046107,95.72514243695926,True,0.0958096,11.976199999999999,97.68598857142857,0.05557351825863384,0.43881191825907423,0.43881191825907423,16.960285246045743,K32_R8_edge
ppg_missing,105.7944514198207,105.74837310195232,True,0.08377120000000002,10.471400000000003,85.39689142857144,0.3868041507281349,0.7218889507281481,0.7218889507281481,15.659870493016326,K32_R2_edge
ppg_degraded,64.37053732833569,78.04912402311778,True,0.08377120000000002,10.471400000000003,85.39689142857144,0.22521813048504036,0.5603029304850535,0.5603029304850535,19.163158244555472,K32_R2_edge
both_clean,66.23831302670341,66.2621336015335,True,0.08377120000000002,10.471400000000003,85.39689142857144,0.406697443296553,0.7417822432965662,0.7417822432965662,16.97233770945509,K32_R2_edge
ecg_missing,72.53853954231525,75.25083612040133,True,0.08377120000000002,10.471400000000003,105.114,0.41442392695290653,0.7495087269708217,0.7495087269708217,19.015952579894723,K32_R2_local
ecg_degraded,106.44432294370651,106.8577464223979,True,0.08377120000000002,10.471400000000003,85.39689142857144,0.2863708277419612,0.6214556277419744,0.6214556277419744,18.35123629885371,K32_R2_edge
ecg_missing,71.10915974888229,71.09004739336493,True,0.08377120000000002,10.471400000000003,105.114,0.41445756249477295,0.7495423625126881,0.7495423625126881,17.858108562524784,K32_R2_local
ppg_degraded,75.86797137227583,76.55502883732373,True,0.08377120000000002,10.471400000000003,85.39689142857144,0.36295223977462243,0.6980370397746356,0.6980370397746356,17.450625854423123,K32_R2_edge
both_degraded,67.91043635014691,82.6891032444589,True,0.0958096,11.976199999999999,117.426,0.019931213790978525,0.40316962223687874,0.40316962223687874,16.101999296077864,K32_R8_local
ppg_missing,108.57470210310763,108.58324715615306,True,0.08377120000000002,10.471400000000003,85.39689142857144,0.3791447638351195,0.7142295638351327,0.7142295638351327,17.053573360352722,K32_R2_edge
both_clean,71.89143349203502,71.8849840255591,True,0.08377120000000002,10.471400000000003,85.39689142857144,0.40776223245014076,0.7428470324501539,0.7428470324501539,19.727535949487617,K32_R2_edge
ppg_missing,55.012245259377906,55.012224938875306,True,0.08377120000000002,10.471400000000003,85.39689142857144,0.4054876659688196,0.7405724659688327,0.7405724659688327,18.542864745063877,K32_R2_edge
both_clean,89.47894365434459,88.28307576165915,False,0.0958096,11.976199999999999,97.68598857142857,-0.3535517188155117,0.7321196215785867,0.029686681184928673,6.961877738543607,K32_R8_edge
both_clean,92.99629524292858,74.33920704845815,False,0.08377120000000002,10.471400000000003,85.39689142857144,-0.33508480000001317,0.7329394994240154,1.401265186811325e-28,5.3915974990778714,K32_R2_edge
ecg_degraded,72.33446145170113,72.37419368862179,True,0.08377120000000002,10.471400000000003,85.39689142857144,0.2923939888055457,0.6274787888055589,0.6274787888055589,20.212967165005402,K32_R2_edge
both_clean,62.68310932699325,62.69592476489029,True,0.08377120000000002,10.471400000000003,85.39689142857144,0.40826041224850906,0.7433452122485222,0.7433452122485222,17.78745947277519,K32_R2_edge
ecg_degraded,74.55508707101468,74.50331125827815,True,0.08377120000000002,10.471400000000003,85.39689142857144,0.3866038858287332,0.7216886858287463,0.7216886858287463,15.948349324075917,K32_R2_edge
ppg_degraded,76.34409263074183,76.92585643249512,True,0.08377120000000002,10.471400000000003,85.39689142857144,0.3946275986530876,0.7297123986531008,0.7297123986531008,19.033134999049576,K32_R2_edge
ecg_missing,109.71798820327166,76.89006596054072,False,0.0958096,11.976199999999999,117.426,-0.3832384084456144,0.7486555417685548,2.8575035666888814e-13,5.871564502196934,K32_R8_local
ecg_degraded,101.50611953325124,101.45681581685747,True,0.08377120000000002,10.471400000000003,85.39689142857144,0.2871328960220092,0.6222176960220224,0.6222176960220224,17.4627333459454,K32_R2_edge
ppg_degraded,87.25453390519708,87.2214432539821,True,0.08377120000000002,10.471400000000003,85.39689142857144,0.31229255785160337,0.6473773578516165,0.6473773578516165,17.71070492544001,K32_R2_edge
both_degraded,61.63507687209528,117.46487736975219,True,0.0958096,11.976199999999999,117.426,-0.02713618729451565,0.35610222115138457,0.35610222115138457,17.84163461431271,K32_R8_local
both_degraded,91.27487128334204,92.61334218747152,True,0.08377120000000002,10.471400000000003,85.39689142857144,0.32219665886655235,0.6572814588665655,0.6572814588665655,18.768689081512466,K32_R2_edge
both_degraded,95.5399401369238,95.46467385694939,True,0.08377120000000002,10.471400000000003,85.39689142857144,0.28761245803071256,0.6226972580307257,0.6226972580307257,18.041712851846277,K32_R2_edge
ppg_missing,54.523324321660866,54.54545454545454,True,0.08377120000000002,10.471400000000003,85.39689142857144,0.4050377150796204,0.7401225150796336,0.7401225150796336,18.944548172411714,K32_R2_edge
both_degraded,72.76919100212942,72.7812986165287,True,0.08377120000000002,10.471400000000003,85.39689142857144,0.3288170100274893,0.6639018100275025,0.6639018100275025,17.85025749451271,K32_R2_edge
both_clean,69.61086785274853,63.89776357827476,False,0.0958096,11.976199999999999,97.68598857142857,-0.35465821150116755,0.7413889235333998,0.028580188499272796,6.9565668719532825,K32_R8_edge
ecg_degraded,84.225879356688,86.40019550131898,True,0.08377120000000002,10.471400000000003,85.39689142857144,0.3338735944640209,0.668958394464034,0.668958394464034,19.926972831428703,K32_R2_edge
both_clean,89.18319310209728,95.72514243695926,False,0.0958096,11.976199999999999,117.426,0.075980127845527,0.7324749776601838,0.4592185362914272,7.4584479434607465,K32_R8_local
ppg_degraded,60.88326730330168,72.4832452553366,True,0.08377120000000002,10.471400000000003,85.39689142857144,0.2649462879426343,0.6000310879426475,0.6000310879426475,17.607163203746214,K32_R2_edge
ecg_degraded,78.17956616682287,104.27584156151038,False,0.0958096,11.976199999999999,117.426,-0.1784408824342979,0.6277116255658047,0.20479752601160234,7.265872548767532,K32_R8_local
ecg_missing,109.53007319215368,104.27584156151038,False,0.1198864,14.985800000000001,122.26418285714286,-0.47953303440279066,0.7485236282375523,1.2660492277687399e-05,6.085044911037317,K32_R20_edge
both_degraded,50.95115835364245,98.88237107623966,True,0.0958096,11.976199999999999,97.68598857142857,-0.03590224928826534,0.34733615071217505,0.34733615071217505,18.93453143834611,K32_R8_edge
ppg_missing,72.25961670974222,72.26980728051392,True,0.1198864,14.985800000000001,142.05,0.2400199808238648,0.7309179469833379,0.7214260955601368,7.231840728909402,K32_R20_local
ppg_degraded,70.0587478313783,71.65350049998368,True,0.08377120000000002,10.471400000000003,85.39689142857144,0.37300881634771976,0.7080936163477329,0.7080936163477329,19.24717155331598,K32_R2_edge
ecg_missing,74.33498120135297,74.33920704845815,True,0.08377120000000002,10.471400000000003,105.114,0.4142671746172807,0.7493519746351959,0.7493519746351959,17.628140761204822,K32_R2_local
ecg_degraded,102.15162293148089,102.09424083769636,True,0.08377120000000002,10.471400000000003,85.39689142857144,0.29227175649815107,0.6273565564981642,0.6273565564981642,19.563157655222913,K32_R2_edge
ppg_degraded,76.29830229796843,95.72580652821641,False,0.0958096,11.976199999999999,117.426,-0.3773636309500181,0.728046386266952,0.005874777495882037,6.814309574741947,K32_R8_local
ppg_missing,102.98468008975986,102.9567053854277,True,0.08377120000000002,10.471400000000003,85.39689142857144,0.38374797561463414,0.7188327756146473,0.7188327756146473,17.26295598522196,K32_R2_edge
ppg_missing,84.53239058181433,86.56873032528857,True,0.0958096,11.976199999999999,117.426,0.3453430696472817,0.7285814780931819,0.7285814780931819,17.455773412008227,K32_R8_local
ecg_missing,75.47706169607801,75.41899441340782,True,0.08377120000000002,10.471400000000003,105.114,0.41434445066063597,0.7494292506785512,0.7494292506785512,21.447283560865337,K32_R2_local
ecg_missing,65.13818525946475,65.14657980456026,True,0.08377120000000002,10.471400000000003,85.39689142857144,0.4144560238212984,0.7495408238213116,0.7495408238213116,20.33852284454583,K32_R2_edge
both_clean,99.41683131929783,99.9413070154545,True,0.08377120000000002,10.471400000000003,85.39689142857144,0.39830878039347595,0.7333935803934891,0.7333935803934891,15.953388258289499,K32_R2_edge
both_degraded,88.6520310801965,88.61439312567134,True,0.08377120000000002,10.471400000000003,85.39689142857144,0.3244365209310832,0.6595213209310964,0.6595213209310964,17.749037913987816,K32_R2_edge
both_degraded,62.733564192929556,118.8089420664572,True,0.08377120000000002,10.471400000000003,105.114,0.017963067561974404,0.3530478675798896,0.3530478675798896,18.724461482540853,K32_R2_local
ecg_missing,57.80422960730501,96.051227321238,False,0.1198864,14.985800000000001,122.26418285714286,-0.41951849365986466,0.7497419673906958,0.060027201235203685,6.552066310410729,K32_R20_edge
ppg_missing,57.52587971918918,57.56578947368421,True,0.08377120000000002,10.471400000000003,85.39689142857144,0.40652760616574424,0.7416124061657574,0.7416124061657574,18.245775011684533,K32_R2_edge
ecg_degraded,104.54431777095832,105.13880262966605,True,0.08377120000000002,10.471400000000003,85.39689142857144,0.3100529708306782,0.6451377708306913,0.6451377708306913,19.192266749868374,K32_R2_edge
ecg_degraded,74.20349225576349,77.94495615504646,True,0.08377120000000002,10.471400000000003,85.39689142857144,0.2644066873478611,0.5994914873478743,0.5994914873478743,17.675576162165168,K32_R2_edge
both_clean,99.21846766165734,52.50875145857643,False,0.0958096,11.976199999999999,97.68598857142857,-0.3773877351051858,0.7346016001499418,0.005850664895254559,6.81326223875607,K32_R8_edge
both_clean,103.72172556558661,103.72340425531918,True,0.08377120000000002,10.471400000000003,85.39689142857144,0.39786505505384073,0.7329498550538539,0.7329498550538539,20.572819288216607,K32_R2_edge
both_clean,63.57998286765705,63.59303292385404,True,0.08377120000000002,10.471400000000003,85.39689142857144,0.4140464901673149,0.749131290167328,0.749131290167328,16.874485337504993,K32_R2_edge
ecg_degraded,51.95434098887666,83.17352349028121,False,0.1198864,14.985800000000001,122.26418285714286,-0.47951894659159483,0.5368559107574553,2.6748303473499404e-05,6.127036480561498,K32_R20_edge
ecg_missing,60.820165192740966,102.57743829255162,False,0.1198864,14.985800000000001,122.26418285714286,-0.2361820434446572,0.7496170194470831,0.24336365145041117,6.722425243977933,K32_R20_edge
ecg_degraded,96.37872233966637,97.85102571632473,True,0.08377120000000002,10.471400000000003,85.39689142857144,0.3761920456736626,0.7112768456736758,0.7112768456736758,17.841327805855837,K32_R2_edge
ppg_missing,50.92479056726972,72.80482828633143,False,0.08377120000000002,10.471400000000003,85.39689142857144,-0.31911468114299685,0.742000691522729,0.015970118857016328,7.429815414476666,K32_R2_edge
ppg_missing,83.84792360107161,83.79888268156425,True,0.1198864,14.985800000000001,142.05,0.24372281917788355,0.7251289339141556,0.7251289339141556,17.865760890919702,K32_R20_local
ecg_missing,61.47600593528281,64.03415154749199,True,0.08377120000000002,10.471400000000003,85.39689142857144,0.4149151711862339,0.7499999711862471,0.7499999711862471,17.962082716472445,K32_R2_edge
ppg_degraded,95.99964094281407,98.92547035849819,True,0.08377120000000002,10.471400000000003,85.39689142857144,0.38496504842114443,0.7200498484211576,0.7200498484211576,15.334158556792802,K32_R2_edge
ecg_missing,78.7625417857673,101.56250000000001,False,0.08377120000000002,10.471400000000003,105.114,-0.33396426924843425,0.7492318939036804,0.0011205307694809187,7.1521460967218005,K32_R2_local
ecg_missing,82.94479634460603,85.40372670807454,True,0.08377120000000002,10.471400000000003,105.114,0.414216633790077,0.7493014338079922,0.7493014338079922,18.232775492228384,K32_R2_local
ecg_degraded,67.60449541401701,72.51625227121248,True,0.08377120000000002,10.471400000000003,85.39689142857144,0.2566806054925478,0.591765405492561,0.591765405492561,18.93368067416346,K32_R2_edge
both_degraded,77.39471022188823,85.66836089855704,True,0.0958096,11.976199999999999,117.426,0.15984782145478188,0.5430862299006821,0.5430862299006821,17.76926710833622,K32_R8_local
ecg_missing,52.742756176747896,55.321390937829285,True,0.08377120000000002,10.471400000000003,85.39689142857144,0.4146445792873682,0.7497293792873814,0.7497293792873814,18.078222330692586,K32_R2_edge
ecg_missing,98.57117882419521,98.57612267250823,True,0.08377120000000002,10.471400000000003,85.39689142857144,0.4138440885340382,0.7489288885340514,0.7489288885340514,19.811960492024912,K32_R2_edge
ecg_degraded,104.44993540256804,104.45253054889223,True,0.08377120000000002,10.471400000000003,85.39689142857144,0.37833217609519276,0.7134169760952059,0.7134169760952059,19.229120096381976,K32_R2_edge
both_clean,95.15885118310199,96.15516158638226,True,0.08377120000000002,10.471400000000003,85.39689142857144,0.35792170016943825,0.7320484144861626,0.6930065001694514,8.792965904688812,K32_R2_edge
ecg_missing,79.73733634687109,82.41758241758242,True,0.08377120000000002,10.471400000000003,85.39689142857144,0.41466985151344604,0.7497546515134592,0.7497546515134592,19.074523881515745,K32_R2_edge
ecg_missing,100.62706096664161,100.61919504643964,True,0.08377120000000002,10.471400000000003,105.114,0.4136958757450582,0.7487806757629734,0.7487806757629734,19.35487037279877,K32_R2_local
both_clean,50.229252547949415,50.223214285714285,True,0.08377120000000002,10.471400000000003,85.39689142857144,0.409970151865822,0.7450549518658351,0.7450549518658351,18.071199801916205,K32_R2_edge
ppg_degraded,89.95744441929264,89.96728462377318,True,0.08377120000000002,10.471400000000003,85.39689142857144,0.28558539407626815,0.6206701940762813,0.6206701940762813,19.597811980380776,K32_R2_edge
both_clean,96.04315503893301,96.051227321238,True,0.1198864,14.985800000000001,122.26418285714286,0.2554041058956254,0.7351466297792838,0.7349498007906937,7.482634860802602,K32_R20_edge
ecg_missing,69.5993742315362,69.60556844547564,True,0.08377120000000002,10.471400000000003,105.114,0.41431642885972786,0.749401228877643,0.749401228877643,14.971690318765251,K32_R2_local
both_degraded,101.39430145663867,101.94435529206336,True,0.08377120000000002,10.471400000000003,85.39689142857144,0.2917290118226745,0.6268138118226877,0.6268138118226877,19.460126154201255,K32_R2_edge
both_degraded,50.01140009644061,55.97014925373134,False,0.1198864,14.985800000000001,142.05,-0.48136435434582175,0.3689094174742903,4.176039045022596e-05,6.160851104741137,K32_R20_local
ecg_missing,87.92721268631824,87.85942492012781,True,0.08377120000000002,10.471400000000003,105.114,0.41403411803723056,0.7491189180551457,0.7491189180551457,15.637071698303497,K32_R2_local
both_clean,68.06143885883694,69.01870476273973,True,0.08377120000000002,10.471400000000003,85.39689142857144,0.4051693356788014,0.7402541356788146,0.7402541356788146,17.478929620241683,K32_R2_edge
ppg_degraded,87.71767542560914,87.71917784941125,True,0.08377120000000002,10.471400000000003,85.39689142857144,0.3979384390034242,0.7330232390034374,0.7330232390034374,17.31587140221166,K32_R2_edge
ecg_degraded,65.0815195730176,82.10622605011524,True,0.08377120000000002,10.471400000000003,85.39689142857144,0.22314702788118057,0.5582318278811937,0.5582318278811937,18.709949132404695,K32_R2_edge
both_clean,62.58679220521692,92.02453987730063,False,0.0958096,11.976199999999999,97.68598857142857,-0.20168205421385363,0.7426972062823681,0.18155634578658678,7.207433788620572,K32_R8_edge
both_degraded,87.5696232083321,91.45631409233779,True,0.08377120000000002,10.471400000000003,85.39689142857144,0.26433677998316574,0.5994215799831789,0.5994215799831789,18.45048934569748,K32_R2_edge
both_clean,79.8160892369708,79.83446181834175,True,0.08377120000000002,10.471400000000003,85.39689142857144,0.41299053187272783,0.748075331872741,0.748075331872741,18.04463326709443,K32_R2_edge
ppg_missing,61.23684129854191,61.260210035005834,True,0.0958096,11.976199999999999,117.426,0.25812052493330406,0.7403384084532163,0.6413589333792042,7.662968500628732,K32_R8_local
ecg_degraded,103.17049579473806,104.2392957714024,True,0.08377120000000002,10.471400000000003,85.39689142857144,0.28388154944718813,0.6189663494472013,0.6189663494472013,19.92800098253486,K32_R2_edge
ecg_missing,102.94319971924159,102.9567053854277,True,0.1198864,14.985800000000001,122.26418285714286,0.26939751178166743,0.7489432066767358,0.7489432066767358,8.865952212893612,K32_R20_edge
ecg_degraded,82.97410430176905,86.29668631989361,True,0.08377120000000002,10.471400000000003,85.39689142857144,0.2681719228736409,0.6032567228736541,0.6032567228736541,16.31270839105504,K32_R2_edge
both_clean,92.36576165222354,92.3852183650616,True,0.08377120000000002,10.471400000000003,85.39689142857144,0.40296695935342597,0.7380517593534391,0.7380517593534391,19.186874161602958,K32_R2_edge
ecg_degraded,77.08320410321217,79.41652839942188,True,0.08377120000000002,10.471400000000003,85.39689142857144,0.29025888378816944,0.6253436837881826,0.6253436837881826,15.45121709920495,K32_R2_edge
ecg_missing,98.08660186225208,98.03921568627453,True,0.0958096,11.976199999999999,117.426,0.36564856345718866,0.7488869719030888,0.7488869719030888,18.375880586574358,K32_R8_local
both_clean,100.03137477686147,100.00000000000001,True,0.08377120000000002,10.471400000000003,85.39689142857144,0.4132735946820286,0.7483583946820418,0.7483583946820418,16.64427852762797,K32_R2_edge
both_clean,95.84958195703204,54.413542926239415,False,0.08377120000000002,10.471400000000003,85.39689142857144,-0.33496578999572746,0.7305888042969237,0.00011901000428569859,6.9805858074066665,K32_R2_edge
both_degraded,64.5889303568871,103.73557719864066,True,0.08377120000000002,10.471400000000003,105.114,-0.008784476972158122,0.32630032304575707,0.32630032304575707,18.247639406863804,K32_R2_local
both_clean,51.46930761187899,51.45776997968344,True,0.08377120000000002,10.471400000000003,85.39689142857144,0.40900600129741327,0.7440908012974264,0.7440908012974264,18.046297928429166,K32_R2_edge
ppg_degraded,89.49518469747863,89.52113012714062,True,0.0958096,11.976199999999999,117.426,0.26476529839315877,0.648003706839059,0.648003706839059,19.122400471634517,K32_R8_local
ecg_degraded,74.67546166900568,76.89006596054072,True,0.0958096,11.976199999999999,97.68598857142857,0.285324278898118,0.6685626788985771,0.6685626788985584,9.738936054149718,K32_R8_edge
ppg_missing,103.65565070683428,103.72340425531918,True,0.08377120000000002,10.471400000000003,85.39689142857144,0.38078588155325466,0.7158706815532678,0.7158706815532678,18.17377823944877,K32_R2_edge
both_clean,101.59085165280253,101.5801354401806,True,0.08377120000000002,10.471400000000003,85.39689142857144,0.3969886514014134,0.7320734514014265,0.7320734514014265,17.269215280011075,K32_R2_edge
both_clean,82.02512563971428,90.40735402142695,False,0.0958096,11.976199999999999,117.426,-0.3832384084459002,0.7347641339611553,6.908659307334646e-34,5.051181324914434,K32_R8_local
both_clean,72.64664903933075,72.65877287405813,True,0.08377120000000002,10.471400000000003,85.39689142857144,0.4058301329082793,0.7409149329082925,0.7409149329082925,16.285559637499567,K32_R2_edge
both_clean,92.77937245552133,92.74965045563967,True,0.08377120000000002,10.471400000000003,85.39689142857144,0.4014698959202183,0.7365546959202315,0.7365546959202315,16.895567035201438,K32_R2_edge
ppg_degraded,92.56218173074424,93.59623095368589,True,0.08377120000000002,10.471400000000003,85.39689142857144,0.3733745312543818,0.708459331254395,0.708459331254395,17.605853127403225,K32_R2_edge
ecg_missing,90.93697358828086,90.95920617420067,True,0.08377120000000002,10.471400000000003,85.39689142857144,0.41415224021975783,0.749237040219771,0.749237040219771,16.557184921523273,K32_R2_edge
both_degraded,100.54544326042014,100.69463525803647,True,0.08377120000000002,10.471400000000003,85.39689142857144,0.2713156352880177,0.6064004352880309,0.6064004352880309,20.418539770536675,K32_R2_edge
ecg_degraded,84.6391151146896,85.1602330395257,True,0.08377120000000002,10.471400000000003,85.39689142857144,0.3800732173746134,0.7151580173746266,0.7151580173746266,17.155914857221706,K32_R2_edge
both_degraded,80.96260879041232,83.47012431646189,True,0.08377120000000002,10.471400000000003,85.39689142857144,0.32687054480034583,0.661955344800359,0.661955344800359,19.050040320333714,K32_R2_edge
both_degraded,81.01448801644409,83.87880636560645,True,0.0958096,11.976199999999999,97.68598857142857,0.32143302916803,0.7060689201616187,0.7046714291684704,8.162175580752463,K32_R8_edge
ppg_degraded,103.33883948116079,104.21610681114669,True,0.0958096,11.976199999999999,97.68598857142857,0.25132924925277583,0.639434559787977,0.6345676492532162,8.028917250894489,K32_R8_edge
ppg_missing,72.00506800565769,72.0384204909285,True,0.08377120000000002,10.471400000000003,85.39689142857144,0.4007071316067218,0.735791931606735,0.735791931606735,17.863080794115536,K32_R2_edge
ppg_missing,100.51495158862429,100.4464285714286,True,0.0958096,11.976199999999999,97.68598857142857,0.33449389128859747,0.7177322912890378,0.7177322912890378,17.448127119478247,K32_R8_edge
both_clean,80.29337382549076,80.81512407145944,True,0.0958096,11.976199999999999,117.426,0.353821934202048,0.7370603426479482,0.7370603426479482,20.100250688868854,K32_R8_local
ecg_degraded,55.120337046159605,73.11933989294093,True,0.08377120000000002,10.471400000000003,85.39689142857144,0.18983049332881752,0.5249152933288307,0.5249152933288307,15.337977243350462,K32_R2_edge
ecg_missing,76.93891923875577,76.92307692307692,True,0.08377120000000002,10.471400000000003,105.114,0.4144029196592225,0.7494877196771377,0.7494877196771377,17.15003118802887,K32_R2_local
ecg_missing,67.47178385875239,67.49156355455568,True,0.08377120000000002,10.471400000000003,105.114,0.41451494175544523,0.7495997417733604,0.7495997417733604,20.065249419450588,K32_R2_local
ppg_degraded,81.67310267983041,82.59162851810859,True,0.08377120000000002,10.471400000000003,85.39689142857144,0.3144733133002965,0.6495581133003097,0.6495581133003097,17.944738666875235,K32_R2_edge
ecg_degraded,101.19859132012368,84.85669225417402,False,0.0958096,11.976199999999999,97.68598857142857,-0.34827166912411417,0.6237604080958954,0.03496673087632617,6.99732517926962,K32_R8_edge
both_degraded,60.76733163322744,83.87880636560645,False,0.1198864,14.985800000000001,122.26418285714286,-0.35390433668188975,0.33524967142703016,0.12564135821317857,6.7471247317530825,K32_R20_edge
ecg_degraded,78.51347745752142,79.9405682041911,True,0.08377120000000002,10.471400000000003,85.39689142857144,0.33363752456243034,0.6687223245624435,0.6687223245624435,19.07803988057443,K32_R2_edge
ecg_degraded,84.95013510411147,85.6845891060113,True,0.0958096,11.976199999999999,117.426,0.23627258828102365,0.6195109967269239,0.6195109967269239,17.72836946600456,K32_R8_local
both_degraded,96.18921869004915,85.93766159458177,False,0.0958096,11.976199999999999,117.426,-0.3830491252555133,0.7106870091343365,0.0001892831903868655,6.587979047940098,K32_R8_local
ppg_missing,106.45861775008248,81.44568779626321,False,0.0958096,11.976199999999999,117.426,-0.3832384084459002,0.7153475350153853,1.075569280825524e-27,5.249463936158287,K32_R8_local
both_clean,83.0364728741046,85.23136157250703,True,0.08377120000000002,10.471400000000003,85.39689142857144,0.40420940441846775,0.7392942044184809,0.7392942044184809,16.949678646087726,K32_R2_edge
both_degraded,105.29708113174274,101.53337650630385,True,0.08377120000000002,10.471400000000003,85.39689142857144,0.1609698343465501,0.4960546343465633,0.4960546343465633,16.40530817161316,K32_R2_edge
both_clean,70.19353774073244,70.2023377479606,True,0.08377120000000002,10.471400000000003,85.39689142857144,0.4044686498017459,0.7395534498017591,0.7395534498017591,16.937643702550414,K32_R2_edge
ppg_degraded,95.8591862790596,95.80209868794562,True,0.08377120000000002,10.471400000000003,85.39689142857144,0.3107931123986589,0.6458779123986721,0.6458779123986721,16.99535177666556,K32_R2_edge
ecg_missing,95.82352749906406,95.84664536741215,True,0.08377120000000002,10.471400000000003,105.114,0.41385028424805026,0.7489350842659654,0.7489350842659654,17.762840605486755,K32_R2_local
ecg_missing,83.07673884627664,83.05647840531562,True,0.08377120000000002,10.471400000000003,85.39689142857144,0.41412064840409724,0.7492054484041104,0.7492054484041104,19.720449879887205,K32_R2_edge
ppg_degraded,60.42732312364946,92.49750172789197,False,0.0958096,11.976199999999999,97.68598857142857,-0.3830770578808172,0.5143674348703162,0.00016134211962317028,6.597222251321437,K32_R8_edge
ppg_missing,73.1722577396165,73.13109425785483,True,0.08377120000000002,10.471400000000003,85.39689142857144,0.4016756927790178,0.736760492779031,0.736760492779031,17.640470483029404,K32_R2_edge
ecg_degraded,67.4510070943536,73.26424425625854,True,0.08377120000000002,10.471400000000003,85.39689142857144,0.2514141863082693,0.5864989863082825,0.5864989863082825,18.20044216823363,K32_R2_edge
both_degraded,108.01271715590508,83.87880636560645,False,0.0958096,11.976199999999999,97.68598857142857,-0.37100676006252525,0.6104473017097739,0.012231639937915092,6.892403937729673,K32_R8_edge
ppg_degraded,88.67734765852765,91.42571987183337,True,0.08377120000000002,10.471400000000003,85.39689142857144,0.3638771218062792,0.6989619218062924,0.6989619218062924,19.961881217956524,K32_R2_edge
both_degraded,104.5422702057195,105.44274429975832,True,0.08377120000000002,10.471400000000003,85.39689142857144,0.13876176428035308,0.47384656428036626,0.47384656428036626,19.17191182265351,K32_R2_edge
ecg_missing,67.76958617806324,67.72009029345372,True,0.08377120000000002,10.471400000000003,85.39689142857144,0.41449814519782013,0.7495829451978333,0.7495829451978333,17.314758286751662,K32_R2_edge
both_degraded,75.7364035151473,79.92422726838319,True,0.08377120000000002,10.471400000000003,85.39689142857144,0.1072289618092796,0.44231376180929277,0.44231376180929277,16.75145709960973,K32_R2_edge
both_clean,84.04233954191378,84.03279056593053,True,0.08377120000000002,10.471400000000003,85.39689142857144,0.40099083533918833,0.7360756353392015,0.7360756353392015,18.32355703706356,K32_R2_edge
ppg_degraded,71.28369100341857,74.77544450094359,True,0.08377120000000002,10.471400000000003,85.39689142857144,0.36631114849214774,0.7013959484921609,0.7013959484921609,17.63478609979797,K32_R2_edge
both_degraded,77.38997762923692,81.49506519651163,True,0.08377120000000002,10.471400000000003,85.39689142857144,0.34404929846911536,0.6791340984691285,0.6791340984691285,18.66990012838109,K32_R2_edge
ecg_degraded,85.95842343206786,90.40735402142695,True,0.0958096,11.976199999999999,117.426,0.1785797765767146,0.6222180590267659,0.5618181850226148,7.713733941425923,K32_R8_local
ecg_missing,51.69715846103464,51.724137931034484,True,0.08377120000000002,10.471400000000003,85.39689142857144,0.41485499701815065,0.7499397970181638,0.7499397970181638,17.281971741690487,K32_R2_edge
ppg_degraded,70.38866929383047,94.52174318602407,False,0.0958096,11.976199999999999,117.426,-0.3832384084459002,0.7064062336960533,2.246754683270707e-25,5.331533661194004,K32_R8_local
ecg_degraded,50.01330198261789,65.68963739922638,True,0.08377120000000002,10.471400000000003,105.114,0.20119698996873592,0.5362817899866511,0.5362817899866511,17.22747727716585,K32_R2_local
ecg_degraded,78.95225732010037,55.97014925373134,False,0.0958096,11.976199999999999,117.426,-0.3765703274660868,0.594524030079751,0.006668080979813346,6.84133484411739,K32_R8_local
ecg_degraded,86.48003990482641,88.99748591944665,True,0.08377120000000002,10.471400000000003,85.39689142857144,0.2731356118171936,0.6082204118172068,0.6082204118172068,16.922168542439024,K32_R2_edge
ppg_missing,55.579427603940054,55.61440677966101,True,0.08377120000000002,10.471400000000003,85.39689142857144,0.3960448514596727,0.7311296514596859,0.7311296514596859,15.248518006533088,K32_R2_edge
ecg_degraded,64.52566412868781,81.97991172621198,True,0.08377120000000002,10.471400000000003,85.39689142857144,0.2265096176081708,0.561594417608184,0.561594417608184,19.335343764070082,K32_R2_edge
ecg_degraded,98.23950926354081,98.65960547980653,True,0.08377120000000002,10.471400000000003,85.39689142857144,0.2859490755058941,0.6210338755059073,0.6210338755059073,18.683303534545864,K32_R2_edge
ppg_missing,100.41689359097586,100.4464285714286,True,0.08377120000000002,10.471400000000003,85.39689142857144,0.3833192533450428,0.718404053345056,0.718404053345056,19.970090668193922,K32_R2_edge
both_clean,73.26399525622188,92.97520661157027,False,0.08377120000000002,10.471400000000003,85.39689142857144,-0.3350847999994007,0.7408259080872155,6.12455900508063e-13,6.157245673901487,K32_R2_edge
ecg_missing,98.85342383247361,98.90109890109892,True,0.08377120000000002,10.471400000000003,85.39689142857144,0.41373702832015313,0.7488218283201663,0.7488218283201663,19.515343727825517,K32_R2_edge
ecg_degraded,66.62841518192856,67.95088892233409,True,0.08377120000000002,10.471400000000003,85.39689142857144,0.33193295002454304,0.6670177500245562,0.6670177500245562,19.025464271707747,K32_R2_edge
ecg_degraded,92.36649333880891,92.33584015716208,True,0.08377120000000002,10.471400000000003,85.39689142857144,0.38345220415454395,0.7185370041545571,0.7185370041545571,16.413308837561694,K32_R2_edge
both_degraded,82.72739741942686,85.20873644436584,True,0.1198864,14.985800000000001,122.26418285714286,0.135824345273033,0.6167782442910227,0.6153700401681014,7.354185697489815,K32_R20_edge
both_degraded,76.40594473415975,82.39297757296765,True,0.08377120000000002,10.471400000000003,85.39689142857144,0.09333477322384137,0.42841957322385454,0.42841957322385454,15.112754112959172,K32_R2_edge
ppg_missing,89.38653657042659,91.27789046653146,True,0.08377120000000002,10.471400000000003,85.39689142857144,0.3882190908034904,0.7233038908035035,0.7233038908035035,16.19861904493711,K32_R2_edge
ppg_missing,50.803440745831395,53.790983606557376,True,0.08377120000000002,10.471400000000003,85.39689142857144,0.40760917867979796,0.7426939786798111,0.7426939786798111,18.19003163828344,K32_R2_edge
ppg_missing,59.74660656250132,59.726962457337876,True,0.08377120000000002,10.471400000000003,85.39689142857144,0.4023284235340544,0.7374132235340676,0.7374132235340676,17.732657771950514,K32_R2_edge
ecg_missing,67.6294078632774,67.64374295377678,True,0.08377120000000002,10.471400000000003,85.39689142857144,0.4143112158867899,0.749396015886803,0.749396015886803,17.989237656384045,K32_R2_edge
ppg_missing,90.8337565861759,90.85903083700443,True,0.1198864,14.985800000000001,122.26418285714286,0.24370773554391256,0.7232534304389809,0.7232534304389809,15.76170614276662,K32_R20_edge
ppg_missing,92.37411880168246,101.80995475113124,False,0.08377120000000002,10.471400000000003,105.114,-0.3350847999935832,0.718303443859915,2.43319620213317e-11,6.27300287168457,K32_R2_local
ppg_missing,90.84564945116159,90.85903083700443,True,0.08377120000000002,10.471400000000003,85.39689142857144,0.39076846061736115,0.7258532606173743,0.7258532606173743,18.06632151785285,K32_R2_edge
ppg_degraded,96.05702639382454,99.27768417568888,False,0.0958096,11.976199999999999,117.426,-0.3832384079431442,0.6955501996161769,5.027559902663423e-10,6.0769895824147975,K32_R8_local
ppg_degraded,54.773093660824074,69.09438332752322,True,0.08377120000000002,10.471400000000003,85.39689142857144,0.26386777824731056,0.5989525782473237,0.5989525782473237,17.65463720543359,K32_R2_edge
ecg_degraded,56.35333450492128,74.18156286714373,True,0.08377120000000002,10.471400000000003,105.114,0.20417499563821173,0.5392597956561269,0.5392597956561269,20.174759312610522,K32_R2_local
both_degraded,101.32106961572683,101.35135135135135,True,0.08377120000000002,10.471400000000003,85.39689142857144,0.38167747888682935,0.7167622788868425,0.7167622788868425,16.818701138542032,K32_R2_edge
ecg_missing,71.41026517766807,71.42857142857143,True,0.08377120000000002,10.471400000000003,85.39689142857144,0.41488901573986914,0.7499738157398823,0.7499738157398823,19.062390994173104,K32_R2_edge
ppg_degraded,84.10227742901058,87.93758857712906,True,0.08377120000000002,10.471400000000003,85.39689142857144,0.293196970896739,0.6282817708967522,0.6282817708967522,18.531965016216716,K32_R2_edge
ecg_degraded,80.21016834400486,80.2139037433155,True,0.08377120000000002,10.471400000000003,85.39689142857144,0.33729202311261874,0.6723768231126319,0.6723768231126319,15.740663414030374,K32_R2_edge
ppg_degraded,87.59975428025749,88.28307576165915,True,0.0958096,11.976199999999999,97.68598857142857,-0.09620796336017984,0.725286557875317,0.28703043664026057,7.311346510018828,K32_R8_edge
ppg_degraded,54.616802673677135,72.22120809896548,True,0.08377120000000002,10.471400000000003,85.39689142857144,0.18396290576945917,0.5190477057694723,0.5190477057694723,19.632871896929135,K32_R2_edge
both_degraded,96.18741358198486,96.10174818716064,True,0.08377120000000002,10.471400000000003,85.39689142857144,0.38398215534223334,0.7190669553422465,0.7190669553422465,16.37526044605174,K32_R2_edge
ppg_degraded,57.40413968978922,76.75663329538779,True,0.08377120000000002,10.471400000000003,85.39689142857144,0.17616675660319714,0.5112515566032103,0.5112515566032103,19.66710064026175,K32_R2_edge
ecg_degraded,90.8824677100421,94.2099117475954,True,0.08377120000000002,10.471400000000003,85.39689142857144,0.2885229892865079,0.623607789286521,0.623607789286521,15.663783074996923,K32_R2_edge
ecg_degraded,74.12852594904265,79.7645719626272,True,0.08377120000000002,10.471400000000003,85.39689142857144,0.2688762772996156,0.6039610772996288,0.6039610772996288,17.540645909981446,K32_R2_edge
both_degraded,79.5356981637283,87.89530071258204,True,0.08377120000000002,10.471400000000003,85.39689142857144,0.09741860155119786,0.43250340155121103,0.43250340155121103,18.78657635209822,K32_R2_edge
both_degraded,90.30162406164467,90.31791208679252,True,0.08377120000000002,10.471400000000003,85.39689142857144,0.2969705694813418,0.632055369481355,0.632055369481355,19.440093307438683,K32_R2_edge
ecg_missing,72.2601650417382,72.26980728051392,True,0.08377120000000002,10.471400000000003,105.114,0.1544999154035835,0.7493499910862742,0.4895847154214987,8.27188395321503,K32_R2_local
both_degraded,52.76224828108833,88.90086206896552,False,0.1198864,14.985800000000001,142.05,-0.21054679128738432,0.3833515262917379,0.2708593234488877,6.906861233541141,K32_R20_local
ppg_missing,107.85269310329633,75.25083612040133,False,0.0958096,11.976199999999999,117.426,-0.09737305480394891,0.7149879914552444,0.2858653536419513,7.3139422408659,K32_R8_local
both_clean,81.36061396447496,81.34490238611714,True,0.08377120000000002,10.471400000000003,85.39689142857144,0.40342298438676094,0.7385077843867741,0.7385077843867741,17.83185311336347,K32_R2_edge
ppg_degraded,94.52867846365166,95.15823062596733,True,0.08377120000000002,10.471400000000003,85.39689142857144,0.36338730028389454,0.6984721002839077,0.6984721002839077,15.87971997344728,K32_R2_edge
ecg_degraded,81.87769002345036,84.12878317341728,True,0.08377120000000002,10.471400000000003,85.39689142857144,0.32738604554418926,0.6624708455442024,0.6624708455442024,17.924478190399363,K32_R2_edge
ecg_missing,99.18121416019834,99.22822491730983,True,0.08377120000000002,10.471400000000003,105.114,0.41381110485590467,0.7488959048738199,0.7488959048738199,17.56090669114093,K32_R2_local
ecg_degraded,83.87697074526355,84.82914325901658,True,0.08377120000000002,10.471400000000003,85.39689142857144,0.2882609638641219,0.6233457638641351,0.6233457638641351,14.341342879358992,K32_R2_edge
ppg_missing,57.365412703231755,57.377049180327866,True,0.08377120000000002,10.471400000000003,85.39689142857144,0.4053180529658603,0.7404028529658735,0.7404028529658735,18.785852131477988,K32_R2_edge
both_clean,88.51439387934832,88.47110621374034,True,0.08377120000000002,10.471400000000003,85.39689142857144,0.40214756708392463,0.7372323670839378,0.7372323670839378,17.320926415549902,K32_R2_edge
both_degraded,60.364440166219055,119.3227773135263,True,0.08377120000000002,10.471400000000003,105.114,-0.02175429167349447,0.3133305083444207,0.3133305083444207,15.608128717307041,K32_R2_local
ppg_degraded,99.41924810099765,99.54226345339501,True,0.08377120000000002,10.471400000000003,85.39689142857144,0.38904086957064576,0.7241256695706589,0.7241256695706589,17.244550369470346,K32_R2_edge
ppg_degraded,90.86369602836892,90.80874889413438,True,0.0958096,11.976199999999999,97.68598857142857,0.3446378280632791,0.7278798105120655,0.7278762280637194,8.642236937049299,K32_R8_edge
ppg_degraded,106.38851828858645,106.49270583586083,True,0.08377120000000002,10.471400000000003,85.39689142857144,0.36220888721829136,0.6972936872183045,0.6972936872183045,16.860240697991536,K32_R2_edge
ppg_missing,87.74484737249063,87.76595744680853,True,0.1198864,14.985800000000001,122.26418285714286,0.24560481424257685,0.7251505091376451,0.7251505091376452,8.968432192041789,K32_R20_edge
both_clean,63.50978584728626,63.55932203389832,True,0.08377120000000002,10.471400000000003,85.39689142857144,0.41117507369497386,0.746259873694987,0.746259873694987,18.881616186388854,K32_R2_edge
both_clean,83.42825274951699,83.42602892102336,True,0.08377120000000002,10.471400000000003,85.39689142857144,0.4032512594620591,0.7383360594620723,0.7383360594620723,18.20332248600853,K32_R2_edge
ecg_degraded,96.30633661759381,97.8291908693284,True,0.08377120000000002,10.471400000000003,85.39689142857144,0.32659491827233333,0.6616797182723465,0.6616797182723465,18.45790022498351,K32_R2_edge
ppg_degraded,92.71329785150458,93.21504736676353,True,0.08377120000000002,10.471400000000003,85.39689142857144,0.3006557489575884,0.6357405489576016,0.6357405489576016,15.616684041898546,K32_R2_edge
both_clean,70.5378023600891,71.08686209336142,True,0.0958096,11.976199999999999,97.68598857142857,0.35440564086409515,0.7376440507904526,0.7376440408645355,9.026694295799368,K32_R8_edge
ppg_degraded,89.32106903622825,89.52572592080533,True,0.08377120000000002,10.471400000000003,85.39689142857144,0.3529940600650897,0.6880788600651029,0.6880788600651029,17.26096921371573,K32_R2_edge
ecg_missing,106.11614367806446,106.09357997823722,True,0.08377120000000002,10.471400000000003,85.39689142857144,0.4137578103840983,0.7488426103841115,0.7488426103841115,18.168702455822565,K32_R2_edge
ecg_degraded,91.08860258597213,92.49750172789197,True,0.0958096,11.976199999999999,97.68598857142857,0.0331803937816192,0.6177535287894521,0.4164187937820596,7.490996919150005,K32_R8_edge
both_clean,72.03808413514813,72.03842049092849,True,0.08377120000000002,10.471400000000003,85.39689142857144,0.40547888414037836,0.7405636841403915,0.7405636841403915,19.254827136372256,K32_R2_edge
ecg_degraded,104.64549982300571,83.986562150056,False,0.0958096,11.976199999999999,97.68598857142857,0.00028695454053796266,0.6239439962399342,0.38352535454097836,7.450256945744558,K32_R8_edge
ppg_degraded,99.65745156369036,100.03165322652994,True,0.08377120000000002,10.471400000000003,85.39689142857144,0.272694758715596,0.6077795587156092,0.6077795587156092,18.11227359775063,K32_R2_edge
ppg_missing,101.31102561603007,101.35135135135137,True,0.08377120000000002,10.471400000000003,85.39689142857144,0.40989228586556425,0.7449770858655774,0.7449770858655774,16.912502610432746,K32_R2_edge
both_degraded,56.4104826015981,85.93766159458177,False,0.1198864,14.985800000000001,122.26418285714286,-0.4716963631775286,0.3559199083943366,0.007849331717539735,6.445409871559242,K32_R20_edge
ppg_degraded,67.44973001844127,67.41630307168435,True,0.08377120000000002,10.471400000000003,85.39689142857144,0.3990896029811076,0.7341744029811208,0.7341744029811208,18.9912023665109,K32_R2_edge
both_degraded,97.40766815961214,97.60750378078887,True,0.08377120000000002,10.471400000000003,85.39689142857144,0.35336924491633614,0.6884540449163493,0.6884540449163493,19.51818842454293,K32_R2_edge
ecg_missing,66.48844975308106,66.51884700665188,True,0.08377120000000002,10.471400000000003,105.114,0.41429986784404504,0.7493846678619602,0.7493846678619602,15.686469651448586,K32_R2_local
ppg_missing,54.42235613347137,54.413542926239415,True,0.0958096,11.976199999999999,117.426,-0.17822703634811227,0.7423644619923967,0.20501137209778797,7.230966452941256,K32_R8_local
ppg_missing,90.99596074835515,92.02453987730063,True,0.08377120000000002,10.471400000000003,85.39689142857144,0.3923668765579448,0.727451676557958,0.727451676557958,20.299784125880237,K32_R2_edge
both_degraded,97.95619738874234,97.8682137002169,True,0.0958096,11.976199999999999,117.426,0.2469304681099585,0.6308070259377299,0.6301688765558587,8.22363919305858,K32_R8_local
ecg_missing,88.50606848842187,88.42443729903538,True,0.08377120000000002,10.471400000000003,85.39689142857144,0.41412125823662826,0.7492060582366414,0.7492060582366414,19.822129670743884,K32_R2_edge
both_clean,70.69060018550027,73.01678246600798,True,0.08377120000000002,10.471400000000003,85.39689142857144,0.40478238920048737,0.7398671892005005,0.7398671892005005,19.13747667793826,K32_R2_edge
ecg_degraded,83.58639913805291,84.39472226834219,True,0.08377120000000002,10.471400000000003,85.39689142857144,0.28571061099779815,0.6207954109978113,0.6207954109978113,17.256013822454534,K32_R2_edge
ecg_missing,51.291197086847625,51.31128848346636,True,0.08377120000000002,10.471400000000003,105.114,0.4147007167049994,0.7497855167229146,0.7497855167229146,17.494352969965913,K32_R2_local
ecg_missing,83.75969934518349,83.75634517766498,True,0.08377120000000002,10.471400000000003,85.39689142857144,0.41407661761771763,0.7491614176177308,0.7491614176177308,18.637880510020537,K32_R2_edge
ppg_missing,101.40807048290469,78.57974388824215,False,0.0958096,11.976199999999999,117.426,-0.3832384084048703,0.7415491362008995,4.1029903863857777e-11,6.002266253979592,K32_R8_local
ecg_degraded,54.6831941008742,69.34910694266243,True,0.08377120000000002,10.471400000000003,85.39689142857144,0.21534030297207207,0.5504251029720852,0.5504251029720852,22.255928483810724,K32_R2_edge
both_clean,72.99916379286992,72.98293043944898,True,0.08377120000000002,10.471400000000003,85.39689142857144,0.40728976869486144,0.7423745686948746,0.7423745686948746,17.89133195574359,K32_R2_edge
both_clean,59.8918230515892,59.863169897377425,True,0.08377120000000002,10.471400000000003,85.39689142857144,0.407830908366432,0.7429157083664452,0.7429157083664452,16.959105487751156,K32_R2_edge
ecg_missing,72.8004737979954,72.73706896551725,True,0.08377120000000002,10.471400000000003,85.39689142857144,0.4137921066694249,0.7488769066694381,0.7488769066694381,19.614944564208802,K32_R2_edge
ppg_degraded,50.78046040249312,59.09457081012713,True,0.08377120000000002,10.471400000000003,85.39689142857144,0.30219494783359646,0.6372797478336096,0.6372797478336096,17.8707382182595,K32_R2_edge
ppg_degraded,99.66577518986873,99.66777408637874,True,0.08377120000000002,10.471400000000003,85.39689142857144,0.3901905150597166,0.7252753150597298,0.7252753150597298,16.787241196352657,K32_R2_edge
both_degraded,79.77459862047607,99.27768417568888,False,0.0958096,11.976199999999999,117.426,-0.1514681146247951,0.7180930923394406,0.23177029382110514,7.263503618193693,K32_R8_local
ppg_missing,76.15508393373673,78.125,True,0.08377120000000002,10.471400000000003,85.39689142857144,0.40015425641387226,0.7352390564138854,0.7352390564138854,16.56496235201808,K32_R2_edge
ppg_degraded,86.10768293818708,88.13740157766243,True,0.08377120000000002,10.471400000000003,85.39689142857144,0.3648758487844458,0.699960648784459,0.699960648784459,19.16823840273198,K32_R2_edge
ppg_missing,101.00169225529402,101.01010101010104,True,0.0958096,11.976199999999999,117.426,0.33418767579618225,0.7174260842420824,0.7174260842420824,19.180502111442202,K32_R8_local
ppg_missing,67.47564348946327,76.44394110985277,False,0.0958096,11.976199999999999,97.68598857142857,-0.3832384000004369,0.7371288332319743,3.4519877082366382e-15,5.767973545256548,K32_R8_edge
ppg_degraded,66.05101834431677,71.31879701947814,True,0.08377120000000002,10.471400000000003,85.39689142857144,0.3254721155898358,0.660556915589849,0.660556915589849,19.15555467761318,K32_R2_edge
ppg_degraded,52.969652462729705,54.413542926239415,False,0.0958096,11.976199999999999,97.68598857142857,-0.3801783451544439,0.5284252107482046,0.0030600548459964673,6.788303547527312,K32_R8_edge
both_degraded,65.98394562399746,87.81548175164804,True,0.08377120000000002,10.471400000000003,85.39689142857144,0.1607302597567578,0.495815059756771,0.495815059756771,16.779648268906996,K32_R2_edge
ppg_missing,53.972710892285775,55.97014925373134,True,0.0958096,11.976199999999999,117.426,0.36617446972220735,0.7494162720404576,0.7494128781681075,8.648102009765516,K32_R8_local
ecg_missing,52.49350923043324,52.50875145857643,True,0.08377120000000002,10.471400000000003,105.114,0.41454040610110365,0.7496252061190188,0.7496252061190188,17.95559964254764,K32_R2_local
both_clean,83.16383373262202,83.14855875831485,True,0.08377120000000002,10.471400000000003,85.39689142857144,0.4027217205294492,0.7378065205294624,0.7378065205294624,18.542036444742198,K32_R2_edge
ecg_degraded,61.030093244213276,80.25095015621129,True,0.1198864,14.985800000000001,122.26418285714286,0.04981922198838396,0.5293649168834523,0.5293649168834523,16.69845487544458,K32_R20_edge
both_clean,54.45546332392528,55.00395271051623,True,0.08377120000000002,10.471400000000003,85.39689142857144,0.4071764943311308,0.742261294331144,0.742261294331144,17.424181422855668,K32_R2_edge
ppg_degraded,105.0028844848004,105.00745201304785,True,0.08377120000000002,10.471400000000003,85.39689142857144,0.3879759464827952,0.7230607464828084,0.7230607464828084,17.45471486720727,K32_R2_edge
ecg_missing,58.9240335482374,58.92255892255893,True,0.08377120000000002,10.471400000000003,85.39689142857144,0.4145413483271584,0.7496261483271716,0.7496261483271716,18.890395619435093,K32_R2_edge
ecg_missing,55.68984744343807,58.33333333333333,True,0.0958096,11.976199999999999,97.68598857142857,0.35973996727410956,0.7496798843236485,0.7429783672745499,8.011914770404614,K32_R8_edge
both_clean,108.24068349963215,108.29126671846001,True,0.08377120000000002,10.471400000000003,85.39689142857144,0.3985923232014329,0.7336771232014461,0.7336771232014461,16.815721144974013,K32_R2_edge
ecg_missing,90.01801783409817,90.06550218340612,True,0.08377120000000002,10.471400000000003,85.39689142857144,0.4141458262453508,0.749230626245364,0.749230626245364,20.869801481372782,K32_R2_edge
both_clean,93.54524250018987,93.58944052798321,True,0.08377120000000002,10.471400000000003,85.39689142857144,0.39942080446981765,0.7345056044698308,0.7345056044698308,19.825651075384283,K32_R2_edge
ecg_degraded,83.79223974921173,85.26660608078348,True,0.08377120000000002,10.471400000000003,85.39689142857144,0.31320525647552133,0.6482900564755345,0.6482900564755345,17.74018800285796,K32_R2_edge
both_degraded,54.22338284721076,70.35396927356449,False,0.0958096,11.976199999999999,117.426,-0.32151086298028453,0.3386177517865363,0.06172754546561568,7.156212462709254,K32_R8_local
both_clean,100.51263442475266,100.4464285714286,True,0.08377120000000002,10.471400000000003,85.39689142857144,0.3990968721536,0.7341816721536132,0.7341816721536132,19.731163015679225,K32_R2_edge
ppg_degraded,75.08174025231547,75.12523379798134,True,0.08377120000000002,10.471400000000003,85.39689142857144,0.39646400723630193,0.7315488072363151,0.7315488072363151,18.70438265140841,K32_R2_edge
ecg_missing,73.54806946257042,76.27118644067797,True,0.08377120000000002,10.471400000000003,85.39689142857144,0.4148827036833015,0.7499675036833147,0.7499675036833147,18.737415144216083,K32_R2_edge
ppg_missing,58.118554640263355,58.13953488372093,True,0.08377120000000002,10.471400000000003,85.39689142857144,0.4137094934250557,0.7487942934250689,0.7487942934250689,17.40180344796654,K32_R2_edge
both_clean,56.79319314987683,88.90086206896552,False,0.0958096,11.976199999999999,97.68598857142857,-0.3832384000004401,0.747967103694882,2.2276009804345395e-16,5.7076826912045435,K32_R8_edge
ppg_missing,81.3347559746179,81.25677139761648,True,0.08377120000000002,10.471400000000003,85.39689142857144,0.3938487919329715,0.7289335919329847,0.7289335919329847,16.916322190909156,K32_R2_edge
ppg_degraded,84.12461537414676,84.21766196264889,True,0.08377120000000002,10.471400000000003,85.39689142857144,0.36338954961712877,0.6984743496171419,0.6984743496171419,16.711115381118468,K32_R2_edge
ppg_degraded,81.12113256476476,83.71603929357524,True,0.08377120000000002,10.471400000000003,85.39689142857144,0.3930049510329191,0.7280897510329323,0.7280897510329323,17.322070509376793,K32_R2_edge
ppg_degraded,86.78748067725286,89.70009185126004,True,0.1198864,14.985800000000001,142.05,0.1264728395716225,0.6400813844387049,0.6078789543078945,7.116854588996143,K32_R20_local
both_clean,102.6586077852464,102.68044809905547,True,0.08377120000000002,10.471400000000003,85.39689142857144,0.40450862123833364,0.7395934212383468,0.7395934212383468,16.27333069785426,K32_R2_edge
both_clean,80.25229069667323,82.65060236045468,True,0.1198864,14.985800000000001,122.26418285714286,0.2577652231714274,0.7373109180664957,0.7373109180664957,16.88305408060554,K32_R20_edge
ppg_degraded,72.74886072199212,75.18307754090661,True,0.08377120000000002,10.471400000000003,85.39689142857144,0.30347330416934637,0.6385581041693595,0.6385581041693595,19.51590543968291,K32_R2_edge
ecg_degraded,65.39436215482567,79.42877863479161,True,0.08377120000000002,10.471400000000003,85.39689142857144,0.227365579676716,0.5624503796767292,0.5624503796767292,19.259825964337253,K32_R2_edge
ppg_missing,68.41079854729549,68.41505131128848,True,0.0958096,11.976199999999999,117.426,0.3528730840664601,0.7361114925123603,0.7361114925123603,19.61853650582498,K32_R8_local
ppg_missing,83.64842320154204,83.61204013377927,True,0.0958096,11.976199999999999,97.68598857142857,0.34860553738503247,0.7318439373854728,0.7318439373854728,17.34979086380454,K32_R8_edge
ecg_degraded,97.72234046998184,97.3974655310889,True,0.1198864,14.985800000000001,122.26418285714286,0.13950862544332787,0.6190543857787693,0.6190543203383962,7.85199123787653,K32_R20_edge
both_degraded,76.46726179592238,82.06771119624683,True,0.08377120000000002,10.471400000000003,85.39689142857144,0.1279649748974076,0.4630497748974208,0.4630497748974208,16.191368310375896,K32_R2_edge
ppg_missing,52.44573963851686,53.51681957186544,True,0.08377120000000002,10.471400000000003,85.39689142857144,0.41490713343435814,0.7499919334343713,0.7499919334343713,20.358907125504683,K32_R2_edge
both_degraded,61.28927022456621,113.30316148965518,True,0.1198864,14.985800000000001,122.26418285714286,-0.17913706099799365,0.3004086339111438,0.30040863389707473,8.142606965555418,K32_R20_edge
ppg_missing,55.43913400549752,56.57327586206896,True,0.08377120000000002,10.471400000000003,85.39689142857144,0.4051999641330979,0.7402847641331111,0.7402847641331111,16.666110667830555,K32_R2_edge
ecg_missing,70.0006048417867,70.01166861143524,True,0.08377120000000002,10.471400000000003,105.114,0.41444142680061513,0.7495262268185303,0.7495262268185303,19.363628421038857,K32_R2_local
both_clean,91.06259948425657,91.64330620781708,True,0.08377120000000002,10.471400000000003,85.39689142857144,0.39930913134637647,0.7343939313463896,0.7343939313463896,18.597667941030032,K32_R2_edge
ecg_degraded,85.4428839142922,86.41575022497234,True,0.08377120000000002,10.471400000000003,85.39689142857144,0.38082642776752285,0.715911227767536,0.715911227767536,17.16461041350626,K32_R2_edge
both_clean,89.72765539749444,90.69374321747061,True,0.08377120000000002,10.471400000000003,85.39689142857144,0.39766178969572774,0.7327465896957409,0.7327465896957409,15.1929201158565,K32_R2_edge
both_degraded,77.27570785522755,79.65318492019222,True,0.08377120000000002,10.471400000000003,85.39689142857144,0.2166435456314938,0.551728345631507,0.551728345631507,16.46797264718591,K32_R2_edge
both_degraded,56.58683221706642,110.50993131257474,True,0.1198864,14.985800000000001,142.05,-0.0625058603184965,0.4189002742325768,0.4189002544177755,7.884675448660697,K32_R20_local
both_degraded,67.77535730236058,75.360338141942,True,0.1198864,14.985800000000001,122.26418285714286,-0.055462016424372367,0.424083678470696,0.424083678470696,16.753106802668178,K32_R20_edge
ppg_missing,80.65762873528702,80.7319698600646,True,0.08377120000000002,10.471400000000003,85.39689142857144,0.3648845737528942,0.6999693737529074,0.6999693737529074,17.733557764373053,K32_R2_edge
ppg_missing,79.82989790435921,79.7872340425532,True,0.08377120000000002,10.471400000000003,85.39689142857144,0.41055183238626636,0.7456366323862795,0.7456366323862795,19.639611134905145,K32_R2_edge
ecg_missing,64.61968327297636,64.58557588805166,True,0.08377120000000002,10.471400000000003,85.39689142857144,0.41410547774284523,0.7491902777428584,0.7491902777428584,18.083396765939856,K32_R2_edge
both_degraded,99.51809349001152,99.39003784354398,True,0.08377120000000002,10.471400000000003,85.39689142857144,0.2784451066539658,0.613529906653979,0.613529906653979,18.86681913258874,K32_R2_edge
ppg_degraded,75.9988001592224,78.23942443371179,True,0.0958096,11.976199999999999,117.426,0.3259912066744173,0.7092296151203175,0.7092296151203175,17.784412663411075,K32_R8_local
both_degraded,100.72736750964081,100.8582482919152,True,0.0958096,11.976199999999999,97.68598857142857,0.18693222959467626,0.5701706295951167,0.5701706295951167,18.924017510165996,K32_R8_edge
ppg_missing,65.92955781989069,65.93406593406593,True,0.0958096,11.976199999999999,97.68598857142857,0.35088269222338714,0.7341210922238275,0.7341210922238275,24.222575221095006,K32_R8_edge
ppg_missing,106.51637515238781,106.55737704918032,True,0.08377120000000002,10.471400000000003,85.39689142857144,0.3829591930902061,0.7180439930902193,0.7180439930902193,18.07077690743987,K32_R2_edge
ppg_missing,56.71144078407351,58.79059350503919,True,0.08377120000000002,10.471400000000003,85.39689142857144,0.40363389648167813,0.7387186964816913,0.7387186964816913,16.557046579995145,K32_R2_edge
ppg_degraded,96.15094943088533,97.29417586233247,True,0.08377120000000002,10.471400000000003,85.39689142857144,0.3214069512309481,0.6564917512309613,0.6564917512309613,18.688197092108435,K32_R2_edge
ppg_degraded,51.21118718058316,67.3545275131149,True,0.08377120000000002,10.471400000000003,85.39689142857144,0.2678200579854455,0.6029048579854587,0.6029048579854587,17.332412506460056,K32_R2_edge
ecg_degraded,64.17923981249066,84.56340280416443,True,0.08377120000000002,10.471400000000003,85.39689142857144,0.18597479866201294,0.5210595986620261,0.5210595986620261,17.788565103478902,K32_R2_edge
ecg_degraded,102.2331982586116,102.17782041262726,True,0.08377120000000002,10.471400000000003,85.39689142857144,0.3793780270171251,0.7144628270171383,0.7144628270171383,19.64496065675356,K32_R2_edge
both_degraded,71.00629998867723,88.28307576165915,False,0.1198864,14.985800000000001,122.26418285714286,-0.4413341657673252,0.5945543431267856,0.038211529127743095,6.531720635945751,K32_R20_edge
both_degraded,105.94876958352717,106.61892309123587,True,0.08377120000000002,10.471400000000003,85.39689142857144,0.3372872315838783,0.6723720315838915,0.6723720315838915,17.95948910958934,K32_R2_edge
ecg_degraded,105.7650200373714,105.78823047797475,True,0.08377120000000002,10.471400000000003,85.39689142857144,0.29187754271927013,0.6269623427192833,0.6269623427192833,19.12553555982159,K32_R2_edge
both_degraded,98.01155461361031,98.81111841584402,True,0.08377120000000002,10.471400000000003,85.39689142857144,0.3460635015033764,0.6811483015033896,0.6811483015033896,17.15660258292402,K32_R2_edge
both_degraded,73.76632695348894,81.19699859441454,True,0.08377120000000002,10.471400000000003,85.39689142857144,0.24937349024450584,0.584458290244519,0.584458290244519,18.866128467741785,K32_R2_edge
ecg_degraded,101.49611020615865,101.49234545203944,True,0.08377120000000002,10.471400000000003,85.39689142857144,0.28949686272229624,0.6245816627223094,0.6245816627223094,18.772840949411897,K32_R2_edge
ecg_missing,77.42626021572916,77.40825688073394,True,0.08377120000000002,10.471400000000003,85.39689142857144,0.4142355207750047,0.7493203207750179,0.7493203207750179,20.726153291670546,K32_R2_edge
ppg_missing,57.57033170513767,57.56578947368421,True,0.08377120000000002,10.471400000000003,85.39689142857144,0.40397391855432496,0.7390587185543381,0.7390587185543381,20.386717437129473,K32_R2_edge
both_clean,101.1175021351507,101.12359550561801,True,0.08377120000000002,10.471400000000003,85.39689142857144,0.3992310226062997,0.7343158226063129,0.7343158226063129,17.051478689169908,K32_R2_edge
both_clean,98.97480226531374,99.54446146966391,True,0.08377120000000002,10.471400000000003,85.39689142857144,0.39639864395454205,0.7314834439545552,0.7314834439545552,19.06568542109094,K32_R2_edge
ecg_missing,58.13392642713826,58.13953488372093,True,0.08377120000000002,10.471400000000003,105.114,0.4149131415895445,0.7499979416074597,0.7499979416074597,18.353647562796507,K32_R2_local
both_degraded,101.99159101870747,101.89529095533929,True,0.08377120000000002,10.471400000000003,85.39689142857144,0.3689499492792986,0.7040347492793118,0.7040347492793118,15.287227739511923,K32_R2_edge
ecg_missing,81.13778318622508,83.79888268156425,True,0.08377120000000002,10.471400000000003,105.114,0.4141813625425117,0.7492661625604269,0.7492661625604269,18.502483786550556,K32_R2_local
ppg_degraded,94.61544551073055,94.58566753297127,True,0.08377120000000002,10.471400000000003,85.39689142857144,0.3622861925469748,0.697370992546988,0.697370992546988,21.665881736564224,K32_R2_edge
both_clean,66.09056124797956,67.45416108131798,True,0.08377120000000002,10.471400000000003,85.39689142857144,0.4038265043980671,0.7389113043980803,0.7389113043980803,18.210074653855475,K32_R2_edge
both_clean,62.927689029298975,62.912336462038084,True,0.0958096,11.976199999999999,117.426,0.24831739989054108,0.7419002245963423,0.6315558083364413,7.645087252433852,K32_R8_local
ecg_missing,100.89876889446069,100.82730093071356,True,0.08377120000000002,10.471400000000003,105.114,0.4139087661718702,0.7489935661897854,0.7489935661897854,17.404022981810787,K32_R2_local
ecg_missing,86.01282788351583,81.44568779626321,False,0.0958096,11.976199999999999,97.68598857142857,-0.3300390241908098,0.7492622574045743,0.05319937580963054,7.024950143513733,K32_R8_edge
ppg_degraded,58.862327936519094,72.19532846292934,True,0.08377120000000002,10.471400000000003,85.39689142857144,0.24051485929919825,0.5755996592992114,0.5755996592992114,18.53532397765709,K32_R2_edge
both_clean,71.9522051751024,71.94244604316548,True,0.08377120000000002,10.471400000000003,85.39689142857144,0.406367267889864,0.7414520678898772,0.7414520678898772,18.02924365862618,K32_R2_edge
ecg_degraded,101.54214909328772,101.56250000000001,True,0.08377120000000002,10.471400000000003,85.39689142857144,0.28839924981854337,0.6234840498185565,0.6234840498185565,19.54138108238862,K32_R2_edge
ecg_missing,78.0970149028488,78.125,True,0.08377120000000002,10.471400000000003,85.39689142857144,0.4148350554850523,0.7499198554850655,0.7499198554850655,15.398869920534953,K32_R2_edge
ppg_degraded,70.2111737367436,99.27768417568888,False,0.0958096,11.976199999999999,117.426,-0.37774216614044615,0.6988840424317772,0.005496242305454011,6.812251086765277,K32_R8_local
both_degraded,70.45723189304185,78.53078384520076,True,0.0958096,11.976199999999999,97.68598857142857,0.04952954340206596,0.43276794340250635,0.43276794340250635,16.523628507426153,K32_R8_edge
both_degraded,99.47865213403807,99.37862546605434,True,0.1198864,14.985800000000001,122.26418285714286,0.09030383580416512,0.5698495306994905,0.5698495306992335,8.298464317591495,K32_R20_edge
ppg_missing,77.25794165238739,99.27768417568888,False,0.0958096,11.976199999999999,117.426,-0.3811566979050331,0.7258019787847192,0.0020817105408670817,6.736718144170509,K32_R8_local
ppg_missing,106.90121016408358,106.9078947368421,True,0.08377120000000002,10.471400000000003,85.39689142857144,0.3782571637958385,0.7133419637958517,0.7133419637958517,18.743309531541144,K32_R2_edge
ecg_degraded,68.7320090540944,83.17352349028121,False,0.08377120000000002,10.471400000000003,85.39689142857144,-0.33435114060809695,0.7164324023144647,0.0007336593919162282,7.120052740990554,K32_R2_edge
ppg_missing,95.38881975014512,95.33898305084747,True,0.08377120000000002,10.471400000000003,85.39689142857144,0.38968946156367246,0.7247742615636856,0.7247742615636856,17.67183677647878,K32_R2_edge
both_degraded,67.14232956144117,70.21348318363135,True,0.08377120000000002,10.471400000000003,85.39689142857144,0.3765973072083514,0.7116821072083646,0.7116821072083646,17.257659835959107,K32_R2_edge
ecg_missing,96.07032811854907,76.64677116422574,False,0.08377120000000002,10.471400000000003,85.39689142857144,-0.10305084954618096,0.7493178285429308,0.2320339504538322,7.935552533082632,K32_R2_edge
ecg_degraded,51.05587858863829,64.07387913816626,True,0.0958096,11.976199999999999,117.426,0.15795902229094477,0.541197430736845,0.541197430736845,17.447236741725497,K32_R8_local
ppg_missing,57.78925889369502,57.75577557755775,True,0.08377120000000002,10.471400000000003,85.39689142857144,0.4066546881134393,0.7417394881134525,0.7417394881134525,20.81334701415891,K32_R2_edge
both_clean,65.55541439177173,67.03883404704112,True,0.08377120000000002,10.471400000000003,85.39689142857144,0.40310259288935324,0.7381873928893664,0.7381873928893664,18.401707102382883,K32_R2_edge
ecg_degraded,102.20551787788617,102.85839649481181,True,0.08377120000000002,10.471400000000003,85.39689142857144,0.2849279146848708,0.620012714684884,0.620012714684884,18.60297857932408,K32_R2_edge
both_degraded,69.34990258079557,96.051227321238,False,0.1198864,14.985800000000001,122.26418285714286,-0.2884764018176436,0.5851915818045339,0.19106929307742473,6.723363078019392,K32_R20_edge
both_clean,79.01153247204897,52.50875145857643,False,0.08377120000000002,10.471400000000003,105.114,-0.3350848000179152,0.7401958263872805,5.390286917679906e-18,5.855647182866312,K32_R2_local
both_degraded,56.42267120268433,109.04792686536804,True,0.1198864,14.985800000000001,142.05,-0.07778117916445185,0.40362493557182016,0.40362493557182016,17.40092347612261,K32_R20_local
ecg_degraded,84.00069716118011,84.04056284389274,True,0.08377120000000002,10.471400000000003,85.39689142857144,0.33207499460426804,0.6671597946042812,0.6671597946042812,17.60966902686794,K32_R2_edge
ppg_degraded,55.75967203660301,73.76323092967925,True,0.08377120000000002,10.471400000000003,85.39689142857144,0.21185618572955645,0.5469409857295696,0.5469409857295696,18.000064795666955,K32_R2_edge
ppg_missing,58.49614026938741,58.46325167037862,True,0.08377120000000002,10.471400000000003,85.39689142857144,0.4009380975783069,0.7360228975783201,0.7360228975783201,17.23199026898825,K32_R2_edge
ecg_missing,98.05834371146457,71.31537021314826,False,0.0958096,11.976199999999999,117.426,-0.37311095984527237,0.749105774676595,0.01012744860062781,6.857263041171213,K32_R8_local
both_clean,64.63461717455668,64.65517241379308,True,0.08377120000000002,10.471400000000003,85.39689142857144,0.414432660560924,0.7495174605609372,0.7495174605609372,18.266428374086328,K32_R2_edge
ppg_missing,53.67522266548879,92.49750172789197,False,0.1198864,14.985800000000001,142.05,-0.48138866735383906,0.7413932548000369,1.7447382432930753e-05,6.097602795624185,K32_R20_local
ppg_degraded,86.1094928141166,86.59402325640995,True,0.08377120000000002,10.471400000000003,85.39689142857144,0.36579568735582035,0.7008804873558335,0.7008804873558335,17.351869691903364,K32_R2_edge
both_clean,58.79000936124079,60.280248758667184,True,0.08377120000000002,10.471400000000003,85.39689142857144,0.4037415767046765,0.7388263767046896,0.7388263767046896,16.688961411010617,K32_R2_edge
ecg_missing,53.169003424627974,53.19148936170213,True,0.08377120000000002,10.471400000000003,105.114,0.414875658116151,0.7499604581340662,0.7499604581340662,23.170952023179524,K32_R2_local
ppg_missing,99.83313899172893,99.89754098360659,True,0.08377120000000002,10.471400000000003,85.39689142857144,0.3901859082912057,0.7252707082912189,0.7252707082912189,19.52127185298332,K32_R2_edge
ecg_degraded,73.83096925724962,75.06319842148723,True,0.08377120000000002,10.471400000000003,85.39689142857144,0.38256596108149465,0.7176507610815078,0.7176507610815078,16.836694208842125,K32_R2_edge
ppg_degraded,101.92850456430426,101.84834620602717,True,0.08377120000000002,10.471400000000003,85.39689142857144,0.3103910903252145,0.6454758903252277,0.6454758903252277,19.59651432862264,K32_R2_edge
both_clean,94.64188808317337,95.67678151953312,True,0.08377120000000002,10.471400000000003,85.39689142857144,0.39741348198867144,0.7324982819886846,0.7324982819886846,19.57128151010162,K32_R2_edge
ecg_missing,62.05784179939693,102.9567053854277,False,0.1198864,14.985800000000001,122.26418285714286,-0.2259743194657976,0.7496207257124722,0.2535713754292708,6.729257402725709,K32_R20_edge
both_degraded,55.08867775315957,91.60842692932796,True,0.0958096,11.976199999999999,97.68598857142857,0.06039441727775631,0.4436328172781967,0.4436328172781967,19.50272041520464,K32_R8_edge
ecg_degraded,60.2814351444184,78.10662507373459,True,0.08377120000000002,10.471400000000003,105.114,0.18896591334827229,0.5240507133661875,0.5240507133661875,17.662389625413986,K32_R2_local
ppg_degraded,79.6748098680306,96.051227321238,False,0.1198864,14.985800000000001,122.26418285714286,-0.47954563884322365,0.6988051658265535,5.6051844675534816e-08,5.907406712452863,K32_R20_edge
ppg_missing,71.46488837435592,71.42857142857143,True,0.08377120000000002,10.471400000000003,85.39689142857144,0.41178801453208425,0.7468728145320974,0.7468728145320974,18.06249274803383,K32_R2_edge
ppg_degraded,99.91892259014381,100.01277478614072,True,0.08377120000000002,10.471400000000003,85.39689142857144,0.2755671070002431,0.6106519070002563,0.6106519070002563,17.646585953761573,K32_R2_edge
ppg_missing,78.15445058321455,80.21390374331551,True,0.08377120000000002,10.471400000000003,85.39689142857144,0.3768379623468846,0.7119227623468978,0.7119227623468978,17.602347820358837,K32_R2_edge
ppg_degraded,83.28498202662936,83.99644600726698,True,0.08377120000000002,10.471400000000003,85.39689142857144,0.3647171722030098,0.699801972203023,0.699801972203023,17.4185249658011,K32_R2_edge
ppg_missing,73.2471346674441,73.28990228013029,True,0.08377120000000002,10.471400000000003,85.39689142857144,0.3973476474158425,0.7324324474158557,0.7324324474158557,17.42958439673891,K32_R2_edge
ecg_missing,95.29402030189969,95.26558891454967,True,0.08377120000000002,10.471400000000003,105.114,0.41387270709633905,0.7489575071142542,0.7489575071142542,17.533924306521264,K32_R2_local
ecg_missing,91.33638747717043,91.26106194690266,True,0.08377120000000002,10.471400000000003,105.114,0.4137531279297736,0.7488379279476888,0.7488379279476888,18.65429187059005,K32_R2_local
ppg_degraded,91.14634004451341,57.623687591341195,False,0.0958096,11.976199999999999,97.68598857142857,-0.3832383999985766,0.7041705425884317,1.8637436797309085e-12,5.920493190909118,K32_R8_edge
ppg_missing,96.29566330414328,96.35974304068523,True,0.08377120000000002,10.471400000000003,85.39689142857144,0.37855599232596926,0.7136407923259824,0.7136407923259824,18.90708781338586,K32_R2_edge
ecg_missing,73.91636772302634,73.93209200438116,True,0.08377120000000002,10.471400000000003,105.114,0.4142963967045876,0.7493811967225028,0.7493811967225028,15.861820364963018,K32_R2_local
both_degraded,57.14515047438573,110.10545448459715,True,0.1198864,14.985800000000001,142.05,-0.16377541129442533,0.3176307034418467,0.3176307034418467,15.934130391479968,K32_R20_local
ppg_degraded,99.07600664889529,99.27768417568888,True,0.0958096,11.976199999999999,117.426,0.2758604770377777,0.6931993245115491,0.6590988854836779,7.810329291230945,K32_R8_local
ppg_missing,70.73134913366441,70.75471698113208,True,0.08377120000000002,10.471400000000003,85.39689142857144,0.4135933165487494,0.7486781165487626,0.7486781165487626,16.604660978819012,K32_R2_edge
ppg_degraded,91.50575696338748,93.66566101773373,True,0.08377120000000002,10.471400000000003,85.39689142857144,0.3271581427326037,0.6622429427326169,0.6622429427326169,16.316154457757204,K32_R2_edge
both_clean,109.30795456247404,109.31941237572178,True,0.0958096,11.976199999999999,97.68598857142857,0.3486403514290369,0.7318787514294772,0.7318787514294772,20.694781447569724,K32_R8_edge
both_clean,92.1057041266871,92.58535061578789,True,0.0958096,11.976199999999999,97.68598857142857,0.35032190250593515,0.7335603025063755,0.7335603025063755,18.926550626267787,K32_R8_edge
ecg_missing,104.40114386787533,90.16393442622953,False,0.08377120000000002,10.471400000000003,105.114,-0.33508480001791513,0.7488252959606849,6.122684126568486e-17,5.912322176989144,K32_R2_local
ecg_degraded,50.80129691806928,69.6063580467762,True,0.08377120000000002,10.471400000000003,105.114,0.20222118615296147,0.5373059861708767,0.5373059861708767,20.349597656350095,K32_R2_local
ecg_degraded,86.22304819120521,87.2364279615412,True,0.08377120000000002,10.471400000000003,85.39689142857144,0.38987207592455964,0.7249568759245728,0.7249568759245728,16.887123588893097,K32_R2_edge
both_degraded,55.83936153129105,108.62125896435444,True,0.1198864,14.985800000000001,122.26418285714286,-0.09618877165872364,0.38335692323634474,0.38335692323634474,17.482062420064143,K32_R20_edge
both_degraded,102.35027784946642,102.30849947534108,True,0.1198864,14.985800000000001,122.26418285714286,0.22441706093725655,0.7039627558323249,0.7039627558323249,16.55837282556667,K32_R20_edge
ppg_missing,107.61486518187712,77.82151800136421,False,0.0958096,11.976199999999999,97.68598857142857,-0.38323622922387435,0.7160120894039622,2.1707765659845903e-06,6.371843811220355,K32_R8_edge
both_degraded,52.049214652140975,100.47754059918138,True,0.08377120000000002,10.471400000000003,85.39689142857144,0.10824511049333563,0.4433299104933488,0.4433299104933488,18.794513553815186,K32_R2_edge
both_clean,57.995681022134484,57.979250798974405,True,0.08377120000000002,10.471400000000003,85.39689142857144,0.40946348663641197,0.7445482866364251,0.7445482866364251,16.696101883296016,K32_R2_edge
both_degraded,99.96566210896373,99.89754098360659,True,0.1198864,14.985800000000001,122.26418285714286,0.21587682917531814,0.6954225240703865,0.6954225240703865,18.616033126696966,K32_R20_edge
ppg_missing,91.21318561937701,93.16770186335405,True,0.0958096,11.976199999999999,117.426,0.3390181823266907,0.7222565907725909,0.7222565907725909,17.780717057746315,K32_R8_local
both_clean,108.89946659516056,108.92116182572614,True,0.08377120000000002,10.471400000000003,85.39689142857144,0.40042454433559416,0.7355093443356073,0.7355093443356073,18.115601665297778,K32_R2_edge
ecg_degraded,95.3905516911461,95.40635068608496,True,0.08377120000000002,10.471400000000003,85.39689142857144,0.38097970453177643,0.7160645045317896,0.7160645045317896,20.139705742058442,K32_R2_edge
both_degraded,85.65140447147404,86.49665818681018,True,0.08377120000000002,10.471400000000003,85.39689142857144,0.2249529976422454,0.5600377976422586,0.5600377976422586,18.1067905267363,K32_R2_edge
ecg_missing,82.35459522239353,80.99352051835854,False,0.08377120000000002,10.471400000000003,105.114,-0.33495953106550325,0.7488665655919229,0.00012526895241194805,6.982436917577738,K32_R2_local
both_degraded,50.59204158245093,73.37982124505771,True,0.08377120000000002,10.471400000000003,105.114,0.08847130477065711,0.4235561047885723,0.4235561047885723,20.239341607616257,K32_R2_local
ppg_degraded,97.02888225297767,96.98275862068967,True,0.08377120000000002,10.471400000000003,85.39689142857144,0.3643527534707852,0.6994375534707984,0.6994375534707984,19.24757338659088,K32_R2_edge
ppg_missing,73.04010718446125,73.05194805194806,True,0.08377120000000002,10.471400000000003,85.39689142857144,0.3980995470549161,0.7331843470549293,0.7331843470549293,15.633246581346937,K32_R2_edge
ppg_missing,56.39919197090616,56.39097744360902,True,0.08377120000000002,10.471400000000003,85.39689142857144,0.41477161944785956,0.7498564194478727,0.7498564194478727,18.36896405224137,K32_R2_edge
ecg_missing,82.81008782676443,92.02453987730063,False,0.08377120000000002,10.471400000000003,105.114,-0.3350848000178356,0.7491262591202628,7.962843737749559e-14,6.098108652417731,K32_R2_local
ecg_degraded,72.19776440670499,76.64677116422574,False,0.1198864,14.985800000000001,122.26418285714286,-0.47824146745378854,0.6087633074772133,0.0013042274412797938,6.3005276942895625,K32_R20_edge
ppg_degraded,86.35147729714927,87.69466369152201,True,0.08377120000000002,10.471400000000003,85.39689142857144,0.3887884820677918,0.723873282067805,0.723873282067805,17.571208031325806,K32_R2_edge
ppg_degraded,51.000327603334426,60.548352295487234,True,0.08377120000000002,10.471400000000003,85.39689142857144,0.3261783493027396,0.6612631493027528,0.6612631493027528,17.723178465959478,K32_R2_edge
both_degraded,59.89856669450722,119.88095266632396,True,0.1198864,14.985800000000001,142.05,-0.11452750485592492,0.3668786098803471,0.3668786098803471,17.948053526595874,K32_R20_local
both_degraded,82.38985578911412,85.48108620392804,True,0.08377120000000002,10.471400000000003,85.39689142857144,0.25447002368688476,0.5895548236868979,0.5895548236868979,17.796101745619946,K32_R2_edge
ecg_degraded,86.59444497343851,54.413542926239415,False,0.0958096,11.976199999999999,97.68598857142857,-0.38323839658865455,0.6673646833888496,3.4117857889946086e-09,6.138007894990247,K32_R8_edge
ecg_missing,54.93284955636952,57.56578947368421,True,0.1198864,14.985800000000001,142.05,0.268195034710435,0.749601149446707,0.749601149446707,19.976102535553224,K32_R20_local
both_clean,88.1826725266965,88.18797741705599,True,0.08377120000000002,10.471400000000003,85.39689142857144,0.41090944444743127,0.7459942444474444,0.7459942444474444,17.271585196576172,K32_R2_edge
ppg_missing,100.47326890202663,101.56250000000003,True,0.0958096,11.976199999999999,97.68598857142857,0.33251858747030066,0.715756987470741,0.715756987470741,18.45272872867305,K32_R8_edge
ecg_degraded,67.20701755471588,67.22541397838434,True,0.08377120000000002,10.471400000000003,85.39689142857144,0.3867271205818241,0.7218119205818373,0.7218119205818373,18.555695817131113,K32_R2_edge
both_clean,81.27984671841264,81.34490238611714,True,0.08377120000000002,10.471400000000003,85.39689142857144,0.40476635695794616,0.7398511569579593,0.7398511569579593,17.301528161550575,K32_R2_edge
both_degraded,104.36715649538887,104.33416406715574,True,0.08377120000000002,10.471400000000003,85.39689142857144,0.3381199815976861,0.6732047815976993,0.6732047815976993,17.855483334602503,K32_R2_edge
ppg_missing,92.177581114746,94.14225941422596,True,0.08377120000000002,10.471400000000003,85.39689142857144,0.38785765588479815,0.7229424558848113,0.7229424558848113,18.36151417276952,K32_R2_edge
ecg_missing,62.40333967750801,62.37006237006237,True,0.08377120000000002,10.471400000000003,105.114,0.4145123678872724,0.7495971679051876,0.7495971679051876,19.213150147800743,K32_R2_local
ecg_degraded,107.98956049991023,107.95134922423901,True,0.0958096,11.976199999999999,117.426,0.012438898725368647,0.6249929791866272,0.39567730717126887,7.462593884739646,K32_R8_local
ppg_missing,70.52450263774281,72.58064516129032,True,0.08377120000000002,10.471400000000003,85.39689142857144,0.40098425651196945,0.7360690565119826,0.7360690565119826,18.774204830584722,K32_R2_edge
ecg_missing,99.45214644973576,99.44751381215472,True,0.08377120000000002,10.471400000000003,105.114,0.4137921623412957,0.7488769623592109,0.7488769623592109,19.08921871810781,K32_R2_local
both_degraded,77.15104854340959,78.63670381706592,True,0.08377120000000002,10.471400000000003,85.39689142857144,0.3226043122210249,0.6576891122210381,0.6576891122210381,16.88319331071,K32_R2_edge
both_degraded,97.38605373220969,91.05960264900662,False,0.0958096,11.976199999999999,97.68598857142857,-0.23967834929531917,0.7176418016482056,0.14356005070512123,7.17170887270171,K32_R8_edge
ppg_missing,105.25536044784494,105.31594784353064,True,0.08377120000000002,10.471400000000003,85.39689142857144,0.38481475224108497,0.7198995522410981,0.7198995522410981,16.76416224667159,K32_R2_edge
ecg_degraded,104.1634000346967,105.18630166271497,True,0.08377120000000002,10.471400000000003,85.39689142857144,0.3389000307830463,0.6739848307830595,0.6739848307830595,17.82946154362654,K32_R2_edge
ecg_missing,98.27614763925604,83.87880636560645,False,0.0958096,11.976199999999999,97.68598857142857,-0.34705765580254977,0.7489353240112908,0.03618074419789058,6.9807236439972,K32_R8_edge
ppg_degraded,69.37833985400621,70.10311566032131,True,0.1198864,14.985800000000001,122.26418285714286,0.22373274793476117,0.7033966235390938,0.7032784428298295,7.508297443993286,K32_R20_edge
ppg_degraded,104.75777986782796,104.8397002095945,True,0.08377120000000002,10.471400000000003,85.39689142857144,0.38896787770083163,0.7240526777008448,0.7240526777008448,16.693337272694986,K32_R2_edge
ppg_degraded,59.20038644552483,78.00705348447076,True,0.08377120000000002,10.471400000000003,85.39689142857144,0.16973964795794616,0.5048244479579593,0.5048244479579593,14.280202728075835,K32_R2_edge
ecg_missing,65.61169859736071,72.26980728051392,False,0.1198864,14.985800000000001,142.05,-0.4814061147362711,0.7495521947963982,8.923138307745656e-16,5.489278826883263,K32_R20_local
both_degraded,88.78119344429444,91.54677790209989,True,0.08377120000000002,10.471400000000003,85.39689142857144,0.3765906780120508,0.711675478012064,0.711675478012064,19.932816433021223,K32_R2_edge
ppg_missing,94.89086721451696,94.93670886075951,True,0.0958096,11.976199999999999,117.426,0.36143663446529295,0.7446750429111931,0.7446750429111931,19.08079047094998,K32_R8_local
both_degraded,53.02017699173249,85.93766159458177,True,0.0958096,11.976199999999999,117.426,0.014752840359631165,0.4542267958280223,0.3979912488055314,7.675538201680524,K32_R8_local
both_clean,66.1318503213314,66.1521499448732,True,0.08377120000000002,10.471400000000003,85.39689142857144,0.40827593735398493,0.7433607373539981,0.7433607373539981,16.351590410674106,K32_R2_edge
ppg_degraded,72.14199281958642,72.26332221264236,True,0.08377120000000002,10.471400000000003,85.39689142857144,0.38253328264344355,0.7176180826434567,0.7176180826434567,19.238866234821547,K32_R2_edge
ecg_degraded,100.83479146165519,100.82730093071358,True,0.0958096,11.976199999999999,97.68598857142857,0.2817258301143874,0.6654334143217611,0.6649642301148277,8.255604350954343,K32_R8_edge
ecg_degraded,50.11504145166621,68.05054030177087,True,0.08377120000000002,10.471400000000003,85.39689142857144,0.20315355608445673,0.5382383560844699,0.5382383560844699,15.455215299775768,K32_R2_edge
both_clean,103.39973480852294,103.39022007632244,True,0.08377120000000002,10.471400000000003,85.39689142857144,0.3974709622558361,0.7325557622558493,0.7325557622558493,16.58116283693641,K32_R2_edge
ppg_degraded,70.08383350809765,76.64677116422574,True,0.08377120000000002,10.471400000000003,85.39689142857144,0.29698360392030354,0.6320684039203167,0.6320684039203167,16.064884307725148,K32_R2_edge
ppg_missing,86.99441322457056,86.93361433087462,True,0.08377120000000002,10.471400000000003,85.39689142857144,0.3885250657677429,0.7236098657677561,0.7236098657677561,19.13075995451283,K32_R2_edge
both_clean,106.14564723370088,106.15013453955476,True,0.08377120000000002,10.471400000000003,85.39689142857144,0.3981141399666588,0.733198939966672,0.733198939966672,17.126319270760128,K32_R2_edge
ecg_degraded,53.69591269384357,72.45001012985514,True,0.08377120000000002,10.471400000000003,85.39689142857144,0.20688761825956448,0.5419724182595776,0.5419724182595776,14.445665558938687,K32_R2_edge
ppg_degraded,82.71520726815444,87.8049485286851,True,0.08377120000000002,10.471400000000003,85.39689142857144,0.2683116098583187,0.6033964098583319,0.6033964098583319,17.83912628692577,K32_R2_edge
ecg_degraded,63.333049522983714,80.75932582562662,True,0.08377120000000002,10.471400000000003,105.114,0.18266089883562864,0.5177456988535438,0.5177456988535438,17.991192327608605,K32_R2_local
ppg_degraded,92.13484916078417,92.23053478546566,True,0.08377120000000002,10.471400000000003,85.39689142857144,0.38937222759210877,0.7244570275921219,0.7244570275921219,17.931848917286228,K32_R2_edge
both_clean,99.06909978147488,100.05602797766052,True,0.0958096,11.976199999999999,117.426,0.3453983761887206,0.7292492115971371,0.7286367846346208,8.240211411051831,K32_R8_local
ecg_degraded,64.77496663523159,77.45411257230758,True,0.08377120000000002,10.471400000000003,85.39689142857144,0.2513232646101139,0.5864080646101271,0.5864080646101271,18.118907374083207,K32_R2_edge
ppg_degraded,101.59367427616667,101.66949569269396,True,0.08377120000000002,10.471400000000003,85.39689142857144,0.3901857866735132,0.7252705866735264,0.7252705866735264,18.16758957018403,K32_R2_edge
ppg_missing,60.64480823188708,61.7283950617284,True,0.1198864,14.985800000000001,142.05,0.25905189037089144,0.7404580051071634,0.7404580051071634,17.511331177471924,K32_R20_local
ppg_degraded,78.80433614975058,90.16393442622953,False,0.0958096,11.976199999999999,97.68598857142857,-0.3832318348409795,0.7296576547112922,6.565159460865401e-06,6.419037751575117,K32_R8_edge
ecg_degraded,57.87695667192716,75.31216769521978,True,0.08377120000000002,10.471400000000003,85.39689142857144,0.19868748762366317,0.5337722876236763,0.5337722876236763,17.59244622718516,K32_R2_edge
