regime,hr_true,hr_delivered,decode_success,energy_j,power_mw,latency_ms,reward,piv,u_pir,snr_db,arm
ecg_degraded,65.69672805495898,75.96586640396264,True,0.1198864,14.985800000000001,122.26418285714286,0.13614514418499135,0.6156908390800597,0.6156908390800597,17.07533868319168,K32_R20_edge
ecg_missing,67.9094686048474,108.93854748603351,False,0.1198864,14.985800000000001,122.26418285714286,-0.4795456948948114,0.7494348048281474,2.568810791450696e-13,5.6021985777697525,K32_R20_edge
ecg_degraded,98.85354443565683,99.26020820468534,True,0.1198864,14.985800000000001,122.26418285714286,0.1865808227065049,0.6661265176015733,0.6661265176015733,19.28942004475762,K32_R20_edge
ppg_degraded,55.51495652810581,72.29512162697763,True,0.1198864,14.985800000000001,122.26418285714286,0.10182944802794736,0.5813751429230157,0.5813751429230157,17.722237491163057,K32_R20_edge
ppg_degraded,86.00603155793924,87.02663312224348,True,0.1198864,14.985800000000001,122.26418285714286,0.2447572643669409,0.7243029592620093,0.7243029592620093,16.783502868992855,K32_R20_edge
ppg_degraded,93.71363160870769,95.79286210163977,True,0.1198864,14.985800000000001,122.26418285714286,0.2294375247166851,0.7089832196117535,0.7089832196117535,16.188225263523126,K32_R20_edge
ecg_degraded,61.274064401996206,83.62821765540858,True,0.1198864,14.985800000000001,122.26418285714286,0.04434763569842282,0.5238933305934912,0.5238933305934912,17.459344591951496,K32_R20_edge
ppg_degraded,53.30879763998409,69.6707118501319,True,0.1198864,14.985800000000001,122.26418285714286,0.047404956212841916,0.5269506511079103,0.5269506511079103,20.437736925655972,K32_R20_edge
ppg_missing,66.49816207436228,66.44518272425249,True,0.1198864,14.985800000000001,122.26418285714286,0.2593173072241923,0.7388630021192606,0.7388630021192606,17.11891710457042,K32_R20_edge
ppg_degraded,89.44598089253554,89.18543103097743,True,0.1198864,14.985800000000001,122.26418285714286,0.16779935835026738,0.6473450532453358,0.6473450532453358,17.821677327275232,K32_R20_edge
both_clean,83.73593976682568,83.75275312646099,True,0.1198864,14.985800000000001,122.26418285714286,0.2596952017943281,0.7392408966893964,0.7392408966893964,16.02793892694668,K32_R20_edge
ecg_degraded,59.003735798320164,100.07640209240571,False,0.1198864,14.985800000000001,122.26418285714286,-0.4679089304661969,0.5204280923459651,0.011636764428871385,6.446416355986037,K32_R20_edge
both_degraded,75.95784744828723,76.56002002282472,True,0.1198864,14.985800000000001,122.26418285714286,0.23231110217853213,0.7118568232322957,0.7118567970736005,7.894798547599032,K32_R20_edge
ppg_missing,90.15783791447122,91.18541033434651,True,0.1198864,14.985800000000001,122.26418285714286,0.2428589108480661,0.7224046057431345,0.7224046057431345,19.538785847853283,K32_R20_edge
both_clean,75.36708039620767,75.41899441340783,True,0.1198864,14.985800000000001,122.26418285714286,-0.4639893866797077,0.7426814791017065,0.015556308215360623,6.4416711464312915,K32_R20_edge
ecg_missing,87.991063956447,88.04695837780152,True,0.1198864,14.985800000000001,122.26418285714286,0.26952236622770315,0.7490680611227715,0.7490680611227715,19.47194596158631,K32_R20_edge
both_degraded,108.0461571496206,108.82015997867745,True,0.1198864,14.985800000000001,122.26418285714286,0.17325826943437972,0.6528039643294481,0.6528039643294481,17.70537743565061,K32_R20_edge
ecg_missing,90.98388933857751,93.45794392523364,True,0.1198864,14.985800000000001,122.26418285714286,0.039588757672376136,0.7490184891312367,0.5191344525674445,6.8995940756273715,K32_R20_edge
both_degraded,73.49748998480158,98.19828536086209,False,0.1198864,14.985800000000001,122.26418285714286,-0.4795456948949502,0.5678404472734275,1.181361967168614e-13,5.591732593746697,K32_R20_edge
ppg_degraded,61.235154183205886,80.4470739851424,True,0.1198864,14.985800000000001,122.26418285714286,0.025153009233183313,0.5046987041282517,0.5046987041282517,18.413976053995757,K32_R20_edge
both_degraded,70.757639934304,72.12895277902977,False,0.1198864,14.985800000000001,122.26418285714286,-0.3882593421340899,0.6604920815560704,0.0912863527609784,6.608247760361021,K32_R20_edge
ecg_degraded,80.66395841417463,81.15633908917106,True,0.1198864,14.985800000000001,122.26418285714286,0.24722106673361544,0.7267667616286838,0.7267667616286838,18.65966966263892,K32_R20_edge
ppg_missing,103.47256457003475,103.50318471337583,True,0.1198864,14.985800000000001,122.26418285714286,0.23115773146352503,0.7107034263585934,0.7107034263585934,17.64118572364398,K32_R20_edge
ecg_missing,96.53383654836136,96.4630225080386,True,0.1198864,14.985800000000001,122.26418285714286,0.269531740642519,0.7490774355375873,0.7490774355375873,19.005736772555384,K32_R20_edge
ppg_degraded,69.08879603692246,69.74317101517536,True,0.1198864,14.985800000000001,122.26418285714286,0.16916342593001876,0.6487091208250871,0.6487091208250871,16.468892207333802,K32_R20_edge
ecg_degraded,105.45301379040944,106.01427457729773,True,0.1198864,14.985800000000001,122.26418285714286,0.1452010731567679,0.6247467680518363,0.6247467680518363,19.912048466048553,K32_R20_edge
ppg_missing,78.25459312494544,78.28810020876826,True,0.1198864,14.985800000000001,122.26418285714286,0.24472704198204176,0.7242727368771101,0.7242727368771101,18.484060186091284,K32_R20_edge
ppg_missing,91.62553053213381,91.5564598168871,True,0.1198864,14.985800000000001,122.26418285714286,0.10075761914662629,0.729375195603198,0.5803033140416947,6.960181437230737,K32_R20_edge
ecg_degraded,56.43243850721528,75.54406678906979,True,0.1198864,14.985800000000001,122.26418285714286,0.05749087475789794,0.5370365696529663,0.5370365696529663,19.868214649919224,K32_R20_edge
ppg_degraded,56.27261350597649,73.90006930935856,True,0.1198864,14.985800000000001,122.26418285714286,0.03714087434352565,0.516686569238594,0.516686569238594,17.515237154424153,K32_R20_edge
both_clean,62.11444685176702,97.98495906154098,False,0.1198864,14.985800000000001,122.26418285714286,-0.4786637576551341,0.7434152116366506,0.0008819372399342118,6.269563630310189,K32_R20_edge
ppg_missing,103.06698042129761,103.09278350515467,True,0.1198864,14.985800000000001,122.26418285714286,0.03808080855659269,0.7168547743003848,0.5176265034516611,6.915443459054382,K32_R20_edge
both_clean,90.78868768907502,91.70610708559737,True,0.1198864,14.985800000000001,122.26418285714286,0.2529237087896114,0.7324694036846797,0.7324694036846797,17.839001458280663,K32_R20_edge
ppg_degraded,100.95417941686608,100.98541280461485,True,0.1198864,14.985800000000001,122.26418285714286,0.2219486365415574,0.7014943314374217,0.7014943314366258,8.268384069643261,K32_R20_edge
both_clean,88.66617615233105,102.95670538542768,False,0.1198864,14.985800000000001,122.26418285714286,-0.37277390314437076,0.7377920809805086,0.10677179175069755,6.613432834031148,K32_R20_edge
both_degraded,74.39254386053219,58.49561746309712,False,0.1198864,14.985800000000001,122.26418285714286,-0.47954562551715474,0.6855941547627461,6.937791360145985e-08,5.914312634594463,K32_R20_edge
ppg_degraded,80.9946916474998,85.67910217539544,True,0.1198864,14.985800000000001,122.26418285714286,0.11251753154852906,0.5920632264435974,0.5920632264435974,16.453118025196456,K32_R20_edge
ecg_missing,85.60661106535437,85.51881413911062,True,0.1198864,14.985800000000001,122.26418285714286,0.2695239710224598,0.7490696659175281,0.7490696659175281,17.79226072323696,K32_R20_edge
ppg_missing,101.72707909445768,101.69491525423732,True,0.1198864,14.985800000000001,122.26418285714286,0.2393614440144335,0.7189071389095019,0.7189071389095019,16.232324761983747,K32_R20_edge
both_degraded,76.2911699695475,76.7702278682178,True,0.1198864,14.985800000000001,122.26418285714286,0.05741381792296952,0.5437641945750488,0.5369595128180379,7.234690595014395,K32_R20_edge
ppg_missing,103.53440659799858,103.6131774707758,True,0.1198864,14.985800000000001,122.26418285714286,0.24111393839349438,0.7206716800664609,0.7206596332885628,7.626741844258552,K32_R20_edge
ppg_degraded,86.82301630415523,86.8879298174439,True,0.1198864,14.985800000000001,122.26418285714286,0.24901390015097635,0.7285595950460447,0.7285595950460447,17.280483832183872,K32_R20_edge
ecg_missing,99.76136754839489,99.77827050997786,True,0.1198864,14.985800000000001,122.26418285714286,0.2693839503198913,0.7489296452149596,0.7489296452149596,20.531251940246705,K32_R20_edge
ppg_degraded,79.88336329503488,79.85106525278303,True,0.1198864,14.985800000000001,122.26418285714286,0.16215406677206745,0.6416997616671358,0.6416997616671358,17.322894573652267,K32_R20_edge
ppg_missing,91.55108790979841,91.56492785793563,True,0.1198864,14.985800000000001,122.26418285714286,0.24403287218684966,0.723578567081918,0.723578567081918,18.274751554776696,K32_R20_edge
both_degraded,70.34152247895861,89.86928104575163,False,0.1198864,14.985800000000001,122.26418285714286,-0.4795456948945007,0.6105162104526007,5.675749958903432e-13,5.6234454914281935,K32_R20_edge
ecg_degraded,81.36971023542583,81.39574607831193,True,0.1198864,14.985800000000001,122.26418285714286,0.18607449498803763,0.665620189883106,0.665620189883106,18.369608566606875,K32_R20_edge
ppg_degraded,62.97340346114087,80.81993445261719,True,0.1198864,14.985800000000001,122.26418285714286,0.04098573045390642,0.5205314253489748,0.5205314253489748,9.30046216724303,K32_R20_edge
both_clean,56.04221612110861,57.11559646188891,True,0.1198864,14.985800000000001,122.26418285714286,0.25969255343925474,0.7393591621278898,0.7392382483343231,7.5097639300785906,K32_R20_edge
ppg_missing,52.31624779525813,52.325581395348834,True,0.1198864,14.985800000000001,122.26418285714286,0.26266436997030934,0.7422100648653777,0.7422100648653777,17.666766248494042,K32_R20_edge
both_clean,92.11696858315938,92.14932942923937,True,0.1198864,14.985800000000001,122.26418285714286,0.2554723809753506,0.7350180758704189,0.7350180758704189,17.649466796086525,K32_R20_edge
ecg_degraded,77.38583725289337,81.63705278290223,True,0.1198864,14.985800000000001,122.26418285714286,0.13396159449065037,0.6135073470376714,0.6135072893857187,7.856819141187932,K32_R20_edge
both_clean,103.86404882559054,103.92609699769056,True,0.1198864,14.985800000000001,122.26418285714286,0.2544156251500234,0.7339613200450917,0.7339613200450917,18.953682984842658,K32_R20_edge
both_clean,100.11099228153678,100.66257679152967,True,0.1198864,14.985800000000001,122.26418285714286,0.2524547680424682,0.7320004629375365,0.7320004629375365,16.1010407209684,K32_R20_edge
ecg_missing,73.105708068849,73.13109425785483,True,0.1198864,14.985800000000001,122.26418285714286,0.26989933333125665,0.749445028226325,0.749445028226325,18.535638367451412,K32_R20_edge
ppg_missing,108.42072618231337,108.359133126935,True,0.1198864,14.985800000000001,122.26418285714286,-0.08159168688919621,0.716103595411986,0.39795400800587216,6.831649610390094,K32_R20_edge
ecg_missing,85.52372066470187,85.49222797927463,True,0.1198864,14.985800000000001,122.26418285714286,0.26966217165474443,0.7492078665498128,0.7492078665498128,17.902667753191317,K32_R20_edge
both_clean,95.95299885291789,95.9488272921109,True,0.1198864,14.985800000000001,122.26418285714286,0.2555914968490252,0.7351371917440935,0.7351371917440935,17.16039259451705,K32_R20_edge
both_degraded,74.43166150877641,77.05280218850254,True,0.1198864,14.985800000000001,122.26418285714286,0.1467830120569833,0.6263287069520517,0.6263287069520517,16.24899486426066,K32_R20_edge
ecg_degraded,61.77019471809632,82.40578564502496,True,0.1198864,14.985800000000001,122.26418285714286,-0.024536206901840437,0.5250259861993294,0.45500948799322793,7.014355356150647,K32_R20_edge
ecg_degraded,60.30662090491007,78.99845083201483,True,0.1198864,14.985800000000001,122.26418285714286,0.062386091780949234,0.5419317866760176,0.5419317866760176,16.87236768375665,K32_R20_edge
ecg_degraded,60.87237357385921,104.7261009667025,False,0.1198864,14.985800000000001,122.26418285714286,0.03547376180877327,0.5305969885869524,0.5150194567038416,7.165428353321574,K32_R20_edge
ecg_degraded,86.22833103574632,86.20689655172414,True,0.1198864,14.985800000000001,122.26418285714286,0.1944809705532774,0.6740266654483458,0.6740266654483458,16.78049176125059,K32_R20_edge
ppg_missing,56.757971306679096,56.75675675675676,True,0.1198864,14.985800000000001,122.26418285714286,0.26298827510427353,0.7425339699993418,0.7425339699993418,17.922128726602033,K32_R20_edge
ecg_missing,51.19464493024529,51.19453924914676,True,0.1198864,14.985800000000001,122.26418285714286,0.2698452290419335,0.7497796238675153,0.7493909239370018,7.445006988789157,K32_R20_edge
ecg_missing,99.97981785130523,99.88901220865706,True,0.1198864,14.985800000000001,122.26418285714286,0.26812408266051674,0.7476697775555851,0.7476697775555851,17.57632414233095,K32_R20_edge
both_clean,55.964667075958445,56.54869729051741,True,0.1198864,14.985800000000001,122.26418285714286,0.26810426434654727,0.7478881182434644,0.7476499592416156,7.472905816601037,K32_R20_edge
ppg_degraded,77.03507213310573,77.20019874096248,True,0.1198864,14.985800000000001,122.26418285714286,0.25172940506359226,0.7312750999586606,0.7312750999586606,18.261168015212174,K32_R20_edge
ecg_missing,79.30991438503816,81.9672131147541,True,0.1198864,14.985800000000001,122.26418285714286,0.2697465334258488,0.749298694854321,0.7492922283209171,7.6584800768340235,K32_R20_edge
ecg_missing,87.21634450301374,81.61044613710555,False,0.1198864,14.985800000000001,122.26418285714286,-0.4795456948950683,0.7499950607499025,2.326088307092182e-33,4.894575661908025,K32_R20_edge
both_clean,80.2408689440958,80.29978586723767,True,0.1198864,14.985800000000001,122.26418285714286,0.2620510537046627,0.741596748599731,0.741596748599731,17.807744594052583,K32_R20_edge
ppg_degraded,106.24058862373809,106.16040667855074,True,0.1198864,14.985800000000001,122.26418285714286,0.1547338459498233,0.6342795408448917,0.6342795408448917,18.486540830205804,K32_R20_edge
ppg_missing,95.02379566179654,94.93670886075951,True,0.1198864,14.985800000000001,122.26418285714286,0.2518363595216368,0.7313820544167051,0.7313820544167051,14.118410448941125,K32_R20_edge
ppg_degraded,84.46798987297794,84.96986461016431,True,0.1198864,14.985800000000001,122.26418285714286,0.24677838832265342,0.7263240832177218,0.7263240832177218,18.21464948175644,K32_R20_edge
both_clean,87.036328202317,88.37044165143787,True,0.1198864,14.985800000000001,122.26418285714286,0.2533737171572918,0.7329194120528179,0.7329194120523601,8.287910921030448,K32_R20_edge
both_clean,80.39308949641881,80.38585209003216,True,0.1198864,14.985800000000001,122.26418285714286,0.259731591221755,0.7392772861168233,0.7392772861168233,20.58035259069571,K32_R20_edge
ecg_degraded,107.88570853252128,108.39039294767251,True,0.1198864,14.985800000000001,122.26418285714286,0.23152835600576605,0.7110740552325122,0.7110740509008344,7.965088516593642,K32_R20_edge
ppg_degraded,63.597563801548205,79.2559245163188,True,0.1198864,14.985800000000001,122.26418285714286,0.04332122020152552,0.5228669150965939,0.5228669150965939,16.531723554069448,K32_R20_edge
ppg_degraded,91.3416282289141,92.40746050440715,True,0.1198864,14.985800000000001,122.26418285714286,0.2471400300128399,0.7266857267953853,0.7266857249079083,7.997436238547265,K32_R20_edge
ecg_degraded,83.3058007338719,86.60253875683041,True,0.1198864,14.985800000000001,122.26418285714286,0.12170081559694035,0.6012465104920087,0.6012465104920087,21.355196568688935,K32_R20_edge
both_clean,52.52070734412116,52.50875145857643,True,0.1198864,14.985800000000001,122.26418285714286,0.2666174326885566,0.7461631275836249,0.7461631275836249,17.78789794374376,K32_R20_edge
both_clean,67.76899998702402,67.75796372650697,True,0.1198864,14.985800000000001,122.26418285714286,0.26248030976509523,0.7420260046601636,0.7420260046601636,19.05683384917083,K32_R20_edge
ecg_missing,105.63001612409548,105.63380281690144,True,0.1198864,14.985800000000001,122.26418285714286,0.27045236324011385,0.749998641126083,0.7499980581351822,7.7676668651884375,K32_R20_edge
ecg_degraded,97.07389144579999,95.62488279463652,True,0.1198864,14.985800000000001,122.26418285714286,0.13682560104979535,0.6164327759885575,0.6163712959448637,7.536250810715627,K32_R20_edge
both_degraded,50.76986561182329,96.87836383207753,False,0.1198864,14.985800000000001,122.26418285714286,-0.4376003587904101,0.4004058753346124,0.04194533610465821,6.578602987959769,K32_R20_edge
ppg_missing,67.79757977976469,73.7790699763201,False,0.1198864,14.985800000000001,122.26418285714286,-0.47745124390431415,0.7351104578220098,0.0020944509907541513,6.316129297098495,K32_R20_edge
ecg_missing,50.58832094279383,53.44418052256532,True,0.1198864,14.985800000000001,122.26418285714286,0.270205357208609,0.7497510521036773,0.7497510521036773,16.192292986697822,K32_R20_edge
both_degraded,99.64801657868468,99.7422888268616,True,0.1198864,14.985800000000001,122.26418285714286,0.12790242396615925,0.6074481188612276,0.6074481188612276,19.47180518405862,K32_R20_edge
both_clean,56.62205553854378,57.22219570369878,True,0.1198864,14.985800000000001,122.26418285714286,0.2622515544774678,0.7417972493725361,0.7417972493725361,8.815922034359224,K32_R20_edge
ecg_missing,53.447310726489164,53.44418052256532,True,0.1198864,14.985800000000001,122.26418285714286,0.27016038117557234,0.7497060760706408,0.7497060760706407,8.512225111110693,K32_R20_edge
ecg_degraded,108.91300059170592,108.84917278408723,True,0.1198864,14.985800000000001,122.26418285714286,0.14115010662613836,0.6206958015212067,0.6206958015212067,18.01300119021104,K32_R20_edge
both_clean,76.75219276491283,77.31669654917397,True,0.1198864,14.985800000000001,122.26418285714286,0.020156664815831508,0.7382934680868394,0.4997023597108999,6.891021623767214,K32_R20_edge
ecg_missing,69.10357994382056,89.86928104575163,False,0.1198864,14.985800000000001,122.26418285714286,-0.3781491825914552,0.7493699671320787,0.10139651230361314,6.605884808599957,K32_R20_edge
ppg_missing,52.94080337378553,70.53291536050156,False,0.1198864,14.985800000000001,122.26418285714286,-0.4795456948868704,0.7415748712002942,8.19795788949775e-12,5.6782331071242,K32_R20_edge
both_degraded,73.37571705792932,73.26473089607701,True,0.1198864,14.985800000000001,122.26418285714286,0.14295615764285163,0.62250185253792,0.62250185253792,19.32161790586981,K32_R20_edge
both_degraded,71.9623434357283,77.38955289741853,True,0.1198864,14.985800000000001,122.26418285714286,0.10377402208812236,0.5833197169831907,0.5833197169831907,18.76834116592283,K32_R20_edge
ppg_degraded,81.40884728332784,84.87019782381917,True,0.1198864,14.985800000000001,122.26418285714286,0.15393924178608398,0.6334849366811524,0.6334849366811524,17.757450797045614,K32_R20_edge
ecg_degraded,50.40712798888897,68.55822359869451,True,0.1198864,14.985800000000001,122.26418285714286,0.06205076739690563,0.541596462291974,0.541596462291974,18.853974349755003,K32_R20_edge
both_degraded,58.87777281741311,114.80989842837793,True,0.1198864,14.985800000000001,122.26418285714286,-0.15116964560928692,0.328376049331592,0.32837604928578146,8.104219130244578,K32_R20_edge
ppg_degraded,62.59319154490438,76.40935112323847,True,0.1198864,14.985800000000001,122.26418285714286,0.04522753678937908,0.5247732316844474,0.5247732316844474,16.85734779670976,K32_R20_edge
ppg_degraded,76.43027112492186,76.61754016529251,True,0.1198864,14.985800000000001,122.26418285714286,0.24932438260067025,0.7288700774988948,0.7288700774957386,8.223944391664146,K32_R20_edge
ppg_degraded,68.13820197859198,70.28091832822845,True,0.1198864,14.985800000000001,122.26418285714286,0.1757648994233082,0.6553105944406267,0.6553105943183766,8.093872117454358,K32_R20_edge
ecg_degraded,86.79966058942392,86.84210526315792,True,0.1198864,14.985800000000001,122.26418285714286,0.24192293669835319,0.7214686315934216,0.7214686315934216,19.55459059837791,K32_R20_edge
ppg_degraded,67.12595633235773,71.29920371599806,True,0.1198864,14.985800000000001,122.26418285714286,0.12543891908131743,0.6049846139763858,0.6049846139763858,19.69543148263781,K32_R20_edge
both_degraded,104.57798060506519,104.4711205557646,True,0.1198864,14.985800000000001,122.26418285714286,0.08507793716513623,0.564623632606651,0.5646236320602046,8.034177401724254,K32_R20_edge
ecg_missing,107.7121974918846,104.4711205557646,False,0.1198864,14.985800000000001,122.26418285714286,-0.4795456948936973,0.7488031876749418,1.3710158760071707e-12,5.638141204291434,K32_R20_edge
ppg_degraded,53.56609192615415,62.130177514792905,False,0.1198864,14.985800000000001,122.26418285714286,-0.4774134527952329,0.6243542104246449,0.002132242099835438,6.32629286689994,K32_R20_edge
both_clean,62.54358314929875,63.54192543660848,True,0.1198864,14.985800000000001,122.26418285714286,0.2637623318099775,0.743308032402373,0.7433080267050458,7.956267218702169,K32_R20_edge
both_clean,83.78139099535447,84.35238424229335,True,0.1198864,14.985800000000001,122.26418285714286,0.2586856702290115,0.7382313651240797,0.7382313651240798,8.85660993582512,K32_R20_edge
ppg_missing,96.23961376903877,96.25668449197863,True,0.1198864,14.985800000000001,122.26418285714286,0.23495572747622195,0.7154746051663975,0.7145014223712903,7.387052185072874,K32_R20_edge
both_degraded,53.84145387946287,108.75061548728777,True,0.1198864,14.985800000000001,122.26418285714286,-0.11859630491265344,0.36094938998241494,0.36094938998241494,19.132168899895397,K32_R20_edge
ppg_missing,61.08816106579278,61.11757857974389,True,0.1198864,14.985800000000001,122.26418285714286,0.25707222892820253,0.7366179238232708,0.7366179238232708,15.854255221913007,K32_R20_edge
ecg_degraded,77.40320730144136,82.44635020610215,True,0.1198864,14.985800000000001,122.26418285714286,0.13189075463827105,0.6114364495333394,0.6114364495333394,18.047913684811782,K32_R20_edge
both_degraded,90.1214455130104,72.11538461538461,False,0.1198864,14.985800000000001,122.26418285714286,-0.4795456948950683,0.61664163322755,9.833079542299483e-87,3.83403257344348,K32_R20_edge
ecg_degraded,104.1996756193287,104.1666666666667,True,0.1198864,14.985800000000001,122.26418285714286,0.24902040658608093,0.7285661014811493,0.7285661014811493,20.396475685495588,K32_R20_edge
ecg_degraded,102.01837781249301,85.48218417639659,False,0.1198864,14.985800000000001,122.26418285714286,-0.4794121299102277,0.6644263480561385,0.00013356498484061753,6.185646472098771,K32_R20_edge
ppg_missing,97.62532492509547,97.61388286334058,True,0.1198864,14.985800000000001,122.26418285714286,0.24374969436291272,0.7232953892579811,0.7232953892579811,17.62996365451752,K32_R20_edge
both_clean,53.16392860259307,54.158894428636486,True,0.1198864,14.985800000000001,122.26418285714286,0.25910907603134087,0.7386547709264092,0.7386547709264092,16.163979805323024,K32_R20_edge
ppg_degraded,108.59818959753125,108.52911544865701,True,0.1198864,14.985800000000001,122.26418285714286,0.21773204815205882,0.6972777430471272,0.6972777430471272,21.148552650873835,K32_R20_edge
ppg_degraded,86.87767694906941,89.27483800458322,True,0.1198864,14.985800000000001,122.26418285714286,0.2262260446555302,0.7057717395505986,0.7057717395505986,17.10826517632431,K32_R20_edge
ecg_degraded,55.166948912087,74.18205344320073,True,0.1198864,14.985800000000001,122.26418285714286,0.05968878736130546,0.5392344822563738,0.5392344822563738,18.279148019667186,K32_R20_edge
ppg_missing,65.29572652338592,65.28835690968444,True,0.1198864,14.985800000000001,122.26418285714286,0.25543607813577734,0.7349817730308457,0.7349817730308457,17.71021236587761,K32_R20_edge
ppg_missing,87.24524507397746,87.20930232558142,True,0.1198864,14.985800000000001,122.26418285714286,0.2672151564247753,0.7467608513198436,0.7467608513198436,17.207822280941098,K32_R20_edge
ecg_missing,73.13840701301837,73.13109425785483,True,0.1198864,14.985800000000001,122.26418285714286,0.269847493266628,0.7493931881616963,0.7493931881616963,16.74068753602043,K32_R20_edge
ecg_missing,76.79620852943253,76.79180887372014,True,0.1198864,14.985800000000001,122.26418285714286,0.25890708003380886,0.749421197577808,0.7384527749288772,7.222549930704949,K32_R20_edge
ppg_degraded,98.27510393592499,100.07640209240571,True,0.1198864,14.985800000000001,122.26418285714286,0.1594266349800464,0.6389723300540568,0.6389723298751148,8.07931523983863,K32_R20_edge
ppg_degraded,99.44185864488671,72.11538461538461,False,0.1198864,14.985800000000001,122.26418285714286,-0.23875597704791937,0.6433849522327267,0.240789717847149,6.746876517960601,K32_R20_edge
ppg_degraded,82.80721881081845,84.66623102276586,True,0.1198864,14.985800000000001,122.26418285714286,0.24488375731441037,0.7244294522094787,0.7244294522094787,17.688557257708947,K32_R20_edge
ppg_degraded,97.54706624326668,97.4805352656887,True,0.1198864,14.985800000000001,122.26418285714286,0.1509062583769386,0.630451953272007,0.630451953272007,18.415395670274727,K32_R20_edge
ppg_degraded,74.36029574558327,76.14839657459429,True,0.1198864,14.985800000000001,122.26418285714286,0.24432198871139743,0.7238676836064658,0.7238676836064658,16.500622779934496,K32_R20_edge
both_degraded,108.46891023910462,98.19828536086209,False,0.1198864,14.985800000000001,122.26418285714286,-0.4795448259138017,0.6957501343007191,8.689812665949183e-07,5.9932028486815305,K32_R20_edge
both_degraded,86.30954992556215,87.08827922818404,True,0.1198864,14.985800000000001,122.26418285714286,0.19916721447889574,0.6787129093739641,0.6787129093739641,20.39922365531132,K32_R20_edge
ecg_degraded,108.06187896120909,108.07561197869417,True,0.1198864,14.985800000000001,122.26418285714286,0.21555460388481396,0.6951002987798823,0.6951002987798823,15.024546863933331,K32_R20_edge
ppg_missing,52.63926152338382,57.11559646188891,False,0.1198864,14.985800000000001,122.26418285714286,-0.4678853752913629,0.7422341042711982,0.011660319603705376,6.421360105866313,K32_R20_edge
ppg_degraded,102.96155917056203,102.90204625464341,True,0.1198864,14.985800000000001,122.26418285714286,0.24180424131878697,0.7213499362138553,0.7213499362138553,16.150500583279886,K32_R20_edge
both_degraded,83.5626312526926,84.58566010690994,True,0.1198864,14.985800000000001,122.26418285714286,0.20491584516250827,0.6844615400575766,0.6844615400575766,18.706244863690408,K32_R20_edge
ppg_missing,92.81834185752783,92.80089988751408,True,0.1198864,14.985800000000001,122.26418285714286,0.24684138510168108,0.7263870799967495,0.7263870799967495,15.568868116682339,K32_R20_edge
both_clean,61.5556985227412,62.112360090586556,True,0.1198864,14.985800000000001,122.26418285714286,0.2628544151937086,0.7424001100887769,0.7424001100887769,17.603687298876764,K32_R20_edge
ecg_missing,82.92148255945959,85.40372670807454,True,0.1198864,14.985800000000001,122.26418285714286,0.26978306959614445,0.7493287644912128,0.7493287644912128,18.808852938310235,K32_R20_edge
ppg_degraded,67.35667544731515,73.85549537989398,False,0.1198864,14.985800000000001,122.26418285714286,-0.17473869116800955,0.6156367583431839,0.3048070037270588,6.803474770696182,K32_R20_edge
ppg_degraded,56.32882861200241,75.40275217904276,True,0.1198864,14.985800000000001,122.26418285714286,0.038808451155006536,0.5183541460500749,0.5183541460500749,20.770896779094098,K32_R20_edge
both_clean,50.19120623708703,81.63705278290223,False,0.1198864,14.985800000000001,122.26418285714286,-0.47954569489506815,0.7450570004067936,1.4495476249724941e-16,5.455540529584198,K32_R20_edge
both_clean,104.41040119187623,104.38972162740902,True,0.1198864,14.985800000000001,122.26418285714286,0.2548073353719566,0.7343530302670249,0.7343530302670249,17.22022553346788,K32_R20_edge
both_degraded,90.25425890214964,94.44742303606476,True,0.1198864,14.985800000000001,122.26418285714286,0.07580345557557988,0.5553491504706483,0.5553491504706483,19.22556052683389,K32_R20_edge
ppg_missing,62.30130389999044,64.30868167202573,True,0.1198864,14.985800000000001,122.26418285714286,0.25628211724351163,0.73582781213858,0.73582781213858,16.89071637172207,K32_R20_edge
both_degraded,65.46912065376463,87.04446646094891,True,0.1198864,14.985800000000001,122.26418285714286,0.013929581425052523,0.4934752763201209,0.4934752763201209,18.901969470893548,K32_R20_edge
ppg_missing,77.93565869130491,77.96257796257797,True,0.1198864,14.985800000000001,122.26418285714286,0.25209895177473723,0.7316447777000608,0.7316446466698056,7.83017825377003,K32_R20_edge
both_clean,99.09723519616841,99.11894273127756,True,0.1198864,14.985800000000001,122.26418285714286,0.25365017684163454,0.7331958717367029,0.7331958717367029,14.691005679192257,K32_R20_edge
ecg_missing,57.05753617270878,57.06521739130435,True,0.1198864,14.985800000000001,122.26418285714286,0.27008454106327867,0.749630235958347,0.749630235958347,18.949291031717838,K32_R20_edge
ecg_degraded,108.06708980982378,108.0416375486168,True,0.1198864,14.985800000000001,122.26418285714286,0.1901012458960587,0.6696469407911271,0.6696469407911271,17.969409167961487,K32_R20_edge
ppg_degraded,106.63464598562521,103.7712022145402,False,0.1198864,14.985800000000001,122.26418285714286,-0.47954085973511396,0.6651370177302799,4.83515995435287e-06,6.053951306415176,K32_R20_edge
both_degraded,64.679605741558,100.74180871748055,True,0.1198864,14.985800000000001,122.26418285714286,-0.057864002317373146,0.4216816925776952,0.4216816925776952,16.63336240818305,K32_R20_edge
ecg_degraded,88.44691157011584,88.42443729903538,True,0.1198864,14.985800000000001,122.26418285714286,0.14485042028749573,0.6243961151825641,0.6243961151825641,17.886204536086044,K32_R20_edge
both_degraded,71.60585196596516,71.50816987928377,True,0.1198864,14.985800000000001,122.26418285714286,0.07378671532915759,0.553332410224226,0.553332410224226,21.62966064701307,K32_R20_edge
ecg_degraded,91.83940067033504,71.20253164556962,False,0.1198864,14.985800000000001,122.26418285714286,-0.4699301248408279,0.6173191928383169,0.009615570054240418,6.420771772426794,K32_R20_edge
ppg_missing,55.214966008865204,55.263157894736835,True,0.1198864,14.985800000000001,122.26418285714286,0.2604361012407172,0.7399817961357855,0.7399817961357855,17.492495821128337,K32_R20_edge
ppg_missing,78.19795281238561,78.20646506777894,True,0.1198864,14.985800000000001,122.26418285714286,0.24739943525541574,0.7269451313861552,0.7269451301504841,8.013307188812025,K32_R20_edge
both_degraded,85.30944822140563,87.72692205313619,True,0.1198864,14.985800000000001,122.26418285714286,0.0706843773405299,0.5502300722355983,0.5502300722355983,16.787631466773632,K32_R20_edge
ppg_degraded,87.58854415548097,87.7386903238588,True,0.1198864,14.985800000000001,122.26418285714286,0.16491976819822496,0.645950355361347,0.6444654630932933,7.353744111075979,K32_R20_edge
ppg_degraded,91.5677284502938,92.1314318384503,True,0.1198864,14.985800000000001,122.26418285714286,0.24677439221487818,0.7263200871099466,0.7263200871099466,16.24388991517706,K32_R20_edge
ecg_degraded,103.48288238006036,104.6416126911364,True,0.1198864,14.985800000000001,122.26418285714286,0.18303561650211042,0.6625813205165372,0.6625813113971788,7.933577751788431,K32_R20_edge
ecg_missing,64.47501259444556,64.51612903225806,True,0.1198864,14.985800000000001,122.26418285714286,0.26060334517410916,0.7495699528623183,0.7401490400691775,7.234357530380262,K32_R20_edge
ecg_degraded,59.19165903999118,77.67544029431981,True,0.1198864,14.985800000000001,122.26418285714286,0.04568341613481398,0.5275157724909549,0.5252291110298823,7.31147444159151,K32_R20_edge
ppg_missing,73.43641623277856,98.19828536086209,False,0.1198864,14.985800000000001,122.26418285714286,-0.3638609811169224,0.7347929452229455,0.11568471377814592,6.6231437822175945,K32_R20_edge
ppg_missing,84.12968886134709,86.1169102296451,True,0.1198864,14.985800000000001,122.26418285714286,0.24277318531498693,0.7223188802100553,0.7223188802100553,17.318143467425838,K32_R20_edge
both_degraded,107.63172565523328,107.49927454295597,True,0.1198864,14.985800000000001,122.26418285714286,0.07260158559914753,0.5521472804942159,0.5521472804942159,17.83947181041787,K32_R20_edge
both_degraded,92.6303351369851,92.71563326080545,True,0.1198864,14.985800000000001,122.26418285714286,0.1391100192234681,0.6186557141185365,0.6186557141185365,17.840420651968213,K32_R20_edge
ecg_missing,94.30655304017775,94.2857142857143,True,0.1198864,14.985800000000001,122.26418285714286,0.26940406622153973,0.748949761116608,0.748949761116608,17.353075262724147,K32_R20_edge
ecg_missing,108.36302322863742,108.359133126935,True,0.1198864,14.985800000000001,122.26418285714286,0.26906021965320487,0.7486059145482732,0.7486059145482732,14.566846030149597,K32_R20_edge
ppg_degraded,66.0645897655154,108.359133126935,False,0.1198864,14.985800000000001,122.26418285714286,-0.4795456948950683,0.5419158787436215,4.205190316854462e-29,5.020341657032569,K32_R20_edge
ecg_missing,65.56769753155268,65.57377049180327,True,0.1198864,14.985800000000001,122.26418285714286,0.10735573133197907,0.7495487038933369,0.5869014262270474,6.9519112504871625,K32_R20_edge
ecg_missing,75.35245025413413,75.33482142857142,True,0.1198864,14.985800000000001,122.26418285714286,0.2699284595582299,0.7494741544532982,0.7494741544532982,18.214922106830336,K32_R20_edge
ppg_missing,67.72520044518399,67.79661016949153,True,0.1198864,14.985800000000001,122.26418285714286,0.253778436376717,0.7333241312717853,0.7333241312717853,18.672571672051685,K32_R20_edge
both_clean,89.06620311370816,90.45432598585973,True,0.1198864,14.985800000000001,122.26418285714286,0.2521268079390117,0.73167250283408,0.73167250283408,15.674506049820465,K32_R20_edge
ecg_missing,107.10283524917216,107.03363914373085,True,0.1198864,14.985800000000001,122.26418285714286,0.2685026289143568,0.7480483238094251,0.7480483238094251,19.3547220675031,K32_R20_edge
ecg_missing,59.21068955216146,59.188275084554675,True,0.1198864,14.985800000000001,122.26418285714286,0.2701049072123795,0.7496506021074478,0.7496506021074478,18.77139961004006,K32_R20_edge
ecg_degraded,81.07686093320808,81.08108108108108,True,0.1198864,14.985800000000001,122.26418285714286,0.16203597052297758,0.641581665418046,0.641581665418046,18.862761480161183,K32_R20_edge
ppg_missing,90.65468592789423,91.74311926605506,True,0.1198864,14.985800000000001,122.26418285714286,0.24508488823518793,0.7246305831302563,0.7246305831302563,17.395486153190767,K32_R20_edge
both_clean,79.59065999486793,80.54497707315561,True,0.1198864,14.985800000000001,122.26418285714286,0.2569151115539458,0.7364608064490141,0.7364608064490141,18.884889462789165,K32_R20_edge
both_clean,104.82463045364105,105.51948051948055,False,0.1198864,14.985800000000001,122.26418285714286,-0.4787344525152301,0.7332368840538709,0.0008112423798381954,6.266022033851698,K32_R20_edge
both_degraded,94.2138791720875,94.24083769633509,True,0.1198864,14.985800000000001,122.26418285714286,0.08170207212986713,0.5612477670250505,0.5612477670249355,8.323844249400864,K32_R20_edge
ecg_degraded,102.93060773663414,102.95670538542768,True,0.1198864,14.985800000000001,122.26418285714286,0.14117717035939636,0.6207228652544649,0.6207228652544647,8.838419875092344,K32_R20_edge
ecg_degraded,56.70589928714643,90.65934065934067,False,0.1198864,14.985800000000001,122.26418285714286,-0.4187989354192492,0.5364783729306521,0.06074675947581916,6.586669440078101,K32_R20_edge
both_clean,61.74581020980257,61.72817689485189,True,0.1198864,14.985800000000001,122.26418285714286,0.2651027871014802,0.7446484819965485,0.7446484819965485,15.39686968827183,K32_R20_edge
both_degraded,53.94225353621671,108.63076039744213,True,0.1198864,14.985800000000001,122.26418285714286,-0.12033922489422294,0.35920647000084543,0.35920647000084543,16.963724457782703,K32_R20_edge
both_degraded,99.75916990788107,99.67618665390974,True,0.1198864,14.985800000000001,122.26418285714286,0.14440836676162716,0.6239540616566955,0.6239540616566955,19.42740889470298,K32_R20_edge
ecg_missing,107.769119708349,107.85398230088494,True,0.1198864,14.985800000000001,122.26418285714286,-0.1942706053506722,0.7486007911712531,0.2852750895443962,6.750157291346437,K32_R20_edge
ppg_missing,50.83946126170601,50.847457627118644,True,0.1198864,14.985800000000001,122.26418285714286,0.26432262625507735,0.7438683211501457,0.7438683211501457,19.442029002874065,K32_R20_edge
both_clean,97.35521863229455,98.8495208247418,True,0.1198864,14.985800000000001,122.26418285714286,0.2619294790336751,0.7414751739287434,0.7414751739287434,19.15280601761621,K32_R20_edge
ppg_missing,93.66987191167846,93.65244536940688,True,0.1198864,14.985800000000001,122.26418285714286,0.24244025986304063,0.721985954758109,0.721985954758109,19.210207580958567,K32_R20_edge
both_clean,104.49120766312262,104.50160771704184,True,0.1198864,14.985800000000001,122.26418285714286,0.25403905601723914,0.7335847509123075,0.7335847509123075,18.669664162046878,K32_R20_edge
both_clean,66.22312839556403,66.22516556291389,True,0.1198864,14.985800000000001,122.26418285714286,0.26319601623083827,0.7427417111259066,0.7427417111259066,17.03123990718717,K32_R20_edge
ppg_degraded,92.88663099899514,92.90540540540542,True,0.1198864,14.985800000000001,122.26418285714286,0.24622916918873017,0.7257748640837985,0.7257748640837985,18.567926278017296,K32_R20_edge
both_degraded,64.2453728881532,103.70642935171112,True,0.1198864,14.985800000000001,122.26418285714286,-0.08007431258043923,0.39947138231462914,0.39947138231462914,19.294366483516395,K32_R20_edge
both_clean,54.561992002686,56.85199221335225,True,0.1198864,14.985800000000001,122.26418285714286,0.2646507369459115,0.7441964318409797,0.7441964318409798,9.777605292563443,K32_R20_edge
both_degraded,94.71224376219644,94.71172521186288,True,0.1198864,14.985800000000001,122.26418285714286,-0.012643703667466583,0.5675668114130094,0.4669019912276018,6.9790450086335785,K32_R20_edge
ppg_degraded,52.53277828418374,66.9589685168336,True,0.1198864,14.985800000000001,122.26418285714286,0.04221543850541377,0.5217611334004821,0.5217611334004821,15.032033927173522,K32_R20_edge
ppg_missing,91.97566778945745,91.9732441471572,True,0.1198864,14.985800000000001,122.26418285714286,0.2430578233415105,0.7226035182365789,0.7226035182365789,21.072366499198537,K32_R20_edge
ecg_degraded,67.00774788214193,90.65934065934067,False,0.1198864,14.985800000000001,122.26418285714286,-0.4795456948950683,0.6699131565755844,4.1276411207404805e-54,4.408256754437664,K32_R20_edge
ecg_degraded,79.24540370507466,107.85398230088494,False,0.1198864,14.985800000000001,122.26418285714286,-0.40487525222087384,0.6082218346443844,0.07467044267419447,6.5952577424546375,K32_R20_edge
ppg_missing,103.49198923228099,103.448275862069,True,0.1198864,14.985800000000001,122.26418285714286,0.24001236942395499,0.7195580643190234,0.7195580643190234,16.800868494594845,K32_R20_edge
ppg_missing,64.60447274001277,64.6551724137931,True,0.1198864,14.985800000000001,122.26418285714286,0.2648254091606678,0.7443711040557361,0.7443711040557361,16.691703148474524,K32_R20_edge
ecg_degraded,78.09946291140292,76.61754016529251,False,0.1198864,14.985800000000001,122.26418285714286,-0.47893429206211413,0.6082108426329991,0.0006114028329541949,6.261192376341756,K32_R20_edge
ecg_degraded,71.30296682241467,81.61797307543381,True,0.1198864,14.985800000000001,122.26418285714286,0.10085930742780469,0.5804050023228731,0.5804050023228731,17.94024266176104,K32_R20_edge
ecg_degraded,61.42285321261929,75.9209905958283,True,0.1198864,14.985800000000001,122.26418285714286,0.05248821916297853,0.5320339140580469,0.5320339140580469,18.67605087221529,K32_R20_edge
ppg_degraded,78.4190881005575,78.41606073916297,True,0.1198864,14.985800000000001,122.26418285714286,0.17724524549604648,0.6567909403911156,0.6567909403911149,8.484017031938635,K32_R20_edge
ppg_missing,60.89781962068551,76.03905574652511,False,0.1198864,14.985800000000001,122.26418285714286,-0.3972714599573664,0.7402649791717355,0.08227423493770192,6.584719883712917,K32_R20_edge
ecg_degraded,97.9404494995142,84.16743605978739,False,0.1198864,14.985800000000001,122.26418285714286,-0.47954314389663105,0.7195878101814612,2.550998437262668e-06,6.0285596397688295,K32_R20_edge
ecg_degraded,86.88929849767266,57.11559646188891,False,0.1198864,14.985800000000001,122.26418285714286,-0.4795456948867599,0.6540430064623556,8.308391173501069e-12,5.681402670031249,K32_R20_edge
both_clean,66.9878451701511,71.20253164556962,False,0.1198864,14.985800000000001,122.26418285714286,-0.4794497689566132,0.7494035151461819,9.592593845514306e-05,6.166074714088187,K32_R20_edge
ecg_degraded,108.38629971584098,108.35913312693502,True,0.1198864,14.985800000000001,122.26418285714286,0.1874441869622575,0.6669898818573259,0.6669898818573259,16.26777601814586,K32_R20_edge
ecg_degraded,70.7166106681246,76.74368355616109,True,0.1198864,14.985800000000001,122.26418285714286,0.10632837110996218,0.5858740660050306,0.5858740660050306,20.952182268072853,K32_R20_edge
ecg_missing,90.27539967193584,92.68795056642637,True,0.1198864,14.985800000000001,122.26418285714286,0.2696511019447992,0.7491967968398675,0.7491967968398675,15.29255992274624,K32_R20_edge
ppg_degraded,93.99342358905525,93.94572025052193,True,0.1198864,14.985800000000001,122.26418285714286,0.21591909479272686,0.6954647896877952,0.6954647896877952,19.35061311103167,K32_R20_edge
ecg_degraded,65.91358341059839,76.32741816728324,True,0.1198864,14.985800000000001,122.26418285714286,0.0964890234020479,0.5760347182971164,0.5760347182971163,8.543207840476134,K32_R20_edge
ppg_missing,50.705828095268615,50.67567567567568,True,0.1198864,14.985800000000001,122.26418285714286,0.2680740480174159,0.7476197429124842,0.7476197429124842,15.888058558063184,K32_R20_edge
both_degraded,103.55695259798826,103.05406491220381,True,0.1198864,14.985800000000001,122.26418285714286,0.12574133260662845,0.6052870275016968,0.6052870275016968,18.95140723010218,K32_R20_edge
ppg_missing,107.38499081549773,107.37885462555062,True,0.1198864,14.985800000000001,122.26418285714286,0.23631320738871608,0.7158589022837845,0.7158589022837845,15.960154137633738,K32_R20_edge
both_degraded,60.21368500507947,115.30095874753245,True,0.1198864,14.985800000000001,122.26418285714286,-0.1302675151556733,0.34927817973939507,0.34927817973939507,18.076708629465053,K32_R20_edge
both_degraded,59.216312667431175,115.0941892261064,True,0.1198864,14.985800000000001,122.26418285714286,-0.13252840436167812,0.34701729053339025,0.34701729053339025,16.769520643346,K32_R20_edge
ppg_missing,75.96004516660389,75.92800899887514,True,0.1198864,14.985800000000001,122.26418285714286,-0.10153006346323817,0.7348731342810888,0.3780156314318302,6.8124000540453675,K32_R20_edge
ecg_missing,85.8541740889845,85.81235697940504,True,0.1198864,14.985800000000001,122.26418285714286,0.26960906710567006,0.7491547620007384,0.7491547620007384,15.852043295442177,K32_R20_edge
ppg_degraded,109.33895764144856,109.37500000000001,True,0.1198864,14.985800000000001,122.26418285714286,0.24309439347513606,0.7226400883702044,0.7226400883702044,20.068960610106082,K32_R20_edge
ecg_degraded,107.80976704135642,107.80395689090166,True,0.1198864,14.985800000000001,122.26418285714286,0.18193291947082135,0.6614786143658897,0.6614786143658897,18.4700964335796,K32_R20_edge
both_degraded,109.27117039675818,109.5282390415245,True,0.1198864,14.985800000000001,122.26418285714286,0.12603238815559947,0.6055780830506678,0.6055780830506678,21.92645942314791,K32_R20_edge
both_degraded,64.73416491424564,104.63072594234727,True,0.1198864,14.985800000000001,122.26418285714286,-0.10793049310349445,0.3716152017915739,0.3716152017915739,16.9379758567907,K32_R20_edge
both_degraded,85.93299210750735,85.69127374171417,True,0.1198864,14.985800000000001,122.26418285714286,-0.03166676837644138,0.47281957922382256,0.447878926518627,7.11236109525601,K32_R20_edge
both_clean,76.15214862282389,77.43262527214961,True,0.1198864,14.985800000000001,122.26418285714286,0.25841614126337337,0.7379618361584417,0.7379618361584417,16.366297162258387,K32_R20_edge
ppg_missing,63.88413774427282,63.89776357827476,True,0.1198864,14.985800000000001,122.26418285714286,0.25657192257724065,0.736117617472309,0.736117617472309,17.461136550098267,K32_R20_edge
ecg_missing,53.922642243002976,53.956834532374096,True,0.1198864,14.985800000000001,122.26418285714286,0.27036513875861984,0.7499108336536882,0.7499108336536882,18.41913202149952,K32_R20_edge
both_degraded,60.12370242536341,117.97477768675782,True,0.1198864,14.985800000000001,122.26418285714286,-0.10025057558006484,0.37929511931500354,0.37929511931500354,19.192295329099434,K32_R20_edge
both_clean,71.50710372717239,72.46802262599289,True,0.1198864,14.985800000000001,122.26418285714286,-0.12622051296381914,0.7379721932740732,0.35332518193124923,6.7959252379710895,K32_R20_edge
ecg_missing,55.2813038285094,76.56002002282472,False,0.1198864,14.985800000000001,122.26418285714286,-0.23289912525967896,0.749684231372342,0.24664656963538942,6.724619390511281,K32_R20_edge
ecg_degraded,59.044339482197316,81.63705278290223,False,0.1198864,14.985800000000001,122.26418285714286,-0.4640687640471013,0.5193744317070399,0.01547693084796705,6.467924955258174,K32_R20_edge
both_clean,52.679089110192386,52.69320843091335,True,0.1198864,14.985800000000001,122.26418285714286,0.2664162971290524,0.7459619920241207,0.7459619920241207,15.826728425042138,K32_R20_edge
ppg_degraded,87.37437642153039,87.15883373225728,True,0.1198864,14.985800000000001,122.26418285714286,0.1634603114200942,0.6430060063151626,0.6430060063151626,19.406196891169408,K32_R20_edge
ppg_missing,79.56298879196612,79.53340402969248,True,0.1198864,14.985800000000001,122.26418285714286,0.24859014575134364,0.728135840646412,0.728135840646412,17.851640209457184,K32_R20_edge
ecg_degraded,64.61318018599366,82.84783733503275,True,0.1198864,14.985800000000001,122.26418285714286,0.06695058667008635,0.5464962815651547,0.5464962815651547,14.880521186331372,K32_R20_edge
ecg_missing,81.58092437133786,70.53291536050156,False,0.1198864,14.985800000000001,122.26418285714286,-0.47954569489482607,0.7496710551448986,2.422395288208202e-13,5.600956160238482,K32_R20_edge
both_clean,75.46680665935868,76.39733918915005,True,0.1198864,14.985800000000001,122.26418285714286,0.25745273815141495,0.7369984330464833,0.7369984330464833,18.99388046766824,K32_R20_edge
both_clean,89.54919342230525,89.57654723127038,True,0.1198864,14.985800000000001,122.26418285714286,0.25705832019669134,0.7366040150917597,0.7366040150917597,20.962887016055898,K32_R20_edge
ecg_degraded,105.96003318487752,105.97826086956523,True,0.1198864,14.985800000000001,122.26418285714286,0.18924060636709406,0.6687863012621624,0.6687863012621624,18.36711583996346,K32_R20_edge
ecg_missing,71.19752638841499,71.17437722419929,True,0.1198864,14.985800000000001,122.26418285714286,0.26995482043763225,0.749500515333131,0.7495005153327006,8.290651045494197,K32_R20_edge
both_degraded,88.70909196049334,76.61754016529251,False,0.1198864,14.985800000000001,122.26418285714286,-0.47953390682695,0.6724686537778705,1.1788068118317667e-05,6.086392928197941,K32_R20_edge
ecg_missing,63.135004292618916,63.15789473684211,True,0.1198864,14.985800000000001,122.26418285714286,0.2700278128267721,0.7495735077218404,0.7495735077218404,18.1954122840272,K32_R20_edge
ppg_degraded,106.39396394095905,105.26118000457208,True,0.1198864,14.985800000000001,122.26418285714286,0.1194657590499072,0.6068419111352545,0.5990114539449756,7.23233255067423,K32_R20_edge
ecg_degraded,87.06154882892714,88.53970596130856,True,0.1198864,14.985800000000001,122.26418285714286,0.18452317135735297,0.6640688662524213,0.6640688662524213,19.45152998688975,K32_R20_edge
ecg_missing,59.524846256023764,105.23750854696178,False,0.1198864,14.985800000000001,122.26418285714286,-0.4795456948950683,0.7499999078070676,7.00374743717632e-24,5.181143480625694,K32_R20_edge
both_clean,65.42306365406122,65.43075245365321,True,0.1198864,14.985800000000001,122.26418285714286,0.26187420019255764,0.741419895087626,0.741419895087626,19.479626659353702,K32_R20_edge
ecg_degraded,59.54908163681224,79.94092794905804,True,0.1198864,14.985800000000001,122.26418285714286,0.039216296642662025,0.5187619915377304,0.5187619915377304,17.562648519028237,K32_R20_edge
ppg_missing,60.74804206818136,61.855670103092784,True,0.1198864,14.985800000000001,122.26418285714286,0.2604236693230559,0.7399693642181242,0.7399693642181242,17.980665666007116,K32_R20_edge
both_degraded,68.4079314001052,72.02214320424066,True,0.1198864,14.985800000000001,122.26418285714286,0.14783151300745223,0.6273772079025206,0.6273772079025206,17.639489996208336,K32_R20_edge
both_clean,99.38422658978004,99.33774834437088,True,0.1198864,14.985800000000001,122.26418285714286,0.2509847148836844,0.7335496205171345,0.7305304097787527,7.315018665140344,K32_R20_edge
both_degraded,77.42352809786735,100.98541280461485,False,0.1198864,14.985800000000001,122.26418285714286,-0.47951693879775575,0.6822790003910917,2.8756097312587076e-05,6.120355033044829,K32_R20_edge
both_degraded,66.63019804753989,73.16594196944986,True,0.1198864,14.985800000000001,122.26418285714286,-0.1995365961472505,0.5757608906464802,0.2800090987478179,6.7994158984941535,K32_R20_edge
ecg_degraded,75.14455164605218,76.5051684127131,True,0.1198864,14.985800000000001,122.26418285714286,0.23733868996888774,0.7168843848639561,0.7168843848639561,18.26359961023413,K32_R20_edge
ppg_degraded,66.0438938058915,74.13861618458111,True,0.1198864,14.985800000000001,122.26418285714286,0.1310584220336185,0.6106041169286869,0.6106041169286869,14.470103454694158,K32_R20_edge
ecg_missing,94.02094497039762,94.07069555302168,True,0.1198864,14.985800000000001,122.26418285714286,0.2693854801093933,0.7489398196652385,0.7489311750044616,7.644624993321687,K32_R20_edge
ecg_degraded,53.526874820617934,69.09709802231353,True,0.1198864,14.985800000000001,122.26418285714286,0.06465486834425527,0.5442005632393236,0.5442005632393236,17.127791524843918,K32_R20_edge
ppg_degraded,67.35371360883676,76.70353810859825,True,0.1198864,14.985800000000001,122.26418285714286,0.08648318364260221,0.5660288785376706,0.5660288785376706,20.64471209047189,K32_R20_edge
ppg_missing,69.39476528985848,70.45929018789144,True,0.1198864,14.985800000000001,122.26418285714286,0.021903731158508525,0.7438618535081972,0.5014494260535769,6.889607057741284,K32_R20_edge
ecg_missing,60.891171120769684,82.40578564502496,False,0.1198864,14.985800000000001,122.26418285714286,-0.47954569489493815,0.749664193217574,1.3015738240973895e-13,5.587967612954452,K32_R20_edge
ecg_degraded,94.28934700293473,94.2823284428306,True,0.1198864,14.985800000000001,122.26418285714286,0.18250896329725474,0.6620546581923231,0.6620546581923231,17.90106587499317,K32_R20_edge
ecg_missing,60.81484175652267,60.8342989571263,True,0.1198864,14.985800000000001,122.26418285714286,0.27012845051559403,0.7496741454106624,0.7496741454106624,18.799548379578088,K32_R20_edge
both_degraded,68.02888058550367,75.09806797288996,True,0.1198864,14.985800000000001,122.26418285714286,0.01876065521324655,0.4983063501083149,0.4983063501083149,19.44799536519142,K32_R20_edge
both_degraded,53.38859372766093,102.51292645815928,False,0.1198864,14.985800000000001,122.26418285714286,-0.44910315887050195,0.35990605418394017,0.030442536024566362,6.557331948866638,K32_R20_edge
both_clean,95.33513823007324,95.35766149942205,True,0.1198864,14.985800000000001,122.26418285714286,0.2573023160149543,0.7368480109100226,0.7368480109100226,20.528625300313568,K32_R20_edge
both_clean,71.83178099734702,71.84723526745478,True,0.1198864,14.985800000000001,122.26418285714286,0.26048600914737724,0.7400317040424456,0.7400317040424456,15.79182259940494,K32_R20_edge
ppg_missing,89.35570356584608,98.19828536086209,False,0.1198864,14.985800000000001,122.26418285714286,-0.44451443152701114,0.7361914011416285,0.03503126336805715,6.505542975535667,K32_R20_edge
ppg_missing,63.03416613180541,63.02521008403362,True,0.1198864,14.985800000000001,122.26418285714286,0.2702674698806224,0.7498131647756907,0.7498131647756907,17.694625910739727,K32_R20_edge
ecg_degraded,51.30801168283309,70.38763169876614,True,0.1198864,14.985800000000001,122.26418285714286,0.05445974681630695,0.5340054417113753,0.5340054417113753,18.32472579838921,K32_R20_edge
both_clean,69.34508951058216,71.65999594838536,True,0.1198864,14.985800000000001,122.26418285714286,0.2624928313160883,0.7420385262111566,0.7420385262111566,16.679149395251525,K32_R20_edge
ecg_degraded,96.74383116782082,97.58694466594567,True,0.1198864,14.985800000000001,122.26418285714286,0.2328426828166038,0.7123883777116722,0.7123883777116722,15.395428050297514,K32_R20_edge
ppg_missing,100.24674682789973,100.2227171492205,True,0.1198864,14.985800000000001,122.26418285714286,0.2406408592290401,0.7201865541241085,0.7201865541241085,17.00519114507413,K32_R20_edge
both_degraded,70.93038538796986,97.93253536452667,False,0.1198864,14.985800000000001,122.26418285714286,-0.4795440711013619,0.6836665288197139,1.6237937064134085e-06,6.014781408185623,K32_R20_edge
ecg_missing,100.8164467124952,100.82730093071356,True,0.1198864,14.985800000000001,122.26418285714286,0.2692878880189405,0.7488335829140088,0.7488335829140088,17.29607357077913,K32_R20_edge
ppg_missing,53.02093555242269,54.067971163748716,True,0.1198864,14.985800000000001,122.26418285714286,0.2603268936633038,0.7398725885583721,0.7398725885583721,19.711052359926665,K32_R20_edge
both_degraded,81.32687216440851,81.34490238611714,True,0.1198864,14.985800000000001,122.26418285714286,0.0720550090194313,0.5516007039144997,0.5516007039144997,17.73152356378273,K32_R20_edge
both_degraded,65.44534497988076,70.45929018789144,False,0.1198864,14.985800000000001,122.26418285714286,-0.4795456948950683,0.4944511954374261,2.550761644909232e-32,4.9284217494344364,K32_R20_edge
ecg_missing,76.34466132203488,76.35746606334841,True,0.1198864,14.985800000000001,122.26418285714286,0.2698699830733489,0.7494156779684172,0.7494156779684172,15.890921661779384,K32_R20_edge
ecg_degraded,63.29850929766246,82.42036334559653,True,0.1198864,14.985800000000001,122.26418285714286,0.0609463758967408,0.5404920707918092,0.5404920707918092,16.58030870141579,K32_R20_edge
ecg_degraded,103.61399730795677,103.6131774707758,True,0.1198864,14.985800000000001,122.26418285714286,0.14268944623617796,0.6222351411312463,0.6222351411312463,17.20088371197612,K32_R20_edge
ecg_degraded,68.1304799302285,69.53327666755962,True,0.1198864,14.985800000000001,122.26418285714286,0.18460627795488105,0.6641519728499494,0.6641519728499494,16.60815511543781,K32_R20_edge
ecg_missing,106.71751562214494,106.67396061269145,True,0.1198864,14.985800000000001,122.26418285714286,0.26784606817290607,0.7486423762390642,0.7473917630679744,7.374172291935103,K32_R20_edge
both_degraded,56.545410735224976,100.97945672207722,True,0.1198864,14.985800000000001,122.26418285714286,-0.06444480767932897,0.4151008872157394,0.4151008872157394,17.58693419612727,K32_R20_edge
both_degraded,75.78986036778024,76.73325063693717,False,0.1198864,14.985800000000001,122.26418285714286,-0.4207630919058895,0.6909742584289731,0.05878260298917884,6.557887156058862,K32_R20_edge
ecg_degraded,76.60669598279242,77.99209740830459,True,0.1198864,14.985800000000001,122.26418285714286,0.18815492810152445,0.6677006229965928,0.6677006229965928,17.962346033450682,K32_R20_edge
ecg_missing,92.56608758133909,92.59259259259261,True,0.1198864,14.985800000000001,122.26418285714286,0.2703801673535891,0.7499258622486574,0.7499258622486574,18.713808700926126,K32_R20_edge
both_clean,70.7013361875868,70.71282043300474,True,0.1198864,14.985800000000001,122.26418285714286,0.26577257437677,0.7453182692718383,0.7453182692718383,18.653768278387087,K32_R20_edge
both_clean,79.54969781647154,80.12578917730677,True,0.1198864,14.985800000000001,122.26418285714286,0.2591636892163454,0.7387093841114137,0.7387093841114137,18.917033335451706,K32_R20_edge
ppg_missing,54.22694363227289,54.21686746987952,True,0.1198864,14.985800000000001,122.26418285714286,0.26070323575178805,0.7408148651967258,0.7402489306468564,7.422178893306093,K32_R20_edge
ppg_missing,68.66188751993283,68.64988558352402,True,0.1198864,14.985800000000001,122.26418285714286,0.25758209359891376,0.7371277884939821,0.7371277884939821,17.900356211569726,K32_R20_edge
ppg_degraded,93.49905907192914,94.06278110160572,True,0.1198864,14.985800000000001,122.26418285714286,0.21588407371931628,0.6954297686143847,0.6954297686143847,14.171621042200897,K32_R20_edge
ppg_missing,56.3546835146915,57.5027382256298,True,0.1198864,14.985800000000001,122.26418285714286,0.2605119924158122,0.7400576873108805,0.7400576873108805,18.345828286090615,K32_R20_edge
both_clean,77.75214030530998,77.76497695852535,True,0.1198864,14.985800000000001,122.26418285714286,0.2622891214074767,0.741834816302545,0.741834816302545,16.74567243174544,K32_R20_edge
ppg_degraded,64.2036172740988,73.01106683860334,False,0.1198864,14.985800000000001,122.26418285714286,-0.4547169890552458,0.5817926579136609,0.024828705839822517,6.496476664269051,K32_R20_edge
both_clean,59.9290700082009,61.92521668862184,True,0.1198864,14.985800000000001,122.26418285714286,0.26115832103640696,0.7407040159314753,0.7407040159314753,16.421159269394543,K32_R20_edge
ecg_missing,57.2789307565136,57.31441048034934,True,0.1198864,14.985800000000001,122.26418285714286,0.26971196185926877,0.7492576567543371,0.7492576567543371,18.39692378068262,K32_R20_edge
ecg_missing,98.83195564303577,105.43002070128168,False,0.1198864,14.985800000000001,122.26418285714286,0.12119722531850163,0.7489608803489867,0.60074292021357,6.964557118140337,K32_R20_edge
both_clean,91.1994211723833,91.16022099447515,True,0.1198864,14.985800000000001,122.26418285714286,0.2560262114764778,0.7355719063715461,0.7355719063715461,17.610857762659368,K32_R20_edge
ppg_missing,72.76736601753035,74.83370288248338,True,0.1198864,14.985800000000001,122.26418285714286,0.23016061649364417,0.7239214366252593,0.7097063113887125,7.199102447065162,K32_R20_edge
ecg_degraded,73.49845656940792,77.83022425703588,True,0.1198864,14.985800000000001,122.26418285714286,0.11792722532768118,0.5974729710904231,0.5974729202227496,7.860856025090142,K32_R20_edge
both_clean,93.7074485288972,102.09424083769636,False,0.1198864,14.985800000000001,122.26418285714286,-0.26825672350697755,0.7451787544086294,0.2112889713880908,6.701065881016447,K32_R20_edge
both_degraded,86.23736897717109,88.32332935479485,True,0.1198864,14.985800000000001,122.26418285714286,-0.17857257714694347,0.4655916078559334,0.3009731177481249,6.875472615955483,K32_R20_edge
ppg_missing,104.96091581313797,104.95156081808399,True,0.1198864,14.985800000000001,122.26418285714286,0.23685286619355816,0.7163985610886265,0.7163985610886265,18.5880087022239,K32_R20_edge
ecg_degraded,105.16482117392454,105.17799352750812,True,0.1198864,14.985800000000001,122.26418285714286,0.18216719754278587,0.6617128924378542,0.6617128924378542,15.360899893564726,K32_R20_edge
ecg_degraded,78.93048216953608,81.94696338106677,True,0.1198864,14.985800000000001,122.26418285714286,0.14821959705226584,0.6277652919473342,0.6277652919473342,18.687811768807396,K32_R20_edge
ecg_degraded,89.5481154181513,92.41720576572152,True,0.1198864,14.985800000000001,122.26418285714286,0.12371375842035437,0.6032715925582564,0.6032594533154227,7.617681678887631,K32_R20_edge
both_degraded,82.68006283612932,84.19805234660545,True,0.1198864,14.985800000000001,122.26418285714286,0.07949845785923892,0.5590441527543073,0.5590441527543073,17.04838411925283,K32_R20_edge
both_clean,68.61713250218321,68.57142857142857,True,0.1198864,14.985800000000001,122.26418285714286,0.26219981731800773,0.741745512213076,0.741745512213076,18.405960907405557,K32_R20_edge
both_degraded,77.21080549013479,77.87468252638824,True,0.1198864,14.985800000000001,122.26418285714286,0.13046862751840593,0.6100143224134743,0.6100143224134743,18.313548811400825,K32_R20_edge
ecg_missing,93.27055185264722,93.22033898305085,True,0.1198864,14.985800000000001,122.26418285714286,0.26949297744679507,0.7490386723418634,0.7490386723418634,18.923088584729932,K32_R20_edge
ecg_degraded,83.16092916087123,83.88972352902262,True,0.1198864,14.985800000000001,122.26418285714286,0.1427318775917812,0.6222775724868496,0.6222775724868496,18.500242064768937,K32_R20_edge
ecg_missing,87.94438198679649,87.95309168443498,True,0.1198864,14.985800000000001,122.26418285714286,0.2696315905978342,0.7491772854929025,0.7491772854929025,20.72982419774803,K32_R20_edge
ecg_missing,79.22439786610262,97.24354589759533,False,0.1198864,14.985800000000001,122.26418285714286,-0.479545693777171,0.7493726793041361,1.1178973269305798e-09,5.797215222315329,K32_R20_edge
ppg_degraded,107.17865857665082,107.04407998470147,True,0.1198864,14.985800000000001,122.26418285714286,0.08647509510004436,0.6592403693014077,0.5660207899951127,7.007354766820869,K32_R20_edge
ppg_degraded,96.58768702014007,97.0869393700883,True,0.1198864,14.985800000000001,122.26418285714286,0.1574668718253791,0.6370125667204475,0.6370125667204475,16.18851790309234,K32_R20_edge
ecg_degraded,57.84710202308106,78.78631465175465,True,0.1198864,14.985800000000001,122.26418285714286,0.04742256930498646,0.5269682848003908,0.5269682642000548,7.892324280496522,K32_R20_edge
ppg_missing,98.84657048213016,98.90109890109892,True,0.1198864,14.985800000000001,122.26418285714286,0.2344906034320392,0.7140362983271076,0.7140362983271076,14.241338698672646,K32_R20_edge
both_clean,105.05465458462417,105.55187541204712,True,0.1198864,14.985800000000001,122.26418285714286,0.25199514865597344,0.7315408435510418,0.7315408435510418,17.08696190725504,K32_R20_edge
ppg_missing,98.99949145451055,98.98477157360408,True,0.1198864,14.985800000000001,122.26418285714286,0.24048727351523347,0.7200329684103018,0.7200329684103018,20.489469341860648,K32_R20_edge
ppg_degraded,70.58649486664295,71.85797230001313,True,0.1198864,14.985800000000001,122.26418285714286,0.16373723691927233,0.6432829318143407,0.6432829318143407,20.09040407230689,K32_R20_edge
ecg_missing,72.07453977963843,72.11538461538461,True,0.1198864,14.985800000000001,122.26418285714286,0.2702924093544629,0.7498381277941355,0.7498381042495312,7.90107140138388,K32_R20_edge
both_clean,64.59286221896214,64.58557588805166,True,0.1198864,14.985800000000001,122.26418285714286,0.2626187951543521,0.7421644900494204,0.7421644900494204,18.06008097975743,K32_R20_edge
both_degraded,53.34228260132803,75.8674286927376,False,0.1198864,14.985800000000001,122.26418285714286,-0.25638472595885087,0.36967963759725575,0.22316096893621745,6.8544346127796985,K32_R20_edge
ecg_missing,78.32368073694121,89.86928104575163,False,0.1198864,14.985800000000001,122.26418285714286,-0.4735676000600965,0.7494506393874583,0.0059780948349717825,6.376806848533547,K32_R20_edge
ecg_degraded,101.0288107102957,76.56002002282472,False,0.1198864,14.985800000000001,122.26418285714286,-0.4795456948950683,0.7135887185005045,3.537228955039226e-58,4.326267208476028,K32_R20_edge
both_clean,96.1286951695425,96.10423937197673,True,0.1198864,14.985800000000001,122.26418285714286,0.24692039452596748,0.7264660894210359,0.7264660894210359,19.135038277456058,K32_R20_edge
ppg_missing,89.73193409177773,107.04407998470147,False,0.1198864,14.985800000000001,122.26418285714286,-0.47951896439825276,0.722134865066938,2.6730496815559365e-05,6.11521816398657,K32_R20_edge
ecg_degraded,100.83144016599698,100.8968609865471,True,0.1198864,14.985800000000001,122.26418285714286,0.19056569969108705,0.6701113945861554,0.6701113945861554,15.621597021695141,K32_R20_edge
ppg_degraded,89.54683249378665,90.11455835068362,True,0.1198864,14.985800000000001,122.26418285714286,0.14717674501183942,0.6267224399069078,0.6267224399069078,17.34035607044663,K32_R20_edge
both_degraded,63.40000491348388,112.98245091493415,True,0.1198864,14.985800000000001,122.26418285714286,-0.0885661289663659,0.3909795659287025,0.3909795659287025,19.039633438989657,K32_R20_edge
both_degraded,98.18930460902496,100.30961047699317,True,0.1198864,14.985800000000001,122.26418285714286,-0.006403588672378163,0.4731421062226902,0.4731421062226902,17.43080553849732,K32_R20_edge
ecg_degraded,72.05120026758233,76.3852056383968,True,0.1198864,14.985800000000001,122.26418285714286,0.13092747370647506,0.6119956908983087,0.6104731686015434,7.348604451442912,K32_R20_edge
ecg_missing,103.40371821652279,103.39342523860023,True,0.1198864,14.985800000000001,122.26418285714286,0.2692720772108776,0.7488177721059459,0.7488177721059459,19.62918991694239,K32_R20_edge
ecg_missing,69.58895185128259,72.19251336898395,True,0.1198864,14.985800000000001,122.26418285714286,0.26994610809024006,0.7494918029853084,0.7494918029853084,17.481574947409175,K32_R20_edge
both_degraded,55.51411703501466,96.36444977836729,True,0.1198864,14.985800000000001,122.26418285714286,-0.04862952081590693,0.43091617407916144,0.43091617407916144,17.12336786921179,K32_R20_edge
ppg_missing,93.79389170348418,95.74468085106385,True,0.1198864,14.985800000000001,122.26418285714286,0.2644766094956916,0.7440223043907599,0.7440223043907599,8.882429942637078,K32_R20_edge
ppg_missing,56.45880512719921,57.62897914379803,True,0.1198864,14.985800000000001,122.26418285714286,0.26043727150793344,0.7399829664030018,0.7399829664030018,20.960080566195238,K32_R20_edge
ppg_missing,102.21286574461388,102.20125786163524,True,0.1198864,14.985800000000001,122.26418285714286,0.23932870713266952,0.7188744020277379,0.7188744020277379,18.25073686352839,K32_R20_edge
both_degraded,74.7154130656062,79.66968124697495,True,0.1198864,14.985800000000001,122.26418285714286,0.04795530774952184,0.5275010026445902,0.5275010026445902,20.34855340358957,K32_R20_edge
both_degraded,96.80727194255371,96.78046776564933,True,0.1198864,14.985800000000001,122.26418285714286,0.09890815694346478,0.5784538518385332,0.5784538518385332,17.241136405036197,K32_R20_edge
ppg_missing,53.154107329787266,53.19148936170213,True,0.1198864,14.985800000000001,122.26418285714286,0.2671357195534814,0.7466814144485497,0.7466814144485497,20.242532631946066,K32_R20_edge
ecg_missing,82.63026545046831,82.59911894273128,True,0.1198864,14.985800000000001,122.26418285714286,0.26976060883747605,0.7493063037329069,0.7493063037325444,8.296204585611497,K32_R20_edge
ecg_degraded,90.6136426842095,91.55244842064663,True,0.1198864,14.985800000000001,122.26418285714286,0.22191246568415945,0.7014581605792278,0.7014581605792278,18.58295676876712,K32_R20_edge
both_degraded,57.77030772600038,111.26537811779684,True,0.1198864,14.985800000000001,122.26418285714286,-0.20485555317870224,0.27469014171636613,0.27469014171636613,18.27357322605862,K32_R20_edge
ppg_missing,86.50386928379002,88.42443729903539,True,0.1198864,14.985800000000001,122.26418285714286,0.24204543613382679,0.7215911310288952,0.7215911310288952,16.896070690147628,K32_R20_edge
ecg_missing,58.58135692049147,58.59375,True,0.1198864,14.985800000000001,122.26418285714286,0.27044442439816635,0.7499901192932347,0.7499901192932347,16.494145720871952,K32_R20_edge
ppg_degraded,68.23934762484578,73.94513519648838,True,0.1198864,14.985800000000001,122.26418285714286,0.16124478692177735,0.6407904818168457,0.6407904818168457,16.897760268240823,K32_R20_edge
ecg_missing,71.91711233165951,71.94244604316548,True,0.1198864,14.985800000000001,122.26418285714286,0.2698812061022177,0.749426900997286,0.749426900997286,18.061045167619522,K32_R20_edge
both_clean,87.17512222364502,87.16320098639176,True,0.1198864,14.985800000000001,122.26418285714286,0.2676579047554449,0.7472035996505132,0.7472035996505132,22.27483806711376,K32_R20_edge
both_degraded,57.80713069623629,107.76424867871056,True,0.1198864,14.985800000000001,122.26418285714286,-0.37634436067728627,0.2667368071989649,0.10320133421778203,6.752945691321795,K32_R20_edge
ecg_missing,61.0895394200147,63.62672322375397,True,0.1198864,14.985800000000001,122.26418285714286,0.2701418327621133,0.7496875276571816,0.7496875276571816,17.631334110336493,K32_R20_edge
ecg_missing,96.87539517858767,96.87836383207753,True,0.1198864,14.985800000000001,122.26418285714286,0.2693899525923548,0.7489356474874231,0.7489356474874231,19.988805228548234,K32_R20_edge
both_degraded,92.95253845008429,93.94222401265073,True,0.1198864,14.985800000000001,122.26418285714286,0.13895086039557747,0.6184965552906458,0.6184965552906458,18.54558759518313,K32_R20_edge
both_degraded,77.2523401760509,78.59471345673671,True,0.1198864,14.985800000000001,122.26418285714286,0.17136892481274246,0.6509146197078108,0.6509146197078108,16.31642633278332,K32_R20_edge
both_clean,66.92018091292981,69.74852553222493,False,0.1198864,14.985800000000001,122.26418285714286,-0.43965177203802924,0.7376492113197106,0.03989392285703908,6.516476100238178,K32_R20_edge
ppg_degraded,91.53227853435948,92.03093167472576,True,0.1198864,14.985800000000001,122.26418285714286,0.25186415113067157,0.7314098460369833,0.7314098460257399,8.181052903527368,K32_R20_edge
both_degraded,78.07066419925418,87.66655829260381,True,0.1198864,14.985800000000001,122.26418285714286,0.0532470864038126,0.532792781298881,0.532792781298881,18.426641660738948,K32_R20_edge
both_degraded,68.69118038556813,71.73652646183525,True,0.1198864,14.985800000000001,122.26418285714286,0.10247049900918004,0.5820161939042484,0.5820161939042484,17.672794422888693,K32_R20_edge
ecg_degraded,102.4809939902662,102.46306759913824,True,0.1198864,14.985800000000001,122.26418285714286,0.23546844704729086,0.7150141419423592,0.7150141419423592,20.698393176815305,K32_R20_edge
ecg_missing,62.110419078890395,62.130177514792905,True,0.1198864,14.985800000000001,122.26418285714286,0.23098770711236882,0.7495908341242191,0.7105334020074372,7.113530555134571,K32_R20_edge
ecg_degraded,98.25697126526418,98.25327510917032,True,0.1198864,14.985800000000001,122.26418285714286,0.23201609475148477,0.7182018978566056,0.7115617896465531,7.257521682124417,K32_R20_edge
ecg_degraded,87.06907434016642,87.58487307819937,True,0.1198864,14.985800000000001,122.26418285714286,0.1937743177032697,0.6733200125983381,0.6733200125983381,18.468317667128325,K32_R20_edge
ecg_degraded,88.75880754607891,90.01962623175633,True,0.1198864,14.985800000000001,122.26418285714286,0.18673487800083155,0.6662805728958999,0.6662805728958999,16.85803804124543,K32_R20_edge
both_clean,90.92914707576841,90.95920617420069,True,0.1198864,14.985800000000001,122.26418285714286,0.2593660057019666,0.7389117005970349,0.7389117005970349,16.284268047109553,K32_R20_edge
ppg_degraded,94.8962626015568,98.19828536086209,True,0.1198864,14.985800000000001,122.26418285714286,0.2312501636581924,0.7119987508595381,0.7107958585532608,7.373459345430057,K32_R20_edge
ppg_missing,102.85682570404289,102.85714285714289,True,0.1198864,14.985800000000001,122.26418285714286,0.23984537648697757,0.7193910713820459,0.7193910713820459,17.567286696280334,K32_R20_edge
ecg_degraded,105.23503111892501,105.23750854696178,True,0.1198864,14.985800000000001,122.26418285714286,0.23635663852521582,0.7159023334202842,0.7159023334202842,16.951915406148558,K32_R20_edge
ecg_degraded,65.3293428003461,72.68148767358832,True,0.1198864,14.985800000000001,122.26418285714286,0.09791781996848481,0.5774635148635532,0.5774635148635532,17.78057382216705,K32_R20_edge
ecg_degraded,59.83317228786732,81.36753048306112,True,0.1198864,14.985800000000001,122.26418285714286,0.05551467657785459,0.535060371472923,0.535060371472923,20.912043214910927,K32_R20_edge
ppg_degraded,103.7824450119439,103.7712022145402,True,0.1198864,14.985800000000001,122.26418285714286,0.1260064521091907,0.6417228407165878,0.6055521470042591,7.105998509356667,K32_R20_edge
ppg_degraded,62.229757445739324,75.01031530895418,True,0.1198864,14.985800000000001,122.26418285714286,0.06526934478030266,0.544815039675371,0.544815039675371,19.688012983429974,K32_R20_edge
ecg_missing,63.31789627492962,66.006600660066,True,0.1198864,14.985800000000001,122.26418285714286,0.26996104422644035,0.7495067391215087,0.7495067391215087,17.88432517497961,K32_R20_edge
both_clean,98.31541946008798,98.30795547109429,True,0.1198864,14.985800000000001,122.26418285714286,0.2558979271545156,0.7354436220495839,0.7354436220495839,16.549177363185628,K32_R20_edge
both_clean,107.96663530872334,107.97342192691029,True,0.1198864,14.985800000000001,122.26418285714286,0.25368312282657196,0.7332288177216403,0.7332288177216403,18.461185783121348,K32_R20_edge
ecg_degraded,100.67272073764514,101.23272601206291,True,0.1198864,14.985800000000001,122.26418285714286,0.14457197723328963,0.624117672128358,0.624117672128358,17.955576369576193,K32_R20_edge
ppg_missing,81.00382349370952,80.99352051835854,True,0.1198864,14.985800000000001,122.26418285714286,0.24693902741605478,0.7264847223111232,0.7264847223111232,17.234421652596573,K32_R20_edge
both_degraded,72.53602209044072,77.43453671386702,True,0.1198864,14.985800000000001,122.26418285714286,0.055866909353817,0.5354126042488854,0.5354126042488854,18.997962073996124,K32_R20_edge
ppg_degraded,109.31310393202267,109.28652361636055,True,0.1198864,14.985800000000001,122.26418285714286,0.1332785956436945,0.6128242905387629,0.6128242905387629,19.030803146220318,K32_R20_edge
both_clean,94.16413295268475,94.16052373132877,True,0.1198864,14.985800000000001,122.26418285714286,0.25512863235378475,0.7346743272488531,0.7346743272488531,17.12344233983515,K32_R20_edge
ecg_missing,87.74561126396117,90.36144578313255,True,0.1198864,14.985800000000001,122.26418285714286,0.2697407134822562,0.7492864083773245,0.7492864083773245,18.872674741613018,K32_R20_edge
ppg_missing,50.667726115721756,72.58844507169985,False,0.1198864,14.985800000000001,122.26418285714286,-0.4795456948950683,0.7498337095906581,2.552822310684852e-31,4.951579853411079,K32_R20_edge
both_degraded,61.71150673424654,118.4630064975454,True,0.1198864,14.985800000000001,122.26418285714286,-0.14831196623340986,0.3312337286616585,0.3312337286616585,18.035805135944244,K32_R20_edge
ecg_missing,50.80950620266359,50.79006772009029,True,0.1198864,14.985800000000001,122.26418285714286,0.2702094682612904,0.7497551631563587,0.7497551631563587,20.877876069339035,K32_R20_edge
both_degraded,104.42242489548676,105.1118539903626,True,0.1198864,14.985800000000001,122.26418285714286,0.19188409705131804,0.6714297919463864,0.6714297919463864,18.122255394670255,K32_R20_edge
both_degraded,64.18793659411543,107.88702808484523,True,0.1198864,14.985800000000001,122.26418285714286,-0.12762651531103292,0.35191917958403546,0.35191917958403546,16.579208921404867,K32_R20_edge
ppg_missing,60.26127862969968,62.24066390041494,True,0.1198864,14.985800000000001,122.26418285714286,0.26044064570002007,0.7399863405950884,0.7399863405950884,18.694935668120024,K32_R20_edge
ppg_degraded,84.95406343397175,84.96395468589084,True,0.1198864,14.985800000000001,122.26418285714286,0.25051348535140666,0.730059180246475,0.730059180246475,17.30854719750698,K32_R20_edge
both_clean,62.186111376864936,62.74271793339541,True,0.1198864,14.985800000000001,122.26418285714286,0.2616805080905707,0.741226202985639,0.741226202985639,18.39366381224327,K32_R20_edge
ppg_degraded,82.79192558743276,82.69003556789092,True,0.1198864,14.985800000000001,122.26418285714286,0.24536842607720455,0.7288365765754108,0.7249141209722729,7.296484258133491,K32_R20_edge
ppg_missing,106.98750206265358,107.03363914373085,True,0.1198864,14.985800000000001,122.26418285714286,0.24148422871495445,0.7210299236100228,0.7210299236100228,17.70902186549013,K32_R20_edge
ecg_degraded,101.83452146039784,101.80862922737937,True,0.1198864,14.985800000000001,122.26418285714286,0.14242740042071433,0.6219730953157827,0.6219730953157827,18.779660639660044,K32_R20_edge
ecg_degraded,64.70765202608898,78.80249719876979,True,0.1198864,14.985800000000001,122.26418285714286,0.07282847030017325,0.5523741651952416,0.5523741651952416,18.309361958343985,K32_R20_edge
both_clean,104.97065864387915,104.95156081808399,True,0.1198864,14.985800000000001,122.26418285714286,0.25473837637919344,0.7342840712742618,0.7342840712742618,17.46749016282378,K32_R20_edge
ecg_missing,73.96342641152339,74.01315789473685,True,0.1198864,14.985800000000001,122.26418285714286,0.269942421833091,0.7494881167281593,0.7494881167281593,19.219880480502695,K32_R20_edge
ecg_degraded,81.38222496232689,81.43322475570035,True,0.1198864,14.985800000000001,122.26418285714286,0.19447526771462031,0.6740209626096887,0.6740209626096887,16.70371201210819,K32_R20_edge
both_degraded,69.49836057203595,73.73876337773787,True,0.1198864,14.985800000000001,122.26418285714286,0.1017651905477629,0.5813108854428313,0.5813108854428313,17.72246588530723,K32_R20_edge
both_clean,109.99748518868267,110.06289308176099,True,0.1198864,14.985800000000001,122.26418285714286,0.25426502520870403,0.7338107201037724,0.7338107201037724,8.844350760325002,K32_R20_edge
both_clean,68.42440736911593,68.41505131128848,True,0.1198864,14.985800000000001,122.26418285714286,0.26373804392339,0.7432837388184583,0.7432837388184583,17.472834257750286,K32_R20_edge
both_degraded,94.23655975234897,94.81407949275163,True,0.1198864,14.985800000000001,122.26418285714286,0.08482403390620352,0.5643697288012719,0.5643697288012719,17.69904424179614,K32_R20_edge
both_degraded,87.19376213557715,89.73974866095347,True,0.1198864,14.985800000000001,122.26418285714286,0.06455666311909303,0.5441023580141613,0.5441023580141614,9.02795676888621,K32_R20_edge
ppg_missing,91.3353993546865,91.36212624584718,True,0.1198864,14.985800000000001,122.26418285714286,0.24878543894126082,0.7283311338363292,0.7283311338363292,19.725096769292144,K32_R20_edge
both_clean,56.2403931488308,56.85100221883296,True,0.1198864,14.985800000000001,122.26418285714286,0.263057335789372,0.7426030306844403,0.7426030306844403,17.934525777457793,K32_R20_edge
both_clean,82.20732862568454,84.40236478758308,True,0.1198864,14.985800000000001,122.26418285714286,0.25940536043830104,0.7389510553333694,0.7389510553333694,15.084669503758745,K32_R20_edge
both_clean,109.82284156435026,110.3426802273298,True,0.1198864,14.985800000000001,122.26418285714286,0.2509927939550923,0.7305384888501606,0.7305384888501606,17.960703281002402,K32_R20_edge
ppg_missing,83.78860607208463,78.20646506777894,False,0.1198864,14.985800000000001,122.26418285714286,-0.47796962004493115,0.7314408766939471,0.0015760748501371551,6.300837294206495,K32_R20_edge
both_degraded,61.807646804960086,99.17228395936623,True,0.1198864,14.985800000000001,122.26418285714286,-0.07352913411628337,0.406016560778785,0.406016560778785,17.153315060724125,K32_R20_edge
ecg_missing,53.154387053362676,53.128689492325854,True,0.1198864,14.985800000000001,122.26418285714286,0.2700158962471007,0.749561591142169,0.749561591142169,19.707395337223353,K32_R20_edge
both_clean,69.79715055636373,69.80351602895554,True,0.1198864,14.985800000000001,122.26418285714286,0.26201730692065667,0.741563001815725,0.741563001815725,14.284712280746003,K32_R20_edge
ecg_missing,94.73699158160926,94.82758620689656,True,0.1198864,14.985800000000001,122.26418285714286,0.26947925248588794,0.7490249473809563,0.7490249473809563,18.977687774528647,K32_R20_edge
ecg_missing,51.488814511932205,54.347826086956516,True,0.1198864,14.985800000000001,122.26418285714286,0.2701825725199141,0.7497282674149824,0.7497282674149824,18.404070048932326,K32_R20_edge
ecg_missing,52.918292727611714,52.94117647058824,True,0.1198864,14.985800000000001,122.26418285714286,0.2700822687770798,0.7496279636721481,0.7496279636721481,17.495590658403238,K32_R20_edge
ecg_missing,89.42048100190249,89.34331134274862,False,0.1198864,14.985800000000001,122.26418285714286,-0.04806746183495635,0.7493214768694487,0.431478233060112,6.841126735204783,K32_R20_edge
both_degraded,102.91202854912399,103.39394456388247,True,0.1198864,14.985800000000001,122.26418285714286,0.1401112067499286,0.619656901644997,0.619656901644997,20.263918971789867,K32_R20_edge
ppg_missing,76.32490274733078,61.91986569934214,False,0.1198864,14.985800000000001,122.26418285714286,-0.4795329225556692,0.7272412222247199,1.277233939909887e-05,6.086464319384509,K32_R20_edge
both_degraded,87.45840560279332,91.42103909918517,True,0.1198864,14.985800000000001,122.26418285714286,0.23003086590364097,0.7095765607987093,0.7095765607987093,17.154884228004896,K32_R20_edge
ppg_degraded,65.43570855881698,75.70476749644403,True,0.1198864,14.985800000000001,122.26418285714286,0.10907200881332058,0.588617703708389,0.588617703708389,19.891899376166318,K32_R20_edge
ecg_degraded,66.35379072067282,66.3716814159292,True,0.1198864,14.985800000000001,122.26418285714286,0.24842000443877243,0.7279656993338408,0.7279656993338408,15.685759626429933,K32_R20_edge
ecg_missing,78.49864479560239,96.87836383207753,False,0.1198864,14.985800000000001,122.26418285714286,-0.4795450380487222,0.7492675536647833,6.568463460898045e-07,5.981582796371891,K32_R20_edge
both_degraded,63.143988537079906,99.53707904253976,True,0.1198864,14.985800000000001,122.26418285714286,-0.13125455164569433,0.34829228410861923,0.34829114324937405,7.7035404332662125,K32_R20_edge
ecg_missing,77.23279741056349,77.23112128146454,True,0.1198864,14.985800000000001,122.26418285714286,0.26978332556468737,0.7493290204597557,0.7493290204597557,17.6419016454917,K32_R20_edge
both_degraded,58.902908504069195,99.19222459252066,True,0.1198864,14.985800000000001,122.26418285714286,-0.0842040955363696,0.3953415993586988,0.3953415993586988,15.985645275898312,K32_R20_edge
ppg_missing,105.43849606483154,105.40540540540543,True,0.1198864,14.985800000000001,122.26418285714286,0.23648024836735948,0.7160259432624279,0.7160259432624279,17.363889033789828,K32_R20_edge
ppg_missing,88.877064409139,88.90086206896552,True,0.1198864,14.985800000000001,122.26418285714286,0.24604419778621267,0.725589892681281,0.725589892681281,18.801161958187443,K32_R20_edge
both_clean,55.65132256186815,55.673382820784724,True,0.1198864,14.985800000000001,122.26418285714286,0.2640057936952322,0.7435514885903005,0.7435514885903005,18.442607223121303,K32_R20_edge
ecg_missing,61.58644083740033,61.54747948417351,True,0.1198864,14.985800000000001,122.26418285714286,0.2701399195217697,0.749685614416838,0.749685614416838,16.36571420827381,K32_R20_edge
ppg_degraded,99.7491635656226,99.66694396318822,True,0.1198864,14.985800000000001,122.26418285714286,0.24862930700218633,0.7281750018972547,0.7281750018972547,18.550301344256916,K32_R20_edge
ppg_missing,72.34418248264362,73.44940152339501,True,0.1198864,14.985800000000001,122.26418285714286,0.25480204813601154,0.7343477430310799,0.7343477430310799,17.004101831326995,K32_R20_edge
ppg_degraded,65.6062439313841,75.674289550541,True,0.1198864,14.985800000000001,122.26418285714286,0.1024629515497032,0.5820086464447716,0.5820086464447716,18.87681598219525,K32_R20_edge
ppg_degraded,51.399084207390565,66.0218913916413,True,0.1198864,14.985800000000001,122.26418285714286,0.13000745806191805,0.6095531529569864,0.6095531529569864,20.46589187567848,K32_R20_edge
ppg_missing,90.5130110771217,92.49743062692704,True,0.1198864,14.985800000000001,122.26418285714286,-0.02226717910103981,0.7274590105216748,0.45727851579402856,6.866597814052499,K32_R20_edge
both_clean,84.21988326793277,86.47980067921371,True,0.1198864,14.985800000000001,122.26418285714286,0.26555606630771983,0.7451017612027881,0.7451017612027881,17.25032436861652,K32_R20_edge
both_degraded,100.42366644582685,101.35029898866037,True,0.1198864,14.985800000000001,122.26418285714286,0.2231748573017347,0.7027205521968031,0.7027205521968031,17.209682397859233,K32_R20_edge
ecg_degraded,60.18382696704604,80.17084110688654,True,0.1198864,14.985800000000001,122.26418285714286,0.030896626768199934,0.5193626278776239,0.5104423216632683,7.20989688540502,K32_R20_edge
ecg_missing,95.13771067954644,95.13742071881607,True,0.1198864,14.985800000000001,122.26418285714286,0.269448445508048,0.7490167248078086,0.7489941404031163,7.597671896927476,K32_R20_edge
both_clean,99.62412592148868,99.66777408637876,True,0.1198864,14.985800000000001,122.26418285714286,0.25578266190470406,0.7353283567997724,0.7353283567997724,19.664615184091495,K32_R20_edge
ecg_missing,99.44726947049821,99.44751381215472,True,0.1198864,14.985800000000001,122.26418285714286,0.2694398846529607,0.748985579548029,0.748985579548029,18.363750092792355,K32_R20_edge
ppg_missing,94.78188517958779,96.87836383207753,True,0.1198864,14.985800000000001,122.26418285714286,0.22449682354341904,0.7273125949695712,0.7040425184384874,7.157962425095288,K32_R20_edge
both_clean,76.54195250629735,76.53061224489795,True,0.1198864,14.985800000000001,122.26418285714286,0.2576803224617423,0.7498246833222219,0.7372260173568106,7.211650286526752,K32_R20_edge
both_degraded,52.8444096236222,88.3924129206917,True,0.1198864,14.985800000000001,122.26418285714286,-0.027108688035890168,0.4524370068591782,0.4524370068591782,17.85061585871581,K32_R20_edge
ecg_degraded,88.65688509139537,88.61439312567133,True,0.1198864,14.985800000000001,122.26418285714286,0.2394528186377055,0.7189985135327739,0.7189985135327739,16.932045837132293,K32_R20_edge
ppg_degraded,51.5414749154502,69.15074842218952,True,0.1198864,14.985800000000001,122.26418285714286,0.04129490109209067,0.520840595987159,0.520840595987159,16.961600291539636,K32_R20_edge
ecg_missing,55.150549212410745,55.147058823529406,True,0.1198864,14.985800000000001,122.26418285714286,0.27045339688138653,0.7499991150099075,0.7499990917764549,7.901609457681685,K32_R20_edge
ecg_degraded,74.54739788188516,75.35181722503461,True,0.1198864,14.985800000000001,122.26418285714286,0.1861788530011501,0.6657245478962185,0.6657245478962185,15.861781243344355,K32_R20_edge
ecg_degraded,57.24667700810813,77.01757216277944,True,0.1198864,14.985800000000001,122.26418285714286,0.04337612295010918,0.5229218178451776,0.5229218178451776,15.66183178383483,K32_R20_edge
ppg_degraded,77.11896536988088,78.13301229137865,True,0.1198864,14.985800000000001,122.26418285714286,-0.35887877980083177,0.6501592211183685,0.12066691509423658,6.643000794572938,K32_R20_edge
ppg_missing,101.06259229279496,101.1410788381743,True,0.1198864,14.985800000000001,122.26418285714286,0.24325491210107342,0.7228006069961418,0.7228006069961418,19.472847036112743,K32_R20_edge
ppg_missing,60.449433311643546,61.53846153846154,True,0.1198864,14.985800000000001,122.26418285714286,0.26746864147363275,0.7470143363687011,0.7470143363687011,18.351667760861844,K32_R20_edge
ecg_missing,97.88929676230754,97.93253536452667,True,0.1198864,14.985800000000001,122.26418285714286,0.22324611808311734,0.7488747872160333,0.7027918129781857,7.097447678316026,K32_R20_edge
both_degraded,109.8536438918981,109.4346782934589,True,0.1198864,14.985800000000001,122.26418285714286,-0.0239658883883031,0.4555798065067653,0.4555798065067653,18.72877793372963,K32_R20_edge
both_degraded,52.236980148813444,95.74468085106385,False,0.1198864,14.985800000000001,122.26418285714286,-0.19739192554982699,0.37492523087750557,0.2821537693452414,6.933056276866551,K32_R20_edge
both_clean,75.3889645118702,75.33482142857142,True,0.1198864,14.985800000000001,122.26418285714286,0.26306326910964434,0.7426089640047127,0.7426089640047127,17.37045964423035,K32_R20_edge
ecg_degraded,92.45247840852018,93.37292176666868,True,0.1198864,14.985800000000001,122.26418285714286,0.23584190858129117,0.7153876034763595,0.7153876034763595,17.104964678040808,K32_R20_edge
ecg_degraded,93.9010115327621,94.96080190081399,True,0.1198864,14.985800000000001,122.26418285714286,0.2144393730476386,0.693985067942707,0.693985067942707,20.122933943605286,K32_R20_edge
both_clean,66.79458479039732,69.55028258762856,True,0.1198864,14.985800000000001,122.26418285714286,0.261998235540799,0.7415439304358673,0.7415439304358673,17.92314368825297,K32_R20_edge
ecg_missing,98.5413038869639,98.4848484848485,True,0.1198864,14.985800000000001,122.26418285714286,0.26910730083262896,0.7486529957276973,0.7486529957276973,16.392599052099893,K32_R20_edge
both_degraded,72.27689139450067,73.15550202648986,True,0.1198864,14.985800000000001,122.26418285714286,0.22867155018765928,0.7082172450827277,0.7082172450827277,14.94136106079857,K32_R20_edge
both_degraded,62.045145738434115,120.51346803739473,True,0.1198864,14.985800000000001,122.26418285714286,-0.10421494552240229,0.3753307493726661,0.3753307493726661,20.618886510569432,K32_R20_edge
ecg_missing,81.0699075710094,81.08108108108108,True,0.1198864,14.985800000000001,122.26418285714286,0.269861092611626,0.7494067875066943,0.7494067875066943,16.96247535141047,K32_R20_edge
ecg_missing,86.74863529812028,86.80555555555557,True,0.1198864,14.985800000000001,122.26418285714286,0.26960430186842016,0.7491499967634885,0.7491499967634885,18.35799195814482,K32_R20_edge
ecg_missing,100.2642948901439,100.33444816053515,True,0.1198864,14.985800000000001,122.26418285714286,0.26924805205770647,0.7487937469527748,0.7487937469527748,18.149990815345003,K32_R20_edge
ppg_missing,89.83887256166079,89.86928104575163,True,0.1198864,14.985800000000001,122.26418285714286,0.2483802135395684,0.7279259084564629,0.7279259084346368,8.158081947244671,K32_R20_edge
ecg_degraded,54.987198207689424,85.48218417639659,False,0.1198864,14.985800000000001,122.26418285714286,-0.4795456948950683,0.5417919490670582,6.0962520948084074e-18,5.404439848605279,K32_R20_edge
ecg_degraded,84.49141128815481,86.76236744767012,True,0.1198864,14.985800000000001,122.26418285714286,0.24143409409630723,0.7209797889913756,0.7209797889913756,18.388446784910343,K32_R20_edge
ppg_degraded,70.64876207145306,71.85650354273797,True,0.1198864,14.985800000000001,122.26418285714286,0.2250035247144584,0.7045492196095268,0.7045492196095268,16.824172411528945,K32_R20_edge
ppg_degraded,92.30254309553217,106.03705803267515,False,0.1198864,14.985800000000001,122.26418285714286,-0.38549646721168174,0.6236658537251656,0.0940492276833866,6.618142426316872,K32_R20_edge
ecg_missing,52.703639600563434,52.75498241500586,True,0.1198864,14.985800000000001,122.26418285714286,0.2701285434329758,0.7496742383280441,0.7496742383280441,17.215724628901455,K32_R20_edge
both_degraded,89.44144767796527,90.3842082157858,True,0.1198864,14.985800000000001,122.26418285714286,-0.022843541691487442,0.45670215320358093,0.45670215320358093,19.385428687251483,K32_R20_edge
ecg_missing,97.49427948515637,97.50812567713979,True,0.1198864,14.985800000000001,122.26418285714286,0.26924349550236143,0.7487891903974297,0.7487891903974297,16.859187565704037,K32_R20_edge
ecg_degraded,52.409401989974,69.54177299813686,True,0.1198864,14.985800000000001,122.26418285714286,0.06277835741254034,0.5423240523076087,0.5423240523076087,20.40084667828451,K32_R20_edge
ppg_missing,50.9216432312074,50.90497737556561,True,0.1198864,14.985800000000001,122.26418285714286,0.26217302984212726,0.7417187247371956,0.7417187247371956,17.937063850855395,K32_R20_edge
ppg_degraded,103.5134885538704,103.50318471337583,True,0.1198864,14.985800000000001,122.26418285714286,0.21494239778390545,0.6944880926789738,0.6944880926789738,18.78590955991279,K32_R20_edge
ecg_missing,103.72541836081183,103.68663594470048,True,0.1198864,14.985800000000001,122.26418285714286,0.2692555542228146,0.7488012491178861,0.7488012491178829,8.44679112695161,K32_R20_edge
ppg_degraded,60.59511060928266,75.14617297758727,True,0.1198864,14.985800000000001,122.26418285714286,0.05274236889482709,0.5324877526875273,0.5322880637898955,7.4636390207061165,K32_R20_edge
both_degraded,105.3471190602958,105.46454530837238,True,0.1198864,14.985800000000001,122.26418285714286,0.22782205919070198,0.7073677540857704,0.7073677540857704,18.039334341714127,K32_R20_edge
ppg_missing,74.39698124105557,74.33920704845815,True,0.1198864,14.985800000000001,122.26418285714286,0.2560892758021149,0.7356349706971832,0.7356349706971832,17.01870248978088,K32_R20_edge
both_degraded,81.14277822605555,81.12690130231069,True,0.1198864,14.985800000000001,122.26418285714286,0.06261689835397488,0.5421625932490433,0.5421625932490433,15.237544186375498,K32_R20_edge
ecg_degraded,78.25231889956926,79.72976749858513,True,0.1198864,14.985800000000001,122.26418285714286,0.16517104011396133,0.6658834093272916,0.6447167350090297,7.158530216896501,K32_R20_edge
ecg_degraded,70.10017198424113,70.63023505582618,True,0.1198864,14.985800000000001,122.26418285714286,0.1859356368592774,0.6654813317543458,0.6654813317543458,16.332049390079273,K32_R20_edge
both_degraded,103.05491345358986,103.00298596762401,True,0.1198864,14.985800000000001,122.26418285714286,0.12565536297709767,0.605201057872166,0.605201057872166,16.443485562610118,K32_R20_edge
ppg_degraded,86.63457264013539,89.82624455265862,True,0.1198864,14.985800000000001,122.26418285714286,0.14732137381278132,0.6268670687078497,0.6268670687078497,18.087186072558943,K32_R20_edge
both_degraded,105.9483251902951,106.44097372128775,True,0.1198864,14.985800000000001,122.26418285714286,0.2238442179316702,0.7033899128267386,0.7033899128267386,16.07999038875837,K32_R20_edge
both_clean,87.3245557394275,103.50318471337583,False,0.1198864,14.985800000000001,122.26418285714286,-0.39731950009654915,0.7397004145881357,0.08222619479851916,6.584738541894737,K32_R20_edge
ecg_degraded,105.49150266830682,77.82335993751454,False,0.1198864,14.985800000000001,122.26418285714286,-0.47896202618128597,0.6686185890373599,0.0005836687137823741,6.25415816950783,K32_R20_edge
ecg_degraded,80.9131759040952,82.16429362751624,True,0.1198864,14.985800000000001,122.26418285714286,0.18421366796317395,0.6637593628582423,0.6637593628582423,18.37145495596817,K32_R20_edge
both_degraded,78.49364067321503,83.15132204441943,True,0.1198864,14.985800000000001,122.26418285714286,0.04789769929700539,0.5274433941920738,0.5274433941920738,17.026651197187583,K32_R20_edge
ppg_degraded,84.2786603313447,84.26966292134833,True,0.1198864,14.985800000000001,122.26418285714286,0.18728164639368872,0.6668273412887571,0.6668273412887571,15.441100723583219,K32_R20_edge
ppg_degraded,50.35515118035263,57.527431775485,True,0.1198864,14.985800000000001,122.26418285714286,0.1823661887011523,0.6619118835962207,0.6619118835962207,17.82798487374503,K32_R20_edge
both_clean,96.05867318786798,96.05122732123802,True,0.1198864,14.985800000000001,122.26418285714286,0.2545195186653028,0.7340652135603711,0.7340652135603711,20.50016495769571,K32_R20_edge
ppg_missing,58.37701904755641,58.33333333333333,True,0.1198864,14.985800000000001,122.26418285714286,0.26241339677070946,0.7419590916657778,0.7419590916657778,17.96328221398627,K32_R20_edge
both_clean,106.63775144896701,106.61453011054812,True,0.1198864,14.985800000000001,122.26418285714286,0.2549578481526715,0.7345597510666336,0.7345035430477398,7.550164969935001,K32_R20_edge
ecg_degraded,52.657706305382504,69.16805866226592,True,0.1198864,14.985800000000001,122.26418285714286,0.04506007758539544,0.5246057724804638,0.5246057724804638,19.925085716657208,K32_R20_edge
both_degraded,92.49114798421098,93.4510580170943,True,0.1198864,14.985800000000001,122.26418285714286,-0.005081274899212834,0.47446441999585554,0.47446441999585554,16.02272697761379,K32_R20_edge
ecg_missing,96.11513258159792,96.15384615384617,True,0.1198864,14.985800000000001,122.26418285714286,0.2703316335323325,0.7498773284274008,0.7498773284274008,16.55002401676806,K32_R20_edge
ppg_degraded,82.49826083613274,82.42968642253078,True,0.1198864,14.985800000000001,122.26418285714286,0.17424227915508206,0.6537879740501504,0.6537879740501504,16.685643375392527,K32_R20_edge
ecg_missing,55.745386415353394,55.73248407643311,True,0.1198864,14.985800000000001,122.26418285714286,0.27013041125506093,0.7496761061501293,0.7496761061501293,14.604124715920998,K32_R20_edge
ecg_degraded,98.69020254405208,76.23963309482514,False,0.1198864,14.985800000000001,122.26418285714286,-0.47954564494369545,0.6604725642408009,4.9951372890371634e-08,5.905668393530443,K32_R20_edge
both_degraded,69.27300947982334,69.8819192189651,True,0.1198864,14.985800000000001,122.26418285714286,0.1493222407171022,0.6288679356121706,0.6288679356121706,22.41498855499757,K32_R20_edge
ecg_missing,67.27837161120036,100.98541280461485,False,0.1198864,14.985800000000001,122.26418285714286,-0.10797766753199062,0.7496129967256462,0.37156802736307776,6.803738916588576,K32_R20_edge
ppg_missing,91.54310905351434,91.56492785793563,True,0.1198864,14.985800000000001,122.26418285714286,0.24219694700125782,0.7217426418963262,0.7217426418963262,17.125467288872898,K32_R20_edge
both_degraded,108.30972240991719,77.96257796257797,False,0.1198864,14.985800000000001,122.26418285714286,-0.4672762501168411,0.5459672117998182,0.012269444778227202,6.446784318467786,K32_R20_edge
ppg_degraded,55.76883847092752,63.99002193339544,True,0.1198864,14.985800000000001,122.26418285714286,0.15520756667395819,0.6347532615690266,0.6347532615690266,18.680168970370033,K32_R20_edge
ppg_degraded,76.17652718612148,76.73325063693717,True,0.1198864,14.985800000000001,122.26418285714286,0.246601706182763,0.7261482632389504,0.7261474010778314,7.749099808505416,K32_R20_edge
ecg_missing,90.40063314523829,105.11921955162664,False,0.1198864,14.985800000000001,122.26418285714286,0.1282458345139822,0.7498567282630936,0.6077915294090506,6.970390324814892,K32_R20_edge
both_clean,66.61530800346742,66.63000258793599,True,0.1198864,14.985800000000001,122.26418285714286,0.26325016767657633,0.7427958625716446,0.7427958625716446,17.54902994887084,K32_R20_edge
ecg_degraded,105.49968422634052,105.47140250782385,True,0.1198864,14.985800000000001,122.26418285714286,0.18346053543791796,0.6630062303329863,0.6630062303329863,16.851825335006907,K32_R20_edge
both_clean,86.16789825013389,86.1573020047022,True,0.1198864,14.985800000000001,122.26418285714286,0.2672012524136637,0.7467469839535131,0.746746947308732,7.883196691832051,K32_R20_edge
ppg_degraded,54.536594204416225,76.41433853221187,True,0.1198864,14.985800000000001,122.26418285714286,0.06250379676627738,0.5420494916613458,0.5420494916613458,20.695227082581034,K32_R20_edge
both_degraded,59.28592549359733,98.25854926382827,True,0.1198864,14.985800000000001,122.26418285714286,-0.07541053242352563,0.40413516247154274,0.40413516247154274,18.670568397506816,K32_R20_edge
ppg_missing,58.59529438173752,58.59375,True,0.1198864,14.985800000000001,122.26418285714286,0.2704478643156009,0.7499935592106692,0.7499935592106692,18.46592560011125,K32_R20_edge
ecg_degraded,77.36027497198694,78.14497627346981,True,0.1198864,14.985800000000001,122.26418285714286,0.1890471885528734,0.6685928834479418,0.6685928834479418,16.08285295397937,K32_R20_edge
both_clean,104.61553807386267,104.61373390557944,True,0.1198864,14.985800000000001,122.26418285714286,0.25329014719271575,0.7328358420877841,0.7328358420877841,17.410847218231236,K32_R20_edge
ppg_degraded,56.73705689705909,68.46776380619562,True,0.1198864,14.985800000000001,122.26418285714286,0.12552874693862204,0.6050744418336904,0.6050744418336904,17.73889996565127,K32_R20_edge
ecg_missing,59.07750017549905,59.05511811023622,True,0.1198864,14.985800000000001,122.26418285714286,0.2701948490460436,0.7499565872339737,0.7497405439411119,7.478540575846903,K32_R20_edge
ppg_missing,62.70354465222891,63.829787234042556,True,0.1198864,14.985800000000001,122.26418285714286,0.2555952017612057,0.735140896656274,0.735140896656274,17.362392634847186,K32_R20_edge
ecg_missing,84.38548174559227,84.45945945945947,True,0.1198864,14.985800000000001,122.26418285714286,0.26946631791194403,0.7490120128070124,0.7490120128070124,19.487929175570105,K32_R20_edge
both_degraded,75.81283025825083,77.5780869381489,True,0.1198864,14.985800000000001,122.26418285714286,0.14686798530223655,0.6264136801973049,0.6264136801973049,14.716278332147672,K32_R20_edge
ecg_missing,75.09827900125394,77.55946225439504,True,0.1198864,14.985800000000001,122.26418285714286,0.269919617483854,0.7494653123789223,0.7494653123789223,17.840113348858683,K32_R20_edge
both_degraded,58.69621990111457,111.43141751975756,True,0.1198864,14.985800000000001,122.26418285714286,-0.11868302418276078,0.3608626707123076,0.3608626707123076,18.259992166439858,K32_R20_edge
both_clean,99.45698179003588,99.44751381215472,True,0.1198864,14.985800000000001,122.26418285714286,0.25582234455158886,0.7353680394466572,0.7353680394466572,15.774306117496845,K32_R20_edge
ecg_missing,78.76696319325734,81.34490238611714,True,0.1198864,14.985800000000001,122.26418285714286,0.2696956853219185,0.7492423023727381,0.7492413802169868,7.7475116883123665,K32_R20_edge
both_degraded,101.94366603278752,102.31182643026814,True,0.1198864,14.985800000000001,122.26418285714286,0.17014612447764543,0.6496918193727138,0.6496918193727138,16.9962855459744,K32_R20_edge
both_degraded,51.80688676899702,88.45576120302245,True,0.1198864,14.985800000000001,122.26418285714286,-0.003212109839480498,0.47633358505558787,0.47633358505558787,19.331480004764167,K32_R20_edge
ppg_degraded,77.4620052510087,107.04407998470147,False,0.1198864,14.985800000000001,122.26418285714286,-0.4795456948950683,0.614771205855714,2.5738247845658762e-21,5.273566183221584,K32_R20_edge
ecg_missing,72.10499588945173,72.11538461538461,True,0.1198864,14.985800000000001,122.26418285714286,0.27044383380931764,0.749989528704386,0.749989528704386,18.288032140617393,K32_R20_edge
both_clean,100.47880279949688,100.4464285714286,True,0.1198864,14.985800000000001,122.26418285714286,0.25560183255614116,0.7351475274512095,0.7351475274512095,16.98274313486754,K32_R20_edge
both_degraded,91.5285302255242,90.40514139609787,True,0.1198864,14.985800000000001,122.26418285714286,-0.03437526349350111,0.44517043140156726,0.44517043140156726,18.44279131739825,K32_R20_edge
ppg_missing,81.25544794877071,81.25677139761648,True,0.1198864,14.985800000000001,122.26418285714286,-0.31173986204616305,0.7286740298941474,0.1678058328489053,6.671133675911426,K32_R20_edge
ppg_missing,59.67490253892593,59.65909090909091,True,0.1198864,14.985800000000001,122.26418285714286,0.2608349723365357,0.740380667231604,0.740380667231604,17.50911422247642,K32_R20_edge
ppg_degraded,90.95561875330924,91.0097028004471,True,0.1198864,14.985800000000001,122.26418285714286,0.2480686946749927,0.7276143896543091,0.7276143895700611,8.110825780989243,K32_R20_edge
both_clean,103.75842921882563,104.32575278725284,True,0.1198864,14.985800000000001,122.26418285714286,0.2532269085663362,0.7327726034614045,0.7327726034614045,17.727300406305737,K32_R20_edge
both_clean,96.59732033797319,98.10386386387204,True,0.1198864,14.985800000000001,122.26418285714286,0.25087670898317466,0.730422403878243,0.730422403878243,17.631410493154565,K32_R20_edge
ppg_degraded,108.02699926774201,76.96693272519954,False,0.1198864,14.985800000000001,122.26418285714286,-0.18687582656448426,0.6976303576188074,0.2926698683305841,6.768377280710979,K32_R20_edge
ecg_degraded,85.47908050148857,87.80684449254905,True,0.1198864,14.985800000000001,122.26418285714286,0.1883434794791562,0.6678891743742246,0.6678891743742246,17.10246264934556,K32_R20_edge
ecg_missing,68.82419582671467,71.35306553911205,True,0.1198864,14.985800000000001,122.26418285714286,0.2704304006413328,0.7499760955364011,0.7499760955364011,20.916949612841336,K32_R20_edge
both_clean,63.26018376715201,63.29113924050634,True,0.1198864,14.985800000000001,122.26418285714286,0.26338016156363103,0.7429258564586994,0.7429258564586994,18.89417434581394,K32_R20_edge
ppg_degraded,97.9604974857291,97.88103961932325,True,0.1198864,14.985800000000001,122.26418285714286,0.2201941424521433,0.6997398373472117,0.6997398373472117,17.771098783364582,K32_R20_edge
ecg_degraded,98.71025842343428,99.46659970978213,True,0.1198864,14.985800000000001,122.26418285714286,0.1762818886136429,0.6558275835087113,0.6558275835087113,16.469633634854617,K32_R20_edge
both_clean,88.08392826529266,57.11559646188891,False,0.1198864,14.985800000000001,122.26418285714286,-0.47619194477426946,0.7347637083734309,0.0033537501207988435,6.342996479705203,K32_R20_edge
ppg_degraded,96.92437347013873,109.20316264494613,False,0.1198864,14.985800000000001,122.26418285714286,-0.47954567951286153,0.635117221840213,1.5382206796540785e-08,5.872729296118853,K32_R20_edge
ppg_missing,79.158536288145,79.11392405063292,True,0.1198864,14.985800000000001,122.26418285714286,0.2530978004493885,0.7326434953444568,0.7326434953444568,17.369843483809998,K32_R20_edge
ppg_degraded,101.09230821862496,101.52047315882204,True,0.1198864,14.985800000000001,122.26418285714286,0.154725234772763,0.6342709296678314,0.6342709296678314,17.774977326392737,K32_R20_edge
both_clean,91.68150568747994,108.359133126935,False,0.1198864,14.985800000000001,122.26418285714286,-0.4795456948950683,0.7337560966742804,1.2877530424523997e-17,5.412259307254304,K32_R20_edge
both_degraded,64.5171047002486,69.81703978664545,False,0.1198864,14.985800000000001,122.26418285714286,-0.4795456948950683,0.33282754997267394,2.1058545162468292e-17,5.435123690875576,K32_R20_edge
both_clean,85.25281999693654,86.21695764876145,True,0.1198864,14.985800000000001,122.26418285714286,0.2658432844656829,0.7453889793607512,0.7453889793607512,20.139483795020553,K32_R20_edge
ecg_degraded,89.36836752929122,72.58844507169985,False,0.1198864,14.985800000000001,122.26418285714286,-0.4795456948950683,0.7163504036704208,4.373823185479702e-23,5.208860090018186,K32_R20_edge
ppg_missing,62.17032334860923,62.17616580310881,True,0.1198864,14.985800000000001,122.26418285714286,0.25749707961373963,0.737042774508808,0.737042774508808,18.498176874953472,K32_R20_edge
both_degraded,106.14673935237157,106.27493470556767,True,0.1198864,14.985800000000001,122.26418285714286,0.17138196211806567,0.650927657013134,0.650927657013134,16.697275516396694,K32_R20_edge
both_clean,98.33302132422428,98.36065573770493,True,0.1198864,14.985800000000001,122.26418285714286,0.25658950286257326,0.7361351977576416,0.7361351977576416,18.030939787699772,K32_R20_edge
ecg_degraded,58.715662927499025,74.73770505324296,True,0.1198864,14.985800000000001,122.26418285714286,0.06024629396837023,0.539792152656638,0.5397919888634386,7.808035836238774,K32_R20_edge
both_clean,63.19366702629978,63.15789473684211,True,0.1198864,14.985800000000001,122.26418285714286,0.2648946688879746,0.7444403637830429,0.7444403637830429,17.450759229363154,K32_R20_edge
both_clean,50.12763222072412,50.111358574610236,True,0.1198864,14.985800000000001,122.26418285714286,0.26580119757043236,0.7453468924655007,0.7453468924655007,17.24398043782891,K32_R20_edge
ppg_missing,106.36413796799644,103.50318471337583,False,0.1198864,14.985800000000001,122.26418285714286,-0.4795456948950683,0.7240631072979916,3.394597188600118e-32,4.927257662637214,K32_R20_edge
both_degraded,60.46176244734131,88.32332935479485,False,0.1198864,14.985800000000001,122.26418285714286,-0.479545694350378,0.3471751485244396,5.446903015650457e-10,5.798523734542224,K32_R20_edge
ppg_missing,100.02878493051648,100.00000000000003,True,0.1198864,14.985800000000001,122.26418285714286,0.07290693078989385,0.7477614527713308,0.5524526256849622,6.9249732552879655,K32_R20_edge
ppg_missing,80.69626779647201,80.7319698600646,True,0.1198864,14.985800000000001,122.26418285714286,0.2629116296523532,0.7424573245474215,0.7424573245474215,18.440058340534772,K32_R20_edge
ecg_degraded,53.42696921679044,71.4500693478159,True,0.1198864,14.985800000000001,122.26418285714286,0.05280725432814971,0.5323529492232181,0.5323529492232181,16.122440827770088,K32_R20_edge
ecg_missing,62.68552889332338,62.695924764890286,True,0.1198864,14.985800000000001,122.26418285714286,0.2700194272638184,0.7495651221588867,0.7495651221588867,18.106905010530635,K32_R20_edge
ppg_missing,65.4627224907175,65.50218340611353,True,0.1198864,14.985800000000001,122.26418285714286,0.25636494127951387,0.7359106361745822,0.7359106361745822,18.98230480158131,K32_R20_edge
ecg_missing,95.86133714479182,95.81881533101047,True,0.1198864,14.985800000000001,122.26418285714286,0.2694093612348378,0.7489550561299131,0.7489550561299061,8.420481449949527,K32_R20_edge
both_degraded,72.05883835742007,81.72527824518778,True,0.1198864,14.985800000000001,122.26418285714286,0.10269864495971293,0.5822443398547813,0.5822443398547813,19.260051622068485,K32_R20_edge
both_clean,58.51635689396754,58.49561746309712,True,0.1198864,14.985800000000001,122.26418285714286,0.26486472296893543,0.7444117077905,0.7444104178640037,7.732310461780914,K32_R20_edge
ecg_degraded,106.78063219134279,106.74102614195644,True,0.1198864,14.985800000000001,122.26418285714286,0.18680717995053076,0.6663528748455991,0.6663528748455991,16.695913774754256,K32_R20_edge
ppg_missing,80.87116284748964,80.90614886731393,True,0.1198864,14.985800000000001,122.26418285714286,0.24558215609022505,0.7251278509852934,0.7251278509852934,17.823436933898904,K32_R20_edge
both_degraded,53.995309948452956,100.69491632297496,True,0.1198864,14.985800000000001,122.26418285714286,-0.11759289819940022,0.3630191987792768,0.36195279669566816,7.337682250561765,K32_R20_edge
ppg_degraded,108.37996449641811,108.33333333333334,True,0.1198864,14.985800000000001,122.26418285714286,0.24383061083798463,0.723376305733053,0.723376305733053,19.410267737393198,K32_R20_edge
ecg_degraded,90.51968568329599,90.5598243688255,True,0.1198864,14.985800000000001,122.26418285714286,0.2386755198095587,0.7182212147046271,0.7182212147046271,19.4332605438343,K32_R20_edge
ppg_degraded,76.46253743028251,80.35229140389109,True,0.1198864,14.985800000000001,122.26418285714286,0.12385153399635507,0.6033972288914234,0.6033972288914234,17.187502654284224,K32_R20_edge
ecg_missing,58.743536818964046,58.724832214765094,True,0.1198864,14.985800000000001,122.26418285714286,0.27009737870825384,0.7496430736033222,0.7496430736033222,18.00147048461791,K32_R20_edge
both_degraded,91.60211539622134,92.38271829236844,True,0.1198864,14.985800000000001,122.26418285714286,0.0687529738220416,0.54829866871711,0.54829866871711,18.52178171343735,K32_R20_edge
ppg_degraded,55.81889801936117,75.069894931437,True,0.1198864,14.985800000000001,122.26418285714286,0.033134852858011994,0.5126805477530804,0.5126805477530804,18.563969175526967,K32_R20_edge
both_clean,106.35433672744585,106.38407317621338,True,0.1198864,14.985800000000001,122.26418285714286,0.25591186003072525,0.7354575549257936,0.7354575549257936,16.526152826275307,K32_R20_edge
ppg_missing,95.09045291527212,97.19222462203027,True,0.1198864,14.985800000000001,122.26418285714286,0.23540163424586136,0.7149473291409297,0.7149473291409297,17.0700177748072,K32_R20_edge
ecg_missing,92.78804057565435,92.78350515463919,True,0.1198864,14.985800000000001,122.26418285714286,0.2694576369813169,0.7490033318763872,0.7490033318763852,8.45810577878569,K32_R20_edge
ppg_degraded,96.21686001949308,97.09888307805538,True,0.1198864,14.985800000000001,122.26418285714286,0.20512201275179542,0.6846677076468638,0.6846677076468638,19.53795548145082,K32_R20_edge
ppg_missing,101.82698785443606,101.88087774294674,True,0.1198864,14.985800000000001,122.26418285714286,0.24168985989384006,0.7212355547889084,0.7212355547889084,18.779824621735873,K32_R20_edge
both_degraded,78.13566794204058,81.44777999431146,True,0.1198864,14.985800000000001,122.26418285714286,-0.023082475903775154,0.4564632189912932,0.4564632189912932,15.39737110509694,K32_R20_edge
ecg_degraded,98.6908077869904,98.68421052631582,True,0.1198864,14.985800000000001,122.26418285714286,0.19175299137274782,0.6712986862678162,0.6712986862678162,20.998933035488896,K32_R20_edge
ppg_missing,56.61068970015796,57.75577557755775,True,0.1198864,14.985800000000001,122.26418285714286,0.2623511115115879,0.7418968064066562,0.7418968064066562,17.705050301757716,K32_R20_edge
ppg_degraded,92.0219730923379,102.84810126582282,False,0.1198864,14.985800000000001,122.26418285714286,-0.4795456948950683,0.7011360267761685,9.009533842232937e-18,5.40677014718284,K32_R20_edge
both_degraded,95.06901548638443,94.08269678068946,True,0.1198864,14.985800000000001,122.26418285714286,-0.03015003142226302,0.44939566347280535,0.44939566347280535,19.26265537541828,K32_R20_edge
ppg_missing,62.68321948614329,63.829787234042556,True,0.1198864,14.985800000000001,122.26418285714286,0.25786323040776765,0.737408925302836,0.737408925302836,16.67394351919721,K32_R20_edge
both_degraded,56.68027925648105,113.21081295824047,True,0.1198864,14.985800000000001,122.26418285714286,-0.06503941298254456,0.4145062819125238,0.4145062819125238,17.937674546707115,K32_R20_edge
ppg_missing,105.00877960302893,104.95156081808399,True,0.1198864,14.985800000000001,122.26418285714286,0.0318922846143992,0.7194016244449993,0.5114379795094676,6.909251067880566,K32_R20_edge
ecg_missing,103.49072081824562,103.50318471337583,True,0.1198864,14.985800000000001,122.26418285714286,-0.14528435422887476,0.7488072695720613,0.3342613406661936,6.78092007344578,K32_R20_edge
both_clean,56.59535279521769,56.57327586206896,True,0.1198864,14.985800000000001,122.26418285714286,0.26589839830410583,0.7454440931991742,0.7454440931991742,19.246262327636042,K32_R20_edge
ppg_degraded,85.36087745878608,85.66928240015694,True,0.1198864,14.985800000000001,122.26418285714286,0.16740611957233809,0.6469518144674065,0.6469518144674065,19.799169096658932,K32_R20_edge
both_degraded,60.84727516482196,94.44742303606476,False,0.1198864,14.985800000000001,122.26418285714286,-0.4795456948950683,0.2938198273521581,5.47727988577785e-27,5.093333895497585,K32_R20_edge
ppg_degraded,62.282139029057646,81.80578720304892,True,0.1198864,14.985800000000001,122.26418285714286,0.01935735004313444,0.4989030449382028,0.4989030449382028,17.70608632525036,K32_R20_edge
ppg_degraded,105.75153964519723,68.67010708470652,False,0.1198864,14.985800000000001,122.26418285714286,-0.4795456948950683,0.6952638405138176,2.6008193275723925e-29,5.010905968257764,K32_R20_edge
both_degraded,89.76781412315584,90.65618346936847,True,0.1198864,14.985800000000001,122.26418285714286,0.13909793696610329,0.6186436318611717,0.6186436318611717,19.85457491185727,K32_R20_edge
both_clean,95.50779172604447,109.20316264494613,False,0.1198864,14.985800000000001,122.26418285714286,-0.38634085207474417,0.7371843157235503,0.09320484282032418,6.598436750275116,K32_R20_edge
ecg_missing,66.92805434862645,56.089743589743584,False,0.1198864,14.985800000000001,122.26418285714286,-0.4795429881669296,0.7498822573374362,2.7067281387192585e-06,6.029185747342371,K32_R20_edge
ecg_missing,96.54881783519343,95.74468085106385,False,0.1198864,14.985800000000001,122.26418285714286,-0.47887525581757273,0.748962712922225,0.0006704390774955957,6.255404085207917,K32_R20_edge
ppg_missing,90.16156769303088,103.7712022145402,False,0.1198864,14.985800000000001,122.26418285714286,-0.47885154631722443,0.7239642487531094,0.0006941485778438703,6.2588252026176505,K32_R20_edge
ppg_missing,70.7760155481285,71.8849840255591,True,0.1198864,14.985800000000001,122.26418285714286,0.266364538969673,0.7489013396618376,0.7459102338647413,7.3170672961361065,K32_R20_edge
ppg_missing,79.7741877523319,83.24084350721422,False,0.1198864,14.985800000000001,122.26418285714286,-0.4792261701484542,0.749587368728187,0.00031952474661410015,6.2197127451599625,K32_R20_edge
ecg_missing,64.94471090811346,96.15384615384617,False,0.1198864,14.985800000000001,122.26418285714286,-0.464521847419311,0.7494307455060524,0.015023847475757277,6.4385125132545715,K32_R20_edge
ecg_missing,85.6701234284537,85.66978193146419,True,0.1198864,14.985800000000001,122.26418285714286,0.26978228755719486,0.7493279824522632,0.7493279824522632,16.919197731700066,K32_R20_edge
ppg_degraded,61.216632551884786,82.48493652263954,True,0.1198864,14.985800000000001,122.26418285714286,0.023563735029355274,0.5031094299244236,0.5031094299244236,15.570663796998572,K32_R20_edge
ecg_missing,76.91994630485648,76.96693272519954,True,0.1198864,14.985800000000001,122.26418285714286,0.2699460493023475,0.7494917441974158,0.7494917441974158,18.236955413119073,K32_R20_edge
both_degraded,101.31959529314062,97.74592814946435,True,0.1198864,14.985800000000001,122.26418285714286,0.0685962579167767,0.5481419528118451,0.5481419528118451,17.137507728465856,K32_R20_edge
both_clean,89.47056993797551,91.65538444631231,True,0.1198864,14.985800000000001,122.26418285714286,0.2560444228228049,0.7355901177178732,0.7355901177178732,17.889476720419328,K32_R20_edge
both_clean,86.13443501518478,98.19828536086209,False,0.1198864,14.985800000000001,122.26418285714286,-0.4794973015033164,0.7428599089216784,4.839339175194564e-05,6.137888116222044,K32_R20_edge
both_clean,56.71509224834167,57.286113997993674,True,0.1198864,14.985800000000001,122.26418285714286,0.264052170679745,0.7435978655748133,0.7435978655748133,17.846905343694424,K32_R20_edge
ppg_missing,99.30084508406497,99.33774834437088,True,0.1198864,14.985800000000001,122.26418285714286,0.24069582205499718,0.7202415169500656,0.7202415169500656,20.285158557717786,K32_R20_edge
ppg_degraded,87.17214861835077,87.2640456132239,True,0.1198864,14.985800000000001,122.26418285714286,0.21986477821623185,0.6994104731113002,0.6994104731113002,18.403720458637565,K32_R20_edge
ppg_degraded,106.90394753264343,106.8085766422969,True,0.1198864,14.985800000000001,122.26418285714286,0.15543604594643046,0.6349817408414988,0.6349817408414988,17.36188470283948,K32_R20_edge
ecg_missing,106.02653195366332,106.09357997823723,True,0.1198864,14.985800000000001,122.26418285714286,0.26936074313969366,0.7489064380347616,0.748906438034762,8.794298347575914,K32_R20_edge
ecg_degraded,105.90793677398776,105.91536687213696,True,0.1198864,14.985800000000001,122.26418285714286,0.23902850295981137,0.7185741978548797,0.7185741978548797,19.272281613368367,K32_R20_edge
ppg_missing,82.06530547416232,85.13931888544894,True,0.1198864,14.985800000000001,122.26418285714286,0.2474113973174702,0.7269570922125386,0.7269570922125386,16.552636785727614,K32_R20_edge
both_clean,96.18170498474069,97.20199854595393,True,0.1198864,14.985800000000001,122.26418285714286,0.2655169286044688,0.7450626234995371,0.7450626234995371,17.940832376300833,K32_R20_edge
ppg_missing,56.097877095794814,56.089743589743584,True,0.1198864,14.985800000000001,122.26418285714286,0.2623226035636432,0.7418682986241952,0.7418682984587115,8.087480795506695,K32_R20_edge
ecg_degraded,52.68475896921303,69.81703978664545,True,0.1198864,14.985800000000001,122.26418285714286,0.05349389346684608,0.5330395883619145,0.5330395883619145,17.81911178150603,K32_R20_edge
ecg_degraded,97.17789296902461,97.14770935824099,True,0.1198864,14.985800000000001,122.26418285714286,0.18585483984388895,0.6654005347389573,0.6654005347389573,21.035958887819433,K32_R20_edge
ppg_missing,90.39501427123068,58.49561746309712,False,0.1198864,14.985800000000001,122.26418285714286,-0.4793975624254256,0.7468445045425118,0.00014813246964274178,6.1850557168008855,K32_R20_edge
both_clean,106.82074070486092,106.84803952358162,True,0.1198864,14.985800000000001,122.26418285714286,0.25290029159328725,0.7324459864883556,0.7324459864883556,17.16960451623836,K32_R20_edge
ecg_degraded,68.26383536407894,69.63096847323429,True,0.1198864,14.985800000000001,122.26418285714286,-0.3457712968215489,0.6669334951890445,0.13377439807351946,6.652827653720029,K32_R20_edge
ecg_degraded,79.6997698909453,81.89968930845502,True,0.1198864,14.985800000000001,122.26418285714286,0.1839715590593234,0.6635212459241844,0.6635172539543918,7.67545286386621,K32_R20_edge
ppg_degraded,97.2037225463267,97.24354589759533,True,0.1198864,14.985800000000001,122.26418285714286,0.22502725833454595,0.7046029663405925,0.7045729532296143,7.5802890387429445,K32_R20_edge
ppg_degraded,86.53874253527891,103.68663594470048,False,0.1198864,14.985800000000001,122.26418285714286,-0.4602201289555689,0.703968191767045,0.019325565939499398,6.461670328807099,K32_R20_edge
both_clean,100.910188772125,100.8627078210777,True,0.1198864,14.985800000000001,122.26418285714286,0.2561268936183962,0.7356725885134645,0.7356725885134645,18.53965014059376,K32_R20_edge
both_clean,73.68352015122149,75.08275890418709,True,0.1198864,14.985800000000001,122.26418285714286,0.25651206089009443,0.7360577557851627,0.7360577557851627,16.790851252170217,K32_R20_edge
ecg_missing,100.70974800074033,100.78387458006722,True,0.1198864,14.985800000000001,122.26418285714286,0.26920041208911744,0.7487461069841858,0.7487461069841858,17.10850629576245,K32_R20_edge
ppg_degraded,101.67783978702235,73.85549537989398,False,0.1198864,14.985800000000001,122.26418285714286,-0.4795456948950683,0.721907308869795,1.4767136127218665e-21,5.262367321713066,K32_R20_edge
both_degraded,104.17903954693095,102.51292645815928,True,0.1198864,14.985800000000001,122.26418285714286,0.0782699456870316,0.5578162872857734,0.5578156405821,7.7501510638333535,K32_R20_edge
ecg_missing,73.8767869096078,73.85120350109409,True,0.1198864,14.985800000000001,122.26418285714286,0.2697516163806373,0.7492973113189627,0.7492973112757056,8.135306686416694,K32_R20_edge
ecg_missing,104.4965563919142,109.21949601851681,False,0.1198864,14.985800000000001,122.26418285714286,-0.479543627863553,0.748772604158533,2.0670315153216844e-06,6.019923986505275,K32_R20_edge
ecg_degraded,68.5461961208554,69.1059666910092,True,0.1198864,14.985800000000001,122.26418285714286,0.14257002044597833,0.6221157153410467,0.6221157153410467,17.147839555649206,K32_R20_edge
both_clean,85.63430590584565,86.63490553124409,True,0.1198864,14.985800000000001,122.26418285714286,0.25681452884082306,0.7363602237358914,0.7363602237358914,14.881916054383103,K32_R20_edge
both_degraded,108.79582962237518,110.32895441675299,True,0.1198864,14.985800000000001,122.26418285714286,-0.05008370998846245,0.44614370833795497,0.4294619849066059,7.14416416943937,K32_R20_edge
ppg_degraded,88.66928745846398,84.35238424229335,False,0.1198864,14.985800000000001,122.26418285714286,-0.47954569369906574,0.6304445361997955,1.1960025570185431e-09,5.803470511225051,K32_R20_edge
ppg_missing,85.54500451431142,87.48674443266174,True,0.1198864,14.985800000000001,122.26418285714286,0.2504458949610608,0.7299915898561291,0.7299915898561291,19.176225566802007,K32_R20_edge
ppg_missing,71.6592472083749,72.81553398058253,True,0.1198864,14.985800000000001,122.26418285714286,0.25133018192075657,0.7308758768158249,0.7308758768158249,16.707864906267602,K32_R20_edge
both_degraded,80.81656859303166,83.47231294804597,True,0.1198864,14.985800000000001,122.26418285714286,0.11673289531553466,0.596278590210603,0.596278590210603,15.620444915575188,K32_R20_edge
ecg_missing,79.43593662524054,82.05689277899344,True,0.1198864,14.985800000000001,122.26418285714286,0.26973723417285606,0.7492829290679244,0.7492829290679244,18.482940359151723,K32_R20_edge
both_clean,90.65513070360667,91.17930761474392,True,0.1198864,14.985800000000001,122.26418285714286,0.25516803507480307,0.7347137299698714,0.7347137299698714,17.505173411284016,K32_R20_edge
ecg_degraded,82.39055214484652,85.48218417639659,True,0.1198864,14.985800000000001,122.26418285714286,-0.06487195010835123,0.6046256876177398,0.41467374478671715,6.895744511115081,K32_R20_edge
both_clean,69.10615332508132,71.35761055576506,True,0.1198864,14.985800000000001,122.26418285714286,0.26078330350643836,0.7403289984015067,0.7403289984015067,17.502790354926073,K32_R20_edge
both_degraded,61.44887913662217,119.44888415940746,True,0.1198864,14.985800000000001,122.26418285714286,-0.11263483171127653,0.36691086318379185,0.36691086318379185,17.9228145884628,K32_R20_edge
ppg_missing,109.23970598310765,109.14760914760915,True,0.1198864,14.985800000000001,122.26418285714286,0.24070544397561822,0.7202511388706866,0.7202511388706866,16.194117584144163,K32_R20_edge
ppg_missing,87.16094170080879,88.32976445396147,True,0.1198864,14.985800000000001,122.26418285714286,0.26323145712751667,0.7430025259472455,0.742777152022585,7.47564379659673,K32_R20_edge
ppg_degraded,60.388381614439794,79.04174522492697,True,0.1198864,14.985800000000001,122.26418285714286,0.025198966416269623,0.504744661311338,0.504744661311338,19.491481490373758,K32_R20_edge
ecg_degraded,70.2771877443835,70.27730399480023,True,0.1198864,14.985800000000001,122.26418285714286,0.24338305975834973,0.7229287546534178,0.7229287546534181,8.611312128754845,K32_R20_edge
ecg_degraded,89.00972383326666,89.09287257019439,True,0.1198864,14.985800000000001,122.26418285714286,0.23916823380438113,0.7187139286994495,0.7187139286994495,17.04497891458297,K32_R20_edge
ppg_missing,64.31710819147466,64.30868167202571,True,0.1198864,14.985800000000001,122.26418285714286,0.2595344762639799,0.7390801711590482,0.7390801711590482,16.603928069985606,K32_R20_edge
both_clean,103.72034574104804,103.72340425531918,True,0.1198864,14.985800000000001,122.26418285714286,0.2537332845299231,0.7332789794249914,0.7332789794249914,18.04583574177556,K32_R20_edge
both_clean,82.43140587789082,82.46186499602743,True,0.1198864,14.985800000000001,122.26418285714286,0.25366625513935565,0.733211950034424,0.733211950034424,16.379157208392648,K32_R20_edge
both_degraded,90.85160063636303,95.81881533101047,False,0.1198864,14.985800000000001,122.26418285714286,-0.4795303203291178,0.7087765691679063,1.5374565950547462e-05,6.094482679984339,K32_R20_edge
ppg_missing,89.81001949429843,89.86928104575163,True,0.1198864,14.985800000000001,122.26418285714286,0.25028998959039755,0.7298356844854659,0.7298356844854659,18.31975198185393,K32_R20_edge
both_clean,59.70464536208253,60.624604483843264,True,0.1198864,14.985800000000001,122.26418285714286,0.2622853124958148,0.7418310073908831,0.7418310073908831,18.032305239335752,K32_R20_edge
both_degraded,105.92884426361368,103.7712022145402,False,0.1198864,14.985800000000001,122.26418285714286,-0.47954569489504056,0.7052647553986289,2.777974947179776e-14,5.557602374085613,K32_R20_edge
ecg_missing,100.74696562993202,100.78387458006722,True,0.1198864,14.985800000000001,122.26418285714286,0.2694475701065732,0.7489932650016415,0.7489932650016415,17.912243671387834,K32_R20_edge
ecg_degraded,58.75921856087053,72.11128360043222,True,0.1198864,14.985800000000001,122.26418285714286,0.05174465474272583,0.5312906383292376,0.5312903496377942,7.783168810970409,K32_R20_edge
both_clean,84.17377168039101,86.43666867846655,True,0.1198864,14.985800000000001,122.26418285714286,0.2579712817679009,0.7375169766629692,0.7375169766629692,18.339345297346537,K32_R20_edge
ecg_missing,81.67596792743663,81.61044613710555,True,0.1198864,14.985800000000001,122.26418285714286,0.26980840347206964,0.7493540983676599,0.749354098367138,8.28435174890109,K32_R20_edge
ppg_missing,68.5751929693537,68.59756097560975,True,0.1198864,14.985800000000001,122.26418285714286,0.2552366149241056,0.7347823098191739,0.7347823098191739,20.86782840064447,K32_R20_edge
ppg_degraded,72.51328984029598,72.65218938768575,True,0.1198864,14.985800000000001,122.26418285714286,0.22259386035206818,0.7021395552471366,0.7021395552471366,19.666365068400086,K32_R20_edge
ppg_degraded,65.55163501605281,69.6801694363942,True,0.1198864,14.985800000000001,122.26418285714286,0.2471171332851354,0.7266628281802038,0.7266628281802038,15.286905933868052,K32_R20_edge
ppg_degraded,87.88059492300167,87.9397526796783,True,0.1198864,14.985800000000001,122.26418285714286,0.16832954702235003,0.6478752419174184,0.6478752419174184,20.26340015527709,K32_R20_edge
ecg_missing,75.7174816702497,78.20646506777894,True,0.1198864,14.985800000000001,122.26418285714286,0.2699116742582954,0.7494573691533637,0.7494573691533637,18.442378196419778,K32_R20_edge
ppg_degraded,56.025405155785826,77.26138476885275,True,0.1198864,14.985800000000001,122.26418285714286,0.05574964400274152,0.5352953388978099,0.5352953388978099,21.909179567537723,K32_R20_edge
ppg_degraded,63.630469133114225,82.38383251032654,True,0.1198864,14.985800000000001,122.26418285714286,0.03768131323455149,0.5172270081296199,0.5172270081296199,14.63872334057396,K32_R20_edge
ppg_missing,59.092794970012484,59.12162162162163,True,0.1198864,14.985800000000001,122.26418285714286,0.2594838660012126,0.7390295608962809,0.7390295608962809,15.640049754578772,K32_R20_edge
ecg_degraded,87.76992193528442,87.76595744680853,True,0.1198864,14.985800000000001,122.26418285714286,0.23950018264988648,0.7190458775449549,0.7190458775449549,19.301193470077745,K32_R20_edge
ppg_degraded,83.25203711483192,83.98866118254941,True,0.1198864,14.985800000000001,122.26418285714286,0.16736038566631295,0.6469060805613813,0.6469060805613813,20.06872832949147,K32_R20_edge
both_degraded,73.55203122707829,77.29726346715785,True,0.1198864,14.985800000000001,122.26418285714286,0.21320682042166228,0.6927525153167307,0.6927525153167307,17.471828119061097,K32_R20_edge
ppg_degraded,82.82949316736286,85.08570981995945,True,0.1198864,14.985800000000001,122.26418285714286,0.22235486348674616,0.7019005583818145,0.7019005583818145,17.901238973095992,K32_R20_edge
ecg_degraded,87.72842278209092,87.76595744680854,True,0.1198864,14.985800000000001,122.26418285714286,0.12232195155148495,0.6906845603462141,0.6018676464465533,7.01864349775765,K32_R20_edge
both_degraded,62.99006125924521,115.15328144322153,True,0.1198864,14.985800000000001,122.26418285714286,-0.1390209440356937,0.34052475085937467,0.34052475085937467,15.025628002841492,K32_R20_edge
ppg_degraded,53.337449933932376,65.97104585605406,True,0.1198864,14.985800000000001,122.26418285714286,0.14047455591893043,0.6200202508139988,0.6200202508139988,17.154832571858762,K32_R20_edge
both_clean,107.72952752252922,77.32798477577249,False,0.1198864,14.985800000000001,122.26418285714286,-0.22223597773107395,0.7320046169685367,0.2573097171639944,6.735811051362,K32_R20_edge
both_clean,61.130783199794735,62.40365663091397,True,0.1198864,14.985800000000001,122.26418285714286,0.26015813809703153,0.7397038329920999,0.7397038329920999,17.38604836827286,K32_R20_edge
both_clean,64.51612735438151,65.07604186085484,True,0.1198864,14.985800000000001,122.26418285714286,0.26176013322284203,0.7413058281179103,0.7413058281179103,17.417316330099897,K32_R20_edge
ppg_degraded,92.25203413458146,93.20873909119605,True,0.1198864,14.985800000000001,122.26418285714286,0.16533799549795225,0.6448836903930206,0.6448836903930206,19.663783211558943,K32_R20_edge
ppg_missing,109.14896662806171,109.1825307950728,True,0.1198864,14.985800000000001,122.26418285714286,0.23514209231660865,0.714687787211677,0.714687787211677,17.20920414222253,K32_R20_edge
ecg_degraded,57.41526369632257,72.3053400435579,True,0.1198864,14.985800000000001,122.26418285714286,0.05425279317164634,0.5337984880667147,0.5337984880667147,15.97264590358415,K32_R20_edge
both_degraded,74.14436336871032,88.84138044343095,True,0.1198864,14.985800000000001,122.26418285714286,-0.08401907714746193,0.39552661774760645,0.39552661774760645,17.48927402514909,K32_R20_edge
both_clean,101.34948688775194,101.35135135135138,True,0.1198864,14.985800000000001,122.26418285714286,0.27044877136117734,0.7499944662562457,0.7499944662562457,20.069319203938797,K32_R20_edge
ppg_missing,55.094954366854026,57.12731229597389,True,0.1198864,14.985800000000001,122.26418285714286,0.25762239527578096,0.7371680901708493,0.7371680901708493,17.330302919520662,K32_R20_edge
ecg_degraded,65.02018624521264,75.41630032562341,True,0.1198864,14.985800000000001,122.26418285714286,0.0755438406526322,0.5550895355477006,0.5550895355477006,19.84462081340964,K32_R20_edge
ppg_missing,86.8230668787813,88.80516684607106,True,0.1198864,14.985800000000001,122.26418285714286,0.2471258510883716,0.72667154598344,0.72667154598344,18.13630921806108,K32_R20_edge
both_degraded,99.75392333906726,97.40939229021478,True,0.1198864,14.985800000000001,122.26418285714286,-0.26229028100998036,0.5929811085160394,0.21725541388508793,6.743068029872962,K32_R20_edge
ppg_missing,56.1581815068587,56.14973262032085,True,0.1198864,14.985800000000001,122.26418285714286,0.25835282286703015,0.7378985177620985,0.7378985177620985,16.914291871604767,K32_R20_edge
ecg_missing,74.98132846447906,75.0,True,0.1198864,14.985800000000001,122.26418285714286,0.2704230156307294,0.7499687105257977,0.7499687105257977,16.2810873951128,K32_R20_edge
ecg_missing,85.52790255821434,85.51881413911062,True,0.1198864,14.985800000000001,122.26418285714286,0.2696395256119641,0.7491852205070324,0.7491852205070324,19.162473265436923,K32_R20_edge
both_clean,82.82305342865456,82.8729281767956,True,0.1198864,14.985800000000001,122.26418285714286,0.25959717212864125,0.7391428670237096,0.7391428670237096,20.154250002167217,K32_R20_edge
both_degraded,82.13248481000646,83.22656387603793,True,0.1198864,14.985800000000001,122.26418285714286,0.1779208503501004,0.6574665452451688,0.6574665452451688,18.50387290461767,K32_R20_edge
ppg_degraded,109.580995652556,55.147058823529406,False,0.1198864,14.985800000000001,122.26418285714286,-0.032127610451919246,0.7102723374059304,0.4474180844431491,6.867253062319495,K32_R20_edge
ecg_missing,109.04714894372158,109.06040268456377,True,0.1198864,14.985800000000001,122.26418285714286,0.26911250182093144,0.7486581967159998,0.7486581967159998,16.305833168296143,K32_R20_edge
ecg_degraded,62.61842833046448,86.70736346288429,True,0.1198864,14.985800000000001,122.26418285714286,0.0441535112435334,0.5236992061386018,0.5236992061386018,16.10099350118418,K32_R20_edge
ecg_missing,65.33840866269541,65.359477124183,True,0.1198864,14.985800000000001,122.26418285714286,0.27009811225823094,0.7496438071532993,0.7496438071532993,16.185196250564733,K32_R20_edge
both_degraded,74.00251858923156,80.28434865017816,True,0.1198864,14.985800000000001,122.26418285714286,-0.03015045611442479,0.4493952387806436,0.4493952387806436,18.373390123269374,K32_R20_edge
ppg_degraded,56.05810620319083,75.60085864413135,True,0.1198864,14.985800000000001,122.26418285714286,0.04127231897071094,0.5208180138982119,0.5208180138657793,8.132656840876882,K32_R20_edge
both_clean,58.78238901524965,56.089743589743584,False,0.1198864,14.985800000000001,122.26418285714286,-0.2375316271845387,0.7434608369131055,0.24201406771052966,6.72286646973769,K32_R20_edge
both_clean,83.90091408250937,83.89261744966444,True,0.1198864,14.985800000000001,122.26418285714286,0.25445212938066136,0.7381810929493482,0.7339978242757297,7.292859611702077,K32_R20_edge
ecg_degraded,109.21665208587294,109.21949601851681,True,0.1198864,14.985800000000001,122.26418285714286,0.22925244531685507,0.7088369750110461,0.7087981402119234,7.567449635897776,K32_R20_edge
ppg_degraded,67.62698097928117,67.64328265554138,True,0.1198864,14.985800000000001,122.26418285714286,0.2557565515026952,0.7353022463977635,0.7353022463977635,19.24882085183176,K32_R20_edge
ecg_missing,61.907532219371305,61.91037735849057,True,0.1198864,14.985800000000001,122.26418285714286,0.2700367081594833,0.7495824030545516,0.7495824030545516,22.144290597913162,K32_R20_edge
ppg_missing,86.99119657061547,86.93361433087462,True,0.1198864,14.985800000000001,122.26418285714286,0.24392271867410942,0.7234684135691778,0.7234684135691778,17.61423342012326,K32_R20_edge
ppg_missing,67.85032859440385,69.80351602895554,True,0.1198864,14.985800000000001,122.26418285714286,0.2531701716528237,0.732715866547892,0.732715866547892,18.656170682377397,K32_R20_edge
ppg_missing,50.8156513539975,53.790983606557376,True,0.1198864,14.985800000000001,122.26418285714286,0.2611742229694723,0.7407199178645406,0.7407199178645406,18.194284564560196,K32_R20_edge
ecg_missing,55.62224549755791,55.61440677966101,True,0.1198864,14.985800000000001,122.26418285714286,0.2701095081991069,0.7496552030941752,0.7496552030941752,21.752288602323084,K32_R20_edge
both_degraded,102.66515701490405,102.69828405865186,True,0.1198864,14.985800000000001,122.26418285714286,-0.03356225960292474,0.4459834352921436,0.4459834352921436,19.182600890994834,K32_R20_edge
ppg_degraded,56.52356108523381,75.04115580376985,True,0.1198864,14.985800000000001,122.26418285714286,0.034667183150204235,0.5142128780452726,0.5142128780452726,17.4423474623491,K32_R20_edge
ecg_degraded,88.48484794196052,88.47917434393517,True,0.1198864,14.985800000000001,122.26418285714286,-0.08963473934653143,0.66438711845715,0.38991095554853694,6.84637948341106,K32_R20_edge
ppg_missing,75.122933384136,75.08342602892102,True,0.1198864,14.985800000000001,122.26418285714286,0.2566060085306962,0.7361517034257645,0.7361517034257645,18.954234810070513,K32_R20_edge
ecg_missing,96.16904317429518,96.15384615384617,True,0.1198864,14.985800000000001,122.26418285714286,0.2704317678369474,0.7499774706697321,0.7499774627320157,7.943797127782073,K32_R20_edge
both_clean,80.54816238050618,81.07638441470077,True,0.1198864,14.985800000000001,122.26418285714286,0.2566372231891671,0.7361829180845734,0.7361829180842354,8.297925973441103,K32_R20_edge
both_degraded,63.85388241313105,110.50349534673471,True,0.1198864,14.985800000000001,122.26418285714286,-0.12487202902991601,0.35467366586515237,0.35467366586515237,18.299832749446523,K32_R20_edge
ppg_degraded,62.6701665629656,95.9488272921109,False,0.1198864,14.985800000000001,122.26418285714286,-0.4776660660473566,0.5027261945557346,0.0018796288477116883,6.331449747834968,K32_R20_edge
both_degraded,64.11446472989064,114.82658227615063,True,0.1198864,14.985800000000001,122.26418285714286,-0.1597153266807516,0.31983036821431676,0.31983036821431676,17.6676923906431,K32_R20_edge
ppg_degraded,64.02261715887522,77.82335993751454,True,0.1198864,14.985800000000001,122.26418285714286,0.0567108036191576,0.5515675147102864,0.536256498514226,7.170239034190164,K32_R20_edge
ecg_degraded,65.04921749816181,68.67010708470652,True,0.1198864,14.985800000000001,122.26418285714286,0.1509702052480455,0.6702835858936271,0.6305159001431139,7.101023128654278,K32_R20_edge
ecg_missing,67.96198286217958,67.95016987542469,True,0.1198864,14.985800000000001,122.26418285714286,0.2698786604067201,0.749424355979522,0.7494243553017884,8.03667472712988,K32_R20_edge
ecg_degraded,85.88716512391375,90.65934065934067,False,0.1198864,14.985800000000001,122.26418285714286,-0.47713048284116094,0.6241164863034916,0.0024152120539073993,6.333423314364065,K32_R20_edge
ecg_missing,81.66626374244369,81.69934640522877,True,0.1198864,14.985800000000001,122.26418285714286,0.2696448413549543,0.7491905362500226,0.7491905362500226,15.97704564011946,K32_R20_edge
ecg_missing,54.123056795048925,54.12371134020618,True,0.1198864,14.985800000000001,122.26418285714286,0.2702178703927291,0.7497635652877974,0.7497635652877974,19.799912698612935,K32_R20_edge
ecg_missing,75.2434374507339,75.25083612040133,True,0.1198864,14.985800000000001,122.26418285714286,-0.3715622795091426,0.7493083397463036,0.10798341538592568,6.612955656022878,K32_R20_edge
ppg_missing,105.79880809008571,106.9246435845214,True,0.1198864,14.985800000000001,122.26418285714286,0.22808376229290506,0.7076294571879734,0.7076294571879734,16.749518572872105,K32_R20_edge
ecg_missing,106.37575078143242,106.32497273718649,True,0.1198864,14.985800000000001,122.26418285714286,0.2695063414775339,0.7490520363726022,0.7490520363726022,21.42249993462162,K32_R20_edge
ecg_degraded,69.18033395003458,90.65934065934067,False,0.1198864,14.985800000000001,122.26418285714286,-0.4795456918853211,0.7178213258806581,3.009747238737012e-09,5.824437728974537,K32_R20_edge
both_clean,59.33241981768808,59.32203389830509,True,0.1198864,14.985800000000001,122.26418285714286,0.12482511375632044,0.7448310167182368,0.6043708086513888,6.971005369783194,K32_R20_edge
both_clean,67.56616516476983,68.54176195596582,True,0.1198864,14.985800000000001,122.26418285714286,0.2644077604604795,0.7465180183827361,0.7439534553555478,7.327249111338293,K32_R20_edge
ppg_degraded,57.96069875010039,75.95624078881032,True,0.1198864,14.985800000000001,122.26418285714286,0.030783870327121602,0.51032956522219,0.51032956522219,16.69236828053945,K32_R20_edge
ecg_missing,65.51414509058377,68.25938566552901,True,0.1198864,14.985800000000001,122.26418285714286,0.2453903006851037,0.7496542988324633,0.7249359955801721,7.1553230753264305,K32_R20_edge
both_clean,105.4877374291313,105.51948051948055,True,0.1198864,14.985800000000001,122.26418285714286,0.25571562517057095,0.7352613200656393,0.7352613200656393,14.391847016859332,K32_R20_edge
both_clean,102.62494199879484,102.62697755728438,True,0.1198864,14.985800000000001,122.26418285714286,0.2533413929759562,0.7328870878710245,0.7328870878710245,19.694726725533464,K32_R20_edge
both_clean,77.13590395026768,109.20316264494613,False,0.1198864,14.985800000000001,122.26418285714286,-0.46887337266073215,0.740618984533569,0.01067232223433617,6.4154383906712775,K32_R20_edge
ppg_degraded,82.98762189221421,82.96784734495088,True,0.1198864,14.985800000000001,122.26418285714286,0.2245917183905436,0.704137413285612,0.704137413285612,16.83149019410436,K32_R20_edge
ecg_missing,92.03697251657371,91.9732441471572,True,0.1198864,14.985800000000001,122.26418285714286,0.26973361155673287,0.7492793064518012,0.7492793064518012,18.29473645397357,K32_R20_edge
ppg_missing,92.07933620311229,94.04388714733544,True,0.1198864,14.985800000000001,122.26418285714286,0.23869400674349817,0.7225962012298662,0.7182397016385665,7.28848863801511,K32_R20_edge
ecg_degraded,91.61953559991747,94.93670886075951,False,0.1198864,14.985800000000001,122.26418285714286,-0.47954525351328864,0.6237589441918848,4.413817796685519e-07,5.9746378406544425,K32_R20_edge
ecg_missing,94.16377823092458,94.17808219178083,True,0.1198864,14.985800000000001,122.26418285714286,0.269571809604282,0.7491175044993503,0.7491175044993503,17.64936592779532,K32_R20_edge
both_degraded,85.45906982174219,85.80161139619248,True,0.1198864,14.985800000000001,122.26418285714286,0.11865454006776466,0.598200234962833,0.598200234962833,18.56673790359054,K32_R20_edge
ppg_degraded,57.97681305001931,75.39639690383245,True,0.1198864,14.985800000000001,122.26418285714286,0.0313275338333724,0.5108732287284408,0.5108732287284408,17.879162493198457,K32_R20_edge
ecg_degraded,91.21566978145903,91.17106669499705,True,0.1198864,14.985800000000001,122.26418285714286,0.1907941520542603,0.6703398469493287,0.6703398469493287,18.50842116585568,K32_R20_edge
both_clean,90.13659378884421,90.06550218340612,True,0.1198864,14.985800000000001,122.26418285714286,0.25662810842740785,0.7361738033224762,0.7361738033224762,17.241656361443297,K32_R20_edge
ecg_missing,59.74080100622184,59.726962457337876,True,0.1198864,14.985800000000001,122.26418285714286,0.27012619186663783,0.7496718867617062,0.7496718867617062,16.43608344100439,K32_R20_edge
ecg_missing,61.69764909165136,64.30868167202571,True,0.1198864,14.985800000000001,122.26418285714286,0.2700168355952716,0.7495625304903399,0.7495625304903399,20.5362821255303,K32_R20_edge
ecg_degraded,88.19449627309385,91.30743386578186,True,0.1198864,14.985800000000001,122.26418285714286,0.21516162373305825,0.6947073186281266,0.6947073186281266,18.508546078048415,K32_R20_edge
ecg_missing,73.15032001253738,73.13109425785483,True,0.1198864,14.985800000000001,122.26418285714286,0.269732442177901,0.7492781370729693,0.7492781370729693,20.028266957318632,K32_R20_edge
both_degraded,98.64958041161444,99.00936291473211,True,0.1198864,14.985800000000001,122.26418285714286,-0.02997027152499809,0.4495754233700703,0.4495754233700703,16.890630258147,K32_R20_edge
ppg_missing,66.63183551213231,69.6594427244582,True,0.1198864,14.985800000000001,122.26418285714286,0.25870480850052974,0.7382505033955981,0.7382505033955981,20.004780232136092,K32_R20_edge
both_degraded,89.97074356318211,90.67771642456367,True,0.1198864,14.985800000000001,122.26418285714286,0.14621405951432576,0.6299042974215966,0.6257597544093941,7.282271057442427,K32_R20_edge
ppg_degraded,86.89305111906444,105.43002070128168,False,0.1198864,14.985800000000001,122.26418285714286,-0.24135955303238552,0.7219501604919393,0.23818614186268286,6.7250819736599485,K32_R20_edge
ecg_missing,56.63364150647099,78.20646506777894,False,0.1198864,14.985800000000001,122.26418285714286,-0.4795438664764174,0.749649944641458,1.8284186509172376e-06,6.01568667721815,K32_R20_edge
ppg_missing,66.70605512193106,66.66666666666667,True,0.1198864,14.985800000000001,122.26418285714286,0.25434650389667185,0.7338921987917405,0.7338921987917402,8.49286094077743,K32_R20_edge
both_degraded,71.20738317540541,71.20253164556962,True,0.1198864,14.985800000000001,122.26418285714286,0.12262150399764538,0.6317767760259327,0.6021671988927138,7.123509563796349,K32_R20_edge
both_clean,68.11653169206518,68.1044267877412,True,0.1198864,14.985800000000001,122.26418285714286,0.2622874223295843,0.7418331172246526,0.7418331172246526,19.06579985678192,K32_R20_edge
ecg_missing,55.45972927792077,55.43822597676874,True,0.1198864,14.985800000000001,122.26418285714286,0.27016462655971923,0.7497103214547876,0.7497103214547876,17.70685815081702,K32_R20_edge
ppg_degraded,64.1301747838269,84.35238424229335,False,0.1198864,14.985800000000001,122.26418285714286,-0.23720553964557375,0.5626650638887163,0.24234015524949462,6.773610541338027,K32_R20_edge
both_degraded,82.23318352383586,82.19276822865801,True,0.1198864,14.985800000000001,122.26418285714286,0.1976570740904906,0.677202768985559,0.677202768985559,17.10469628491874,K32_R20_edge
both_clean,63.56469017053449,65.89948625322462,True,0.1198864,14.985800000000001,122.26418285714286,-0.006028542913748985,0.7487919940627501,0.4735171519813194,6.868464388179418,K32_R20_edge
ppg_missing,88.147432590193,88.14102564102564,True,0.1198864,14.985800000000001,122.26418285714286,0.24469451753102955,0.7242402124260979,0.7242402124260979,16.34431826767417,K32_R20_edge
ppg_missing,74.90234763740335,74.91675915649279,True,0.1198864,14.985800000000001,122.26418285714286,0.2538558524350046,0.7334015473300729,0.7334015473300729,14.953795461146015,K32_R20_edge
ecg_degraded,77.38177693876663,79.56068540222549,True,0.1198864,14.985800000000001,122.26418285714286,0.18769660817366152,0.6672423030687299,0.6672423030687299,18.767821623436557,K32_R20_edge
ppg_degraded,62.41841043032356,72.54158260976034,True,0.1198864,14.985800000000001,122.26418285714286,0.12232918170969787,0.6018748766047662,0.6018748766047662,16.60785936808498,K32_R20_edge
ecg_missing,97.19112768000575,97.19222462203027,True,0.1198864,14.985800000000001,122.26418285714286,0.26942577322028954,0.7489714681153579,0.7489714681153579,16.563672021746065,K32_R20_edge
ecg_degraded,54.64730568078369,73.59087475063474,True,0.1198864,14.985800000000001,122.26418285714286,0.05072291140495545,0.5302686063000238,0.5302686063000238,16.385532260668406,K32_R20_edge
ecg_missing,106.66420926996477,106.67396061269145,True,0.1198864,14.985800000000001,122.26418285714286,0.26926683109547583,0.7488125259905442,0.7488125259905442,17.62376055097281,K32_R20_edge
ecg_missing,85.36059044305166,85.31540847983456,True,0.1198864,14.985800000000001,122.26418285714286,0.26984278880401175,0.7493884836990801,0.7493884836990801,19.48613290024916,K32_R20_edge
ppg_missing,106.65508087196412,106.55737704918032,True,0.1198864,14.985800000000001,122.26418285714286,0.23442719208068075,0.7139728869757491,0.7139728869757491,19.626168649971632,K32_R20_edge
both_clean,82.95315776501556,82.9646017699115,True,0.1198864,14.985800000000001,122.26418285714286,0.259323904262265,0.7388695991573333,0.7388695991573333,18.0569495247488,K32_R20_edge
ppg_degraded,71.09594466844194,77.32798477577249,True,0.1198864,14.985800000000001,122.26418285714286,0.13094291538370828,0.6104959701209702,0.6104886102787767,7.642539202905081,K32_R20_edge
both_degraded,72.1913385439637,75.95496700705229,True,0.1198864,14.985800000000001,122.26418285714286,0.08969343412983821,0.5692391290249066,0.5692391290249066,16.332645114248795,K32_R20_edge
both_clean,105.75806328771887,103.09278350515467,False,0.1198864,14.985800000000001,122.26418285714286,-0.3604626049344322,0.7337080283368653,0.11908308996063607,6.626724142729396,K32_R20_edge
ppg_degraded,81.25223658163446,84.35238424229335,False,0.1198864,14.985800000000001,122.26418285714286,-0.183179558088452,0.6473806967719028,0.2963661368066164,6.786211596969614,K32_R20_edge
ecg_missing,73.66282963627826,88.37044165143787,False,0.1198864,14.985800000000001,122.26418285714286,-0.47950363914502325,0.7495329721786881,4.205575004506392e-05,6.13182243902926,K32_R20_edge
ecg_degraded,59.35907048076294,101.92525481313704,False,0.1198864,14.985800000000001,122.26418285714286,-0.36052919954400925,0.5216052002299316,0.11901649535105904,6.669874712938708,K32_R20_edge
ecg_missing,59.10441690535907,61.53846153846154,True,0.1198864,14.985800000000001,122.26418285714286,0.27024244771453193,0.7497881426096002,0.7497881426096002,17.42754663312715,K32_R20_edge
ecg_degraded,74.95918413035639,76.68818065500447,True,0.1198864,14.985800000000001,122.26418285714286,0.23683465510276747,0.7163803499978358,0.7163803499978358,15.898640414518091,K32_R20_edge
both_degraded,77.12232926077672,77.24206197127604,True,0.1198864,14.985800000000001,122.26418285714286,0.2350071945744705,0.7145528894695389,0.7145528894695389,15.099920169499308,K32_R20_edge
ppg_degraded,98.25369141320579,98.56670574036018,True,0.1198864,14.985800000000001,122.26418285714286,0.1640058192190137,0.6435515141140821,0.6435515141140821,19.521176293123304,K32_R20_edge
both_clean,57.30127372332935,57.31441048034934,True,0.1198864,14.985800000000001,122.26418285714286,0.2636092862059212,0.7431549811009895,0.7431549811009895,16.563157653899136,K32_R20_edge
ecg_degraded,77.24702927868681,77.23995880535533,True,0.1198864,14.985800000000001,122.26418285714286,0.19468976046702113,0.6742354553620895,0.6742354553620895,20.35239306383341,K32_R20_edge
both_degraded,57.98034748276305,112.18707484241529,True,0.1198864,14.985800000000001,122.26418285714286,-0.0778108159686452,0.4017348789264232,0.4017348789264232,17.621067542444358,K32_R20_edge
both_degraded,65.2373660227009,86.53433161584987,True,0.1198864,14.985800000000001,122.26418285714286,-0.2065129581547031,0.40600615172499316,0.27303273674036527,6.888760120749204,K32_R20_edge
ecg_missing,79.58769477957338,82.23684210526316,True,0.1198864,14.985800000000001,122.26418285714286,0.26986930409343207,0.7494149989885004,0.7494149989885004,21.791418507653937,K32_R20_edge
ecg_missing,102.61495294983254,77.82335993751454,False,0.1198864,14.985800000000001,122.26418285714286,-0.4795456948948134,0.748573946127839,2.5487947308213785e-13,5.602057981981229,K32_R20_edge
both_clean,57.938381357064955,57.94701986754968,True,0.1198864,14.985800000000001,122.26418285714286,0.26433422001630397,0.7438799149113723,0.7438799149113723,20.541849410952462,K32_R20_edge
both_degraded,60.45489139892229,105.63380281690144,False,0.1198864,14.985800000000001,122.26418285714286,-0.3488319680294049,0.3656782367950551,0.13071372686566338,6.7387233834013305,K32_R20_edge
ppg_missing,92.37197637700598,92.28187919463089,True,0.1198864,14.985800000000001,122.26418285714286,0.2394273993900352,0.7189730942851036,0.7189730942851036,18.651084336480395,K32_R20_edge
both_clean,81.63310754572805,77.82335993751454,False,0.1198864,14.985800000000001,122.26418285714286,-0.47954569489505733,0.7390257807487955,1.0981453105536232e-14,5.53812049532579,K32_R20_edge
ppg_degraded,55.261700027415316,71.27141776802907,True,0.1198864,14.985800000000001,122.26418285714286,0.03250137428386791,0.5467634280047577,0.5120470691789363,7.0943597957859295,K32_R20_edge
both_clean,90.86021630644362,91.80446482645262,True,0.1198864,14.985800000000001,122.26418285714286,0.2534637722855028,0.7330094671805711,0.7330094671805711,19.252433989798465,K32_R20_edge
ppg_missing,107.50094160541826,107.49724366041893,True,0.1198864,14.985800000000001,122.26418285714286,0.23354207646151226,0.7130877713565806,0.7130877713565806,15.75623709573906,K32_R20_edge
ppg_degraded,94.29529229791893,95.26220283314055,True,0.1198864,14.985800000000001,122.26418285714286,0.24327310080064213,0.7228187956957105,0.7228187956957105,16.22682639293203,K32_R20_edge
both_clean,109.78889609227161,77.32798477577249,False,0.1198864,14.985800000000001,122.26418285714286,-0.4795456948950683,0.7304048066662309,1.8695056290496354e-20,5.302337343776403,K32_R20_edge
ppg_degraded,94.56749247908097,94.6378487860698,True,0.1198864,14.985800000000001,122.26418285714286,0.2440608817278952,0.7236065766229636,0.7236065766229636,19.306678442007684,K32_R20_edge
ecg_degraded,69.7358237835648,73.00574384616424,True,0.1198864,14.985800000000001,122.26418285714286,0.22922961399602282,0.7087753088910912,0.7087753088910912,18.225994119783692,K32_R20_edge
ecg_missing,98.02075729334413,95.74468085106385,False,0.1198864,14.985800000000001,122.26418285714286,-0.479483806014796,0.7492035735969154,6.188888027229696e-05,6.147655442184563,K32_R20_edge
ecg_degraded,84.0725209099079,85.11640418694878,True,0.1198864,14.985800000000001,122.26418285714286,0.187973785675853,0.6675194805709214,0.6675194805709214,17.975630763884077,K32_R20_edge
ecg_degraded,55.480397070726085,72.58844507169985,True,0.1198864,14.985800000000001,122.26418285714286,0.049279379811031594,0.5289288558099716,0.5288250747061,7.4998286867648005,K32_R20_edge
ppg_degraded,71.74596245796613,71.81319243321957,True,0.1198864,14.985800000000001,122.26418285714286,0.2538514687329985,0.7333971636280668,0.7333971636280668,18.14667481376971,K32_R20_edge
ppg_missing,106.7765361851418,106.79079956188387,True,0.1198864,14.985800000000001,122.26418285714286,0.23822134255941296,0.7177670374544813,0.7177670374544813,9.346023206225373,K32_R20_edge
both_clean,89.29564305021466,108.52911544865701,False,0.1198864,14.985800000000001,122.26418285714286,-0.4776255525277648,0.7498536311710288,0.0019201423673035078,6.3102329954301455,K32_R20_edge
ppg_degraded,72.19498351765996,75.8674286927376,True,0.1198864,14.985800000000001,122.26418285714286,0.24530802250758266,0.7268689704774427,0.724853717402651,7.341500980857712,K32_R20_edge
both_clean,92.51026127835209,93.49642491764219,True,0.1198864,14.985800000000001,122.26418285714286,0.25150662745920654,0.7310523223542749,0.7310523223542749,17.387435190430693,K32_R20_edge
ecg_missing,90.98946921748505,77.32798477577249,False,0.1198864,14.985800000000001,122.26418285714286,-0.47637142902891233,0.7492156952146686,0.003174265866156015,6.33865480968822,K32_R20_edge
ecg_missing,59.49940602157705,78.59471345673671,False,0.1198864,14.985800000000001,122.26418285714286,-0.4764631435247209,0.7499491035823309,0.0030825513703473992,6.336899339442353,K32_R20_edge
both_degraded,77.64349738953979,79.01269846795356,True,0.1198864,14.985800000000001,122.26418285714286,0.07890715508647606,0.5584528499815444,0.5584528499815444,21.132469059516932,K32_R20_edge
ecg_degraded,98.35172718841866,99.04688998818938,True,0.1198864,14.985800000000001,122.26418285714286,0.18618034437406683,0.6657260392691352,0.6657260392691352,19.81818406722714,K32_R20_edge
both_clean,56.9810234879272,56.972106338857415,True,0.1198864,14.985800000000001,122.26418285714286,0.26435038081443846,0.7438960757095068,0.7438960757095068,18.684730755902386,K32_R20_edge
ppg_degraded,82.85830369630393,84.16743605978739,True,0.1198864,14.985800000000001,122.26418285714286,0.21950595125908734,0.6990516461541557,0.6990516461541557,8.722670532192419,K32_R20_edge
both_degraded,57.131643926101816,114.4453468004759,True,0.1198864,14.985800000000001,122.26418285714286,-0.10519419539793129,0.3743514994971371,0.3743514994971371,17.37895200444495,K32_R20_edge
ppg_degraded,66.49375404280609,73.04579594197958,True,0.1198864,14.985800000000001,122.26418285714286,0.11390706804133255,0.5934527629364009,0.5934527629364009,20.43834498705074,K32_R20_edge
ecg_degraded,95.98725200501073,96.00262474412254,True,0.1198864,14.985800000000001,122.26418285714286,0.23516221621826572,0.7147079111133341,0.7147079111133341,9.367629388864756,K32_R20_edge
ecg_degraded,71.46189190619276,73.7790699763201,True,0.1198864,14.985800000000001,122.26418285714286,0.19398146196294108,0.6735729396381318,0.6735271568580095,7.5563267573418855,K32_R20_edge
ecg_missing,99.34496138673781,81.63705278290223,False,0.1198864,14.985800000000001,122.26418285714286,-0.4789928380730899,0.749171237369946,0.0005528568219784058,6.245897499827422,K32_R20_edge
both_clean,93.56670437572902,93.5374149659864,True,0.1198864,14.985800000000001,122.26418285714286,0.2553469251487627,0.734892843954595,0.734892620043831,7.807862240539491,K32_R20_edge
ppg_missing,88.1412178879157,91.09311740890689,True,0.1198864,14.985800000000001,122.26418285714286,0.2453975542157779,0.7249432491108463,0.7249432491108463,19.309324989735273,K32_R20_edge
ppg_degraded,59.02299795926905,69.172439633578,True,0.1198864,14.985800000000001,122.26418285714286,0.12071550688580102,0.6002612017808694,0.6002612017808694,18.350088650082,K32_R20_edge
ecg_degraded,77.13174060462777,78.09961913347064,True,0.1198864,14.985800000000001,122.26418285714286,0.18722560136382826,0.6667712962588966,0.6667712962588966,16.714689951505132,K32_R20_edge
ecg_missing,102.69671854960956,102.73972602739728,True,0.1198864,14.985800000000001,122.26418285714286,0.270294888333719,0.7498405832287873,0.7498405832287873,18.541454320140186,K32_R20_edge
ecg_missing,87.96023948258471,90.65934065934067,True,0.1198864,14.985800000000001,122.26418285714286,0.2650891666232383,0.7491578606027538,0.7446348615183066,7.288388973781197,K32_R20_edge
ppg_missing,54.12131049523095,54.12371134020618,True,0.1198864,14.985800000000001,122.26418285714286,0.25982194203126613,0.7393676369263344,0.7393676369263344,15.165532342483003,K32_R20_edge
ecg_missing,80.12532220110464,80.12820512820514,True,0.1198864,14.985800000000001,122.26418285714286,0.2697048152149501,0.7492505101100184,0.7492505101100184,16.435179548475585,K32_R20_edge
ecg_degraded,78.01328128653999,78.04370447450573,True,0.1198864,14.985800000000001,122.26418285714286,0.24334060303675242,0.7228863014874554,0.7228862979318208,7.973262056009049,K32_R20_edge
both_degraded,79.23300919117708,82.60314783334583,True,0.1198864,14.985800000000001,122.26418285714286,-0.10037397630236833,0.43897719892208903,0.37917171859270005,7.011816266598946,K32_R20_edge
ecg_degraded,74.8727883747508,75.83159794476137,True,0.1198864,14.985800000000001,122.26418285714286,0.14530038679151058,0.624846081686579,0.624846081686579,18.217271587805946,K32_R20_edge
ecg_missing,98.82052502541923,100.98541280461485,False,0.1198864,14.985800000000001,122.26418285714286,-0.04501476133371018,0.7491038342886216,0.4345309335613582,6.8431396678345,K32_R20_edge
ppg_missing,81.93649869526288,81.9672131147541,True,0.1198864,14.985800000000001,122.26418285714286,0.2535347476349385,0.7330804425300068,0.7330804425300068,19.2446765897015,K32_R20_edge
ppg_degraded,101.4987936877032,102.13179252624624,True,0.1198864,14.985800000000001,122.26418285714286,0.21707750379642854,0.6966231986914969,0.6966231986914969,16.494456218766217,K32_R20_edge
ppg_degraded,107.21070950124401,107.66517167110212,True,0.1198864,14.985800000000001,122.26418285714286,0.22041095062713867,0.699956645522207,0.699956645522207,17.9985202236351,K32_R20_edge
ecg_degraded,103.7124799904354,103.37532384535537,True,0.1198864,14.985800000000001,122.26418285714286,0.1403806846706992,0.6199263795657676,0.6199263795657676,20.036734806094962,K32_R20_edge
ecg_degraded,96.18887236731103,96.15384615384619,True,0.1198864,14.985800000000001,122.26418285714286,0.14511532563653884,0.6246610205316078,0.6246610205316072,8.478781492564123,K32_R20_edge
both_clean,51.28820383281441,51.28223424277517,True,0.1198864,14.985800000000001,122.26418285714286,0.2658835243829893,0.7454292192780576,0.7454292192780576,19.605676960383942,K32_R20_edge
ecg_degraded,50.106701820648894,65.57078066549789,True,0.1198864,14.985800000000001,122.26418285714286,0.06720531735846935,0.5467510122535377,0.5467510122535377,18.947027349284745,K32_R20_edge
both_clean,60.29294202558621,61.25002148681112,True,0.1198864,14.985800000000001,122.26418285714286,0.260453760093513,0.7399994549885813,0.7399994549885813,19.183186830630788,K32_R20_edge
ppg_degraded,81.02928359571808,81.08108108108108,True,0.1198864,14.985800000000001,122.26418285714286,0.24922964063215225,0.7287753355272206,0.7287753355272206,20.439320825733944,K32_R20_edge
ppg_missing,67.9622850578545,109.21949601851681,False,0.1198864,14.985800000000001,122.26418285714286,-0.3774407372464821,0.7365186651491169,0.10210495764858625,6.608588994383263,K32_R20_edge
both_clean,57.933055752477486,75.60085864413135,False,0.1198864,14.985800000000001,122.26418285714286,-0.37230644936567764,0.7414077816242614,0.10723924552939071,6.613373756717623,K32_R20_edge
both_clean,105.60837935007956,105.57660391119158,True,0.1198864,14.985800000000001,122.26418285714286,0.2689327888938609,0.7484784837889292,0.7484784837889292,17.941260145195784,K32_R20_edge
ecg_missing,75.79077053019356,78.28810020876827,True,0.1198864,14.985800000000001,122.26418285714286,0.2703560046366294,0.7499016995316977,0.7499016995316977,15.532509593906706,K32_R20_edge
ppg_missing,61.92564523745311,61.91037735849057,True,0.1198864,14.985800000000001,122.26418285714286,0.25670973944765313,0.7362554343427214,0.7362554343427214,16.208041694341425,K32_R20_edge
both_clean,80.69340281618727,80.7319698600646,True,0.1198864,14.985800000000001,122.26418285714286,0.2552508821897039,0.7347965770847722,0.7347965770847722,17.264352942811687,K32_R20_edge
ecg_missing,108.89895026299678,108.93854748603351,True,0.1198864,14.985800000000001,122.26418285714286,0.22371813643445493,0.748577701985307,0.7032638313295233,7.099059920359957,K32_R20_edge
both_clean,93.37669007836735,93.3969841214737,True,0.1198864,14.985800000000001,122.26418285714286,0.2542322666934837,0.733777961588552,0.733777961588552,17.470845300310987,K32_R20_edge
ecg_missing,105.47704864765771,105.40540540540543,True,0.1198864,14.985800000000001,122.26418285714286,0.11105335425039753,0.7486586790672103,0.5905990491454659,6.955723216414908,K32_R20_edge
ecg_degraded,56.967363066977285,76.06748277068031,True,0.1198864,14.985800000000001,122.26418285714286,0.05728232972265624,0.5368280246177246,0.5368280246177246,16.323554891081855,K32_R20_edge
ecg_missing,94.46239909822589,76.61754016529251,False,0.1198864,14.985800000000001,122.26418285714286,-0.47954569487531334,0.7490536666146143,1.9754959727140927e-11,5.698238008419674,K32_R20_edge
both_clean,70.25346953667032,70.2576112412178,True,0.1198864,14.985800000000001,122.26418285714286,0.2631197040852801,0.7426653989803484,0.7426653989803484,16.989664454992717,K32_R20_edge
ecg_missing,71.61155983607347,71.65605095541402,True,0.1198864,14.985800000000001,122.26418285714286,0.269824496653213,0.7493701915482813,0.7493701915482813,17.88142028038383,K32_R20_edge
both_degraded,77.40680325398958,77.44022967316512,True,0.1198864,14.985800000000001,122.26418285714286,0.2295204276734607,0.7090661225685291,0.7090661225685291,18.931245982235584,K32_R20_edge
both_degraded,77.76539907024664,79.82306792063494,True,0.1198864,14.985800000000001,122.26418285714286,0.12274868065133848,0.6022943755464069,0.6022943755464069,18.751969456054294,K32_R20_edge
ecg_missing,97.45611040958083,108.359133126935,False,0.1198864,14.985800000000001,122.26418285714286,-0.4795456948910285,0.7489279816678,4.0398316214678785e-12,5.66203391239759,K32_R20_edge
both_degraded,67.74503081872072,73.81039194055268,True,0.1198864,14.985800000000001,122.26418285714286,0.05354407318891497,0.5688301072257571,0.5330897680839833,7.095396762864128,K32_R20_edge
both_degraded,77.68795319447949,81.53693907645243,True,0.1198864,14.985800000000001,122.26418285714286,-0.02098540749922911,0.45856028739583926,0.45856028739583926,17.971317459542394,K32_R20_edge
ppg_missing,75.98834154769155,76.01351351351352,True,0.1198864,14.985800000000001,122.26418285714286,0.25183681330569313,0.7313825082007614,0.7313825082007614,16.94856449484445,K32_R20_edge
ecg_degraded,87.35297880892688,87.40686217910174,True,0.1198864,14.985800000000001,122.26418285714286,0.1415192597055841,0.6210649546006525,0.6210649546006525,17.408154218542123,K32_R20_edge
ppg_degraded,83.51569411741126,89.34331134274862,False,0.1198864,14.985800000000001,122.26418285714286,-0.47953582208066897,0.7266005026348678,9.87281439933479e-06,6.076845730288244,K32_R20_edge
ppg_degraded,52.84444203252691,61.983347153366495,True,0.1198864,14.985800000000001,122.26418285714286,0.1552894518501241,0.6348351467451925,0.6348351467451925,17.04835788676117,K32_R20_edge
ecg_degraded,101.238493204059,102.15736994457522,True,0.1198864,14.985800000000001,122.26418285714286,0.1352318005161135,0.6147774954111819,0.6147774954111819,19.346933189773935,K32_R20_edge
both_clean,88.55414568079964,89.85934500389172,True,0.1198864,14.985800000000001,122.26418285714286,0.25415507723886205,0.7337007721339304,0.7337007721339304,19.578843389542424,K32_R20_edge
ppg_missing,59.12730365498835,61.03763987792472,True,0.1198864,14.985800000000001,122.26418285714286,0.25845313504998474,0.7379988299450531,0.7379988299450531,14.460784320532955,K32_R20_edge
ppg_degraded,79.74759832099888,79.96882293230605,True,0.1198864,14.985800000000001,122.26418285714286,0.18364525111311236,0.6631909460081807,0.6631909460081807,15.088742787147954,K32_R20_edge
ppg_missing,104.01733157195207,104.05549626467453,True,0.1198864,14.985800000000001,122.26418285714286,0.23958018683336624,0.7191258817284346,0.7191258817284346,18.721700024255654,K32_R20_edge
both_degraded,102.96592113270017,102.99220816912177,True,0.1198864,14.985800000000001,122.26418285714286,0.13035831988132374,0.6099040147763921,0.6099040147763921,18.031543064063303,K32_R20_edge
both_degraded,74.21924506113163,88.47917434393517,False,0.1198864,14.985800000000001,122.26418285714286,-0.4795456947897001,0.5876476810536986,1.0536819623498719e-10,5.743909169991208,K32_R20_edge
both_clean,64.29477783767172,96.87836383207753,False,0.1198864,14.985800000000001,122.26418285714286,-0.346221225140049,0.7432138353319818,0.1333244697550193,6.638792174299424,K32_R20_edge
both_degraded,107.10910488600095,107.83304957719542,True,0.1198864,14.985800000000001,122.26418285714286,0.07988983541964823,0.6197860559601799,0.5594355303147166,7.050040316019152,K32_R20_edge
ppg_degraded,94.11168303187551,96.20571863488192,True,0.1198864,14.985800000000001,122.26418285714286,0.24687500156712028,0.7264206964621885,0.7264206964621887,8.6923992961034,K32_R20_edge
ecg_missing,89.79996335748032,92.30769230769232,True,0.1198864,14.985800000000001,122.26418285714286,0.26974161168185046,0.7492873065769188,0.7492873065769188,18.09219488467237,K32_R20_edge
ppg_missing,74.5337911930125,106.79079956188387,False,0.1198864,14.985800000000001,122.26418285714286,-0.4795456948950683,0.7338329832881532,5.667736046440891e-28,5.0504754089183965,K32_R20_edge
ppg_missing,101.91282470636068,101.92525481313704,True,0.1198864,14.985800000000001,122.26418285714286,0.23703231606633712,0.7180429389557341,0.7165780109614055,7.3614425395476,K32_R20_edge
ppg_missing,61.57362724009452,97.24354589759533,False,0.1198864,14.985800000000001,122.26418285714286,-0.4795428023852372,0.735469535086074,2.892509831112419e-06,6.032174434378248,K32_R20_edge
both_clean,99.68123214953445,100.19757460382408,True,0.1198864,14.985800000000001,122.26418285714286,0.2526842325525404,0.7322299274476087,0.7322299274476087,19.2200026657105,K32_R20_edge
both_clean,98.01531520094572,97.98495906154098,True,0.1198864,14.985800000000001,122.26418285714286,0.25652322706387326,0.7360710660097888,0.7360689219589416,7.708891688783968,K32_R20_edge
ppg_missing,81.3351837288398,81.34490238611714,True,0.1198864,14.985800000000001,122.26418285714286,0.21362728320789814,0.7268186676929578,0.6931729781029665,7.124660580921431,K32_R20_edge
ecg_degraded,71.83728818154441,72.36760891881927,True,0.1198864,14.985800000000001,122.26418285714286,0.2402652385122298,0.7198109334072982,0.7198109334072982,16.335019386658573,K32_R20_edge
ecg_missing,91.17469521448282,91.16022099447515,True,0.1198864,14.985800000000001,122.26418285714286,0.26960700220335115,0.7491526970984195,0.7491526970984195,17.764974952249386,K32_R20_edge
both_clean,73.29838262315849,73.32930266533651,True,0.1198864,14.985800000000001,122.26418285714286,0.2618697963794691,0.7414154912745374,0.7414154912745374,15.834395374746006,K32_R20_edge
ecg_missing,74.81622009128216,77.23995880535531,True,0.1198864,14.985800000000001,122.26418285714286,0.2698309286773957,0.749376623572464,0.749376623572464,18.73157090605073,K32_R20_edge
ecg_degraded,66.17849302433338,91.17106669499705,False,0.1198864,14.985800000000001,122.26418285714286,-0.37016092658448796,0.5918159814106777,0.10938476831058036,6.6424854138332705,K32_R20_edge
both_clean,96.99609699970412,96.96344364568485,True,0.1198864,14.985800000000001,122.26418285714286,0.2571558298548721,0.7367015247499404,0.7367015247499404,16.5916629232667,K32_R20_edge
ppg_missing,59.22944087534046,98.19828536086209,False,0.1198864,14.985800000000001,122.26418285714286,-0.47906372195451685,0.7377263434444964,0.0004819729405514551,6.239981662176538,K32_R20_edge
ecg_degraded,79.70511790398734,86.25272780420846,True,0.1198864,14.985800000000001,122.26418285714286,0.11739903931492734,0.5969447342099957,0.5969447342099957,16.813009664776935,K32_R20_edge
ppg_missing,76.52100895296529,76.53061224489795,True,0.1198864,14.985800000000001,122.26418285714286,0.27021176960940546,0.7497574645044738,0.7497574645044738,16.527174512674737,K32_R20_edge
ppg_degraded,109.16412091221468,108.98253776546093,True,0.1198864,14.985800000000001,122.26418285714286,0.21506772873654167,0.69461342363161,0.69461342363161,18.159827685674703,K32_R20_edge
both_clean,56.61666687549174,59.02565422506184,True,0.1198864,14.985800000000001,122.26418285714286,0.2636119682348819,0.7431576631299502,0.7431576631299502,14.753310316184848,K32_R20_edge
both_clean,83.92953495950968,84.90263569002279,True,0.1198864,14.985800000000001,122.26418285714286,0.25712605321344956,0.7366717481085179,0.7366717481085179,18.67917262577045,K32_R20_edge
ppg_degraded,63.305155452997006,81.31922458530806,True,0.1198864,14.985800000000001,122.26418285714286,0.036636688857402906,0.5161823837524713,0.5161823837524713,17.4220625613695,K32_R20_edge
both_degraded,107.0254384004391,107.13196385905,True,0.1198864,14.985800000000001,122.26418285714286,0.14382100204248693,0.6233666969375553,0.6233666969375553,17.429432897259666,K32_R20_edge
ecg_degraded,57.543028440170495,76.03945257479624,True,0.1198864,14.985800000000001,122.26418285714286,0.0417823778951797,0.5213280727902481,0.5213280727902481,18.086441631550365,K32_R20_edge
both_clean,104.98382576979208,105.55108823047719,True,0.1198864,14.985800000000001,122.26418285714286,0.2509284607428878,0.7304741556379561,0.7304741556379561,16.465012776794048,K32_R20_edge
ecg_missing,88.73697255942001,86.1573020047022,False,0.1198864,14.985800000000001,122.26418285714286,-0.45995212449427303,0.7492500126276422,0.01959357040079529,6.4580102373423935,K32_R20_edge
ecg_degraded,61.446403242270414,84.01627205337351,True,0.1198864,14.985800000000001,122.26418285714286,0.056697289964814275,0.5362429848598826,0.5362429848598826,18.329870370911504,K32_R20_edge
ecg_missing,74.86792181471006,103.50318471337583,False,0.1198864,14.985800000000001,122.26418285714286,-0.479543903837876,0.7494189234485624,1.7910571923211263e-06,6.014993147959458,K32_R20_edge
ecg_missing,66.54462817070116,110.06289308176099,False,0.1198864,14.985800000000001,122.26418285714286,-0.4795456948950683,0.7493931664059189,9.801174520452614e-18,5.407080365466932,K32_R20_edge
both_clean,78.64667162671691,79.1937038987857,True,0.1198864,14.985800000000001,122.26418285714286,0.2579682244138714,0.7375139193089397,0.7375139193089397,19.030887381942108,K32_R20_edge
both_clean,99.48284411639779,99.55752212389382,True,0.1198864,14.985800000000001,122.26418285714286,0.2534688137789593,0.7330145086740276,0.7330145086740276,17.995198548177893,K32_R20_edge
ecg_degraded,78.85469963458686,85.95303135357499,True,0.1198864,14.985800000000001,122.26418285714286,0.09951400842951097,0.5790597033245793,0.5790597033245793,19.409230494533908,K32_R20_edge
both_clean,109.10819069890373,98.19828536086209,False,0.1198864,14.985800000000001,122.26418285714286,-0.4538178791208412,0.7300582203980219,0.025727815774227142,6.481011911097021,K32_R20_edge
ecg_missing,104.69645633112478,104.7261009667025,True,0.1198864,14.985800000000001,122.26418285714286,0.2608881106371796,0.7487037399257038,0.7404338055322479,7.244201662119851,K32_R20_edge
ecg_degraded,62.97613733620706,85.66163015654442,True,0.1198864,14.985800000000001,122.26418285714286,0.051394378487650834,0.5309400734725598,0.5309400733827192,8.097352314970902,K32_R20_edge
ppg_degraded,57.95945003623837,77.8597424031746,True,0.1198864,14.985800000000001,122.26418285714286,0.03496484526043476,0.5145105401555031,0.5145105401555031,16.228072457269487,K32_R20_edge
ecg_degraded,91.03685651849052,91.07418866727771,True,0.1198864,14.985800000000001,122.26418285714286,0.1947466794630428,0.6742923743581112,0.6742923743581112,20.6941173587322,K32_R20_edge
ppg_degraded,71.59422255027305,74.42861476092088,True,0.1198864,14.985800000000001,122.26418285714286,0.12301259778407081,0.6025582926791392,0.6025582926791392,17.192106504139588,K32_R20_edge
ppg_degraded,65.92429033120935,108.93854748603351,False,0.1198864,14.985800000000001,122.26418285714286,-0.476966716474575,0.6674295847703998,0.00257897842049331,6.33333769173576,K32_R20_edge
both_degraded,105.52979499433094,105.43002070128168,True,0.1198864,14.985800000000001,122.26418285714286,0.10640759677757239,0.5859532916726408,0.5859532916726408,17.17168611175396,K32_R20_edge
both_degraded,84.70468767823091,86.77340682410292,True,0.1198864,14.985800000000001,122.26418285714286,0.14570078212518678,0.6252464770202552,0.6252464770202552,20.026675542069995,K32_R20_edge
ppg_missing,66.11318655038212,66.07929515418502,True,0.1198864,14.985800000000001,122.26418285714286,0.254685027752024,0.7342307226470923,0.7342307226470923,17.048363889138702,K32_R20_edge
ecg_degraded,83.80024884411034,84.69755538075187,True,0.1198864,14.985800000000001,122.26418285714286,0.23929100769873013,0.7188367025937985,0.7188367025937985,16.658436269367595,K32_R20_edge
ecg_missing,83.02298082691385,83.05647840531562,True,0.1198864,14.985800000000001,122.26418285714286,0.26973737218627075,0.7492830670813391,0.7492830670813391,16.77423011544962,K32_R20_edge
both_degraded,97.95574739546039,76.73325063693717,False,0.1198864,14.985800000000001,122.26418285714286,-0.4724017170001323,0.5966654224275952,0.0071439778949360525,6.4029890968721475,K32_R20_edge
both_degraded,74.73613927958641,80.34674438288972,True,0.1198864,14.985800000000001,122.26418285714286,0.036762550826276115,0.5163082457213445,0.5163082457213445,16.644092464675122,K32_R20_edge
ecg_degraded,80.24986361120018,89.86928104575163,False,0.1198864,14.985800000000001,122.26418285714286,-0.47950134019872476,0.6643444249576789,4.435469634355461e-05,6.138891456042745,K32_R20_edge
ecg_degraded,59.13163099926759,74.59688302008863,True,0.1198864,14.985800000000001,122.26418285714286,0.0532628045857847,0.5328084994808531,0.5328084994808531,18.57734321126408,K32_R20_edge
ppg_degraded,100.92496393781785,101.5800778107325,True,0.1198864,14.985800000000001,122.26418285714286,0.21360742329759808,0.6931531181926665,0.6931531181926665,19.018984931974053,K32_R20_edge
both_degraded,105.15375219449047,105.11921955162664,True,0.1198864,14.985800000000001,122.26418285714286,0.2186154424648391,0.6981611373639462,0.6981611373599075,8.214212873320289,K32_R20_edge
both_clean,50.12882255730124,50.11135857461025,True,0.1198864,14.985800000000001,122.26418285714286,0.26676554189673446,0.7463112367918028,0.7463112367918028,18.536337043785355,K32_R20_edge
ecg_missing,95.32592752811195,95.33898305084747,True,0.1198864,14.985800000000001,122.26418285714286,0.26960413109780085,0.7491498259928692,0.7491498259928692,16.121699182367966,K32_R20_edge
ecg_degraded,108.39025986967,108.33333333333334,True,0.1198864,14.985800000000001,122.26418285714286,0.14095234854773342,0.6204980434428018,0.6204980434428018,16.408864643711638,K32_R20_edge
both_degraded,101.54198385608446,101.6150593237302,True,0.1198864,14.985800000000001,122.26418285714286,0.20110735914536937,0.6806530544102845,0.6806530540404377,8.055323544992595,K32_R20_edge
ppg_missing,97.96952221819583,99.89754098360659,True,0.1198864,14.985800000000001,122.26418285714286,0.23917665253711828,0.7187223474321867,0.7187223474321867,17.055262346594414,K32_R20_edge
ppg_degraded,62.91960204771125,80.36136559764829,True,0.1198864,14.985800000000001,122.26418285714286,0.032581769586223504,0.5121274644812919,0.5121274644812919,13.621121351721548,K32_R20_edge
ppg_degraded,109.44586627630147,109.90780336258322,True,0.1198864,14.985800000000001,122.26418285714286,0.21521743257288506,0.6947631274679534,0.6947631274679534,18.848189464988305,K32_R20_edge
both_clean,72.39402553087643,74.75396678640948,True,0.1198864,14.985800000000001,122.26418285714286,0.25607236530418426,0.7416759583071175,0.7356180601992526,7.266643960891776,K32_R20_edge
ecg_degraded,101.46523129572927,105.63380281690144,False,0.1198864,14.985800000000001,122.26418285714286,-0.4795294179034694,0.6224010063861866,1.6276991598887363e-05,6.10166463830071,K32_R20_edge
ppg_degraded,96.70055622631007,97.56572199147297,True,0.1198864,14.985800000000001,122.26418285714286,0.24057584142996913,0.7201228352254734,0.7201215363250375,7.7305169397227305,K32_R20_edge
both_degraded,86.40301722704392,86.38743455497385,True,0.1198864,14.985800000000001,122.26418285714286,0.20175896096795598,0.6813046558630244,0.6813046558630244,16.645547650237795,K32_R20_edge
ppg_missing,107.8990882285852,107.85398230088494,True,0.1198864,14.985800000000001,122.26418285714286,0.2249473597258389,0.7044930546209073,0.7044930546209073,18.889082457035393,K32_R20_edge
ecg_missing,107.44257393608007,107.37885462555062,True,0.1198864,14.985800000000001,122.26418285714286,0.2693042521275107,0.7488499474464141,0.748849947022579,8.05383782489486,K32_R20_edge
ecg_degraded,76.62202352718575,80.62201881206339,True,0.1198864,14.985800000000001,122.26418285714286,0.13203052507044066,0.611576219965509,0.611576219965509,15.553289772480083,K32_R20_edge
both_clean,78.34758154605007,78.35228334357372,True,0.1198864,14.985800000000001,122.26418285714286,0.2608416955985023,0.7403873904935706,0.7403873904935706,16.729861175865214,K32_R20_edge
both_clean,104.183196406781,72.97357483565668,False,0.1198864,14.985800000000001,122.26418285714286,-0.4795456948950683,0.7495950564418777,9.44257861140192e-27,5.087984999628284,K32_R20_edge
ecg_missing,77.08110481376158,79.61783439490446,True,0.1198864,14.985800000000001,122.26418285714286,0.2697425075165108,0.7492882024115791,0.7492882024115791,17.82983393625765,K32_R20_edge
ecg_missing,102.13659177361191,102.09424083769636,True,0.1198864,14.985800000000001,122.26418285714286,0.26685249553802487,0.748760995645258,0.7463981904330932,7.33292829682189,K32_R20_edge
both_degraded,63.615471344311736,98.60667433771873,True,0.1198864,14.985800000000001,122.26418285714286,-0.0980365533287188,0.3815091415663496,0.3815091415663496,18.465124422554705,K32_R20_edge
both_degraded,65.14758395593009,92.74647822405383,True,0.1198864,14.985800000000001,122.26418285714286,-0.07160138892447165,0.4079443059705967,0.4079443059705967,19.404075019764594,K32_R20_edge
ppg_missing,73.25198859091492,76.21951219512195,True,0.1198864,14.985800000000001,122.26418285714286,0.2554474501663356,0.7349931450614039,0.7349931450614039,16.406963156110223,K32_R20_edge
ppg_missing,68.53118816035645,70.53291536050156,True,0.1198864,14.985800000000001,122.26418285714286,0.25789633626743885,0.7374420311625081,0.7374420311625072,8.479133412771025,K32_R20_edge
both_clean,77.19002310448697,77.23112128146454,True,0.1198864,14.985800000000001,122.26418285714286,0.21678719553440517,0.7397311402897055,0.6963328904294735,7.10211658765918,K32_R20_edge
ecg_degraded,63.293342230011206,79.29155967707779,True,0.1198864,14.985800000000001,122.26418285714286,0.06736157005341847,0.5469072649484868,0.5469072649484868,17.41855173184456,K32_R20_edge
ecg_degraded,59.8389589625497,79.6674821474343,True,0.1198864,14.985800000000001,122.26418285714286,0.05128352037276319,0.5308292152678316,0.5308292152678316,17.002627789952196,K32_R20_edge
both_clean,72.84021407866845,72.81553398058253,True,0.1198864,14.985800000000001,122.26418285714286,0.2695508958726263,0.7490965907676946,0.7490965907676946,16.980354128730053,K32_R20_edge
both_clean,60.66328291026447,61.23867568863667,True,0.1198864,14.985800000000001,122.26418285714286,0.2624613350234018,0.74200702991847,0.7420070299184701,8.911710343369718,K32_R20_edge
ppg_degraded,70.59599603059479,70.4737387865756,True,0.1198864,14.985800000000001,122.26418285714286,0.2512940677056645,0.7308397626007328,0.7308397626007328,15.285779086655403,K32_R20_edge
both_clean,73.80373797768746,76.64643913575205,True,0.1198864,14.985800000000001,122.26418285714286,0.259069462074426,0.7386151569694943,0.7386151569694943,19.135296414235178,K32_R20_edge
both_degraded,106.52445185930387,107.01485514708986,True,0.1198864,14.985800000000001,122.26418285714286,0.2272608862953922,0.7068065811904606,0.7068065811904606,18.216616931022262,K32_R20_edge
ecg_missing,75.0174065685022,75.08342602892102,True,0.1198864,14.985800000000001,122.26418285714286,0.26939208438222334,0.7489377792772917,0.7489377792772917,18.246289320268463,K32_R20_edge
both_clean,85.45063591012145,86.44072837829953,True,0.1198864,14.985800000000001,122.26418285714286,0.2564699269269903,0.7360156218220586,0.7360156218220586,15.176014371861378,K32_R20_edge
ecg_degraded,105.44316737938567,105.7949507473683,True,0.1198864,14.985800000000001,122.26418285714286,0.1851869722103756,0.664732667105444,0.664732667105444,17.566389038848698,K32_R20_edge
ecg_missing,76.65219247361284,76.61748013620885,True,0.1198864,14.985800000000001,122.26418285714286,0.2697989519008483,0.7493446467959166,0.7493446467959166,16.687711693132886,K32_R20_edge
ppg_missing,66.53198730957905,87.76595744680854,False,0.1198864,14.985800000000001,122.26418285714286,-0.4012825350179164,0.7371769153788408,0.0782631598771519,6.579975030279104,K32_R20_edge
ppg_missing,84.03494056516575,84.09785932721714,True,0.1198864,14.985800000000001,122.26418285714286,0.25208031745942433,0.7316260123544926,0.7316260123544926,18.39924439693956,K32_R20_edge
both_clean,99.48239547011853,99.44751381215472,True,0.1198864,14.985800000000001,122.26418285714286,0.25344970718914644,0.7329954020842148,0.7329954020842148,16.34002694991336,K32_R20_edge
ecg_degraded,67.04004667005206,69.22553252911969,True,0.1198864,14.985800000000001,122.26418285714286,0.18574539310544713,0.6652910880005155,0.6652910880005155,17.093119777196115,K32_R20_edge
ecg_missing,94.23993627126335,94.17808219178083,True,0.1198864,14.985800000000001,122.26418285714286,0.26947296633539847,0.7490186612304668,0.7490186612304668,16.580985977813185,K32_R20_edge
both_degraded,78.87671037427035,78.82353396884032,True,0.1198864,14.985800000000001,122.26418285714286,0.20144447462205262,0.680990169517121,0.680990169517121,18.784045724328912,K32_R20_edge
both_degraded,81.69006349862893,84.0955116603795,True,0.1198864,14.985800000000001,122.26418285714286,0.17660548127978126,0.6561511761748496,0.6561511761748496,15.036267568272349,K32_R20_edge
ppg_missing,88.6588400834911,90.54325955734407,True,0.1198864,14.985800000000001,122.26418285714286,0.2466786553049385,0.7262243502000068,0.7262243502000069,8.649531263183874,K32_R20_edge
ecg_degraded,78.06865491039295,79.39225729580143,True,0.1198864,14.985800000000001,122.26418285714286,0.18774334081748545,0.6672890357125538,0.6672890357125538,18.268641249587354,K32_R20_edge
both_degraded,61.17352417348576,100.00000000000003,False,0.1198864,14.985800000000001,122.26418285714286,-0.47954569489440924,0.38856000478432046,6.590987157694957e-13,5.636473546713853,K32_R20_edge
ecg_degraded,63.88294463130886,79.11137382385559,True,0.1198864,14.985800000000001,122.26418285714286,0.08885007937695155,0.5683957742720199,0.5683957742720199,15.831288968927716,K32_R20_edge
ppg_missing,52.90196685755052,52.87896592244418,True,0.1198864,14.985800000000001,122.26418285714286,0.2625533309638402,0.7420990258589084,0.7420990258589085,8.774933795872437,K32_R20_edge
ppg_missing,102.90377507895468,102.84810126582282,True,0.1198864,14.985800000000001,122.26418285714286,0.2348305526962442,0.7226705962254396,0.7143762475913126,7.241295187713168,K32_R20_edge
ppg_missing,89.10650615161978,89.09287257019439,True,0.1198864,14.985800000000001,122.26418285714286,0.24374348310087124,0.7232891779959396,0.7232891779959396,20.13420935686318,K32_R20_edge
both_degraded,106.33675870851943,102.95670538542768,False,0.1198864,14.985800000000001,122.26418285714286,-0.47953519945212997,0.6220110093841703,1.0495442938349715e-05,6.084954501702593,K32_R20_edge
ecg_missing,69.05735444528555,103.50318471337583,False,0.1198864,14.985800000000001,122.26418285714286,-0.47954493154237127,0.7494365940737215,7.633526970541254e-07,5.986486174129437,K32_R20_edge
ecg_missing,83.53851142758172,83.51893095768375,True,0.1198864,14.985800000000001,122.26418285714286,0.26966763631775365,0.749213331212822,0.749213331212822,14.902117038166082,K32_R20_edge
ppg_degraded,84.22713975642512,70.53291536050156,False,0.1198864,14.985800000000001,122.26418285714286,-0.47953189342543473,0.6197719313480008,1.3801469633610235e-05,6.095486205795548,K32_R20_edge
ppg_degraded,58.37120512796237,68.03013698132055,True,0.1198864,14.985800000000001,122.26418285714286,0.14342474552054707,0.6229704404156154,0.6229704404156154,18.37486698545669,K32_R20_edge
ppg_missing,83.34174142374756,83.33333333333334,True,0.1198864,14.985800000000001,122.26418285714286,0.27025800528394234,0.7498045033935605,0.7498037001790107,7.753632554055877,K32_R20_edge
ppg_missing,86.33200732893263,86.38743455497384,True,0.1198864,14.985800000000001,122.26418285714286,0.24467994713130314,0.7242256420263715,0.7242256420263715,17.66009666524006,K32_R20_edge
ecg_degraded,75.90073418189709,80.40017124603571,True,0.1198864,14.985800000000001,122.26418285714286,0.07308045682948405,0.5980913089284565,0.5526261517245524,7.076217157664427,K32_R20_edge
both_degraded,70.95202188779407,70.94530525550067,True,0.1198864,14.985800000000001,122.26418285714286,0.14808669493963877,0.6276323898347071,0.6276323898347071,17.81790799010081,K32_R20_edge
ecg_degraded,64.17843084885885,80.04584920630175,True,0.1198864,14.985800000000001,122.26418285714286,0.05875466425142762,0.538300359146496,0.538300359146496,18.192537021705142,K32_R20_edge
both_degraded,54.61945246485253,106.67396061269145,False,0.1198864,14.985800000000001,122.26418285714286,-0.47954569489216325,0.36288342080386893,2.905038969970824e-12,5.670913118069686,K32_R20_edge
ppg_degraded,85.92310668608208,88.27401476204359,True,0.1198864,14.985800000000001,122.26418285714286,0.22300167157076467,0.7029536583014464,0.702547366465833,7.43866266171003,K32_R20_edge
ppg_missing,61.786410599206654,90.54325955734407,False,0.1198864,14.985800000000001,122.26418285714286,0.0019944908493040926,0.7357986669278777,0.48154018574437246,6.879516008247306,K32_R20_edge
ppg_missing,54.83451357134239,55.91054313099041,True,0.1198864,14.985800000000001,122.26418285714286,0.2631256759057026,0.742671370800771,0.742671370800771,19.470499134948515,K32_R20_edge
ppg_missing,109.00655297931826,108.92116182572613,True,0.1198864,14.985800000000001,122.26418285714286,0.24047203955900187,0.7200177344540702,0.7200177344540702,14.284981649270966,K32_R20_edge
ppg_missing,103.41446625800867,103.39342523860023,True,0.1198864,14.985800000000001,122.26418285714286,0.23453518140250684,0.7140808762975752,0.7140808762975752,16.73802836448039,K32_R20_edge
both_degraded,71.66821502696129,93.70257327287842,False,0.1198864,14.985800000000001,122.26418285714286,-0.4795456948950683,0.5522203849961744,3.929720847079241e-34,4.877153290303241,K32_R20_edge
both_clean,78.26074731521652,78.2613819109422,True,0.1198864,14.985800000000001,122.26418285714286,0.26162144494964806,0.7411671398447165,0.7411671398447164,8.915365578114942,K32_R20_edge
ppg_degraded,62.28192797021112,77.98518097815482,True,0.1198864,14.985800000000001,122.26418285714286,0.03729684093991537,0.5168425358349837,0.5168425358349837,19.598356302406177,K32_R20_edge
both_degraded,109.18377553578789,109.09739626063325,True,0.1198864,14.985800000000001,122.26418285714286,0.11844276936488862,0.6150824845495108,0.597988464259957,7.1701394921129555,K32_R20_edge
both_clean,68.04786348179954,69.81738499710067,True,0.1198864,14.985800000000001,122.26418285714286,0.2607755857665895,0.7403212806616578,0.7403212806616578,17.053894198619837,K32_R20_edge
both_clean,100.1343035685571,60.83429895712629,False,0.1198864,14.985800000000001,122.26418285714286,-0.47927431369713414,0.7324612639248301,0.00027138119793416473,6.213208814296201,K32_R20_edge
both_degraded,94.84644407280781,94.72692251775563,True,0.1198864,14.985800000000001,122.26418285714286,0.1636180712344536,0.6431637661295652,0.643163766129522,8.359443680644738,K32_R20_edge
both_degraded,51.00785528028636,88.15619408586129,True,0.1198864,14.985800000000001,122.26418285714286,-0.0016925538542122366,0.47785314104085613,0.47785314104085613,18.147720494114274,K32_R20_edge
ppg_missing,52.23816176077907,52.264808362369344,True,0.1198864,14.985800000000001,122.26418285714286,0.25986002045354234,0.7394057153486107,0.7394057153486107,18.39316963909578,K32_R20_edge
ecg_missing,76.4053812477836,76.35746606334841,True,0.1198864,14.985800000000001,122.26418285714286,0.2696650969854086,0.7492107918804769,0.7492107918804769,15.758171372417475,K32_R20_edge
both_clean,51.83870775425062,53.30187501883266,True,0.1198864,14.985800000000001,122.26418285714286,0.26095735764557143,0.7405030525406398,0.7405030525406398,20.920678618876043,K32_R20_edge
both_clean,105.10027729948254,76.03905574652511,False,0.1198864,14.985800000000001,122.26418285714286,-0.47954569485687315,0.733770908630602,3.81951847067657e-11,5.714182673673457,K32_R20_edge
ppg_missing,108.22112301242589,108.24742268041237,True,0.1198864,14.985800000000001,122.26418285714286,0.23472995381389372,0.7142756487089621,0.7142756487089621,19.792685234773867,K32_R20_edge
both_degraded,86.76262025556146,87.3603847361284,True,0.1198864,14.985800000000001,122.26418285714286,0.1384465543576947,0.6179922492527631,0.6179922492527631,18.66690710604221,K32_R20_edge
ecg_missing,68.35251526896086,106.44097372128775,False,0.1198864,14.985800000000001,122.26418285714286,-0.4786493990264267,0.7495462311923973,0.000896295868641576,6.269967942677099,K32_R20_edge
ppg_degraded,62.77662623990717,70.53291536050156,False,0.1198864,14.985800000000001,122.26418285714286,-0.479545694886982,0.552445245094491,8.086331649174587e-12,5.684645700580622,K32_R20_edge
ppg_degraded,58.15467267384824,76.50890720824036,True,0.1198864,14.985800000000001,122.26418285714286,0.05414654985403678,0.5336922447491051,0.5336922447491051,19.522130226639106,K32_R20_edge
both_degraded,84.01246047738067,87.5893183651756,True,0.1198864,14.985800000000001,122.26418285714286,0.08936873405698642,0.5689144289520548,0.5689144289520548,18.541837146219773,K32_R20_edge
ecg_missing,59.44004253232346,61.91950464396285,True,0.1198864,14.985800000000001,122.26418285714286,0.27008909485481064,0.749634789749879,0.749634789749879,19.073117324276335,K32_R20_edge
ppg_missing,63.17824840080663,63.15789473684211,True,0.1198864,14.985800000000001,122.26418285714286,0.2575530520256137,0.737098746920682,0.737098746920682,17.752805127043242,K32_R20_edge
ppg_degraded,93.17044014750032,93.35457741928514,True,0.1198864,14.985800000000001,122.26418285714286,0.22449176615094313,0.7040374610460115,0.7040374610460115,20.56643446219827,K32_R20_edge
ppg_degraded,102.14629586117377,102.91060335725037,True,0.1198864,14.985800000000001,122.26418285714286,0.16166743141449214,0.6412131263095605,0.6412131263095605,18.327332527679978,K32_R20_edge
ecg_degraded,87.99515851070547,89.3134047172752,True,0.1198864,14.985800000000001,122.26418285714286,0.2348175426395015,0.7143632375345699,0.7143632375345699,22.238243509729507,K32_R20_edge
ecg_degraded,107.36835051804073,90.65934065934067,False,0.1198864,14.985800000000001,122.26418285714286,-0.37362177054538165,0.666754870960503,0.10592392434968666,6.6242007754177905,K32_R20_edge
ecg_missing,99.03524362387026,99.11894273127756,True,0.1198864,14.985800000000001,122.26418285714286,0.26939778050735824,0.7489434754024266,0.7489434754024266,19.611749844824864,K32_R20_edge
ecg_degraded,75.96033875783122,77.37941065284497,True,0.1198864,14.985800000000001,122.26418285714286,0.18412725206754776,0.6636729469626161,0.6636729469626161,16.792831942163453,K32_R20_edge
both_clean,71.4670321508291,71.46646759760773,True,0.1198864,14.985800000000001,122.26418285714286,0.2680705120608203,0.7476162069756557,0.7476162069558886,8.1624261267659,K32_R20_edge
ppg_degraded,61.86260727295739,76.08322755285722,True,0.1198864,14.985800000000001,122.26418285714286,0.04323130612043958,0.522777001015508,0.522777001015508,18.965696941637315,K32_R20_edge
ecg_degraded,98.12289102437896,98.5927878271736,True,0.1198864,14.985800000000001,122.26418285714286,0.23456228549010516,0.7141079803851735,0.7141079803851735,19.501363808774645,K32_R20_edge
both_degraded,80.32803374037854,80.34409080831009,True,0.1198864,14.985800000000001,122.26418285714286,0.23641534368789252,0.7159610385829609,0.7159610385829609,17.323956657060652,K32_R20_edge
ppg_degraded,102.56769972677372,102.47147572552217,True,0.1198864,14.985800000000001,122.26418285714286,0.2143242017027288,0.6938698965977972,0.6938698965977972,18.86687266282925,K32_R20_edge
ppg_missing,79.60720759373393,81.69934640522877,True,0.1198864,14.985800000000001,122.26418285714286,0.2502071429804262,0.7297528378795832,0.7297528378754945,8.215288509388122,K32_R20_edge
ppg_degraded,102.50208909223659,102.65700624392667,True,0.1198864,14.985800000000001,122.26418285714286,0.16462125330695443,0.6441669482020228,0.6441669482020228,18.837710515166602,K32_R20_edge
ppg_degraded,93.3515100023123,93.40559273594737,True,0.1198864,14.985800000000001,122.26418285714286,0.196507339110365,0.6760530340054568,0.6760530340054334,8.379729217917856,K32_R20_edge
both_degraded,84.18174507307901,85.66061908657386,True,0.1198864,14.985800000000001,122.26418285714286,0.19257220876294034,0.6721179036580087,0.6721179036580087,16.917243540877237,K32_R20_edge
ppg_degraded,94.28031499485809,95.03111753473793,True,0.1198864,14.985800000000001,122.26418285714286,0.13841868727349105,0.6179643821685594,0.6179643821685594,19.543314675224927,K32_R20_edge
both_clean,94.10713025194306,94.10582711356551,True,0.1198864,14.985800000000001,122.26418285714286,0.2563054534216434,0.7358511483167117,0.7358511483167117,17.000648115916636,K32_R20_edge
ppg_missing,52.800143229339206,53.90143737166324,True,0.1198864,14.985800000000001,122.26418285714286,0.2697747799374029,0.7493204748324712,0.7493204748324712,16.127125744012496,K32_R20_edge
ppg_missing,98.54707686987328,106.44097372128775,False,0.1198864,14.985800000000001,122.26418285714286,-0.47954569489506754,0.7193058285699608,7.923538245171027e-16,5.4878115629171385,K32_R20_edge
ppg_missing,56.51067893892771,56.532663316582905,True,0.1198864,14.985800000000001,122.26418285714286,0.2598079247028952,0.7393536195979635,0.7393536195979635,18.920047441324662,K32_R20_edge
ecg_degraded,82.43074556748542,82.50825082508251,True,0.1198864,14.985800000000001,122.26418285714286,0.1887491999937626,0.668294894888831,0.668294894888831,18.043970862318872,K32_R20_edge
both_degraded,79.17736261884839,79.15445971753012,True,0.1198864,14.985800000000001,122.26418285714286,0.2288049584316525,0.7083506533267209,0.7083506533267209,18.54392429007782,K32_R20_edge
ecg_degraded,95.70716826925516,95.74468085106385,True,0.1198864,14.985800000000001,122.26418285714286,0.18192586881692052,0.6614715637119889,0.6614715637119889,18.200669323573816,K32_R20_edge
ppg_degraded,63.11029990262942,72.97357483565668,True,0.1198864,14.985800000000001,122.26418285714286,0.11126100149558316,0.590806696390652,0.5908066963906515,8.485175189355855,K32_R20_edge
ecg_missing,91.87590919767165,91.87082405345213,True,0.1198864,14.985800000000001,122.26418285714286,0.26961686552912495,0.7491625604241933,0.7491625604241933,17.560920524799602,K32_R20_edge
both_degraded,97.34412937206608,98.35031454093635,True,0.1198864,14.985800000000001,122.26418285714286,0.18151270897418792,0.6610584038692563,0.6610584038692563,18.06388005573774,K32_R20_edge
ppg_degraded,70.66448941457806,73.12276563297662,True,0.1198864,14.985800000000001,122.26418285714286,0.2339414833085115,0.7134871782035799,0.7134871782035799,17.776891211901876,K32_R20_edge
ppg_degraded,84.79238855589165,70.53291536050156,False,0.1198864,14.985800000000001,122.26418285714286,-0.47954569489506815,0.6970597792310931,1.601240263941211e-16,5.458591890814623,K32_R20_edge
ppg_degraded,74.81469804290151,76.49171092423683,True,0.1198864,14.985800000000001,122.26418285714286,0.22125582396047794,0.7008015188555463,0.7008015188555463,16.926032271624578,K32_R20_edge
ecg_degraded,95.32601762106216,95.36016610602292,True,0.1198864,14.985800000000001,122.26418285714286,0.18519373221584856,0.6647394271109169,0.6647394271109169,19.813475718362987,K32_R20_edge
ppg_missing,102.95268908442769,102.9567053854277,True,0.1198864,14.985800000000001,122.26418285714286,0.23682333475191364,0.716369029646982,0.716369029646982,17.91334874463994,K32_R20_edge
ecg_missing,80.55763025038456,83.24084350721422,True,0.1198864,14.985800000000001,122.26418285714286,0.2696760322594926,0.7492694515410501,0.7492217271545609,7.559690423117752,K32_R20_edge
ecg_missing,50.71586250265533,50.73280721533258,True,0.1198864,14.985800000000001,122.26418285714286,0.1853403608493207,0.7495607173592187,0.6648860557443891,7.033560354611414,K32_R20_edge
both_clean,105.22694364645218,103.68663594470048,False,0.1198864,14.985800000000001,122.26418285714286,-0.4794484259233433,0.7313799529093865,9.726897172501067e-05,6.167709331703621,K32_R20_edge
both_degraded,85.20712492758511,87.19580871309894,True,0.1198864,14.985800000000001,122.26418285714286,0.14841746323721894,0.6279631581322873,0.6279631581322873,19.023656448492375,K32_R20_edge
both_clean,60.82224137097161,60.83429895712629,True,0.1198864,14.985800000000001,122.26418285714286,0.26307745913782193,0.7426587983417092,0.7426231540328903,7.5742195431318375,K32_R20_edge
ppg_missing,93.95641464004237,95.94882729211088,True,0.1198864,14.985800000000001,122.26418285714286,0.24017053716879744,0.7197162320638658,0.7197162320638658,17.591135373885855,K32_R20_edge
ecg_degraded,77.17356714564869,79.97672196861357,True,0.1198864,14.985800000000001,122.26418285714286,0.13984015133254057,0.619385846227609,0.619385846227609,15.703581859066759,K32_R20_edge
both_clean,60.47709573070197,62.730108967838746,True,0.1198864,14.985800000000001,122.26418285714286,0.2693402464447017,0.74888594133977,0.74888594133977,17.513407285769887,K32_R20_edge
both_degraded,70.48267923301297,73.85549537989398,True,0.1198864,14.985800000000001,122.26418285714286,0.14373292509114766,0.6232786199974905,0.623278619986216,8.17548092855504,K32_R20_edge
ppg_missing,86.5517561627143,86.56873032528857,True,0.1198864,14.985800000000001,122.26418285714286,0.24722596012506226,0.7267716550201306,0.7267716550201306,18.085454433567733,K32_R20_edge
ecg_degraded,70.05723417614118,72.68246542736635,True,0.1198864,14.985800000000001,122.26418285714286,0.13210331883705195,0.6116491036934882,0.6116490137321203,7.838362811614409,K32_R20_edge
both_degraded,58.43100507539216,60.13745704467354,False,0.1198864,14.985800000000001,122.26418285714286,-0.47241049462063234,0.3542396159199297,0.007135200274435955,6.438852802676894,K32_R20_edge
both_degraded,53.35774543423835,91.5564598168871,False,0.1198864,14.985800000000001,122.26418285714286,-0.4787957431984013,0.3804181769865241,0.0007499516966670143,6.296060107063512,K32_R20_edge
both_clean,73.11746083068208,73.13109425785483,True,0.1198864,14.985800000000001,122.26418285714286,0.2612223590276534,0.7407680539227217,0.7407680539227217,18.54290084430205,K32_R20_edge
ppg_degraded,93.76927812204485,93.70191955737396,True,0.1198864,14.985800000000001,122.26418285714286,0.2589010655723328,0.7384467604674011,0.7384467604674011,18.905867175743765,K32_R20_edge
both_clean,70.70031088719273,71.99080674943731,True,0.1198864,14.985800000000001,122.26418285714286,0.1430857242446233,0.7414435198023134,0.6226314191396917,6.991983463149446,K32_R20_edge
ecg_missing,74.65309336411948,74.66814159292035,True,0.1198864,14.985800000000001,122.26418285714286,0.26992665078594075,0.7494723456810091,0.7494723456810091,19.395835481709867,K32_R20_edge
both_degraded,98.18458169582739,98.994676441572,True,0.1198864,14.985800000000001,122.26418285714286,0.2245363302095843,0.7040820251046527,0.7040820251046527,19.54282874508516,K32_R20_edge
both_clean,88.35410661843073,88.32976445396146,True,0.1198864,14.985800000000001,122.26418285714286,0.2583012410760955,0.7378469359711638,0.7378469359711638,18.55893986962155,K32_R20_edge
both_degraded,109.00363039291085,110.09281813498156,True,0.1198864,14.985800000000001,122.26418285714286,0.08393695092298237,0.5634826458180507,0.5634826458180507,16.596283654197045,K32_R20_edge
ecg_missing,100.02952436612361,100.00000000000003,True,0.1198864,14.985800000000001,122.26418285714286,0.2703759511229081,0.7499216460179764,0.7499216460179764,17.991052068803903,K32_R20_edge
ppg_missing,106.36757447068678,107.47185261003068,True,0.1198864,14.985800000000001,122.26418285714286,0.1895586870382986,0.7027410994467397,0.669104381933367,7.121540659848701,K32_R20_edge
ppg_degraded,80.546577709892,94.04388714733544,False,0.1198864,14.985800000000001,122.26418285714286,-0.37888667446801405,0.6883612103817364,0.10065902042705427,6.614615340954436,K32_R20_edge
ppg_degraded,96.40820358115931,97.44469624722296,True,0.1198864,14.985800000000001,122.26418285714286,0.15543883534322178,0.6349845302382902,0.6349845302382902,19.730784403465297,K32_R20_edge
both_degraded,109.97307804186622,105.95365428822727,True,0.1198864,14.985800000000001,122.26418285714286,0.17740580461165767,0.656951499506726,0.656951499506726,16.23481638666574,K32_R20_edge
both_clean,50.68661339474812,50.67567567567568,True,0.1198864,14.985800000000001,122.26418285714286,0.2702918552177442,0.7498375501128125,0.7498375501128125,18.2335676491089,K32_R20_edge
ecg_degraded,78.16483079338208,81.31909226408196,True,0.1198864,14.985800000000001,122.26418285714286,0.12477481825551995,0.6043205131505883,0.6043205131505883,18.677431544577598,K32_R20_edge
ppg_missing,94.62843791806506,96.6702470461869,True,0.1198864,14.985800000000001,122.26418285714286,0.24114490960412827,0.7206906044991966,0.7206906044991966,17.02793393509869,K32_R20_edge
both_clean,63.86751874132958,66.22896889844067,True,0.1198864,14.985800000000001,122.26418285714286,0.2626323722362343,0.7421780671313026,0.7421780671313026,18.50048556552107,K32_R20_edge
ppg_missing,54.23583437697601,102.84810126582282,False,0.1198864,14.985800000000001,122.26418285714286,-0.04531016106973528,0.740317048742809,0.4342355338253331,6.846226989277527,K32_R20_edge
both_degraded,80.23508864448947,80.2139037433155,True,0.1198864,14.985800000000001,122.26418285714286,0.23712052965600405,0.7166671001150029,0.7166662245510724,7.747838394754354,K32_R20_edge
ppg_degraded,53.912139666559796,73.40543180855204,True,0.1198864,14.985800000000001,122.26418285714286,0.05939495438223175,0.5389406492773001,0.5389406492773001,17.615037366193636,K32_R20_edge
ppg_degraded,59.46783507528957,69.74852553222493,True,0.1198864,14.985800000000001,122.26418285714286,-0.01593103445862992,0.5935091320269734,0.46361466043643845,6.9507132715634645,K32_R20_edge
ecg_degraded,53.01902016259627,74.63911799764438,True,0.1198864,14.985800000000001,122.26418285714286,0.05865318841946166,0.53819888331453,0.53819888331453,16.482035826735988,K32_R20_edge
ppg_degraded,93.85715672910234,93.90590621382051,True,0.1198864,14.985800000000001,122.26418285714286,0.24537521011623353,0.7249209050113019,0.7249209050113019,18.415974768225766,K32_R20_edge
ppg_missing,52.9511581442788,54.91631799163179,True,0.1198864,14.985800000000001,122.26418285714286,0.2605052731458645,0.7400509680409328,0.7400509680409328,19.467807525248496,K32_R20_edge
ecg_missing,105.18808661888443,105.29157667386612,True,0.1198864,14.985800000000001,122.26418285714286,0.2692444895315486,0.7487901844266169,0.7487901844266169,21.098769607604655,K32_R20_edge
both_clean,83.49010949465622,83.47307772418768,True,0.1198864,14.985800000000001,122.26418285714286,0.2600606200082262,0.7396063149032945,0.7396063149032945,17.64595407571283,K32_R20_edge
both_clean,74.10129462489968,74.09440175631174,True,0.1198864,14.985800000000001,122.26418285714286,0.26106992871285045,0.7406156236079188,0.7406156236079188,19.909057507042693,K32_R20_edge
ecg_missing,58.84091239092112,58.85650224215247,True,0.1198864,14.985800000000001,122.26418285714286,0.2701414608591059,0.7496871557541742,0.7496871557541742,16.030369753687573,K32_R20_edge
ppg_degraded,73.55796190767148,75.05439640748833,True,0.1198864,14.985800000000001,122.26418285714286,0.24980044096828846,0.7351791985814691,0.7293461358633568,7.268762476288754,K32_R20_edge
both_clean,65.28271899873425,66.63079708161231,True,0.1198864,14.985800000000001,122.26418285714286,0.2589183323131978,0.7384640272082661,0.7384640272082661,20.232382957572476,K32_R20_edge
ppg_missing,101.88014359799655,101.92525481313704,True,0.1198864,14.985800000000001,122.26418285714286,0.23804483318772407,0.7175905280827921,0.7175905280827924,8.651144260852966,K32_R20_edge
ecg_missing,80.57607574280672,83.24084350721422,True,0.1198864,14.985800000000001,122.26418285714286,0.2699943910108115,0.7495400859058798,0.7495400859058798,18.49196946490221,K32_R20_edge
both_degraded,51.14865090118605,98.01965926881685,True,0.1198864,14.985800000000001,122.26418285714286,-0.1015366284206824,0.378009066474386,0.378009066474386,19.830901368294676,K32_R20_edge
ppg_degraded,106.19519075944045,80.28434865017816,False,0.1198864,14.985800000000001,122.26418285714286,-0.4780969071368163,0.6271538930266327,0.0014487877582520117,6.304606719265563,K32_R20_edge
both_clean,109.22687566645061,109.20316264494613,True,0.1198864,14.985800000000001,122.26418285714286,0.25356192331019106,0.7331076182052595,0.7331076182052594,8.758588329705622,K32_R20_edge
ecg_missing,109.55290340344695,109.60334029227556,True,0.1198864,14.985800000000001,122.26418285714286,0.2691073039980744,0.7486529988931427,0.7486529988931427,17.52622645721775,K32_R20_edge
ecg_missing,66.3349500512532,66.3716814159292,True,0.1198864,14.985800000000001,122.26418285714286,0.270332287328044,0.7498779822231123,0.7498779822231123,15.80280573185658,K32_R20_edge
ppg_degraded,80.01530241901546,79.95735607675907,True,0.1198864,14.985800000000001,122.26418285714286,0.22902717325536537,0.7085728681504337,0.7085728681504337,19.598208934423727,K32_R20_edge
ecg_degraded,92.93568464149094,93.92161489484845,True,0.1198864,14.985800000000001,122.26418285714286,0.2340010938213567,0.7135467887164251,0.7135467887164251,22.36693352822629,K32_R20_edge
ecg_degraded,56.608069185601565,96.87836383207753,False,0.1198864,14.985800000000001,122.26418285714286,-0.4795456948950683,0.5317495310793345,2.702232361242327e-43,4.6470499767711875,K32_R20_edge
ecg_missing,75.709970823953,75.75757575757575,True,0.1198864,14.985800000000001,122.26418285714286,0.27025435083966326,0.7498000457347316,0.7498000457347316,19.535481576877263,K32_R20_edge
ppg_degraded,69.29720653959372,72.71443715383582,True,0.1198864,14.985800000000001,122.26418285714286,0.24351747342007202,0.7230631683151404,0.7230631683151404,17.32984968709043,K32_R20_edge
ppg_missing,101.6604192043125,101.69491525423732,True,0.1198864,14.985800000000001,122.26418285714286,0.23830448893581546,0.7178501838308838,0.7178501838308838,18.63672927037512,K32_R20_edge
ppg_missing,51.58053070826759,51.60550458715596,True,0.1198864,14.985800000000001,122.26418285714286,0.26259723282530184,0.7421429277203702,0.7421429277203702,18.751998729384034,K32_R20_edge
ppg_missing,105.50475086224994,105.51948051948055,True,0.1198864,14.985800000000001,122.26418285714286,0.17389185126416784,0.7161001404459633,0.6534375461592362,7.061523583827307,K32_R20_edge
both_degraded,51.1630298426492,89.13546543488171,True,0.1198864,14.985800000000001,122.26418285714286,0.009106235669443524,0.4886519305645119,0.4886519305645119,15.441054000352773,K32_R20_edge
ecg_degraded,105.46713711971427,105.46551314441214,True,0.1198864,14.985800000000001,122.26418285714286,0.23311869825521836,0.7126643931502867,0.7126643931502867,19.56407657369166,K32_R20_edge
ppg_missing,77.29583085395035,77.31958762886597,True,0.1198864,14.985800000000001,122.26418285714286,0.2686556494051286,0.7482013443001969,0.7482013443001969,19.438192890638998,K32_R20_edge
ppg_missing,61.11497054798571,61.11757857974389,True,0.1198864,14.985800000000001,122.26418285714286,0.2582380641566711,0.7377837590517393,0.7377837590517394,9.792835275407786,K32_R20_edge
ppg_degraded,68.79444807694644,68.80733944954127,True,0.1198864,14.985800000000001,122.26418285714286,0.26029319174276483,0.7398388866378331,0.7398388866378331,18.476061449876006,K32_R20_edge
ecg_degraded,106.31296763054554,105.81315431265818,True,0.1198864,14.985800000000001,122.26418285714286,0.14500491490130918,0.6245506097963776,0.6245506097963776,19.9082405470884,K32_R20_edge
both_clean,61.38491723079199,61.91986569934214,True,0.1198864,14.985800000000001,122.26418285714286,0.2585371030021136,0.7422632008430246,0.7380827978971819,7.293295817619858,K32_R20_edge
both_clean,98.8406073405423,98.79253567508235,True,0.1198864,14.985800000000001,122.26418285714286,0.258061019990881,0.737606714885955,0.7376067148859493,8.427254371180272,K32_R20_edge
ppg_missing,103.35288092774763,103.39342523860024,True,0.1198864,14.985800000000001,122.26418285714286,0.2391951419304369,0.7187408368255053,0.7187408368255053,14.686950040936805,K32_R20_edge
both_degraded,67.85895764808777,68.4991594405231,True,0.1198864,14.985800000000001,122.26418285714286,0.20743637840218798,0.6869820732972564,0.6869820732972564,17.58066874771172,K32_R20_edge
ecg_missing,85.00798285497991,87.57961783439492,True,0.1198864,14.985800000000001,122.26418285714286,0.26970251006743834,0.7492482049625067,0.7492482049625067,18.01023581966255,K32_R20_edge
ppg_degraded,81.22106333367293,81.27773415278548,True,0.1198864,14.985800000000001,122.26418285714286,-0.12060689738417407,0.6392892038073495,0.3589387975108943,6.834347881165563,K32_R20_edge
both_clean,106.04526212965335,106.03705803267515,True,0.1198864,14.985800000000001,122.26418285714286,-0.2803826969004504,0.7342198694833026,0.19916299799461787,6.69442433439818,K32_R20_edge
ppg_degraded,61.16252557658352,72.02869631807695,True,0.1198864,14.985800000000001,122.26418285714286,0.09731519101594488,0.5768608859110133,0.5768608859110133,18.341141181851278,K32_R20_edge
both_clean,72.51131158904568,88.47917434393517,False,0.1198864,14.985800000000001,122.26418285714286,-0.46294739339976826,0.7403109497016527,0.01659830149530009,6.446614524405071,K32_R20_edge
ecg_degraded,89.91982950348,89.86928104575163,True,0.1198864,14.985800000000001,122.26418285714286,0.14454827094428457,0.624093965839353,0.624093965839353,16.725585104863782,K32_R20_edge
ecg_degraded,58.554387668096766,76.03905574652511,True,0.1198864,14.985800000000001,122.26418285714286,0.04890876850272697,0.5284544633977953,0.5284544633977953,21.584115290269764,K32_R20_edge
both_degraded,65.62623291539866,75.82244938730537,True,0.1198864,14.985800000000001,122.26418285714286,-0.00833930620034839,0.47120638869472,0.47120638869472,18.725457858498196,K32_R20_edge
ppg_missing,96.12934520291788,96.15384615384617,True,0.1198864,14.985800000000001,122.26418285714286,0.26866880254732844,0.7482144974423968,0.7482144974423968,17.745391187076198,K32_R20_edge
ecg_degraded,88.71678358424961,91.42725213991571,True,0.1198864,14.985800000000001,122.26418285714286,0.14468274237198553,0.6242284372670539,0.6242284372670539,17.430427028015757,K32_R20_edge
ppg_degraded,83.87100202510436,86.1505698197498,True,0.1198864,14.985800000000001,122.26418285714286,0.22187053824371394,0.7014162331387823,0.7014162331387823,18.593013670494397,K32_R20_edge
both_degraded,102.10819340214226,101.99289023047638,True,0.1198864,14.985800000000001,122.26418285714286,0.12967903210695808,0.6092247270020265,0.6092247270020265,14.221599493380193,K32_R20_edge
both_clean,64.56792995364482,66.96826740529325,True,0.1198864,14.985800000000001,122.26418285714286,0.2381922721564731,0.7420202705488264,0.7177379670515415,7.155986787611247,K32_R20_edge
both_degraded,104.98562456012829,104.95220371596865,True,0.1198864,14.985800000000001,122.26418285714286,0.19211872705051325,0.6716644219455816,0.6716644219455816,17.866713854199006,K32_R20_edge
ppg_degraded,69.50394780596372,71.2927423835646,True,0.1198864,14.985800000000001,122.26418285714286,0.24715107776407097,0.7266967726591393,0.7266967726591393,15.392021380160383,K32_R20_edge
ecg_missing,105.02800795617429,104.95156081808399,True,0.1198864,14.985800000000001,122.26418285714286,0.26926810237218773,0.748813797267256,0.748813797267256,17.60303315377097,K32_R20_edge
ecg_missing,93.6397046627109,93.65244536940688,True,0.1198864,14.985800000000001,122.26418285714286,0.2694930629457481,0.7490387578408164,0.7490387578408164,19.60863237783253,K32_R20_edge
ppg_missing,93.36017562497466,94.43861490031482,True,0.1198864,14.985800000000001,122.26418285714286,0.2466381805053739,0.7261838754004423,0.7261838754004423,17.618057365280517,K32_R20_edge
both_degraded,86.56378899789672,86.4386241236139,True,0.1198864,14.985800000000001,122.26418285714286,0.14611462986856905,0.6256603247636374,0.6256603247636374,16.535818844632598,K32_R20_edge
ppg_missing,96.60016246339153,96.56652360515024,True,0.1198864,14.985800000000001,122.26418285714286,0.2427483672945645,0.7222940621896329,0.7222940621896329,16.964774093964113,K32_R20_edge
both_clean,68.72843877315438,70.98217923289799,True,0.1198864,14.985800000000001,122.26418285714286,0.26146979713334345,0.7410154920284118,0.7410154920284118,18.429784281699348,K32_R20_edge
both_clean,94.05031671214914,94.09411909030702,True,0.1198864,14.985800000000001,122.26418285714286,0.25414379917665125,0.7336894940717196,0.7336894940717196,19.81903685403248,K32_R20_edge
both_clean,57.03513418009368,57.0340702344511,True,0.1198864,14.985800000000001,122.26418285714286,0.2660704434831827,0.745616138378251,0.745616138378251,20.97572059824398,K32_R20_edge
ppg_missing,89.22535329340926,88.47917434393517,False,0.1198864,14.985800000000001,122.26418285714286,-0.47950200554107403,0.7177300132438029,4.368935399426707e-05,6.135124843054915,K32_R20_edge
ppg_degraded,108.37599401108439,108.35913312693496,True,0.1198864,14.985800000000001,122.26418285714286,0.23481518121776024,0.7143608761128286,0.7143608761128286,17.71152068803343,K32_R20_edge
ppg_degraded,107.81770250696515,108.12787256366055,True,0.1198864,14.985800000000001,122.26418285714286,0.21360808188361524,0.6931537767786836,0.6931537767786836,17.232933920405273,K32_R20_edge
ppg_degraded,64.68279281904634,73.81039194055268,False,0.1198864,14.985800000000001,122.26418285714286,-0.4795456948950683,0.5433708291886633,2.008095620574605e-33,4.8966635221109245,K32_R20_edge
ecg_missing,104.03059541649063,103.9445628997868,True,0.1198864,14.985800000000001,122.26418285714286,0.26893718657643956,0.7484828814715079,0.7484828814715079,18.089456781429963,K32_R20_edge
ppg_missing,85.78538540112241,87.76595744680853,True,0.1198864,14.985800000000001,122.26418285714286,0.20455753273156507,0.7296851957364737,0.6841032276266334,7.095968718499092,K32_R20_edge
ecg_missing,76.27269796611726,78.78151260504202,True,0.1198864,14.985800000000001,122.26418285714286,0.2698690187852342,0.7494147136803025,0.7494147136803025,17.132256230975372,K32_R20_edge
ppg_degraded,72.9523710679062,73.01106683860334,True,0.1198864,14.985800000000001,122.26418285714286,0.22611968896184054,0.7056759043820027,0.7056653838569089,7.632297375099758,K32_R20_edge
ecg_missing,77.0616492055815,77.00205338809035,True,0.1198864,14.985800000000001,122.26418285714286,0.2698875842872786,0.7494332791823469,0.7494332791823469,16.50088714815805,K32_R20_edge
both_degraded,77.16170400097398,77.11503863517001,True,0.1198864,14.985800000000001,122.26418285714286,0.0010638250747181997,0.4893880087269484,0.48060951996978657,7.206417562694991,K32_R20_edge
ecg_degraded,107.07199678833815,92.41720576572152,False,0.1198864,14.985800000000001,122.26418285714286,-0.35189226164304727,0.7225207572197018,0.12765343325202108,6.636926059885845,K32_R20_edge
ppg_missing,95.6276211240831,98.58442871587464,True,0.1198864,14.985800000000001,122.26418285714286,0.23996507158039126,0.7195107664754596,0.7195107664754596,18.665810153114855,K32_R20_edge
ecg_missing,59.65358729062902,59.65909090909091,True,0.1198864,14.985800000000001,122.26418285714286,0.27002882331898265,0.749574518214051,0.749574518214051,20.65807659757261,K32_R20_edge
ppg_degraded,96.8579650449887,97.73842344327052,True,0.1198864,14.985800000000001,122.26418285714286,0.2438992389869229,0.7234449338819913,0.7234449338819913,19.499941054435865,K32_R20_edge
ppg_missing,85.9444830957982,87.95309168443498,True,0.1198864,14.985800000000001,122.26418285714286,0.24754256302275246,0.7270882579178208,0.7270882579178208,19.135773413453673,K32_R20_edge
ecg_missing,109.50228285971468,109.55056179775279,True,0.1198864,14.985800000000001,122.26418285714286,0.26946050715805797,0.7490062020531263,0.7490062020531263,17.965253086031254,K32_R20_edge
ecg_degraded,67.18868085379468,69.0496094140087,True,0.1198864,14.985800000000001,122.26418285714286,0.23735372368751273,0.7168994185825811,0.7168994185825811,15.376929623217967,K32_R20_edge
ppg_missing,94.48685595706499,54.21686746987952,False,0.1198864,14.985800000000001,122.26418285714286,-0.4409152087768388,0.7206141337501291,0.03863048611822951,6.515713097447687,K32_R20_edge
ecg_missing,81.08855101583858,109.20316264494613,False,0.1198864,14.985800000000001,122.26418285714286,-0.4795456947709889,0.7490034611975234,1.240794106899561e-10,5.741977589443044,K32_R20_edge
both_degraded,63.466027460577976,110.7294916311283,True,0.1198864,14.985800000000001,122.26418285714286,-0.1075282601991468,0.3720174346959216,0.3720174346959216,21.550649566198565,K32_R20_edge
ppg_degraded,57.17226840148321,76.23963309482514,True,0.1198864,14.985800000000001,122.26418285714286,0.04372655256020253,0.5232722488822478,0.5232722474552709,7.995603819838289,K32_R20_edge
ecg_degraded,103.84086543435563,85.48218417639659,False,0.1198864,14.985800000000001,122.26418285714286,-0.4790095477902214,0.6608529787159042,0.0005361471048469133,6.250541667745908,K32_R20_edge
ecg_degraded,51.00647982449908,66.96909644229054,True,0.1198864,14.985800000000001,122.26418285714286,0.05143267926066087,0.5309783741557292,0.5309783741557292,18.84420451386035,K32_R20_edge
ppg_missing,65.17452347039774,65.14657980456026,True,0.1198864,14.985800000000001,122.26418285714286,0.2664906141153263,0.7460363090103946,0.7460363090103946,17.376143983984015,K32_R20_edge
both_degraded,78.38656387018654,83.40678070241086,True,0.1198864,14.985800000000001,122.26418285714286,0.146847181798321,0.6263928766933894,0.6263928766933894,18.883073680858594,K32_R20_edge
ecg_missing,67.44316993804472,90.65934065934067,False,0.1198864,14.985800000000001,122.26418285714286,-0.4795456937432158,0.7494210538086847,1.1518524874670899e-09,5.797989858874411,K32_R20_edge
both_degraded,83.20163055902724,83.06714871830935,True,0.1198864,14.985800000000001,122.26418285714286,0.13951971524209206,0.6190654101371604,0.6190654101371604,18.822151118472167,K32_R20_edge
ppg_missing,60.672416519006696,95.13742071881607,False,0.1198864,14.985800000000001,122.26418285714286,-0.21435121301554705,0.7386770698638385,0.2651944818795213,6.739484022000163,K32_R20_edge
ecg_missing,96.69128005818956,78.23645443280138,False,0.1198864,14.985800000000001,122.26418285714286,-0.17388036108738225,0.7488783754783848,0.3056653338076861,6.763035552674353,K32_R20_edge
both_clean,85.00434136492703,85.0340136054422,True,0.1198864,14.985800000000001,122.26418285714286,0.2579867589344457,0.737532453829514,0.737532453829514,18.851395427178257,K32_R20_edge
ecg_degraded,88.73460014003908,89.34331134274862,True,0.1198864,14.985800000000001,122.26418285714286,0.1385869872416946,0.6181327100104228,0.618132682136763,7.886597552644874,K32_R20_edge
both_degraded,108.50984846533021,109.05641729838608,True,0.1198864,14.985800000000001,122.26418285714286,0.12263087812374518,0.6021765730188136,0.6021765730188136,16.82773942070886,K32_R20_edge
ppg_missing,60.13595580502556,60.13745704467354,True,0.1198864,14.985800000000001,122.26418285714286,0.25884845580371635,0.7383941506987847,0.7383941506987847,9.204455690991097,K32_R20_edge
ecg_missing,78.01150525414255,77.96257796257797,True,0.1198864,14.985800000000001,122.26418285714286,0.26975184207087893,0.7492975369659473,0.7492975369659473,19.72075802034216,K32_R20_edge
ecg_degraded,59.4203344177703,75.27041953768176,True,0.1198864,14.985800000000001,122.26418285714286,0.049067755667433495,0.5286136840922301,0.5286134505625019,7.792053377615826,K32_R20_edge
ppg_missing,67.96167886655407,69.94818652849742,True,0.1198864,14.985800000000001,122.26418285714286,-0.013929091749683037,0.7335826947822599,0.46561660314538533,6.869624595700663,K32_R20_edge
both_degraded,80.15647179273994,81.5310611409451,True,0.1198864,14.985800000000001,122.26418285714286,0.22591222307191539,0.7054579179675313,0.7054579179669838,8.280800458497977,K32_R20_edge
ecg_missing,95.55443816952214,95.59675550405564,True,0.1198864,14.985800000000001,122.26418285714286,0.26969934470499185,0.7492450396000602,0.7492450396000602,17.86912841023103,K32_R20_edge
ppg_degraded,60.99334632302077,78.23645443280138,True,0.1198864,14.985800000000001,122.26418285714286,0.039382052586628864,0.5192018108338394,0.5189277474816972,7.443957784341503,K32_R20_edge
both_degraded,98.69607485610025,97.42446489651118,True,0.1198864,14.985800000000001,122.26418285714286,0.11789580714121328,0.5974415020362817,0.5974415020362817,17.944877388302885,K32_R20_edge
both_clean,93.68169614829975,93.70257327287842,True,0.1198864,14.985800000000001,122.26418285714286,0.05330063400319574,0.7297870075486135,0.5328463288982641,6.919995786311,K32_R20_edge
ppg_missing,78.52881324124853,78.57974388824215,True,0.1198864,14.985800000000001,122.26418285714286,0.2546202189809689,0.7341659138760372,0.7341659138760372,17.2581988663408,K32_R20_edge
ppg_degraded,102.42431319708979,103.22801249828024,True,0.1198864,14.985800000000001,122.26418285714286,0.23920880562126945,0.7187545005163378,0.7187545005163378,17.620556438398275,K32_R20_edge
both_degraded,75.5100305364573,76.10689123580963,True,0.1198864,14.985800000000001,122.26418285714286,0.17691512096747786,0.6861560651344921,0.6564608158625462,7.130888705446709,K32_R20_edge
ecg_missing,108.94203962703467,109.0342679127726,True,0.1198864,14.985800000000001,122.26418285714286,0.26912240056172226,0.7486680954567906,0.7486680954567906,18.19712664070058,K32_R20_edge
ppg_missing,107.89436099482538,107.91366906474819,True,0.1198864,14.985800000000001,122.26418285714286,0.24252832350263986,0.7220740183977082,0.7220740183977082,19.560923634878716,K32_R20_edge
ppg_degraded,75.06964422077341,75.0801814465112,True,0.1198864,14.985800000000001,122.26418285714286,0.23005198137256389,0.7095976762676323,0.7095976762676323,18.793264453452114,K32_R20_edge
both_degraded,107.3690192804074,107.81323389074099,True,0.1198864,14.985800000000001,122.26418285714286,0.07015401970307023,0.5496997145981386,0.5496997145981386,17.328059820077698,K32_R20_edge
both_degraded,96.24349463946263,96.30634313897669,True,0.1198864,14.985800000000001,122.26418285714286,0.11244326868631438,0.5919889635813828,0.5919889635813828,19.416972053712556,K32_R20_edge
ecg_missing,81.74224267369829,81.78844056706653,True,0.1198864,14.985800000000001,122.26418285714286,0.2697771473187977,0.749322842213866,0.749322842213866,17.7308300468736,K32_R20_edge
both_degraded,86.84695559694684,86.62002867707483,True,0.1198864,14.985800000000001,122.26418285714286,0.06670392554117244,0.5462496204362408,0.5462496204362408,18.042195498112843,K32_R20_edge
both_clean,98.06186429352263,98.60390498658263,True,0.1198864,14.985800000000001,122.26418285714286,0.25647309668914936,0.7360187915842177,0.7360187915842177,21.01437954796336,K32_R20_edge
ecg_degraded,107.58056659377277,108.93854748603351,False,0.1198864,14.985800000000001,122.26418285714286,-0.4790395595341587,0.6669696338599956,0.0005061353609095805,6.247262505103619,K32_R20_edge
ppg_degraded,104.33188305196944,104.27807486631019,True,0.1198864,14.985800000000001,122.26418285714286,0.1649137186470514,0.6444594135421222,0.6444594135421198,8.448233893832736,K32_R20_edge
ppg_degraded,107.39298683243365,107.88377765845426,True,0.1198864,14.985800000000001,122.26418285714286,0.1578666751941582,0.6374123700892266,0.6374123700892266,20.50880422113272,K32_R20_edge
ppg_degraded,74.14893533496321,76.96310914878019,True,0.1198864,14.985800000000001,122.26418285714286,0.25377183487604765,0.733317529771116,0.733317529771116,19.447458594986685,K32_R20_edge
both_clean,50.47423607734172,50.476572015351934,True,0.1198864,14.985800000000001,122.26418285714286,0.26563709717508793,0.7451830891343687,0.7451827920701563,7.796442232915314,K32_R20_edge
ppg_degraded,58.22779178398589,78.13093871402921,True,0.1198864,14.985800000000001,122.26418285714286,0.03467552722713852,0.5142212221222069,0.5142212221222069,16.744226817343733,K32_R20_edge
ppg_missing,72.86869961250142,74.91675915649279,True,0.1198864,14.985800000000001,122.26418285714286,0.26239405779275254,0.7419397526878209,0.7419397526878209,17.391298482087926,K32_R20_edge
ecg_missing,55.79205458498481,55.791710945802336,True,0.1198864,14.985800000000001,122.26418285714286,0.270202930693144,0.7497486255882123,0.7497486255882123,16.841178099207156,K32_R20_edge
both_clean,82.65718398047713,82.64518219242362,True,0.1198864,14.985800000000001,122.26418285714286,0.2611779167093912,0.7407236116044595,0.7407236116044595,17.75983419587726,K32_R20_edge
ecg_degraded,57.16337465901435,74.8100145911271,True,0.1198864,14.985800000000001,122.26418285714286,0.055106362305330954,0.5346520572003993,0.5346520572003993,15.566963053096158,K32_R20_edge
ppg_degraded,68.26365779454412,70.41379030506293,True,0.1198864,14.985800000000001,122.26418285714286,0.22885032035948571,0.7083960152545541,0.7083960152545541,19.207644061780268,K32_R20_edge
ecg_degraded,68.29857556659238,69.20776330331937,True,0.1198864,14.985800000000001,122.26418285714286,0.18787351259874496,0.6674192074938133,0.6674192074938133,16.49319014219467,K32_R20_edge
ppg_missing,104.6376356785191,104.61373390557944,True,0.1198864,14.985800000000001,122.26418285714286,0.23326643183917872,0.7128121267342471,0.7128121267342471,18.68839691251961,K32_R20_edge
ecg_missing,78.05330850321491,78.125,True,0.1198864,14.985800000000001,122.26418285714286,0.2700285384801366,0.7495742333752049,0.7495742333752049,20.74309552418662,K32_R20_edge
ecg_degraded,56.82689101758792,75.11558244117144,True,0.1198864,14.985800000000001,122.26418285714286,0.04187775388345572,0.5214234487785241,0.5214234487785241,19.07139180264654,K32_R20_edge
both_clean,95.36778114582417,95.39053629513334,True,0.1198864,14.985800000000001,122.26418285714286,0.25504266126874736,0.7345883561638157,0.7345883561638157,17.740170433057173,K32_R20_edge
ppg_degraded,106.22996800242211,106.24186535689775,True,0.1198864,14.985800000000001,122.26418285714286,0.24558707473059316,0.7251327696256615,0.7251327696256615,16.665832165338635,K32_R20_edge
both_clean,92.78649120531638,93.75115040059302,True,0.1198864,14.985800000000001,122.26418285714286,0.25284742850672964,0.732393123401798,0.732393123401798,18.457995402246166,K32_R20_edge
ecg_degraded,50.28622835202364,66.84843987634724,True,0.1198864,14.985800000000001,122.26418285714286,0.06287380296272527,0.5424194978577936,0.5424194978577936,17.96148662577148,K32_R20_edge
both_degraded,100.67658301725265,99.52395305790473,True,0.1198864,14.985800000000001,122.26418285714286,-0.09737921527417287,0.3834531307331788,0.3821664796208955,7.328827562045642,K32_R20_edge
ppg_missing,62.79376135653599,64.79481641468684,True,0.1198864,14.985800000000001,122.26418285714286,0.2566485699216307,0.736194264816699,0.736194264816699,17.619577058075485,K32_R20_edge
ppg_missing,99.22205241165271,99.22822491730983,True,0.1198864,14.985800000000001,122.26418285714286,0.2400475716288003,0.7195932665238687,0.7195932665238687,17.59662862467213,K32_R20_edge
ecg_degraded,99.34520865510106,99.3285513411052,True,0.1198864,14.985800000000001,122.26418285714286,0.1407265653021842,0.6202722601972526,0.6202722601972526,18.66917740306968,K32_R20_edge
both_degraded,91.03674785285278,90.97223144483095,True,0.1198864,14.985800000000001,122.26418285714286,0.1357408681162774,0.6152865630113458,0.6152865630113458,20.962228640532445,K32_R20_edge
both_degraded,54.61278735603356,109.57123938166454,True,0.1198864,14.985800000000001,122.26418285714286,-0.05542716387352186,0.4241185310215465,0.4241185310215465,15.938403391702842,K32_R20_edge
ppg_degraded,72.13107302368672,72.12895277902977,True,0.1198864,14.985800000000001,122.26418285714286,0.17738837184516576,0.6570534898182588,0.6569340667402341,7.50401515369183,K32_R20_edge
ppg_missing,57.60184962618912,58.79059350503919,True,0.1198864,14.985800000000001,122.26418285714286,0.2599006768642302,0.7394463717592985,0.7394463717592985,17.649175312640708,K32_R20_edge
ecg_degraded,96.7862143981649,77.32798477577249,False,0.1198864,14.985800000000001,122.26418285714286,-0.42417515698659153,0.7180755673775117,0.05537053790847681,6.5485054295657905,K32_R20_edge
ppg_degraded,54.095111197520986,71.04044263889803,True,0.1198864,14.985800000000001,122.26418285714286,0.03784560346855171,0.517537830470802,0.5173912983636201,7.479509922630944,K32_R20_edge
both_clean,76.62377268570575,78.91032867718431,True,0.1198864,14.985800000000001,122.26418285714286,0.26005528271372474,0.7396009776087931,0.7396009776087931,15.772825592156913,K32_R20_edge
ppg_degraded,94.66023124757412,94.89876696323111,True,0.1198864,14.985800000000001,122.26418285714286,0.16753451532865726,0.6470802102237256,0.6470802102237256,18.869105868964642,K32_R20_edge
