regime,hr_true,hr_delivered,decode_success,energy_j,power_mw,latency_ms,reward,piv,u_pir,snr_db,arm
ppg_missing,106.58336633434206,106.67396061269145,True,0.1198864,14.985800000000001,122.26418285714286,0.2383119941199412,0.7178576890150096,0.7178576890150096,17.567576474833313,K32_R20_edge
ecg_degraded,80.67965316886169,103.52142128975042,False,0.1198864,14.985800000000001,122.26418285714286,-0.47845117570723117,0.7224244123281938,0.0010945191878371353,6.282163060960552,K32_R20_edge
both_degraded,108.57462234246225,108.57461024498889,True,0.1198864,14.985800000000001,122.26418285714286,0.1986994148723119,0.6782451097673803,0.6782451097673803,18.503183659954423,K32_R20_edge
ecg_degraded,54.85016143373613,73.98012939637835,True,0.1198864,14.985800000000001,122.26418285714286,0.04473541964249884,0.5242827866508625,0.5242811145375672,7.704758943264951,K32_R20_edge
both_clean,86.44134991970178,86.43329307004574,True,0.1198864,14.985800000000001,122.26418285714286,0.2599350736852694,0.7394807685803377,0.7394807685803377,17.0232435676072,K32_R20_edge
ppg_missing,72.58919506263635,72.58064516129032,True,0.1198864,14.985800000000001,122.26418285714286,0.25640330543219964,0.735949000327268,0.735949000327268,19.072832205048464,K32_R20_edge
both_degraded,98.11407241914844,99.38583582553623,True,0.1198864,14.985800000000001,122.26418285714286,-0.04335720205829718,0.4361884928367712,0.4361884928367712,17.268098783336907,K32_R20_edge
both_degraded,60.47166896864171,110.24896562054411,True,0.1198864,14.985800000000001,122.26418285714286,-0.10488207106046754,0.37466362383460083,0.37466362383460083,19.721989583039196,K32_R20_edge
ecg_missing,102.29811645125938,102.2727272727273,True,0.1198864,14.985800000000001,122.26418285714286,0.26925551106669815,0.7488012059617665,0.7488012059617665,17.7133081126718,K32_R20_edge
ppg_missing,82.6364840458099,84.61538461538463,True,0.1198864,14.985800000000001,122.26418285714286,0.24579837249415581,0.7253440673892242,0.7253440673892242,17.279911600480283,K32_R20_edge
ppg_degraded,104.1329047829593,104.91707435455078,True,0.1198864,14.985800000000001,122.26418285714286,0.22984519487403565,0.709390889769104,0.709390889769104,16.813273895352964,K32_R20_edge
ecg_missing,78.62921143035237,81.16883116883118,True,0.1198864,14.985800000000001,122.26418285714286,0.2697714328254623,0.7493171277205306,0.7493171277205306,17.65634703189198,K32_R20_edge
ecg_missing,75.82977666376479,75.75757575757575,True,0.1198864,14.985800000000001,122.26418285714286,0.26999577766319954,0.7495414725582679,0.7495414725582679,19.257757132899638,K32_R20_edge
ppg_degraded,97.33680305265977,98.09727822143674,True,0.1198864,14.985800000000001,122.26418285714286,0.24583732534062697,0.7253830202356953,0.7253830202356953,17.75322265318778,K32_R20_edge
both_clean,109.04917999586729,109.06040268456377,True,0.1198864,14.985800000000001,122.26418285714286,0.2518996669944981,0.7314453618895664,0.7314453618895664,18.394061284373958,K32_R20_edge
both_clean,72.18354755914572,72.15427769374215,True,0.1198864,14.985800000000001,122.26418285714286,0.2633301647525858,0.7428758596476541,0.7428758596476541,21.14871816015856,K32_R20_edge
ppg_missing,108.13597215897408,108.21309655937847,True,0.1198864,14.985800000000001,122.26418285714286,0.23502037799939945,0.7145660728944678,0.7145660728944678,16.147352967111722,K32_R20_edge
both_degraded,105.74158326592516,103.53449256254649,True,0.1198864,14.985800000000001,122.26418285714286,0.10599948781157742,0.5855451827066458,0.5855451827066458,18.925870825098922,K32_R20_edge
ppg_missing,60.661555145718864,62.63048016701462,True,0.1198864,14.985800000000001,122.26418285714286,0.255966559951368,0.7355122548464363,0.7355122548464363,18.383798098723066,K32_R20_edge
ppg_degraded,86.53109701067285,89.89556197722281,True,0.1198864,14.985800000000001,122.26418285714286,0.18138342882818415,0.6609291237232525,0.6609291237232525,19.415699049956952,K32_R20_edge
ppg_degraded,92.29188473388456,92.46583533060314,True,0.1198864,14.985800000000001,122.26418285714286,0.15148482787824458,0.631030522773313,0.631030522773313,18.289983564641396,K32_R20_edge
both_clean,106.56822074775003,106.55737704918033,True,0.1198864,14.985800000000001,122.26418285714286,0.25249292991419064,0.732038624809259,0.732038624809259,19.669865763073673,K32_R20_edge
both_clean,89.9394450179452,91.35813530247341,True,0.1198864,14.985800000000001,122.26418285714286,0.25073121939420556,0.7302769142892739,0.7302769142892739,15.759051109815019,K32_R20_edge
both_clean,58.00374532710158,60.45282165481263,True,0.1198864,14.985800000000001,122.26418285714286,0.2638873049995663,0.7434329998946493,0.7434329998946346,8.397748500748712,K32_R20_edge
ppg_degraded,79.87205592712246,79.78727032600725,True,0.1198864,14.985800000000001,122.26418285714286,0.24965158718988667,0.729197282084955,0.729197282084955,19.743882310114895,K32_R20_edge
ecg_missing,79.6171900373669,56.214719371342035,False,0.1198864,14.985800000000001,122.26418285714286,-0.4795456948950683,0.7494057259099375,3.5615888224068674e-42,4.669980772595096,K32_R20_edge
ecg_degraded,80.01357136092474,79.95735607675908,True,0.1198864,14.985800000000001,122.26418285714286,0.24400822108700182,0.7235539159820702,0.7235539159820702,17.422151637626644,K32_R20_edge
both_clean,107.51493716655483,107.5552351337475,True,0.1198864,14.985800000000001,122.26418285714286,0.25289745790818635,0.7324431528032547,0.7324431528032547,18.0376441591252,K32_R20_edge
both_clean,70.99624398933528,71.55494953748513,True,0.1198864,14.985800000000001,122.26418285714286,0.26032039975589166,0.73986609465096,0.73986609465096,18.706388966692156,K32_R20_edge
ppg_degraded,63.42626880669296,71.55381017833024,True,0.1198864,14.985800000000001,122.26418285714286,0.13976473045313165,0.6193104253482,0.6193104253482,18.135949563248424,K32_R20_edge
ecg_degraded,81.32522013268687,91.95278358504721,False,0.1198864,14.985800000000001,122.26418285714286,-0.47954569485482806,0.6013666018908899,4.024024871228087e-11,5.720141964752366,K32_R20_edge
both_clean,88.4702554379017,89.92246048695867,True,0.1198864,14.985800000000001,122.26418285714286,0.2539981888786143,0.7335438837736826,0.7335438837736826,19.527558774884636,K32_R20_edge
ppg_missing,106.34642320544053,106.32497273718649,True,0.1198864,14.985800000000001,122.26418285714286,0.22943918367983374,0.7101930923753726,0.7089848785749021,7.373019550545763,K32_R20_edge
both_degraded,84.92094803882276,85.06731222935029,True,0.1198864,14.985800000000001,122.26418285714286,-0.004465161637019704,0.4750805332580488,0.47508053325804867,8.77392461252407,K32_R20_edge
ecg_missing,66.07000341749531,66.07929515418502,True,0.1198864,14.985800000000001,122.26418285714286,0.27010315878864594,0.7496488536837143,0.7496488536837143,19.9007233402351,K32_R20_edge
ecg_missing,105.78648171848401,105.74837310195232,True,0.1198864,14.985800000000001,122.26418285714286,0.26930957535508043,0.7488552702501488,0.7488552702501488,16.423591863449726,K32_R20_edge
both_clean,79.5035170767486,79.53340402969248,True,0.1198864,14.985800000000001,122.26418285714286,0.2619253881736436,0.7414710830687119,0.7414710830687119,18.764830909585857,K32_R20_edge
ppg_missing,90.54805189601154,91.64969450101833,True,0.1198864,14.985800000000001,122.26418285714286,0.2432652780202088,0.7228109729152772,0.7228109729152772,16.987220070239726,K32_R20_edge
ppg_missing,78.56233462852411,78.53403141361257,True,0.1198864,14.985800000000001,122.26418285714286,0.24912927546095498,0.7286749703560234,0.7286749703560234,20.247968765135134,K32_R20_edge
both_clean,63.01880158531971,63.5981311818661,True,0.1198864,14.985800000000001,122.26418285714286,0.26835862832805174,0.7479043232231201,0.7479043232231201,18.93489252634662,K32_R20_edge
ppg_missing,91.55312268263364,93.55509355509358,True,0.1198864,14.985800000000001,122.26418285714286,0.24633555056920342,0.7258812454642718,0.7258812454642718,15.585531780172982,K32_R20_edge
both_degraded,96.23782898550462,96.31279079431754,True,0.1198864,14.985800000000001,122.26418285714286,0.15101188623689898,0.6305575811319674,0.6305575811319674,15.879949442852526,K32_R20_edge
both_degraded,61.447310315512254,107.48421374995688,True,0.1198864,14.985800000000001,122.26418285714286,-0.1143925132814051,0.3651531816136633,0.3651531816136633,16.666472457600484,K32_R20_edge
both_degraded,77.5949607649089,77.70398374622657,True,0.1198864,14.985800000000001,122.26418285714286,0.23111707029540451,0.7106627651904729,0.7106627651904729,17.694470652395385,K32_R20_edge
ppg_degraded,71.70890359411456,74.29473464993079,True,0.1198864,14.985800000000001,122.26418285714286,0.16821576384547854,0.6477614587405469,0.6477614587405469,19.324381022935242,K32_R20_edge
ppg_missing,60.243789166776494,60.275545350172216,True,0.1198864,14.985800000000001,122.26418285714286,0.26142503428841785,0.7409707291834862,0.7409707291834862,17.043751642021217,K32_R20_edge
ppg_degraded,63.28109959134723,74.94037664332863,True,0.1198864,14.985800000000001,122.26418285714286,0.0889024554064426,0.568448150301511,0.568448150301511,17.031901659779443,K32_R20_edge
ppg_degraded,107.7504446795827,107.73480662983425,True,0.1198864,14.985800000000001,122.26418285714286,0.19009819541811335,0.6700457821945405,0.6696438903131817,7.436490553404399,K32_R20_edge
ppg_missing,103.05338309790687,104.1666666666667,True,0.1198864,14.985800000000001,122.26418285714286,0.23911022570540885,0.7186559206004772,0.7186559206004772,18.521820122798072,K32_R20_edge
ecg_degraded,72.93750957168675,75.96355261651424,True,0.1198864,14.985800000000001,122.26418285714286,0.1421567767681443,0.6217024716632127,0.6217024716632127,17.42976068172537,K32_R20_edge
both_clean,94.36839458810263,95.30778444906682,True,0.1198864,14.985800000000001,122.26418285714286,0.2553574039223507,0.734903098817419,0.734903098817419,20.440707528945257,K32_R20_edge
ecg_degraded,52.51808223087623,66.36817437618122,True,0.1198864,14.985800000000001,122.26418285714286,0.07330305141513849,0.5528487463102069,0.5528487463102069,17.294737328178645,K32_R20_edge
both_clean,104.90343207441035,104.89418034754665,True,0.1198864,14.985800000000001,122.26418285714286,0.2570707220266854,0.7366164169217537,0.7366164169217537,18.319714638227254,K32_R20_edge
ppg_degraded,82.23025107284613,92.48878923766816,False,0.1198864,14.985800000000001,122.26418285714286,-0.4795456937268041,0.6528054963675335,1.168264225552262e-09,5.801948541501677,K32_R20_edge
both_degraded,99.21606821107663,100.38060884234145,True,0.1198864,14.985800000000001,122.26418285714286,0.1374132213730057,0.6169589162680741,0.6169589162680741,16.467213201037247,K32_R20_edge
ecg_degraded,66.55629545391041,69.02825434231654,True,0.1198864,14.985800000000001,122.26418285714286,0.24364128190967127,0.7231869768047396,0.7231869768047396,20.010073919548837,K32_R20_edge
both_clean,72.56742879074406,74.92149240652826,True,0.1198864,14.985800000000001,122.26418285714286,0.2466596092582759,0.7410164395775174,0.7262053041533443,7.197658144214776,K32_R20_edge
ecg_degraded,70.88262313470983,73.28128151938262,True,0.1198864,14.985800000000001,122.26418285714286,0.23533131069711966,0.714877005592188,0.714877005592188,19.387700630478918,K32_R20_edge
both_clean,108.34638006267535,108.91062625740072,True,0.1198864,14.985800000000001,122.26418285714286,0.25017514196352436,0.7297208368585927,0.7297208368585927,17.027398452528846,K32_R20_edge
ecg_missing,75.76759297536402,75.75757575757575,True,0.1198864,14.985800000000001,122.26418285714286,0.2704455003000284,0.7499911951950967,0.7499911951950967,15.818298191403532,K32_R20_edge
both_clean,79.9815644319198,80.00059246692497,True,0.1198864,14.985800000000001,122.26418285714286,-0.44769149940631453,0.7393602613779081,0.03185419548875377,6.497259482191486,K32_R20_edge
ecg_missing,107.35873580112357,107.36196319018403,True,0.1198864,14.985800000000001,122.26418285714286,0.2691028213786835,0.7486485162737518,0.7486485162737518,17.05923250032313,K32_R20_edge
ecg_degraded,104.19173530104429,104.21886196368237,True,0.1198864,14.985800000000001,122.26418285714286,0.228553779851839,0.7080994747469074,0.7080994747469074,19.657337496133067,K32_R20_edge
both_clean,73.70063061560809,73.68995633187772,True,0.1198864,14.985800000000001,122.26418285714286,0.26216288414669003,0.7417085790417584,0.7417085790417584,16.92080825132853,K32_R20_edge
ppg_missing,68.44147518374214,68.41505131128848,True,0.1198864,14.985800000000001,122.26418285714286,0.25683613062513916,0.7363818255202075,0.7363818255202075,17.65684713862486,K32_R20_edge
ppg_degraded,98.42287616810228,98.41233339915944,True,0.1198864,14.985800000000001,122.26418285714286,0.2137972690844936,0.693342963979562,0.693342963979562,16.878758852444182,K32_R20_edge
ppg_missing,56.44829539215689,57.62897914379803,True,0.1198864,14.985800000000001,122.26418285714286,0.2596670992953048,0.7392127941903731,0.7392127941903731,19.980360848560423,K32_R20_edge
both_degraded,73.5313348217972,73.4899075567475,True,0.1198864,14.985800000000001,122.26418285714286,0.2171763959925096,0.696722090887578,0.696722090887578,16.720565347881102,K32_R20_edge
both_degraded,102.58602903099651,102.68513455387217,True,0.1198864,14.985800000000001,122.26418285714286,0.0761487680700117,0.5556944629650801,0.5556944629650801,22.132443058374,K32_R20_edge
ppg_degraded,105.0585448899592,105.23600043317623,True,0.1198864,14.985800000000001,122.26418285714286,0.24079898732268745,0.7203446822177558,0.7203446822177558,16.631824247717567,K32_R20_edge
ecg_missing,64.00857611969911,66.66666666666666,True,0.1198864,14.985800000000001,122.26418285714286,0.2700814467458978,0.7496271416409661,0.7496271416409661,19.44798332337541,K32_R20_edge
ecg_missing,54.72320903063929,54.6875,True,0.1198864,14.985800000000001,122.26418285714286,0.26981005051093593,0.7493557454060042,0.7493557454060042,17.589867649013602,K32_R20_edge
ppg_degraded,97.26364990749231,98.19586874473121,True,0.1198864,14.985800000000001,122.26418285714286,0.24664856986010208,0.7261942647551705,0.7261942647551705,16.987265103011037,K32_R20_edge
ecg_missing,87.30668392376143,87.30158730158732,True,0.1198864,14.985800000000001,122.26418285714286,0.26958911884723097,0.7491348137422993,0.7491348137422993,15.68043428338245,K32_R20_edge
ppg_degraded,64.25028905743024,79.6706880915282,True,0.1198864,14.985800000000001,122.26418285714286,0.046064628884529564,0.5256103237795979,0.5256103237795979,17.764571372195526,K32_R20_edge
ppg_degraded,80.35359165266038,80.38585209003216,True,0.1198864,14.985800000000001,122.26418285714286,0.2266476059354957,0.7061933008305641,0.7061933008305641,16.622547850076884,K32_R20_edge
ecg_degraded,54.28509332451299,72.2741313923181,True,0.1198864,14.985800000000001,122.26418285714286,0.06804712916839217,0.5475928240634605,0.5475928240634605,17.741381461478923,K32_R20_edge
ppg_missing,92.0052392313688,91.9732441471572,True,0.1198864,14.985800000000001,122.26418285714286,0.2487544988446181,0.7283001937396865,0.7283001937396865,17.347310603469346,K32_R20_edge
both_degraded,81.60352735796337,81.56479428241673,True,0.1198864,14.985800000000001,122.26418285714286,0.04202723101500417,0.7097649400823718,0.5215729259100725,6.922691339275562,K32_R20_edge
ppg_degraded,92.27887186640092,93.0614757605659,True,0.1198864,14.985800000000001,122.26418285714286,0.15450594833543285,0.6340516432305012,0.6340516432305012,19.994775957821552,K32_R20_edge
both_degraded,55.29016238057474,109.77367604360822,True,0.1198864,14.985800000000001,122.26418285714286,-0.08166700660838688,0.3978786882866815,0.3978786882866815,18.70014224068899,K32_R20_edge
ppg_degraded,88.68890139807522,90.9873290435293,True,0.1198864,14.985800000000001,122.26418285714286,0.23700387204232276,0.7165495669373911,0.7165495669373911,19.253188634071105,K32_R20_edge
ecg_missing,72.22015298868575,72.19251336898397,True,0.1198864,14.985800000000001,122.26418285714286,0.27000912033862395,0.7495548152336923,0.7495548152336923,19.9251742851661,K32_R20_edge
both_degraded,79.95851395961648,82.99938415028348,True,0.1198864,14.985800000000001,122.26418285714286,0.05500757524951617,0.5345532701445845,0.5345532701445845,19.466710844577797,K32_R20_edge
ppg_missing,70.12894998551099,70.09345794392523,True,0.1198864,14.985800000000001,122.26418285714286,0.26736478440448125,0.7469104792995496,0.7469104792995496,17.015168532132538,K32_R20_edge
ppg_missing,88.04519158152615,88.04695837780152,True,0.1198864,14.985800000000001,122.26418285714286,0.2454715897002001,0.7250172845952685,0.7250172845952685,19.331293286207565,K32_R20_edge
ecg_degraded,84.09565610432041,84.12699900407337,True,0.1198864,14.985800000000001,122.26418285714286,0.14586325323292348,0.6254089481279919,0.6254089481279919,16.959695957671457,K32_R20_edge
ppg_degraded,87.02688542547332,89.28744664175366,True,0.1198864,14.985800000000001,122.26418285714286,0.25046326383113166,0.7300089587262,0.7300089587262,17.00800937196612,K32_R20_edge
both_degraded,53.80277724067146,92.79417068953428,True,0.1198864,14.985800000000001,122.26418285714286,-0.10066772768025933,0.37887796721480904,0.37887796721480904,16.86403088970457,K32_R20_edge
ecg_missing,63.50849606067402,63.482466747279325,True,0.1198864,14.985800000000001,122.26418285714286,0.2700538957721002,0.7495995906671685,0.7495995906671685,16.559723746168483,K32_R20_edge
ecg_missing,54.314273646283404,71.03396655673617,False,0.1198864,14.985800000000001,122.26418285714286,-0.01988459567541728,0.7499146784673781,0.4596610992196511,6.858936257603785,K32_R20_edge
both_degraded,72.99787098882797,75.66381955453494,True,0.1198864,14.985800000000001,122.26418285714286,0.07708324156654534,0.5566289364616137,0.5566289364616137,16.818930911818693,K32_R20_edge
ecg_degraded,78.86050962654087,78.125,False,0.1198864,14.985800000000001,122.26418285714286,-0.4795456948891836,0.631097041113986,5.884762115576105e-12,5.6743658662834875,K32_R20_edge
ppg_degraded,56.74051656575231,75.36842628836503,True,0.1198864,14.985800000000001,122.26418285714286,0.0498592999499149,0.5294049948449833,0.5294049948449833,18.909003987196908,K32_R20_edge
both_degraded,90.05534509355994,91.74398527249407,True,0.1198864,14.985800000000001,122.26418285714286,-0.030148837335371267,0.6831013718535865,0.4493968575596971,6.881258875771416,K32_R20_edge
both_clean,79.24140537758228,81.57135432525703,True,0.1198864,14.985800000000001,122.26418285714286,0.25914150431690935,0.7386871992119777,0.7386871992119777,18.982636874466614,K32_R20_edge
both_clean,80.01978272389167,79.99953720018405,True,0.1198864,14.985800000000001,122.26418285714286,0.2613071613783699,0.7408528562734382,0.7408528562734382,15.469287583594319,K32_R20_edge
ecg_missing,85.84795046016905,85.84807492195631,True,0.1198864,14.985800000000001,122.26418285714286,0.2696979802260497,0.749243675121118,0.749243675121118,19.977182782961506,K32_R20_edge
both_degraded,106.09270376624718,107.28975481449936,True,0.1198864,14.985800000000001,122.26418285714286,0.08410037582391561,0.563646070718984,0.563646070718984,18.74591387253275,K32_R20_edge
ppg_missing,85.33189799950392,85.31540847983456,True,0.1198864,14.985800000000001,122.26418285714286,0.24852201302867816,0.7280677079237465,0.7280677079237465,19.11227115882039,K32_R20_edge
ecg_missing,55.60895380703971,55.55555555555555,True,0.1198864,14.985800000000001,122.26418285714286,0.2702499503029469,0.7497956451980152,0.7497956451980152,18.38516326759572,K32_R20_edge
both_degraded,58.78815363108468,113.81876835884921,True,0.1198864,14.985800000000001,122.26418285714286,-0.08598976883303033,0.39355592606203804,0.39355592606203804,16.8438249932085,K32_R20_edge
both_degraded,91.6335876219401,91.70850165857149,True,0.1198864,14.985800000000001,122.26418285714286,-0.020072691150380236,0.45947300374468814,0.45947300374468814,21.328213940224046,K32_R20_edge
both_clean,69.35703304863395,107.13383130027607,False,0.1198864,14.985800000000001,122.26418285714286,-0.29720244123949774,0.7405903954009602,0.1823432536555706,6.680418709625731,K32_R20_edge
ppg_missing,95.31723353011074,95.33898305084747,True,0.1198864,14.985800000000001,122.26418285714286,0.2457944780693826,0.725340172964451,0.725340172964451,20.445766075559895,K32_R20_edge
both_degraded,80.63832830662074,80.61186727852895,True,0.1198864,14.985800000000001,122.26418285714286,0.07300356996254342,0.5525492648576118,0.5525492648576118,17.50240054866112,K32_R20_edge
ecg_missing,72.78131296818054,75.503355704698,True,0.1198864,14.985800000000001,122.26418285714286,0.2703431220776436,0.7498888169727119,0.7498888169727119,19.70321974425234,K32_R20_edge
ppg_degraded,94.36692154569079,95.56525857807131,True,0.1198864,14.985800000000001,122.26418285714286,0.2408651464150119,0.7204108413100803,0.7204108413100803,21.627974839513282,K32_R20_edge
ecg_degraded,60.97884836279494,75.81309620420024,True,0.1198864,14.985800000000001,122.26418285714286,0.04935115791556722,0.5288968528106356,0.5288968528106356,19.412234996671387,K32_R20_edge
ecg_missing,67.08875614456805,67.11409395973155,True,0.1198864,14.985800000000001,122.26418285714286,0.2698924602345481,0.7494381551296164,0.7494381551296164,18.249837585714705,K32_R20_edge
ppg_degraded,67.51644934065075,69.80152119801939,True,0.1198864,14.985800000000001,122.26418285714286,0.25453874284995975,0.7340844377450281,0.7340844377450281,18.481662001799013,K32_R20_edge
ecg_degraded,74.91908258157697,78.39233819492901,True,0.1198864,14.985800000000001,122.26418285714286,0.18751690863431492,0.6670626035293833,0.6670626035293833,17.273510559923835,K32_R20_edge
ppg_missing,104.42683095839536,104.38972162740903,True,0.1198864,14.985800000000001,122.26418285714286,0.24081607104884983,0.7203617659439182,0.7203617659439182,16.441764595420466,K32_R20_edge
both_clean,98.75237779869076,98.68421052631582,True,0.1198864,14.985800000000001,122.26418285714286,0.26391153014663654,0.7434572250417049,0.7434572250417049,17.943787953244225,K32_R20_edge
ecg_degraded,99.29620320567943,100.14545861108502,True,0.1198864,14.985800000000001,122.26418285714286,0.23330880538319232,0.7128545002782607,0.7128545002782607,17.356895009137837,K32_R20_edge
both_clean,87.86899178333661,87.85942492012781,True,0.1198864,14.985800000000001,122.26418285714286,0.25780678294671605,0.7373524778417844,0.7373524778417844,16.622337720347655,K32_R20_edge
ecg_degraded,50.49282922018665,67.19093383782992,True,0.1198864,14.985800000000001,122.26418285714286,0.04987276278017184,0.5294184576752402,0.5294184576752402,16.932040023863983,K32_R20_edge
ppg_missing,67.16798323253664,67.18924972004478,True,0.1198864,14.985800000000001,122.26418285714286,-0.05770424911286181,0.7375844155315907,0.42184144578220656,6.8392794720443275,K32_R20_edge
ecg_missing,80.1079641613562,80.12820512820514,True,0.1198864,14.985800000000001,122.26418285714286,0.2697417970478147,0.749287491942883,0.749287491942883,19.014574475753495,K32_R20_edge
ppg_missing,103.90728501201363,103.9445628997868,True,0.1198864,14.985800000000001,122.26418285714286,0.2351257766902658,0.7146714715853342,0.7146714715853342,20.89068893069268,K32_R20_edge
ecg_degraded,71.8267055053438,75.62457732830974,True,0.1198864,14.985800000000001,122.26418285714286,0.23901042329819955,0.7185561181932679,0.7185561181932679,18.74661510304243,K32_R20_edge
ecg_missing,83.03356781218011,94.53781512605043,False,0.1198864,14.985800000000001,122.26418285714286,-0.3380909362998357,0.7492894099854561,0.14145475859523263,6.645130448390866,K32_R20_edge
ppg_degraded,100.91269028767917,100.84394000292133,True,0.1198864,14.985800000000001,122.26418285714286,0.15658378721561006,0.636200183261672,0.6361294821106784,7.530515433055859,K32_R20_edge
ppg_degraded,70.48438952382536,70.73221778129313,True,0.1198864,14.985800000000001,122.26418285714286,0.19291836174794164,0.67246405664301,0.67246405664301,17.366408389856336,K32_R20_edge
both_degraded,94.88449016815252,98.00524648808057,True,0.1198864,14.985800000000001,122.26418285714286,-0.011745773712241609,0.46779992118282676,0.46779992118282676,19.89417306857085,K32_R20_edge
both_degraded,85.70163285948202,86.30881197203873,True,0.1198864,14.985800000000001,122.26418285714286,0.23116315061042003,0.7107088455054884,0.7107088455054884,17.97003706831567,K32_R20_edge
ppg_missing,81.51991356457528,81.52173913043478,True,0.1198864,14.985800000000001,122.26418285714286,0.27044475327331935,0.7499904481683877,0.7499904481683877,16.46477780130181,K32_R20_edge
ppg_degraded,87.78745493353595,87.76962661522231,True,0.1198864,14.985800000000001,122.26418285714286,0.21806442230697265,0.697610117202041,0.697610117202041,19.314837409415098,K32_R20_edge
both_clean,79.09129807706603,80.08770332932262,True,0.1198864,14.985800000000001,122.26418285714286,0.25476997365799786,0.7343156685530662,0.7343156685530662,18.157428709610667,K32_R20_edge
ecg_degraded,56.778353318059885,73.7570138836392,True,0.1198864,14.985800000000001,122.26418285714286,0.04020484127529323,0.5197505361703616,0.5197505361703616,20.501676500233064,K32_R20_edge
ecg_missing,103.81434689674187,103.83386581469652,True,0.1198864,14.985800000000001,122.26418285714286,0.26924440211949935,0.7487900970145677,0.7487900970145677,20.43202952180269,K32_R20_edge
ppg_missing,108.18396389961725,108.0931263858093,True,0.1198864,14.985800000000001,122.26418285714286,0.23562535452643907,0.7151710494215074,0.7151710494215074,20.027968736397806,K32_R20_edge
ppg_missing,99.98981940009735,101.03626943005182,True,0.1198864,14.985800000000001,122.26418285714286,0.27016583436683833,0.7497115292619067,0.7497115292619067,8.700818375641271,K32_R20_edge
both_degraded,71.22751181717408,74.21243718578299,True,0.1198864,14.985800000000001,122.26418285714286,0.21528965966065594,0.6948353545557243,0.6948353545557243,18.049587110489863,K32_R20_edge
ecg_missing,88.03488367759363,88.0469583778015,True,0.1198864,14.985800000000001,122.26418285714286,0.26964259650514427,0.7491882914002126,0.7491882914002126,15.645892553963906,K32_R20_edge
ecg_missing,96.24578569922983,96.26604434072347,True,0.1198864,14.985800000000001,122.26418285714286,0.26938130756651263,0.748927002461581,0.748927002461581,16.32178829172664,K32_R20_edge
both_clean,53.73484279045555,53.73116440594248,True,0.1198864,14.985800000000001,122.26418285714286,0.2654631666346466,0.7450088615297149,0.7450088615297149,17.871311979352996,K32_R20_edge
both_clean,97.36672078966022,97.2972972972973,True,0.1198864,14.985800000000001,122.26418285714286,0.2476762630874203,0.7272219579824887,0.7272219579824887,14.441295966212031,K32_R20_edge
ecg_degraded,55.09366741913929,74.45663201056954,True,0.1198864,14.985800000000001,122.26418285714286,0.051091076266923004,0.5306367712093345,0.5306367711619914,8.120029466094586,K32_R20_edge
ecg_missing,106.38945121352262,106.44104803493447,True,0.1198864,14.985800000000001,122.26418285714286,0.26950366884191784,0.7490493637369862,0.7490493637369862,14.864753458915402,K32_R20_edge
both_degraded,64.48768920639961,108.32183599768811,True,0.1198864,14.985800000000001,122.26418285714286,-0.07012459320906383,0.40942110168600454,0.40942110168600454,18.136258040140497,K32_R20_edge
ecg_missing,107.78852731373343,107.85398230088494,True,0.1198864,14.985800000000001,122.26418285714286,0.2691134157372031,0.7486591106322714,0.7486591106322714,17.237652511530186,K32_R20_edge
ppg_missing,63.924476551576994,66.006600660066,True,0.1198864,14.985800000000001,122.26418285714286,0.25941516175981966,0.738960856654888,0.738960856654888,19.610193521108716,K32_R20_edge
ecg_degraded,82.1230918901997,87.29221742239933,True,0.1198864,14.985800000000001,122.26418285714286,0.12857887413952418,0.6081245690345926,0.6081245690345926,19.381302645105823,K32_R20_edge
both_degraded,99.88839001970632,99.94438067738928,True,0.1198864,14.985800000000001,122.26418285714286,0.20104683500119824,0.6805925298962666,0.6805925298962666,16.442045346428184,K32_R20_edge
both_clean,109.25252777750129,109.26118626430801,True,0.1198864,14.985800000000001,122.26418285714286,0.25335975861999166,0.73290545351506,0.73290545351506,20.83441968082868,K32_R20_edge
ppg_degraded,92.34182627495932,94.50872393470404,True,0.1198864,14.985800000000001,122.26418285714286,0.16459560378904503,0.6441412986841134,0.6441412986841134,15.609750538211369,K32_R20_edge
ecg_degraded,100.08352878035245,100.11123470522806,True,0.1198864,14.985800000000001,122.26418285714286,0.1823879515821789,0.7151906617522805,0.6619336464772473,7.078331371123844,K32_R20_edge
ecg_degraded,73.50716783317142,73.5294117647059,True,0.1198864,14.985800000000001,122.26418285714286,0.22780132712433598,0.7073470220194044,0.7073470220194044,21.085831343405914,K32_R20_edge
ecg_degraded,95.04300789486526,95.04298279682847,True,0.1198864,14.985800000000001,122.26418285714286,0.1458565424630759,0.6254022373581443,0.6254022373581443,19.908844653973812,K32_R20_edge
ppg_missing,73.07868399574994,73.13109425785483,True,0.1198864,14.985800000000001,122.26418285714286,0.2536167073110471,0.7331624022061154,0.7331624022061154,18.68443602798359,K32_R20_edge
ecg_degraded,105.79078964338956,105.80260895649786,True,0.1198864,14.985800000000001,122.26418285714286,0.23216297729918567,0.711708672194254,0.711708672194254,18.08855551615811,K32_R20_edge
ecg_degraded,96.41018196945353,94.59762932743492,True,0.1198864,14.985800000000001,122.26418285714286,0.13239573647494063,0.611941431370009,0.611941431370009,18.23540409113058,K32_R20_edge
ppg_degraded,72.76444351669532,74.88121918994047,True,0.1198864,14.985800000000001,122.26418285714286,0.16610235264250717,0.6456480475375755,0.6456480475375755,14.984896636742388,K32_R20_edge
ecg_missing,97.05319514625467,97.05882352941178,True,0.1198864,14.985800000000001,122.26418285714286,0.2694730541296097,0.749018749024678,0.749018749024678,18.8124965414265,K32_R20_edge
both_clean,53.990695821228,55.294774857603876,True,0.1198864,14.985800000000001,122.26418285714286,0.26438815013351985,0.7439338450285882,0.7439338450285882,17.19589078625546,K32_R20_edge
ppg_missing,105.50458260357365,105.51948051948055,True,0.1198864,14.985800000000001,122.26418285714286,0.2381332674877501,0.7176789623828185,0.7176789623828185,19.115180676995106,K32_R20_edge
ecg_missing,91.58755973459938,91.56492785793563,True,0.1198864,14.985800000000001,122.26418285714286,0.2696411927584446,0.7491868876535129,0.7491868876535129,19.024731733327584,K32_R20_edge
both_degraded,69.63195779135147,72.08951796270895,True,0.1198864,14.985800000000001,122.26418285714286,0.23588665398315756,0.7154323488782259,0.7154323488782259,18.47107603887158,K32_R20_edge
ecg_missing,88.81682903500246,88.80516684607105,True,0.1198864,14.985800000000001,122.26418285714286,0.2695623228147071,0.7491080177097754,0.7491080177097754,15.441916561597631,K32_R20_edge
ecg_degraded,97.05656133302153,97.88978622957336,True,0.1198864,14.985800000000001,122.26418285714286,0.23455950626061584,0.7141052011556842,0.7141052011556842,19.901865612116314,K32_R20_edge
ppg_missing,87.69890263605194,89.67391304347828,True,0.1198864,14.985800000000001,122.26418285714286,0.24403915777739937,0.7235848526724677,0.7235848526724677,17.352880650788528,K32_R20_edge
both_clean,103.19623603587443,103.23037461268588,True,0.1198864,14.985800000000001,122.26418285714286,0.25445907132258777,0.7340047662176561,0.7340047662176561,18.858692120646367,K32_R20_edge
ecg_degraded,74.9214204896461,74.91675915649279,True,0.1198864,14.985800000000001,122.26418285714286,0.15348359424238556,0.6330292891374539,0.6330292891374539,17.987564754150547,K32_R20_edge
ecg_missing,69.20064005219467,69.15983606557377,True,0.1198864,14.985800000000001,122.26418285714286,0.26993558558237835,0.7494812804774467,0.7494812804774467,19.742898919424356,K32_R20_edge
ecg_degraded,72.25722367217024,75.24762831734174,True,0.1198864,14.985800000000001,122.26418285714286,0.2420672100266441,0.7216129049217125,0.7216129049217125,18.96451669824365,K32_R20_edge
both_clean,66.90421739439726,66.88963210702342,True,0.1198864,14.985800000000001,122.26418285714286,0.26229712046825354,0.7418428153633219,0.7418428153633219,17.655397408816192,K32_R20_edge
ecg_missing,78.74428366723109,81.34490238611714,True,0.1198864,14.985800000000001,122.26418285714286,0.2696477763143534,0.7491934712094217,0.7491934712094217,21.301159412123184,K32_R20_edge
both_clean,95.44405308554799,96.47823928606489,True,0.1198864,14.985800000000001,122.26418285714286,0.25237603099980993,0.7319217258948783,0.7319217258948783,19.265953863052008,K32_R20_edge
both_degraded,102.47392991026538,102.46975526722893,True,0.1198864,14.985800000000001,122.26418285714286,0.07434103734316089,0.5542490279853977,0.5538867322382293,7.431428367579871,K32_R20_edge
both_degraded,87.96507306410456,89.74738414798419,True,0.1198864,14.985800000000001,122.26418285714286,0.12393731297745991,0.6034830078725283,0.6034830078725283,18.829857547314912,K32_R20_edge
ecg_missing,97.1452309546263,97.19222462203027,True,0.1198864,14.985800000000001,122.26418285714286,0.2695698988115997,0.749115593706668,0.749115593706668,19.16678835565208,K32_R20_edge
ecg_missing,108.20426241330571,108.1359423274974,True,0.1198864,14.985800000000001,122.26418285714286,0.26919363043288963,0.748739325327958,0.748739325327958,18.865750025877244,K32_R20_edge
ppg_missing,89.58240107187139,89.57654723127037,True,0.1198864,14.985800000000001,122.26418285714286,0.24492899153145087,0.7244746864265192,0.7244746864265192,22.589083499812965,K32_R20_edge
ecg_missing,55.07795758002271,55.079559363525085,True,0.1198864,14.985800000000001,122.26418285714286,0.270140834715153,0.7496865296102213,0.7496865296102213,16.257845490215402,K32_R20_edge
both_clean,87.53549600199534,87.48674443266174,True,0.1198864,14.985800000000001,122.26418285714286,0.18550786966884825,0.739132974718728,0.6650535645639166,7.046886430263957,K32_R20_edge
both_clean,51.18935862751596,51.19453924914676,True,0.1198864,14.985800000000001,122.26418285714286,0.2671377785204047,0.746683473415473,0.746683473415473,18.592798236908564,K32_R20_edge
ppg_missing,90.66004456639413,90.65934065934067,True,0.1198864,14.985800000000001,122.26418285714286,0.24406759790272714,0.7236132927977955,0.7236132927977955,18.96793017424246,K32_R20_edge
ppg_missing,109.90478289584945,109.94764397905755,True,0.1198864,14.985800000000001,122.26418285714286,0.23708438907172802,0.7166300839667964,0.7166300839667964,18.173712067843834,K32_R20_edge
ecg_missing,79.31549604570958,79.28118393234674,True,0.1198864,14.985800000000001,122.26418285714286,0.26975560266142645,0.7493012975564948,0.7493012975564948,19.139027488474788,K32_R20_edge
both_clean,105.98110882244418,106.48124818952077,True,0.1198864,14.985800000000001,122.26418285714286,0.25090445585002813,0.7304715476761049,0.7304501507450964,7.5991156849245,K32_R20_edge
both_degraded,51.174948495966106,102.55092821733767,True,0.1198864,14.985800000000001,122.26418285714286,-0.05669237592983572,0.42285331896523265,0.42285331896523265,19.150009415694893,K32_R20_edge
ecg_degraded,107.90844866519481,106.45462725854364,True,0.1198864,14.985800000000001,122.26418285714286,0.13242369102367801,0.6119693859187464,0.6119693859187464,17.47562210091152,K32_R20_edge
ppg_missing,60.10287224836583,60.068649885583525,True,0.1198864,14.985800000000001,122.26418285714286,0.258647588557762,0.7381932834528303,0.7381932834528303,19.379321627355885,K32_R20_edge
both_degraded,100.37136790356882,101.29102691021514,True,0.1198864,14.985800000000001,122.26418285714286,0.04244441152605372,0.5219915348846444,0.5219901064211221,7.711728682260213,K32_R20_edge
both_clean,67.89744565011148,67.91201447023379,True,0.1198864,14.985800000000001,122.26418285714286,0.26445765693538564,0.744003351830454,0.744003351830454,18.051456418900344,K32_R20_edge
ppg_missing,73.5950747946369,73.60959651035988,True,0.1198864,14.985800000000001,122.26418285714286,0.2548612358695976,0.7344069307646659,0.7344069307646659,18.04521393405868,K32_R20_edge
ecg_degraded,57.9539972628451,71.46053727080513,True,0.1198864,14.985800000000001,122.26418285714286,0.06496461044357138,0.5445103053386398,0.5445103053386398,17.877835809886175,K32_R20_edge
ecg_degraded,52.24594483017253,69.12521111216022,True,0.1198864,14.985800000000001,122.26418285714286,0.05949676413446071,0.539057275311985,0.5390424590295291,7.602284582867523,K32_R20_edge
ecg_missing,95.13160936205173,95.13742071881607,True,0.1198864,14.985800000000001,122.26418285714286,0.2694452297892887,0.748990924684357,0.748990924684357,18.20287522989926,K32_R20_edge
ecg_degraded,94.7664597373046,94.79391631936477,True,0.1198864,14.985800000000001,122.26418285714286,0.18901140026868113,0.6685570951637495,0.6685570951637495,19.201481967599722,K32_R20_edge
ppg_missing,57.410305862707474,57.377049180327866,True,0.1198864,14.985800000000001,122.26418285714286,0.2593990165978149,0.7389447114928832,0.7389447114928832,17.62518224770389,K32_R20_edge
both_clean,87.3541773341701,87.94654145313977,True,0.1198864,14.985800000000001,122.26418285714286,0.25445689014368705,0.7340025850387554,0.7340025850387554,18.65688144240779,K32_R20_edge
ppg_degraded,65.45387413039151,81.56479428241673,False,0.1198864,14.985800000000001,122.26418285714286,0.032864907452250465,0.5598831797510463,0.5124106023473188,7.064855678606905,K32_R20_edge
both_degraded,103.80203534883199,99.60733779031631,True,0.1198864,14.985800000000001,122.26418285714286,0.09925150190137344,0.5787971967964418,0.5787971967964418,17.461574339018032,K32_R20_edge
ecg_missing,58.05127251367206,58.011049723756905,True,0.1198864,14.985800000000001,122.26418285714286,0.27010008494055565,0.749645779835624,0.749645779835624,16.661515074997922,K32_R20_edge
ppg_degraded,85.2630753177944,86.48639473252484,True,0.1198864,14.985800000000001,122.26418285714286,0.16492653798321677,0.6444722328782851,0.6444722328782851,18.398441407651507,K32_R20_edge
ppg_missing,103.38742036885421,103.39342523860023,True,0.1198864,14.985800000000001,122.26418285714286,0.2377674564960175,0.7173131513910859,0.7173131513910859,19.50678539462531,K32_R20_edge
both_clean,82.30486963588186,84.49011960950651,True,0.1198864,14.985800000000001,122.26418285714286,0.260004036333735,0.7395497312288033,0.7395497312288033,20.331087129818673,K32_R20_edge
ecg_degraded,90.25151229402202,92.50494090531295,True,0.1198864,14.985800000000001,122.26418285714286,0.14184089243589604,0.6213865873309644,0.6213865873309644,18.314214583309184,K32_R20_edge
ecg_missing,98.62260231280369,98.57612267250823,True,0.1198864,14.985800000000001,122.26418285714286,0.26967318745837293,0.7492188823534413,0.7492188823534413,18.011170347203276,K32_R20_edge
both_degraded,92.41746149138615,93.70859879334199,True,0.1198864,14.985800000000001,122.26418285714286,0.03847089404490312,0.6051885959692284,0.5180165889399715,7.005121767282302,K32_R20_edge
ppg_missing,99.49456297423382,99.44751381215472,True,0.1198864,14.985800000000001,122.26418285714286,0.23796920154906964,0.717514896444138,0.717514896444138,20.25966262286832,K32_R20_edge
both_clean,63.43081476071849,65.79266019268765,True,0.1198864,14.985800000000001,122.26418285714286,0.2641093618632034,0.7436550567582717,0.7436550567582717,16.85492877332123,K32_R20_edge
ppg_degraded,104.61390940495781,104.55958819170591,True,0.1198864,14.985800000000001,122.26418285714286,0.2136211218299623,0.6931668167250307,0.6931668167250307,18.32023588741829,K32_R20_edge
both_clean,80.22542168580682,80.21390374331551,True,0.1198864,14.985800000000001,122.26418285714286,0.26215371769833756,0.7416994125934059,0.7416994125934059,17.204972048596193,K32_R20_edge
both_degraded,104.93327302535289,105.02537059273914,True,0.1198864,14.985800000000001,122.26418285714286,0.13055189397861622,0.6100975888736846,0.6100975888736846,17.14320677785855,K32_R20_edge
ecg_degraded,91.91923238551021,91.95278358504721,True,0.1198864,14.985800000000001,122.26418285714286,0.05767065790891746,0.7202900640810059,0.5372163528039858,6.929072282541269,K32_R20_edge
both_degraded,94.04476860386353,95.09412531223222,True,0.1198864,14.985800000000001,122.26418285714286,0.19998218838437676,0.6795278832794451,0.6795278832794451,19.404129418761727,K32_R20_edge
both_degraded,107.05854270264814,107.88265076564791,True,0.1198864,14.985800000000001,122.26418285714286,0.09013371742454612,0.5696794123196145,0.5696794123196145,15.38229646715765,K32_R20_edge
ecg_missing,56.34632377117217,56.33047210300429,True,0.1198864,14.985800000000001,122.26418285714286,0.26996466635189403,0.7495103612469624,0.7495103612469624,16.184328261940955,K32_R20_edge
ecg_missing,102.22733062483144,102.15664018161183,True,0.1198864,14.985800000000001,122.26418285714286,0.23172604020578202,0.7487559703870638,0.7112717351008504,7.117321139597797,K32_R20_edge
both_clean,67.54179027621363,67.53016831076378,True,0.1198864,14.985800000000001,122.26418285714286,0.2587374585328474,0.7382831534279157,0.7382831534279157,17.382395650557942,K32_R20_edge
ppg_missing,99.27677590614267,99.22822491730983,True,0.1198864,14.985800000000001,122.26418285714286,0.23841161817013823,0.7179573130652066,0.7179573130652066,18.94552563067114,K32_R20_edge
ppg_missing,63.43657973374921,63.42494714587738,True,0.1198864,14.985800000000001,122.26418285714286,0.2539922982310732,0.7335379931261415,0.7335379931261415,19.06912905982843,K32_R20_edge
both_degraded,78.11650397801874,78.12500000000001,True,0.1198864,14.985800000000001,122.26418285714286,0.09254265819521024,0.5720883530902786,0.5720883530902786,14.970823476885494,K32_R20_edge
ppg_degraded,58.35348757081059,78.3088083915675,True,0.1198864,14.985800000000001,122.26418285714286,0.028904059697175914,0.5084497545922443,0.5084497545922443,8.652859014659514,K32_R20_edge
ecg_degraded,98.3206237855007,53.63528009535161,False,0.1198864,14.985800000000001,122.26418285714286,-0.479545139092137,0.7172548843758486,5.558029313649177e-07,5.977575046962723,K32_R20_edge
ecg_missing,67.55728048768374,70.09345794392523,True,0.1198864,14.985800000000001,122.26418285714286,0.2704451093397427,0.749990804234811,0.749990804234811,15.750728725239075,K32_R20_edge
ecg_missing,78.39464358354111,78.397212543554,True,0.1198864,14.985800000000001,122.26418285714286,0.26982110537350973,0.749366800268578,0.749366800268578,19.39542536982051,K32_R20_edge
ecg_degraded,97.72689390959214,97.71986970684041,True,0.1198864,14.985800000000001,122.26418285714286,0.16807344410581093,0.6476191390008793,0.6476191390008793,17.56058009399672,K32_R20_edge
both_degraded,72.28158303663925,80.66602066469964,True,0.1198864,14.985800000000001,122.26418285714286,0.022451454731940882,0.5019971496270093,0.5019971496270093,16.985205324423305,K32_R20_edge
both_degraded,103.12369226667914,103.66939625552354,False,0.1198864,14.985800000000001,122.26418285714286,-0.47954569486019666,0.4811880454207988,3.487168338107133e-11,5.722042404070979,K32_R20_edge
ppg_missing,80.63232699296107,80.64516129032258,True,0.1198864,14.985800000000001,122.26418285714286,0.26997076865156927,0.7495164635466376,0.7495164635466376,18.177128718614373,K32_R20_edge
ecg_degraded,106.5973116035787,107.13383130027607,True,0.1198864,14.985800000000001,122.26418285714286,0.14261690647977388,0.6230269232496133,0.6221626013748423,7.385824404121336,K32_R20_edge
ecg_missing,96.28749066307878,96.25668449197863,True,0.1198864,14.985800000000001,122.26418285714286,0.2696176934111167,0.749163388306185,0.749163388306185,19.62087866336607,K32_R20_edge
ppg_missing,109.616978268626,109.55056179775279,True,0.1198864,14.985800000000001,122.26418285714286,0.23294338847175566,0.712489083366824,0.712489083366824,18.97323149074639,K32_R20_edge
ppg_degraded,92.75705368059383,92.74833236754989,True,0.1198864,14.985800000000001,122.26418285714286,0.24548583930396806,0.7250315341990364,0.7250315341990364,16.14613833838434,K32_R20_edge
ecg_degraded,68.76241538757913,102.95670538542768,False,0.1198864,14.985800000000001,122.26418285714286,-0.4795456948943089,0.6266137079582418,7.59372071226985e-13,5.629167446400687,K32_R20_edge
both_clean,81.80698433859664,82.71850735817773,True,0.1198864,14.985800000000001,122.26418285714286,0.2575918549059993,0.7371375498010676,0.7371375498010676,17.243232692429682,K32_R20_edge
ppg_missing,106.42491467315894,106.49087221095336,True,0.1198864,14.985800000000001,122.26418285714286,0.2344231377641609,0.7139688326592293,0.7139688326592293,17.96179418531729,K32_R20_edge
ppg_degraded,105.4733627710255,106.1250974287197,True,0.1198864,14.985800000000001,122.26418285714286,0.16601268718626727,0.6455583820813356,0.6455583820813356,19.018764816757116,K32_R20_edge
both_clean,65.03661086033935,65.00541711809318,True,0.1198864,14.985800000000001,122.26418285714286,0.26372460118835567,0.743270296083424,0.743270296083424,16.042000501154238,K32_R20_edge
both_degraded,65.35958085270421,83.30276074368643,True,0.1198864,14.985800000000001,122.26418285714286,0.057993068115229536,0.5375387630102979,0.5375387630102979,17.7711117148729,K32_R20_edge
both_degraded,65.16020753495613,98.8102717935988,True,0.1198864,14.985800000000001,122.26418285714286,-0.11329127901091585,0.36625441588415253,0.36625441588415253,18.14756453068626,K32_R20_edge
ecg_degraded,87.52989942349794,87.51781672031068,True,0.1198864,14.985800000000001,122.26418285714286,0.14480553417600117,0.6243512290710695,0.6243512290710695,15.592580903095392,K32_R20_edge
both_clean,61.66721061287225,61.65621882914696,True,0.1198864,14.985800000000001,122.26418285714286,0.2638304430018203,0.7433761408662527,0.7433761378968886,7.981178584638103,K32_R20_edge
ecg_missing,92.31591584717754,100.98150606418264,False,0.1198864,14.985800000000001,122.26418285714286,-0.46316159391697753,0.7490825451843892,0.016384100978090812,6.4448083042659645,K32_R20_edge
ppg_missing,69.1841333709022,71.20253164556962,True,0.1198864,14.985800000000001,122.26418285714286,0.25642278758531095,0.7359684824803793,0.7359684824803793,17.2399578618806,K32_R20_edge
ecg_missing,100.26929965176693,100.30864197530866,True,0.1198864,14.985800000000001,122.26418285714286,0.2693626073887961,0.7489083022838644,0.7489083022838644,19.353312208533872,K32_R20_edge
ecg_degraded,64.77856733694873,84.65011286681718,False,0.1198864,14.985800000000001,122.26418285714286,-0.42381926539371867,0.5357043217600623,0.05572642950134965,6.57788460083657,K32_R20_edge
ecg_missing,105.5901837453224,105.51948051948055,True,0.1198864,14.985800000000001,122.26418285714286,0.2702723284871608,0.7498180233822291,0.7498180233822291,18.73658167722223,K32_R20_edge
both_degraded,69.88410613474406,71.19447711749918,True,0.1198864,14.985800000000001,122.26418285714286,0.22762042910029534,0.7071661239953637,0.7071661239953637,16.867873736748052,K32_R20_edge
both_degraded,52.0904912602024,105.10635103476544,True,0.1198864,14.985800000000001,122.26418285714286,-0.0872220784307049,0.3923236164643635,0.3923236164643635,18.01661336974206,K32_R20_edge
ecg_missing,59.71079907709098,85.31540847983456,False,0.1198864,14.985800000000001,122.26418285714286,-0.4795456948950683,0.7495859823895311,6.464321745925965e-23,5.21402276625283,K32_R20_edge
ecg_degraded,98.96924568038816,99.66646366543652,True,0.1198864,14.985800000000001,122.26418285714286,0.17952925416550325,0.6590749490605716,0.6590749490605716,19.411171712111013,K32_R20_edge
both_clean,60.217462562335044,60.206422018348626,True,0.1198864,14.985800000000001,122.26418285714286,0.26374244644859884,0.7432881413436672,0.7432881413436672,16.67838256261257,K32_R20_edge
ppg_degraded,65.0457529293891,77.11839583391072,True,0.1198864,14.985800000000001,122.26418285714286,0.07146170845847266,0.551007403353541,0.551007403353541,18.086458476219146,K32_R20_edge
ppg_missing,109.72216094317761,109.71786833855798,True,0.1198864,14.985800000000001,122.26418285714286,0.22651814480773225,0.7134171009456378,0.7060638397028006,7.249415482054993,K32_R20_edge
ecg_missing,75.01668509053204,75.0,True,0.1198864,14.985800000000001,122.26418285714286,0.2704293311092691,0.7499750260043374,0.7499750260043374,15.780342025414408,K32_R20_edge
both_degraded,88.56475473966864,89.43112357288045,True,0.1198864,14.985800000000001,122.26418285714286,0.01149324105730643,0.4910389359523748,0.4910389359523748,17.551623549819585,K32_R20_edge
both_clean,82.68541833833333,82.69018743109152,True,0.1198864,14.985800000000001,122.26418285714286,0.25916877629772667,0.738714471192795,0.738714471192795,19.57195781463745,K32_R20_edge
ppg_degraded,78.12140640992045,78.61988470031525,True,0.1198864,14.985800000000001,122.26418285714286,0.14698210545803347,0.7105251705437141,0.6265278003531018,7.028387851112352,K32_R20_edge
both_degraded,103.84417258238244,103.83386581469652,True,0.1198864,14.985800000000001,122.26418285714286,0.17815078129097295,0.6576964761860413,0.6576964761860413,20.30804692007927,K32_R20_edge
ppg_degraded,52.189156021885275,69.38738286428146,True,0.1198864,14.985800000000001,122.26418285714286,0.05026065380195533,0.5298063486970237,0.5298063486970237,19.298832087533334,K32_R20_edge
ppg_missing,72.85472171961871,72.89416846652269,True,0.1198864,14.985800000000001,122.26418285714286,0.2547449913621029,0.7342906862571712,0.7342906862571712,17.95086166891929,K32_R20_edge
ppg_degraded,77.07967557461876,78.86117332985496,True,0.1198864,14.985800000000001,122.26418285714286,0.17731119204022927,0.6568568869352976,0.6568568869352976,17.876640669621572,K32_R20_edge
both_clean,91.08543166072658,91.10915564529844,True,0.1198864,14.985800000000001,122.26418285714286,0.2584575620358686,0.7380032569309369,0.7380032569309369,18.51073604833109,K32_R20_edge
both_degraded,93.70562576158298,93.58863692624743,True,0.1198864,14.985800000000001,122.26418285714286,-0.03479657632858701,0.44474911856648136,0.44474911856648136,19.156297639734635,K32_R20_edge
both_clean,50.195635196158335,52.728278549276936,True,0.1198864,14.985800000000001,122.26418285714286,0.26454884578593435,0.7440945406810027,0.7440945406810027,18.040748562160502,K32_R20_edge
both_clean,55.87221526466732,58.23989337738663,True,0.1198864,14.985800000000001,122.26418285714286,0.26346797206660605,0.7430136669616744,0.7430136669616744,14.614314818876691,K32_R20_edge
both_degraded,64.32460351666903,109.30993919988349,True,0.1198864,14.985800000000001,122.26418285714286,-0.1540204325068107,0.3255252623882577,0.3255252623882577,15.214327266277245,K32_R20_edge
ppg_missing,70.03950839248994,70.02074688796681,True,0.1198864,14.985800000000001,122.26418285714286,0.25132056145377185,0.7308662563488402,0.7308662563488402,18.672486085003484,K32_R20_edge
both_degraded,96.06386143558785,96.00670676877546,True,0.1198864,14.985800000000001,122.26418285714286,0.1789490934863004,0.6584947883813688,0.6584947883813688,17.842297679500607,K32_R20_edge
ecg_degraded,94.54506036252229,94.53781512605043,True,0.1198864,14.985800000000001,122.26418285714286,0.02931580580776161,0.6668166861668224,0.50886150070283,6.939435534001901,K32_R20_edge
ppg_degraded,105.63929899036674,105.74668906246012,True,0.1198864,14.985800000000001,122.26418285714286,0.25848092746019297,0.7380266223552613,0.7380266223552613,17.901876102316113,K32_R20_edge
ecg_degraded,74.10594079935707,89.47939262472886,False,0.1198864,14.985800000000001,122.26418285714286,-0.4354564570509861,0.719488316669048,0.04408923784408222,6.527450409716131,K32_R20_edge
ppg_missing,75.15321293928055,75.16703786191536,True,0.1198864,14.985800000000001,122.26418285714286,0.2519261689468049,0.7314718638418732,0.7314718638418732,15.28136966785863,K32_R20_edge
both_clean,58.49641639928821,58.49566452186771,True,0.1198864,14.985800000000001,122.26418285714286,0.26591473734128673,0.745460432236355,0.745460432236355,18.703146963946047,K32_R20_edge
ppg_missing,103.69923806068277,103.68663594470048,True,0.1198864,14.985800000000001,122.26418285714286,0.23938820980473186,0.7189339046998002,0.7189339046998002,19.49081574561966,K32_R20_edge
ecg_degraded,103.90723653479012,75.16703786191536,False,0.1198864,14.985800000000001,122.26418285714286,-0.23351220003931583,0.6183729645516154,0.24603349485575254,6.75816718966606,K32_R20_edge
ppg_degraded,107.3515979709384,94.53781512605043,False,0.1198864,14.985800000000001,122.26418285714286,-0.4795259005849822,0.6324994251796396,1.9794310086137384e-05,6.10863430344136,K32_R20_edge
ecg_degraded,94.02256164596653,97.84022604943108,True,0.1198864,14.985800000000001,122.26418285714286,0.12154653188837272,0.6010922267834411,0.6010922267834411,17.822065762212187,K32_R20_edge
ecg_degraded,102.92540801247914,103.52142128975042,True,0.1198864,14.985800000000001,122.26418285714286,0.18555660513462968,0.6651023016642711,0.6651023000296981,7.9995145255388245,K32_R20_edge
both_degraded,84.01320704893827,88.70967741935483,False,0.1198864,14.985800000000001,122.26418285714286,-0.47925782802373074,0.6162841091535504,0.00028786687133756857,6.22399577929127,K32_R20_edge
both_degraded,100.3613644913724,100.86851932575577,True,0.1198864,14.985800000000001,122.26418285714286,-0.047857900722834794,0.4316877941722336,0.4316877941722336,16.78561108390438,K32_R20_edge
both_degraded,69.56729387717948,70.67331960438135,True,0.1198864,14.985800000000001,122.26418285714286,0.19693842619250557,0.6764841210875739,0.6764841210875739,17.64442113445759,K32_R20_edge
both_clean,95.43482850432687,95.44008483563098,True,0.1198864,14.985800000000001,122.26418285714286,0.008398495886614737,0.7347779892257768,0.4879441907816831,6.88442240427752,K32_R20_edge
ecg_missing,95.52144649881647,69.99957597282956,False,0.1198864,14.985800000000001,122.26418285714286,-0.4045147661734665,0.7487263100276681,0.07503092872160184,6.574085451156356,K32_R20_edge
ppg_missing,87.0940048798768,88.23529411764709,True,0.1198864,14.985800000000001,122.26418285714286,0.2505502802676402,0.7300959751627085,0.7300959751627085,20.40527190261568,K32_R20_edge
both_clean,100.36163589451266,100.37241599349069,True,0.1198864,14.985800000000001,122.26418285714286,0.2547260402021038,0.7342717350971721,0.7342717350971721,17.71609309749359,K32_R20_edge
ppg_missing,90.57080735867447,90.65934065934067,True,0.1198864,14.985800000000001,122.26418285714286,0.2406045338200251,0.7201502287150935,0.7201502287150935,19.91794729443939,K32_R20_edge
ecg_degraded,64.94915783181364,79.49550683771639,True,0.1198864,14.985800000000001,122.26418285714286,0.05434825132447397,0.5338939462195423,0.5338939462195423,16.478133579788267,K32_R20_edge
ppg_degraded,53.094204201125216,72.64285352450902,True,0.1198864,14.985800000000001,122.26418285714286,0.06172350190009391,0.5412691967951623,0.5412691967951623,14.05012342967747,K32_R20_edge
ppg_degraded,69.55022304213219,73.81910617606097,True,0.1198864,14.985800000000001,122.26418285714286,0.12151071574943839,0.6010564106445068,0.6010564106445068,18.67821401748378,K32_R20_edge
ecg_degraded,61.71861089148965,77.19069541057775,True,0.1198864,14.985800000000001,122.26418285714286,0.045740381065061404,0.5252860759601298,0.5252860759601298,19.983435853176957,K32_R20_edge
both_degraded,104.30916701858928,104.49463064026574,True,0.1198864,14.985800000000001,122.26418285714286,0.08516078876819866,0.564706483663267,0.564706483663267,19.40698442163569,K32_R20_edge
ecg_missing,81.98802147779742,101.1410788381743,False,0.1198864,14.985800000000001,122.26418285714286,-0.47954569489506355,0.7494480157188195,4.77457048521822e-15,5.5214836586218095,K32_R20_edge
ppg_missing,93.78355113949927,93.75000000000001,True,0.1198864,14.985800000000001,122.26418285714286,0.25519326748335,0.7470550183815442,0.7347389623784183,7.213161085043301,K32_R20_edge
both_degraded,105.5050642523518,105.51948051948054,True,0.1198864,14.985800000000001,122.26418285714286,0.12895414197126986,0.6084998368663382,0.6084998368663382,15.828717507475979,K32_R20_edge
both_clean,97.43765720253697,97.5081256771398,True,0.1198864,14.985800000000001,122.26418285714286,0.267671282237446,0.7472169771325143,0.7472169771325143,19.306673837111305,K32_R20_edge
ecg_missing,101.98040463965748,102.15664018161183,False,0.1198864,14.985800000000001,122.26418285714286,-0.4752200527442149,0.7488476366521576,0.004325642150853377,6.356977331393942,K32_R20_edge
both_clean,83.63894790280656,83.65926419372606,True,0.1198864,14.985800000000001,122.26418285714286,0.2607029074880272,0.7402486023830955,0.7402486023830955,18.088748654056637,K32_R20_edge
ppg_degraded,95.53471099599916,97.65893229329228,True,0.1198864,14.985800000000001,122.26418285714286,0.14691259877392004,0.6264582936689884,0.6264582936689884,19.825181213035503,K32_R20_edge
both_degraded,107.35295102105665,107.51785831855727,True,0.1198864,14.985800000000001,122.26418285714286,0.11848345121443293,0.5980291461095013,0.5980291461095013,18.367988211537813,K32_R20_edge
ecg_missing,76.37897056908226,76.35746606334841,True,0.1198864,14.985800000000001,122.26418285714286,0.2697832128338333,0.7493289077289016,0.7493289077289016,14.455716951753974,K32_R20_edge
ecg_degraded,92.06190518465999,92.49743578078558,True,0.1198864,14.985800000000001,122.26418285714286,0.1413988891195136,0.620944584014582,0.620944584014582,19.40240461382008,K32_R20_edge
ecg_degraded,107.17732995545958,107.1428571428571,True,0.1198864,14.985800000000001,122.26418285714286,0.2262065876964584,0.7057522825915268,0.7057522825915268,18.429036078603655,K32_R20_edge
ecg_missing,64.48251929653067,67.18924972004478,True,0.1198864,14.985800000000001,122.26418285714286,0.2700744482131779,0.7496201431082462,0.7496201431082462,21.404645211225542,K32_R20_edge
both_degraded,54.32361365832301,106.44688664430453,True,0.1198864,14.985800000000001,122.26418285714286,-0.14484205919529114,0.33470363569977724,0.33470363569977724,19.39262127059185,K32_R20_edge
ecg_missing,78.84543393460577,78.86435331230285,True,0.1198864,14.985800000000001,122.26418285714286,0.2698306628535509,0.7493763577486192,0.7493763577486192,15.77191039422879,K32_R20_edge
ecg_missing,103.4266392970039,103.39342523860023,True,0.1198864,14.985800000000001,122.26418285714286,0.2690992881758119,0.7486449830708802,0.7486449830708802,14.560024514831056,K32_R20_edge
both_degraded,81.34315265007837,85.91737053329402,True,0.1198864,14.985800000000001,122.26418285714286,0.12125127315319462,0.600796968048263,0.600796968048263,19.39458659330152,K32_R20_edge
both_clean,62.37541264449959,62.351543942992876,True,0.1198864,14.985800000000001,122.26418285714286,0.2628476758216323,0.742741138212353,0.7423933707167006,7.450907851950242,K32_R20_edge
both_degraded,109.10086065270875,108.95933613201726,True,0.1198864,14.985800000000001,122.26418285714286,0.13190408839679113,0.6114543634127063,0.6114497832918595,7.66517060544381,K32_R20_edge
ecg_degraded,78.28081605611759,80.61469641978407,True,0.1198864,14.985800000000001,122.26418285714286,0.241847797376043,0.7213934922711114,0.7213934922711114,18.26488319255927,K32_R20_edge
ecg_degraded,76.23976547612564,77.44175354978192,True,0.1198864,14.985800000000001,122.26418285714286,0.19213542697607833,0.6716811218711467,0.6716811218711467,20.688457272518647,K32_R20_edge
ppg_missing,54.39640681707528,55.496828752642706,True,0.1198864,14.985800000000001,122.26418285714286,0.25832414122905417,0.7378698361241225,0.7378698361241225,19.092842276442298,K32_R20_edge
ecg_degraded,75.82156650813698,77.05963589913355,True,0.1198864,14.985800000000001,122.26418285714286,0.13904351099125933,0.6185892058863277,0.6185892058863277,17.7394774718536,K32_R20_edge
ecg_degraded,108.7314144919626,108.69565217391307,True,0.1198864,14.985800000000001,122.26418285714286,0.24859844480218085,0.7281441396972492,0.7281441396972492,17.20322288567764,K32_R20_edge
ecg_missing,76.02247880619626,76.09921082299887,True,0.1198864,14.985800000000001,122.26418285714286,0.26974122378809434,0.7492869186831627,0.7492869186831627,17.962103487260514,K32_R20_edge
both_clean,96.66004118811884,102.15664018161183,False,0.1198864,14.985800000000001,122.26418285714286,-0.4795270673551703,0.7319568785085185,1.8627539898020567e-05,6.100613271427942,K32_R20_edge
both_clean,105.693451091365,105.69144603369956,True,0.1198864,14.985800000000001,122.26418285714286,0.2635988236383216,0.7431445185333899,0.7431445185333899,17.7666350180545,K32_R20_edge
ecg_missing,50.1440547206345,50.16722408026756,True,0.1198864,14.985800000000001,122.26418285714286,0.2691420372904469,0.7497279560567974,0.7486877321855152,7.385816600316101,K32_R20_edge
both_degraded,91.52768896067195,91.51515231381057,True,0.1198864,14.985800000000001,122.26418285714286,0.23114566744381082,0.7106913623388792,0.7106913623388792,18.33424820763653,K32_R20_edge
ecg_degraded,58.554707466366175,78.09219394181373,True,0.1198864,14.985800000000001,122.26418285714286,0.044552491854415795,0.5240981867494842,0.5240981867494842,14.811461622698308,K32_R20_edge
both_clean,80.51921446158218,81.50809751784965,True,0.1198864,14.985800000000001,122.26418285714286,0.2536380468150033,0.7331837417100716,0.7331837417100716,19.996723488005223,K32_R20_edge
both_degraded,101.20236593848094,77.4971297359357,False,0.1198864,14.985800000000001,122.26418285714286,-0.47941945087196686,0.6115671810806919,0.00012624402310145805,6.186816439431267,K32_R20_edge
ppg_degraded,71.48248144255979,71.50423728813558,True,0.1198864,14.985800000000001,122.26418285714286,0.21976478286252732,0.6993104777575957,0.6993104777575957,16.32772325039064,K32_R20_edge
both_degraded,93.18707979733608,102.4835165882194,False,0.1198864,14.985800000000001,122.26418285714286,-0.47954536674527126,0.5388708072628347,3.281497970497781e-07,5.969807651913635,K32_R20_edge
ecg_missing,67.15337779623344,67.11409395973155,True,0.1198864,14.985800000000001,122.26418285714286,0.2699917253506499,0.7495374481150405,0.7495374202457182,7.8943282692043075,K32_R20_edge
ppg_missing,85.8126442587473,85.81235697940504,True,0.1198864,14.985800000000001,122.26418285714286,0.24582732373201932,0.7253730186270877,0.7253730186270877,17.251014637051252,K32_R20_edge
ppg_missing,93.9348520065074,93.94572025052193,True,0.1198864,14.985800000000001,122.26418285714286,0.24380204652659165,0.72334774142166,0.72334774142166,17.746546251420646,K32_R20_edge
both_clean,82.41534386952816,82.41758241758242,True,0.1198864,14.985800000000001,122.26418285714286,0.2704470065923034,0.7499927014873717,0.7499927014873717,16.252519909246512,K32_R20_edge
ecg_degraded,69.46445865393426,70.31649860059908,True,0.1198864,14.985800000000001,122.26418285714286,0.1957278365584867,0.6752735314535551,0.6752735314535551,15.76858614480114,K32_R20_edge
both_degraded,94.38385887767507,96.47080196293497,True,0.1198864,14.985800000000001,122.26418285714286,0.10504988472151622,0.5845955796165846,0.5845955796165846,18.221456577536042,K32_R20_edge
ppg_degraded,58.27751190177461,76.48699536099367,True,0.1198864,14.985800000000001,122.26418285714286,0.03157839791920492,0.5111240928142733,0.5111240928142733,16.015572792217377,K32_R20_edge
ecg_degraded,69.80097055075444,72.38787848007125,True,0.1198864,14.985800000000001,122.26418285714286,0.1310930826887281,0.6106387775837965,0.6106387775837965,19.080209293007567,K32_R20_edge
ppg_degraded,97.18932963248773,97.14782646457463,True,0.1198864,14.985800000000001,122.26418285714286,0.1596683078779958,0.6392140027730642,0.6392140027730642,16.600583417592254,K32_R20_edge
both_degraded,80.06166538618686,85.88430533255499,False,0.1198864,14.985800000000001,122.26418285714286,-0.4600843620953801,0.5482882123898382,0.019461332799688178,6.481581479469073,K32_R20_edge
ppg_missing,55.63893011228827,57.69230769230769,True,0.1198864,14.985800000000001,122.26418285714286,0.26149315569573855,0.7410388505908069,0.7410388505908069,17.661467143937884,K32_R20_edge
ppg_degraded,90.68505768820889,90.61115734530078,True,0.1198864,14.985800000000001,122.26418285714286,0.14796590118252817,0.7042310953477331,0.6275115960775965,7.037644209662863,K32_R20_edge
ppg_missing,104.92245015340077,104.83870967741937,True,0.1198864,14.985800000000001,122.26418285714286,0.2428357607734919,0.7223814556685603,0.7223814556685603,18.508222334129837,K32_R20_edge
ppg_missing,60.296640936736566,60.275545350172216,True,0.1198864,14.985800000000001,122.26418285714286,0.2588562591981733,0.7384019540932416,0.7384019540932416,17.9804546547593,K32_R20_edge
both_clean,105.11881549562801,105.12007853589296,True,0.1198864,14.985800000000001,122.26418285714286,0.2533230065400311,0.7328687014350994,0.7328687014350994,8.964778086881735,K32_R20_edge
ecg_missing,50.26648426135052,50.279329608938546,True,0.1198864,14.985800000000001,122.26418285714286,0.27018053757113475,0.7497262324662031,0.7497262324662031,17.19088008227005,K32_R20_edge
ecg_degraded,107.26322132805684,107.26072607260723,True,0.1198864,14.985800000000001,122.26418285714286,0.1691638316805525,0.6606986880481525,0.6487095265756209,7.205488145756804,K32_R20_edge
ecg_missing,86.55323492090807,100.165073316105,False,0.1198864,14.985800000000001,122.26418285714286,-0.30501209693210823,0.749116854268247,0.17453359796296009,6.672729240970773,K32_R20_edge
both_degraded,65.4865983410516,91.19608028988513,True,0.1198864,14.985800000000001,122.26418285714286,0.012188620025025415,0.4917343149200938,0.4917343149200938,16.082653269072285,K32_R20_edge
ppg_missing,59.87002258549105,90.61115734530078,False,0.1198864,14.985800000000001,122.26418285714286,-0.47953183615245565,0.7392779653495485,1.3858742612646855e-05,6.08893079795758,K32_R20_edge
ppg_missing,76.22420493982926,78.20646506777894,True,0.1198864,14.985800000000001,122.26418285714286,0.2494826751234953,0.7290283700185637,0.7290283700185637,19.04111683155627,K32_R20_edge
both_clean,75.92313058451973,75.92800899887514,True,0.1198864,14.985800000000001,122.26418285714286,0.26092887194963826,0.7404745668447066,0.7404745668447066,19.889916307370836,K32_R20_edge
ppg_degraded,80.3761077530467,80.38585209003217,True,0.1198864,14.985800000000001,122.26418285714286,0.22155594029299885,0.7011016351880672,0.7011016351880672,17.600921274945517,K32_R20_edge
ecg_degraded,81.03219345743881,82.33408168772299,True,0.1198864,14.985800000000001,122.26418285714286,0.18340406716418312,0.6629497620592515,0.6629497620592515,18.23539691857109,K32_R20_edge
ecg_missing,55.2066755429177,57.81938325991189,True,0.1198864,14.985800000000001,122.26418285714286,0.2701963910390615,0.7497420859341298,0.7497420859341298,18.893717385607392,K32_R20_edge
ecg_degraded,64.90121248519786,83.15174518595087,True,0.1198864,14.985800000000001,122.26418285714286,0.041982314144680684,0.521528009039749,0.521528009039749,17.09158569299677,K32_R20_edge
both_degraded,58.70557950256112,113.31230428999466,True,0.1198864,14.985800000000001,122.26418285714286,-0.15700245072454705,0.3225432441705213,0.3225432441705213,20.752872530004396,K32_R20_edge
both_degraded,99.1900156904223,101.0262710905674,True,0.1198864,14.985800000000001,122.26418285714286,-0.013799321171436668,0.4657463737236317,0.4657463737236317,16.677557195884695,K32_R20_edge
ppg_missing,59.053888392594835,91.95278358504721,False,0.1198864,14.985800000000001,122.26418285714286,-0.41337332734132826,0.7499959848781791,0.06617236755374005,6.561429529603153,K32_R20_edge
ecg_degraded,89.99928678974085,91.12720871748161,True,0.1198864,14.985800000000001,122.26418285714286,0.23306912520853518,0.7126148201036036,0.7126148201036036,18.101770833557907,K32_R20_edge
both_degraded,55.30341602142083,84.63494618721859,True,0.1198864,14.985800000000001,122.26418285714286,-0.002911883667482512,0.47663381122758586,0.47663381122758586,16.546733509310148,K32_R20_edge
ppg_missing,89.1846060635331,92.11873080859775,True,0.1198864,14.985800000000001,122.26418285714286,0.24462604531212206,0.7241717402071904,0.7241717402071904,16.387744679538766,K32_R20_edge
ppg_degraded,76.08553471021665,77.35124571715303,True,0.1198864,14.985800000000001,122.26418285714286,0.2213856536040082,0.7009313484990766,0.7009313484990766,21.108465473450266,K32_R20_edge
ppg_degraded,80.17572258557351,82.49829040290636,True,0.1198864,14.985800000000001,122.26418285714286,0.2232781014603007,0.7028237963553691,0.7028237963553691,17.099383153823112,K32_R20_edge
ppg_degraded,94.89076909166499,95.02191996602089,True,0.1198864,14.985800000000001,122.26418285714286,0.18184470224919003,0.6613903971442584,0.6613903971442584,19.27394868360853,K32_R20_edge
both_clean,68.60385861321429,70.83335182821101,True,0.1198864,14.985800000000001,122.26418285714286,0.26108561310905426,0.7406313080041226,0.7406313080041226,17.36398939646858,K32_R20_edge
ppg_missing,91.74430611932853,91.76863181312571,True,0.1198864,14.985800000000001,122.26418285714286,0.2432240487776175,0.7227697436726859,0.7227697436726859,19.00917984172085,K32_R20_edge
ppg_missing,104.83607069682165,104.83870967741937,True,0.1198864,14.985800000000001,122.26418285714286,0.23679332443000556,0.7163390193250739,0.7163390193250739,17.99617549439303,K32_R20_edge
ecg_missing,94.19554488336087,94.17808219178083,True,0.1198864,14.985800000000001,122.26418285714286,0.2696046375897229,0.7491522030863262,0.7491503324847912,7.715881885883003,K32_R20_edge
both_clean,85.96465708521771,93.75000000000001,False,0.1198864,14.985800000000001,122.26418285714286,-0.4649980109372967,0.7386804126924625,0.014547683957771595,6.437240463444317,K32_R20_edge
ecg_missing,91.41354457016463,91.46341463414635,True,0.1198864,14.985800000000001,122.26418285714286,0.2702280832520711,0.7497737781471394,0.7497737781471394,17.869182664454414,K32_R20_edge
both_clean,103.54909859611152,103.50916949233479,True,0.1198864,14.985800000000001,122.26418285714286,0.25257953735418465,0.732125232249253,0.732125232249253,18.185665847706076,K32_R20_edge
both_degraded,51.50828051332492,103.7909984950658,True,0.1198864,14.985800000000001,122.26418285714286,-0.01695019637999495,0.4625954985150734,0.4625954985150734,18.064510554765935,K32_R20_edge
both_clean,109.66612231261989,109.60334029227555,True,0.1198864,14.985800000000001,122.26418285714286,0.2522009000778221,0.7317465949728904,0.7317465949728904,17.11289669535787,K32_R20_edge
ecg_missing,78.04483515365125,78.125,True,0.1198864,14.985800000000001,122.26418285714286,0.26979385667159467,0.7493413741760158,0.749339551566663,7.717068939719632,K32_R20_edge
both_clean,103.64208210335575,103.66939625552354,True,0.1198864,14.985800000000001,122.26418285714286,0.25460137260884647,0.7341470675039147,0.7341470675039148,8.789578369698996,K32_R20_edge
both_degraded,53.46925388281088,104.98016089493649,True,0.1198864,14.985800000000001,122.26418285714286,-0.06845192693297963,0.41109376796208874,0.41109376796208874,18.03273849702492,K32_R20_edge
ecg_missing,67.01913362430795,69.51596292481977,True,0.1198864,14.985800000000001,122.26418285714286,0.2701869871906863,0.7497326820857546,0.7497326820857546,15.996325123952964,K32_R20_edge
ppg_missing,83.46810161530368,83.51893095768375,True,0.1198864,14.985800000000001,122.26418285714286,0.2453815926539581,0.7249272875490265,0.7249272875490265,20.601817475273513,K32_R20_edge
both_clean,84.13224939729196,85.39717135423997,True,0.1198864,14.985800000000001,122.26418285714286,0.25478734392664054,0.7343330388217179,0.7343330388217089,8.412362693696377,K32_R20_edge
ppg_degraded,106.38734858607296,106.56749751315522,True,0.1198864,14.985800000000001,122.26418285714286,0.1641689805201294,0.6437146754151978,0.6437146754151978,18.91968497118511,K32_R20_edge
both_degraded,68.94464921578327,76.72188170199432,True,0.1198864,14.985800000000001,122.26418285714286,-0.06999700751847443,0.40954868737659395,0.40954868737659395,18.173115022729448,K32_R20_edge
ecg_missing,64.30669034884767,64.33823529411764,True,0.1198864,14.985800000000001,122.26418285714286,0.2699991334840299,0.7495448283790982,0.7495448283790982,18.027867191868427,K32_R20_edge
both_clean,88.06215147038176,88.0469583778015,True,0.1198864,14.985800000000001,122.26418285714286,0.2570091568907635,0.7365548517858318,0.7365548517858318,19.605033343978956,K32_R20_edge
both_degraded,59.76286314538035,114.6104160703565,True,0.1198864,14.985800000000001,122.26418285714286,-0.12457515067968206,0.3549705442153863,0.3549705442153863,17.691243984002902,K32_R20_edge
ecg_degraded,104.76527681994546,104.75882350776197,True,0.1198864,14.985800000000001,122.26418285714286,0.1406504963132026,0.620196191208271,0.620196191208271,9.609593570682037,K32_R20_edge
both_degraded,63.96722286037602,107.94354594046293,True,0.1198864,14.985800000000001,122.26418285714286,-0.16011313877474648,0.3194325561203219,0.3194325561203219,19.82348178543336,K32_R20_edge
ppg_missing,50.20723676532712,50.223214285714285,True,0.1198864,14.985800000000001,122.26418285714286,0.2629780556841094,0.7425237505791777,0.7425237505791777,17.93286100005077,K32_R20_edge
ppg_degraded,87.59086377436623,88.28278669314976,True,0.1198864,14.985800000000001,122.26418285714286,0.24814394849135402,0.7276896433864224,0.7276896433864224,18.9846411380408,K32_R20_edge
both_degraded,63.61666739451324,123.38515145459601,True,0.1198864,14.985800000000001,122.26418285714286,-0.18382016298762593,0.29572553190744244,0.29572553190744244,18.148156025923043,K32_R20_edge
ecg_missing,104.86922972081638,104.83870967741937,True,0.1198864,14.985800000000001,122.26418285714286,0.2694702155204714,0.7490159104155397,0.7490159104155397,18.612976970708676,K32_R20_edge
ppg_degraded,56.289730518093165,76.47476277117633,True,0.1198864,14.985800000000001,122.26418285714286,0.04079552481348437,0.5203412197085527,0.5203412197085527,16.11857245250092,K32_R20_edge
ecg_degraded,80.07001096093526,100.165073316105,False,0.1198864,14.985800000000001,122.26418285714286,-0.4785545166074456,0.6703962352749646,0.0009911782876227343,6.280891365182811,K32_R20_edge
both_clean,86.01484954629464,85.97384864159933,True,0.1198864,14.985800000000001,122.26418285714286,0.25911338943389334,0.7386590843289617,0.7386590843289617,21.16680879345347,K32_R20_edge
ppg_missing,79.81836088913802,91.74398527249407,False,0.1198864,14.985800000000001,122.26418285714286,0.18409306329923036,0.7476692966332548,0.6636387581942987,7.03413789144442,K32_R20_edge
ppg_missing,53.6278677989227,53.63528009535161,True,0.1198864,14.985800000000001,122.26418285714286,0.2612606451860144,0.7408183055690998,0.7408063400810827,7.628411774759427,K32_R20_edge
ppg_missing,81.15993021934881,81.16883116883118,True,0.1198864,14.985800000000001,122.26418285714286,0.24958461883842553,0.7291303137334939,0.7291303137334939,17.593035874801927,K32_R20_edge
ppg_missing,57.79483225939751,60.72874493927126,True,0.1198864,14.985800000000001,122.26418285714286,0.2587767191340246,0.7383224140290929,0.7383224140290929,17.36554164030284,K32_R20_edge
ecg_degraded,52.636854390389196,68.0955359056074,True,0.1198864,14.985800000000001,122.26418285714286,0.04945592561296298,0.5290016205080313,0.5290016205080313,18.814960638626648,K32_R20_edge
ecg_missing,104.39459813258493,104.50160771704182,True,0.1198864,14.985800000000001,122.26418285714286,0.2692293311211051,0.7487750260161734,0.7487750260161734,17.512527483135248,K32_R20_edge
ppg_missing,65.62058114269043,65.57377049180327,True,0.1198864,14.985800000000001,122.26418285714286,0.25819632244991414,0.7377420173449825,0.7377420173449825,16.108779435262537,K32_R20_edge
ecg_degraded,54.23862859493845,73.62932546549531,True,0.1198864,14.985800000000001,122.26418285714286,0.06461642244324295,0.5441621173383113,0.5441621173383113,18.574878899172464,K32_R20_edge
ppg_degraded,50.74456564313958,71.47658477033642,True,0.1198864,14.985800000000001,122.26418285714286,0.07274072787069241,0.5522864227757132,0.5522864227657608,8.175611408495097,K32_R20_edge
ppg_missing,101.85175906012776,102.95670538542768,True,0.1198864,14.985800000000001,122.26418285714286,0.236164821945968,0.7157109280133466,0.7157105168410364,7.780769093687516,K32_R20_edge
ppg_missing,101.42290839903728,101.45681581685747,True,0.1198864,14.985800000000001,122.26418285714286,0.2270357473599851,0.7065814422550535,0.7065814422550535,9.712425926332928,K32_R20_edge
ppg_degraded,94.66424562159722,94.78061808013936,True,0.1198864,14.985800000000001,122.26418285714286,0.22076253438955928,0.7003082292846277,0.7003082292846277,17.993414138779457,K32_R20_edge
ecg_degraded,97.52903321867727,97.55358222022348,True,0.1198864,14.985800000000001,122.26418285714286,0.19003586819950358,0.669581563094572,0.669581563094572,18.531955849479555,K32_R20_edge
both_clean,66.68929667322413,69.58658870431053,True,0.1198864,14.985800000000001,122.26418285714286,0.26272667852007686,0.7422723734151452,0.7422723734151452,16.0581984140133,K32_R20_edge
ppg_missing,84.97019791121005,84.96395468589084,True,0.1198864,14.985800000000001,122.26418285714286,0.24884591833940883,0.7283916132344772,0.7283916132344772,16.278873543572903,K32_R20_edge
ecg_degraded,94.15447921812222,97.80451444208201,True,0.1198864,14.985800000000001,122.26418285714286,0.13646667364103382,0.6160123685361022,0.6160123685361022,20.287947114722236,K32_R20_edge
ecg_degraded,64.97726112425129,77.49541963455562,True,0.1198864,14.985800000000001,122.26418285714286,0.06835359433708155,0.5478992892321499,0.5478992892321499,15.143521412932406,K32_R20_edge
ppg_missing,93.87544419362492,95.84664536741214,True,0.1198864,14.985800000000001,122.26418285714286,0.24224483325175838,0.7217905281468268,0.7217905281468268,17.774736618631966,K32_R20_edge
both_degraded,97.83916095238945,97.69279617395658,True,0.1198864,14.985800000000001,122.26418285714286,0.12792776055478527,0.6074734554498536,0.6074734554498536,17.162206364560575,K32_R20_edge
both_clean,81.29957968079609,81.34490238611714,True,0.1198864,14.985800000000001,122.26418285714286,0.2616773173210441,0.7412230122161124,0.7412230122161124,15.321055739431273,K32_R20_edge
both_clean,88.6265144827783,90.06134950639208,True,0.1198864,14.985800000000001,122.26418285714286,0.25242242330875136,0.7319681182038197,0.7319681182038197,15.856897068017235,K32_R20_edge
ppg_degraded,51.5384359823914,55.46565977918526,True,0.1198864,14.985800000000001,122.26418285714286,0.1867302136555351,0.6662759085506035,0.6662759085506035,17.679834775414147,K32_R20_edge
ppg_degraded,72.60558638788038,75.40765213612298,True,0.1198864,14.985800000000001,122.26418285714286,0.2176392922294269,0.6971849871244953,0.6971849871244953,15.586479289951262,K32_R20_edge
both_clean,69.31916360649012,69.83738846383932,True,0.1198864,14.985800000000001,122.26418285714286,0.25919765238523956,0.7387433472803079,0.7387433472803079,18.683097496500825,K32_R20_edge
ppg_missing,71.55628372287003,72.65877287405813,True,0.1198864,14.985800000000001,122.26418285714286,0.2572455645431118,0.7367912594381801,0.7367912594381801,18.60490693629279,K32_R20_edge
ecg_missing,105.4957443575509,94.53781512605043,False,0.1198864,14.985800000000001,122.26418285714286,-0.4795456948911154,0.7489292685245847,3.952887458187863e-12,5.661546931144654,K32_R20_edge
ppg_missing,106.48593939729395,106.44104803493447,True,0.1198864,14.985800000000001,122.26418285714286,0.23408578695823423,0.7136314818533026,0.7136314818533026,18.121582729094147,K32_R20_edge
ppg_degraded,53.56425383985965,69.61786418437669,True,0.1198864,14.985800000000001,122.26418285714286,0.09825483645659483,0.5778005313516632,0.5778005313516632,16.69141532576976,K32_R20_edge
ppg_degraded,85.05615023663799,85.71553758040221,True,0.1198864,14.985800000000001,122.26418285714286,0.24639187335468082,0.7259375682497492,0.7259375682497492,18.626849739361326,K32_R20_edge
ppg_missing,61.88515845173944,63.89776357827476,True,0.1198864,14.985800000000001,122.26418285714286,0.26070841411895035,0.7402541090140187,0.7402541090140187,18.09524322914978,K32_R20_edge
ppg_degraded,89.12294952756082,88.89895685365804,True,0.1198864,14.985800000000001,122.26418285714286,0.14690284083602245,0.6264485357310908,0.6264485357310908,16.454060490205137,K32_R20_edge
both_degraded,108.44357820614222,109.02242722222327,True,0.1198864,14.985800000000001,122.26418285714286,0.02940724389936034,0.5089529387944286,0.5089529387944287,8.813014497933347,K32_R20_edge
ppg_degraded,58.60237475872868,73.22608435845818,True,0.1198864,14.985800000000001,122.26418285714286,0.11031459541785771,0.5898602903129261,0.5898602903129261,17.865148202837403,K32_R20_edge
ppg_degraded,73.16868729910307,75.77882600465803,True,0.1198864,14.985800000000001,122.26418285714286,0.17512083262502542,0.6546665275200938,0.6546665275200938,17.56203350030292,K32_R20_edge
both_clean,70.49244881164228,71.81029771845574,True,0.1198864,14.985800000000001,122.26418285714286,0.2568912647972024,0.7364369596922707,0.7364369596922707,18.29710992494504,K32_R20_edge
ecg_missing,92.57808159503017,92.59259259259261,True,0.1198864,14.985800000000001,122.26418285714286,0.27043565609026526,0.7499813509853336,0.7499813509853336,20.55989192587194,K32_R20_edge
ppg_degraded,98.83404514576314,99.91918111996522,True,0.1198864,14.985800000000001,122.26418285714286,0.14874019954631112,0.6282859178151671,0.6282858944413795,7.894306296955345,K32_R20_edge
ecg_missing,52.71672717536007,55.20504731861198,True,0.1198864,14.985800000000001,122.26418285714286,0.2702387814033828,0.7497844762984511,0.7497844762984511,19.265294737433397,K32_R20_edge
ecg_missing,62.43068235837943,62.425683709869205,True,0.1198864,14.985800000000001,122.26418285714286,0.27004547850805644,0.7495911734031248,0.7495911734031248,17.574006825117582,K32_R20_edge
both_clean,72.32608775009383,72.30803382649057,True,0.1198864,14.985800000000001,122.26418285714286,0.26031316271385757,0.7398588576089259,0.7398588576089259,17.21026028845986,K32_R20_edge
ecg_degraded,107.63946856885809,107.6158940397351,True,0.1198864,14.985800000000001,122.26418285714286,0.14350702937526483,0.6230527242703332,0.6230527242703332,19.984386350112718,K32_R20_edge
ppg_missing,95.72098214272526,62.72401433691757,False,0.1198864,14.985800000000001,122.26418285714286,-0.47888535064622634,0.723067786862601,0.0006603442488419624,6.256398614395555,K32_R20_edge
ppg_missing,87.62155004321497,87.67268862911797,True,0.1198864,14.985800000000001,122.26418285714286,0.24593788904452085,0.7254835839395892,0.7254835839395892,17.16154800159514,K32_R20_edge
ppg_degraded,107.98985528042422,108.5794675660951,True,0.1198864,14.985800000000001,122.26418285714286,0.23898843359,0.7185341284850684,0.7185341284850684,18.684812808324953,K32_R20_edge
ppg_degraded,73.7379081071041,76.98107025964298,True,0.1198864,14.985800000000001,122.26418285714286,0.14213395510035598,0.6216796499954244,0.6216796499954244,12.301534127880158,K32_R20_edge
both_clean,98.08019290608877,98.14612868047985,True,0.1198864,14.985800000000001,122.26418285714286,0.255009738954681,0.7345554338497493,0.7345554338497493,18.07713105962584,K32_R20_edge
both_clean,64.95580184816362,65.50222050208372,True,0.1198864,14.985800000000001,122.26418285714286,0.17754581367475886,0.741122566949121,0.6570915085698272,7.0331426258924585,K32_R20_edge
ecg_degraded,65.63809934296081,76.2664072731866,True,0.1198864,14.985800000000001,122.26418285714286,0.12550744484118403,0.6050531397362524,0.6050531397362524,17.371203729367537,K32_R20_edge
both_clean,104.95931671613143,104.95156081808399,True,0.1198864,14.985800000000001,122.26418285714286,0.25366286262191723,0.7332085575169855,0.7332085575169855,18.750080569796392,K32_R20_edge
ppg_missing,99.11209819820691,99.11894273127756,True,0.1198864,14.985800000000001,122.26418285714286,0.24304599686155004,0.7225916917566184,0.7225916917566184,18.485901156588824,K32_R20_edge
ecg_degraded,87.46721450338822,87.48674443266174,True,0.1198864,14.985800000000001,122.26418285714286,0.15381916515982175,0.6426905135947427,0.6333648600548901,7.223223758869522,K32_R20_edge
both_clean,59.56969856794706,106.32497273718649,False,0.1198864,14.985800000000001,122.26418285714286,-0.4076590278014161,0.7445054559810236,0.07188666709365221,6.570345687903258,K32_R20_edge
ppg_missing,68.85844496978018,68.80733944954129,True,0.1198864,14.985800000000001,122.26418285714286,0.2638357731531413,0.7433814680482096,0.7433814680482096,18.74320527047349,K32_R20_edge
ecg_missing,105.51701658266563,105.51948051948055,True,0.1198864,14.985800000000001,122.26418285714286,0.2692197510854933,0.7487654459805616,0.7487654459805616,19.84915917518968,K32_R20_edge
both_clean,77.30250624438122,79.5859350239657,True,0.1198864,14.985800000000001,122.26418285714286,0.24733850939152013,0.7268842042865885,0.7268842042865885,17.626912361401462,K32_R20_edge
ppg_degraded,52.62293296012962,71.59808485653431,True,0.1198864,14.985800000000001,122.26418285714286,0.058332179066419416,0.5378778739614878,0.5378778739614878,19.80912275646783,K32_R20_edge
both_clean,64.0005568249805,64.55003005057557,True,0.1198864,14.985800000000001,122.26418285714286,0.25959585851751993,0.7395994287090087,0.7391415534125882,7.43463106423927,K32_R20_edge
ppg_degraded,85.37838677600787,86.51411648845878,True,0.1198864,14.985800000000001,122.26418285714286,0.2205313071806868,0.7000770020757552,0.7000770020757552,20.607860760242716,K32_R20_edge
ppg_missing,101.67660470214238,101.66840458811264,True,0.1198864,14.985800000000001,122.26418285714286,0.2396574804325775,0.7192031753276459,0.7192031753276459,17.129021568296423,K32_R20_edge
both_clean,77.34365074603038,77.88518775881505,True,0.1198864,14.985800000000001,122.26418285714286,0.26765952282006816,0.7472052177151365,0.7472052177151365,20.649942060343495,K32_R20_edge
ecg_degraded,64.86106418226552,73.66873094500296,True,0.1198864,14.985800000000001,122.26418285714286,0.08806805473814705,0.5676137496332154,0.5676137496332154,17.109914303548543,K32_R20_edge
both_degraded,97.66837676760471,98.29962063039994,True,0.1198864,14.985800000000001,122.26418285714286,0.12167472371187826,0.6012204186069466,0.6012204186069466,17.478310289108357,K32_R20_edge
ppg_missing,68.63485128930633,68.64988558352402,True,0.1198864,14.985800000000001,122.26418285714286,0.2557533246022385,0.7352990194973068,0.7352990194973068,18.256247811304885,K32_R20_edge
ecg_degraded,66.07051144962759,69.79789952403517,True,0.1198864,14.985800000000001,122.26418285714286,0.19417236119541847,0.6737180560904868,0.6737180560904868,18.710118757653216,K32_R20_edge
ecg_degraded,84.68636895262009,85.67940358085774,True,0.1198864,14.985800000000001,122.26418285714286,0.18403249191953086,0.6635781868145992,0.6635781868145992,14.912412354147621,K32_R20_edge
ecg_missing,80.98140137416036,80.99352051835854,True,0.1198864,14.985800000000001,122.26418285714286,0.2697275070418657,0.749273201936934,0.749273201936934,17.18900025042817,K32_R20_edge
both_clean,101.79044879617689,101.82674587429176,True,0.1198864,14.985800000000001,122.26418285714286,0.2560953074070566,0.7356410023021249,0.7356410023021249,20.581654851120675,K32_R20_edge
ppg_missing,77.17600641053895,77.23995880535531,True,0.1198864,14.985800000000001,122.26418285714286,0.25549859093152955,0.7350895098600045,0.7350442858265979,7.5614830119226255,K32_R20_edge
both_clean,88.74310476216584,88.70967741935483,True,0.1198864,14.985800000000001,122.26418285714286,0.2597489961231572,0.7392946910182255,0.7392946910182255,22.08916263377385,K32_R20_edge
ecg_degraded,77.46641464427464,78.25637205387942,True,0.1198864,14.985800000000001,122.26418285714286,0.18999279287639192,0.6695384877714603,0.6695384877714603,18.279572672922214,K32_R20_edge
ppg_degraded,90.55383775743998,91.76520109348999,True,0.1198864,14.985800000000001,122.26418285714286,0.13306394137160815,0.6126096362666765,0.6126096362666765,18.510414733059793,K32_R20_edge
ppg_degraded,104.0587949444397,104.61028605624838,True,0.1198864,14.985800000000001,122.26418285714286,0.24261977973453375,0.7221654746296021,0.7221654746296021,19.255860481394002,K32_R20_edge
ecg_degraded,55.80146916189781,75.92591025907062,True,0.1198864,14.985800000000001,122.26418285714286,0.04949468050504203,0.5290403754001104,0.5290403754001104,15.978931799548139,K32_R20_edge
ecg_missing,103.64288846610246,103.72340425531918,True,0.1198864,14.985800000000001,122.26418285714286,0.2692272029352167,0.748772897830285,0.748772897830285,16.90101257968325,K32_R20_edge
both_clean,104.13364000012407,104.11099654932778,True,0.1198864,14.985800000000001,122.26418285714286,0.26828198484649896,0.7478276797415673,0.7478276797415673,16.806039683923956,K32_R20_edge
both_degraded,71.6710304698551,71.62236060708092,True,0.1198864,14.985800000000001,122.26418285714286,0.15021221694610187,0.6297579118411862,0.6297579118411702,8.390106819108322,K32_R20_edge
ppg_degraded,50.20270743994816,67.05475369573756,True,0.1198864,14.985800000000001,122.26418285714286,0.046454710590443156,0.5260004054855115,0.5260004054855115,18.04016193930801,K32_R20_edge
ppg_missing,77.54181645453272,77.4971297359357,True,0.1198864,14.985800000000001,122.26418285714286,0.2522921170417178,0.7318378119367861,0.7318378119367861,18.262790026136155,K32_R20_edge
ecg_degraded,90.52404001248587,91.44201401302735,True,0.1198864,14.985800000000001,122.26418285714286,0.23693240091162504,0.7164780958066934,0.7164780958066934,21.11303393827228,K32_R20_edge
ecg_missing,62.00404057652354,61.98347107438017,True,0.1198864,14.985800000000001,122.26418285714286,0.2704208919643358,0.7499665868594041,0.7499665868594041,16.454598255852897,K32_R20_edge
both_clean,60.96637830693399,62.23400873643256,True,0.1198864,14.985800000000001,122.26418285714286,0.26585114583292063,0.7453968407389198,0.745396840727989,8.182665742342287,K32_R20_edge
ecg_missing,71.81876571851365,74.42116868798236,True,0.1198864,14.985800000000001,122.26418285714286,0.26979438159568686,0.7493400764907552,0.7493400764907552,15.495100427276263,K32_R20_edge
ecg_missing,103.90491509853507,103.92609699769056,True,0.1198864,14.985800000000001,122.26418285714286,0.2694026250939992,0.7489483199890675,0.7489483199890675,16.274594152715693,K32_R20_edge
ppg_missing,85.9726502385368,87.11721224920804,True,0.1198864,14.985800000000001,122.26418285714286,0.25030783070497414,0.7298535256000425,0.7298535256000425,18.146668396107977,K32_R20_edge
both_clean,91.90608940073989,91.9229218808842,True,0.1198864,14.985800000000001,122.26418285714286,0.2568707130654894,0.7364164079605577,0.7364164079605577,18.113082658490086,K32_R20_edge
ecg_missing,85.26224048689855,85.32423208191128,True,0.1198864,14.985800000000001,122.26418285714286,0.2691575646970416,0.7487032595921099,0.7487032595921099,17.890507259666247,K32_R20_edge
ecg_missing,90.52082391939832,90.46052631578948,True,0.1198864,14.985800000000001,122.26418285714286,0.26976080131234587,0.7493064962074142,0.7493064962074142,19.579271314100527,K32_R20_edge
ppg_degraded,76.188060182772,85.88430533255499,False,0.1198864,14.985800000000001,122.26418285714286,-0.479545692051238,0.7058794843132885,2.8438303323698556e-09,5.823369806172769,K32_R20_edge
ppg_degraded,79.88933291989892,82.49647317931607,True,0.1198864,14.985800000000001,122.26418285714286,0.214784091053575,0.6943297859486434,0.6943297859486434,15.726317023947718,K32_R20_edge
ecg_degraded,56.421043352792225,72.38184598586056,True,0.1198864,14.985800000000001,122.26418285714286,0.04061269545213953,0.5201583903472079,0.5201583903472079,19.40912884498846,K32_R20_edge
ppg_missing,109.78774774624159,109.71786833855798,True,0.1198864,14.985800000000001,122.26418285714286,0.23792323217977052,0.7174689270748389,0.7174689270748389,21.30005350300936,K32_R20_edge
ecg_missing,60.128370026863465,60.13745704467354,True,0.1198864,14.985800000000001,122.26418285714286,0.27010221882286617,0.7496479137179345,0.7496479137179345,19.062397925323317,K32_R20_edge
ppg_missing,99.04986267952002,101.03626943005185,True,0.1198864,14.985800000000001,122.26418285714286,0.24183038485435016,0.7213760797494185,0.7213760797494185,18.653580559807754,K32_R20_edge
ecg_degraded,88.07042609433276,89.13641171457093,True,0.1198864,14.985800000000001,122.26418285714286,0.142123012791189,0.6216687076862574,0.6216687076862574,18.46306140564732,K32_R20_edge
ecg_degraded,95.10736880250505,95.13742071881607,True,0.1198864,14.985800000000001,122.26418285714286,0.16656544616246938,0.6461111410575378,0.6461111410575378,17.075435146120434,K32_R20_edge
ppg_missing,81.78603637068429,81.78844056706653,True,0.1198864,14.985800000000001,122.26418285714286,0.25070549895234767,0.730251193847416,0.730251193847416,17.199257966729522,K32_R20_edge
ppg_missing,83.06257025047077,85.0515463917526,True,0.1198864,14.985800000000001,122.26418285714286,0.24819556906440854,0.7277412639594769,0.7277412639594769,16.844212594086255,K32_R20_edge
ppg_degraded,70.56800026877174,70.60366657667727,True,0.1198864,14.985800000000001,122.26418285714286,0.22612962081910226,0.7056753157141706,0.7056753157141706,18.517981150096997,K32_R20_edge
ppg_missing,54.683519804967304,54.67800729040096,True,0.1198864,14.985800000000001,122.26418285714286,0.26089396533127335,0.7404396602263417,0.7404396602263417,17.646843927839605,K32_R20_edge
both_clean,87.73986993552992,90.07030096115739,True,0.1198864,14.985800000000001,122.26418285714286,0.2589431737316898,0.7384888686267581,0.7384888686267581,17.788299209083405,K32_R20_edge
both_clean,86.8808683197735,87.42256065292506,True,0.1198864,14.985800000000001,122.26418285714286,0.25804810323827404,0.7375937981333424,0.7375937981333424,16.88587857557533,K32_R20_edge
ecg_missing,69.84705454851294,72.42489270386265,True,0.1198864,14.985800000000001,122.26418285714286,0.2699473341651873,0.7494930290602556,0.7494930290602556,19.575439573062724,K32_R20_edge
both_clean,105.18803681475484,91.95278358504721,False,0.1198864,14.985800000000001,122.26418285714286,-0.47941265362518326,0.7325348505075975,0.00013304126988508607,6.181189921779031,K32_R20_edge
both_degraded,105.65252642279037,106.33376185257023,True,0.1198864,14.985800000000001,122.26418285714286,0.0450461034561327,0.5245917983512011,0.5245917983512011,17.679711856602644,K32_R20_edge
ecg_missing,71.992335798484,74.66814159292035,True,0.1198864,14.985800000000001,122.26418285714286,0.270016606833636,0.7495623017287043,0.7495623017287043,16.866140525752634,K32_R20_edge
ppg_degraded,77.73589512793109,79.2808362716976,True,0.1198864,14.985800000000001,122.26418285714286,0.24500449964378068,0.7245501945388491,0.7245501945388491,19.40704590200762,K32_R20_edge
both_degraded,62.88557755748617,122.44141218980239,True,0.1198864,14.985800000000001,122.26418285714286,-0.12071396252864697,0.3588317323664214,0.3588317323664214,18.58668993909298,K32_R20_edge
ppg_degraded,93.25302847409056,93.31307333385959,True,0.1198864,14.985800000000001,122.26418285714286,0.24812281176514317,0.7276685066602115,0.7276685066602115,20.22607911973335,K32_R20_edge
ppg_degraded,61.648203904895084,81.1619332768606,True,0.1198864,14.985800000000001,122.26418285714286,0.030161588863142023,0.5097072837582104,0.5097072837582104,17.52087439968533,K32_R20_edge
ecg_degraded,69.03694508795171,69.81009163474381,True,0.1198864,14.985800000000001,122.26418285714286,0.18668440892832328,0.6662301038233917,0.6662301038233917,16.563606227371313,K32_R20_edge
ppg_missing,107.42683341271734,107.49724366041893,True,0.1198864,14.985800000000001,122.26418285714286,0.235756745601705,0.7153024404967734,0.7153024404967734,18.866942484816033,K32_R20_edge
ecg_missing,59.21179520725109,59.255079006772,True,0.1198864,14.985800000000001,122.26418285714286,0.27008891873351853,0.7496346136285869,0.7496346136285869,15.443121559678051,K32_R20_edge
both_degraded,103.70036056996793,103.7234042553192,True,0.1198864,14.985800000000001,122.26418285714286,0.2274843003634529,0.7070299952585213,0.7070299952585213,18.43359500415103,K32_R20_edge
both_degraded,83.59069517655627,83.69593516980476,True,0.1198864,14.985800000000001,122.26418285714286,0.1572954290537517,0.6368411239488201,0.6368411239488201,20.674384707049242,K32_R20_edge
ecg_missing,61.89823134481749,61.91037735849057,True,0.1198864,14.985800000000001,122.26418285714286,0.14975383875304116,0.7495302619147031,0.6292995336481095,6.991855378900383,K32_R20_edge
both_degraded,98.59586401718165,99.30352941629404,True,0.1198864,14.985800000000001,122.26418285714286,0.029522734660191178,0.5090684295552595,0.5090684295552595,19.55300907682611,K32_R20_edge
ppg_degraded,85.04985773657296,86.12156916548166,True,0.1198864,14.985800000000001,122.26418285714286,0.16888249086783302,0.6484281857629014,0.6484281857629014,17.607093550348402,K32_R20_edge
ppg_missing,96.66086570890891,96.6702470461869,True,0.1198864,14.985800000000001,122.26418285714286,0.24227223504378004,0.7218179299388484,0.7218179299388484,19.11933279984995,K32_R20_edge
ppg_degraded,72.62630961666787,72.73761451143163,True,0.1198864,14.985800000000001,122.26418285714286,0.2519930557931495,0.7315387506882178,0.7315387506882178,17.433660832175608,K32_R20_edge
ppg_missing,68.72893257720318,68.72852233676976,True,0.1198864,14.985800000000001,122.26418285714286,0.25656860155113065,0.736114296446199,0.736114296446199,21.140865495349196,K32_R20_edge
both_degraded,56.60181301679166,56.214719371342035,False,0.1198864,14.985800000000001,122.26418285714286,-0.4795456948950683,0.4391326254727491,9.683204456334094e-28,5.064451591440924,K32_R20_edge
ecg_degraded,57.67007145331445,78.11460357192271,True,0.1198864,14.985800000000001,122.26418285714286,0.049540444527720225,0.5290861394227886,0.5290861394227886,16.853539690633642,K32_R20_edge
both_clean,81.0211381789295,82.37100556464992,True,0.1198864,14.985800000000001,122.26418285714286,0.2532138620656043,0.7327595569606726,0.7327595569606726,17.009183711646426,K32_R20_edge
both_clean,73.77339186152416,73.77049180327869,True,0.1198864,14.985800000000001,122.26418285714286,0.2623380580787586,0.7418837529738269,0.7418837529738269,15.704734086871923,K32_R20_edge
ppg_degraded,53.52625680573215,70.82354600365454,True,0.1198864,14.985800000000001,122.26418285714286,0.04344447727277779,0.5229901721678462,0.5229901721678462,17.713627580030785,K32_R20_edge
ecg_missing,61.34051310940044,63.897763578274756,True,0.1198864,14.985800000000001,122.26418285714286,0.270008087915973,0.7495537828110413,0.7495537828110413,20.15891660484742,K32_R20_edge
both_degraded,79.17662534431426,79.60623379397974,True,0.1198864,14.985800000000001,122.26418285714286,0.22730563712429053,0.7068513320193589,0.7068513320193589,17.029604206953486,K32_R20_edge
both_degraded,52.90710332100859,86.01590223168387,True,0.1198864,14.985800000000001,122.26418285714286,-0.04937328164599363,0.43017241324907474,0.43017241324907474,20.251677223553063,K32_R20_edge
both_degraded,50.56248379610032,82.4065786522041,True,0.1198864,14.985800000000001,122.26418285714286,-0.06508913041691722,0.41445656447815116,0.41445656447815116,17.2059560818986,K32_R20_edge
ecg_missing,89.90838561601059,92.40246406570844,True,0.1198864,14.985800000000001,122.26418285714286,0.2696273597981283,0.7491730546931966,0.7491730546931966,19.517700731833312,K32_R20_edge
ppg_missing,55.441186823351046,55.41871921182266,True,0.1198864,14.985800000000001,122.26418285714286,0.2603303708418662,0.7398760657369345,0.7398760657369345,20.95338121207419,K32_R20_edge
ecg_missing,74.91994770781602,74.91675915649279,True,0.1198864,14.985800000000001,122.26418285714286,0.26987770297222163,0.74942339786729,0.74942339786729,17.779647275140064,K32_R20_edge
ppg_degraded,106.07672982704753,106.2095722000129,True,0.1198864,14.985800000000001,122.26418285714286,0.23839352313738327,0.7179392180324516,0.7179392180324516,15.861406888209547,K32_R20_edge
ppg_degraded,55.421791070961575,73.28528714191783,True,0.1198864,14.985800000000001,122.26418285714286,0.03732671290235113,0.5168724077974195,0.5168724077974195,15.937156977336302,K32_R20_edge
ecg_degraded,73.53282555068472,76.54952965914396,True,0.1198864,14.985800000000001,122.26418285714286,0.24917336451347316,0.7287190594085415,0.7287190594085415,16.09445200783987,K32_R20_edge
ecg_missing,61.79412964224318,61.83745583038869,True,0.1198864,14.985800000000001,122.26418285714286,0.27004214811598587,0.7495878430110542,0.7495878430110542,17.32800798035822,K32_R20_edge
ppg_missing,97.47908034093007,94.53781512605043,False,0.1198864,14.985800000000001,122.26418285714286,-0.4795455978202108,0.7336257754715998,9.707485752986351e-08,5.922358640058855,K32_R20_edge
ecg_missing,80.99324370866998,80.99352051835854,True,0.1198864,14.985800000000001,122.26418285714286,0.26974751926926416,0.7492932141643325,0.7492932141643325,18.19596138208405,K32_R20_edge
ecg_degraded,55.05520676975321,102.95670538542768,False,0.1198864,14.985800000000001,122.26418285714286,-0.47629530827985544,0.5437098360255507,0.0032503866152128647,6.359048954207327,K32_R20_edge
ppg_degraded,95.52078685581671,95.3555717974426,True,0.1198864,14.985800000000001,122.26418285714286,0.15295476405690211,0.6325004589519705,0.6325004589519705,17.28009217430754,K32_R20_edge
ecg_degraded,105.3139787967861,105.57379831082176,True,0.1198864,14.985800000000001,122.26418285714286,0.18602568606879832,0.6655713809638667,0.6655713809638667,17.8583509325027,K32_R20_edge
ecg_missing,97.33233334965404,97.2972972972973,True,0.1198864,14.985800000000001,122.26418285714286,0.26918490112838395,0.7487305960234523,0.7487305960234523,17.530335382480242,K32_R20_edge
both_clean,63.274802874281576,64.29800939848391,True,0.1198864,14.985800000000001,122.26418285714286,0.2604520062176086,0.7399977011126769,0.7399977011126769,20.176332740930263,K32_R20_edge
ppg_degraded,109.32936234489817,109.30493273542602,True,0.1198864,14.985800000000001,122.26418285714286,0.2450990021271925,0.7246446970222609,0.7246446970222609,8.644463568721445,K32_R20_edge
ppg_degraded,90.60660167948407,91.78201494255137,True,0.1198864,14.985800000000001,122.26418285714286,0.1418620090035756,0.621407703898644,0.621407703898644,20.10481756292389,K32_R20_edge
ecg_missing,72.67787541558192,72.65877287405813,True,0.1198864,14.985800000000001,122.26418285714286,0.2697735681517261,0.7493192630467944,0.7493192630467944,18.755215228208627,K32_R20_edge
both_degraded,55.34672680592868,110.635162371977,True,0.1198864,14.985800000000001,122.26418285714286,-0.052756628621780925,0.42678906627328744,0.42678906627328744,15.407536203289869,K32_R20_edge
ppg_missing,81.7619535390192,81.78844056706653,True,0.1198864,14.985800000000001,122.26418285714286,0.24685340696902924,0.7263991018640976,0.7263991018640976,16.33564410706253,K32_R20_edge
ecg_degraded,54.75685670997049,73.22158000353829,True,0.1198864,14.985800000000001,122.26418285714286,0.048515294383711945,0.5280609892787803,0.5280609892787803,17.973485346577483,K32_R20_edge
ecg_degraded,57.82942144066191,74.94453405823553,True,0.1198864,14.985800000000001,122.26418285714286,0.03761835421386884,0.5171640491089372,0.5171640491089372,16.935600804314934,K32_R20_edge
ppg_degraded,89.15224139073322,91.7582135337717,True,0.1198864,14.985800000000001,122.26418285714286,0.16949959144479654,0.6490452863398649,0.6490452863398649,18.031899885947315,K32_R20_edge
both_clean,94.99007421897042,94.99166979653594,True,0.1198864,14.985800000000001,122.26418285714286,0.2654760016786935,0.7450216965737618,0.7450216965737618,16.594414696578713,K32_R20_edge
ppg_degraded,87.01724027300736,89.98002299771433,True,0.1198864,14.985800000000001,122.26418285714286,0.16751336426497054,0.6470590591600389,0.6470590591600389,17.14291959354776,K32_R20_edge
ecg_degraded,76.98768570124957,82.9871294966501,False,0.1198864,14.985800000000001,122.26418285714286,-0.4795456948950683,0.6641919856567285,3.809199353019428e-31,4.958044898000953,K32_R20_edge
both_degraded,100.21567681061808,97.70173229025485,True,0.1198864,14.985800000000001,122.26418285714286,0.10354807127057508,0.5830937661656435,0.5830937661656435,18.912754366743844,K32_R20_edge
ecg_degraded,101.45900402372408,74.92149240652826,False,0.1198864,14.985800000000001,122.26418285714286,-0.4795015725162688,0.6622718464916247,4.4122378799537746e-05,6.138804512830706,K32_R20_edge
both_clean,52.20461421500813,52.20417633410673,True,0.1198864,14.985800000000001,122.26418285714286,0.26626753374850914,0.7458132286435775,0.7458132286435775,19.130260303577828,K32_R20_edge
both_clean,94.23881720977685,94.26368897043523,True,0.1198864,14.985800000000001,122.26418285714286,0.2560868789821578,0.7356325738772261,0.7356325738772261,18.363005767531632,K32_R20_edge
ecg_degraded,98.4840576786786,98.47538817682192,True,0.1198864,14.985800000000001,122.26418285714286,0.18967157214517505,0.6692172670402434,0.6692172670402434,17.441748053883057,K32_R20_edge
ppg_degraded,86.34674337185163,86.93785496670951,True,0.1198864,14.985800000000001,122.26418285714286,0.15752400749364392,0.6370697023887123,0.6370697023887123,18.453847924854088,K32_R20_edge
ecg_degraded,75.70150987432265,76.29732231232475,True,0.1198864,14.985800000000001,122.26418285714286,0.19147370130320007,0.6713769766463566,0.6710193961982684,7.443435995954663,K32_R20_edge
ppg_degraded,96.45832839770546,97.52739231412846,True,0.1198864,14.985800000000001,122.26418285714286,0.2401111720513982,0.7196568669464666,0.7196568669464666,18.16228032788879,K32_R20_edge
ecg_degraded,51.674474742270434,69.43529852822195,True,0.1198864,14.985800000000001,122.26418285714286,0.051793483405661374,0.5313391783007297,0.5313391783007297,18.610137883573167,K32_R20_edge
ecg_degraded,104.12621409997817,104.10962968961823,True,0.1198864,14.985800000000001,122.26418285714286,0.24990453090405673,0.7294502257991251,0.7294502257991251,15.554109428999487,K32_R20_edge
both_clean,82.19605542086506,82.14676889375686,True,0.1198864,14.985800000000001,122.26418285714286,0.26014827367794074,0.7396939685730091,0.7396939685730091,17.831476576193303,K32_R20_edge
ppg_missing,85.123475741634,61.91037735849057,False,0.1198864,14.985800000000001,122.26418285714286,-0.479545694895067,0.7264656875955433,1.3519908416677937e-15,5.497763515788625,K32_R20_edge
ecg_degraded,89.88022928222023,89.86928104575163,True,0.1198864,14.985800000000001,122.26418285714286,0.1859901640336704,0.6655358589287388,0.6655358589287388,15.723794083741376,K32_R20_edge
ecg_degraded,78.1034969699736,85.31540847983456,False,0.1198864,14.985800000000001,122.26418285714286,-0.4795456948947895,0.5870380899090929,2.78835915108436e-13,5.609096161795599,K32_R20_edge
both_degraded,67.83245221437059,69.10639275398373,True,0.1198864,14.985800000000001,122.26418285714286,0.17261006429308412,0.6521557591881525,0.6521557591881525,16.553546088333725,K32_R20_edge
ppg_degraded,64.88030265613402,75.48134316035332,True,0.1198864,14.985800000000001,122.26418285714286,0.09805661400395782,0.5776023088990262,0.5776023088990262,18.517060794337674,K32_R20_edge
ppg_missing,59.919424633956496,61.855670103092784,True,0.1198864,14.985800000000001,122.26418285714286,0.2603665796605194,0.7399122745555877,0.7399122745555877,19.493893188527263,K32_R20_edge
both_clean,50.876146833254055,52.310619031286585,True,0.1198864,14.985800000000001,122.26418285714286,0.26065268943970893,0.7401983843347772,0.7401983843347772,18.292382430067605,K32_R20_edge
ppg_missing,101.3174411954572,102.41596638655464,True,0.1198864,14.985800000000001,122.26418285714286,0.26687878106901947,0.7464244759640878,0.7464244759640878,16.69509717084809,K32_R20_edge
both_clean,108.35549643489172,108.359133126935,True,0.1198864,14.985800000000001,122.26418285714286,0.2515520558098447,0.731097750704913,0.731097750704913,19.11110787716127,K32_R20_edge
ecg_degraded,91.33089372630423,93.8315711682447,True,0.1198864,14.985800000000001,122.26418285714286,0.12637938676483595,0.6059250816599043,0.6059250816599043,15.493218924713812,K32_R20_edge
both_clean,68.30279082848345,68.3371298405467,True,0.1198864,14.985800000000001,122.26418285714286,0.26384158911719396,0.7433872840122622,0.7433872840122623,8.565189848413755,K32_R20_edge
ecg_missing,74.05534351999239,74.01315789473685,True,0.1198864,14.985800000000001,122.26418285714286,0.26410720339248034,0.749482706223866,0.7436528982875487,7.27020595253411,K32_R20_edge
ppg_missing,98.69363863956093,98.14612868047985,False,0.1198864,14.985800000000001,122.26418285714286,-0.479545649992826,0.7497006970283554,4.490224233748809e-08,5.898810057548764,K32_R20_edge
ecg_degraded,78.64017073966636,78.61635220125785,True,0.1198864,14.985800000000001,122.26418285714286,0.18889788742231284,0.6684435823173812,0.6684435823173812,19.561237358988286,K32_R20_edge
ppg_degraded,73.49199821008916,74.82276923274082,True,0.1198864,14.985800000000001,122.26418285714286,0.1556301485905499,0.6351758434856183,0.6351758434856183,16.98658540890883,K32_R20_edge
ecg_degraded,96.77180577295178,97.5965058314658,True,0.1198864,14.985800000000001,122.26418285714286,0.18754817325488715,0.6670938681499555,0.6670938681499555,17.606380420718335,K32_R20_edge
ppg_degraded,66.38554458601398,71.50724303578727,True,0.1198864,14.985800000000001,122.26418285714286,0.1942717953468064,0.6738174902418748,0.6738174902418748,17.04434531830214,K32_R20_edge
ppg_degraded,56.48844115513469,64.81065873556342,True,0.1198864,14.985800000000001,122.26418285714286,0.14781824169174596,0.6273639365868143,0.6273639365868143,19.54501257262579,K32_R20_edge
ecg_missing,73.76701189489967,73.68995633187772,True,0.1198864,14.985800000000001,122.26418285714286,0.2697615352500267,0.749307230145095,0.749307230145095,18.16371041646482,K32_R20_edge
both_clean,102.98042450540161,103.01225698586869,True,0.1198864,14.985800000000001,122.26418285714286,0.25400558451610783,0.7335512794111761,0.7335512794111761,17.964806415201327,K32_R20_edge
both_degraded,109.72682433743674,109.71786833855798,True,0.1198864,14.985800000000001,122.26418285714286,0.13034544157894812,0.6098911364740165,0.6098911364740165,17.006570002233662,K32_R20_edge
ecg_missing,63.25194415874483,63.29113924050633,True,0.1198864,14.985800000000001,122.26418285714286,0.270019656549969,0.7495653514450373,0.7495653514450373,17.114051807189366,K32_R20_edge
ppg_missing,96.8277175716147,96.87836383207753,True,0.1198864,14.985800000000001,122.26418285714286,0.24288927040794184,0.7224349653030102,0.7224349653030102,16.331239837606986,K32_R20_edge
both_degraded,56.2819493881818,112.42561853248468,True,0.1198864,14.985800000000001,122.26418285714286,-0.1129138563622143,0.3666318385328541,0.3666318385328541,16.77260489528023,K32_R20_edge
both_degraded,89.5743423510057,89.68300948642538,True,0.1198864,14.985800000000001,122.26418285714286,0.15870513137519526,0.6382508262702636,0.6382508262702636,19.319359331398335,K32_R20_edge
ecg_missing,57.29855063439487,57.25190839694656,True,0.1198864,14.985800000000001,122.26418285714286,0.270253795646282,0.7497994905413503,0.7497994905413503,18.268640611723182,K32_R20_edge
both_degraded,63.02104306148588,114.72930114626031,True,0.1198864,14.985800000000001,122.26418285714286,-0.17874008261593782,0.30080561227913055,0.30080561227913055,15.748903997388151,K32_R20_edge
ecg_missing,96.8877700330411,96.87836383207753,True,0.1198864,14.985800000000001,122.26418285714286,0.26941177659239673,0.748957471487465,0.748957471487465,18.06549444986628,K32_R20_edge
ecg_missing,56.70981427038917,56.69546436285097,True,0.1198864,14.985800000000001,122.26418285714286,0.2701630360673725,0.7497087309624408,0.7497087309624408,17.884883971243,K32_R20_edge
both_clean,80.98215979125048,80.94927406063893,True,0.1198864,14.985800000000001,122.26418285714286,0.26025149050142654,0.7397971853964949,0.7397971853964949,17.311670390613024,K32_R20_edge
ecg_missing,70.51438492473638,70.53291536050156,True,0.1198864,14.985800000000001,122.26418285714286,0.26985673299317864,0.749402427888247,0.749402427888247,21.229546464519284,K32_R20_edge
both_clean,109.4435714615359,109.45772353961796,True,0.1198864,14.985800000000001,122.26418285714286,0.2548909081127739,0.7344366030078422,0.7344366030078422,16.7798347606702,K32_R20_edge
both_degraded,95.8930449748056,98.90329680592197,True,0.1198864,14.985800000000001,122.26418285714286,0.22199873714298024,0.7015444320380486,0.7015444320380486,14.43268688730302,K32_R20_edge
ecg_degraded,67.0583949218485,76.53345929142483,True,0.1198864,14.985800000000001,122.26418285714286,0.09688776093626505,0.5764334558313334,0.5764334558313334,16.089018402822102,K32_R20_edge
ppg_missing,108.95271330141921,108.92116182572614,True,0.1198864,14.985800000000001,122.26418285714286,0.23685973363868074,0.7164054285337491,0.7164054285337491,17.97430886689295,K32_R20_edge
both_degraded,88.14733597395991,89.19607625393891,True,0.1198864,14.985800000000001,122.26418285714286,0.11841640877963233,0.5979621036747007,0.5979621036747007,18.209695475658556,K32_R20_edge
both_clean,59.395880810049164,59.37786263573919,True,0.1198864,14.985800000000001,122.26418285714286,0.264408011824026,0.7439537067190943,0.7439537067190943,17.823058159925655,K32_R20_edge
ppg_missing,67.10514448757017,69.01840490797545,True,0.1198864,14.985800000000001,122.26418285714286,0.2558960038983081,0.7354416987933764,0.7354416987933764,17.27634191159347,K32_R20_edge
both_clean,98.65333557559576,99.65003796463343,True,0.1198864,14.985800000000001,122.26418285714286,0.26562470998779325,0.7451704048828616,0.7451704048828616,19.293170709132553,K32_R20_edge
ppg_degraded,107.5107518560657,107.52759301102432,True,0.1198864,14.985800000000001,122.26418285714286,0.24680521617080786,0.7263509110658762,0.7263509110658762,18.621369035405305,K32_R20_edge
ecg_missing,52.19097496929648,94.53781512605043,False,0.1198864,14.985800000000001,122.26418285714286,-0.4795456948950683,0.7496837461700565,2.3381061980033133e-27,5.069101331137784,K32_R20_edge
both_degraded,84.32613259457696,89.93533827148386,True,0.1198864,14.985800000000001,122.26418285714286,-0.07826057507238948,0.4012851224158021,0.4012851198226789,7.962826648910847,K32_R20_edge
both_degraded,61.88935782340104,114.1148045091355,True,0.1198864,14.985800000000001,122.26418285714286,-0.1337189797299545,0.3458267151651139,0.3458267151651139,19.153633046437708,K32_R20_edge
ecg_missing,92.43456113114269,92.49743062692704,True,0.1198864,14.985800000000001,122.26418285714286,0.26973875508173756,0.7492844499768059,0.7492844499768059,19.563745611115813,K32_R20_edge
ppg_degraded,50.26203247402752,68.1004169404617,True,0.1198864,14.985800000000001,122.26418285714286,0.050612955049252124,0.5301586499443205,0.5301586499443205,17.69042866564637,K32_R20_edge
ecg_missing,94.44086084595611,94.39359267734555,True,0.1198864,14.985800000000001,122.26418285714286,0.2694490744407501,0.7489947693358184,0.7489947693358184,17.592711232780378,K32_R20_edge
ppg_degraded,82.242639509243,84.18477921163269,True,0.1198864,14.985800000000001,122.26418285714286,0.14165699649888785,0.6212026913939562,0.6212026913939562,15.935318632468979,K32_R20_edge
ppg_missing,88.17870788601556,90.26258205689278,True,0.1198864,14.985800000000001,122.26418285714286,0.2610985133296722,0.7406442082247405,0.7406442082247405,18.58485323274717,K32_R20_edge
ecg_degraded,78.93638993347157,78.94736842105263,True,0.1198864,14.985800000000001,122.26418285714286,0.2498056376014246,0.729351332496493,0.729351332496493,17.040589622587152,K32_R20_edge
ppg_missing,90.46837961566257,92.30769230769232,True,0.1198864,14.985800000000001,122.26418285714286,0.24217765071829023,0.7217233456133586,0.7217233456133586,17.878995417963264,K32_R20_edge
ppg_degraded,100.02833094437676,100.39049521610329,True,0.1198864,14.985800000000001,122.26418285714286,0.1792938780604756,0.658839572955544,0.658839572955544,19.25739127068096,K32_R20_edge
ecg_degraded,54.44324154180664,73.8298063456723,True,0.1198864,14.985800000000001,122.26418285714286,0.04632552329224194,0.5258712181873103,0.5258712181873103,16.687093483054653,K32_R20_edge
both_degraded,70.42681077727833,70.5036492200204,True,0.1198864,14.985800000000001,122.26418285714286,0.12877941078434096,0.6083251056794093,0.6083251056794093,19.692587195260945,K32_R20_edge
ecg_missing,61.932259172501375,64.51612903225806,True,0.1198864,14.985800000000001,122.26418285714286,0.25597048971709385,0.7494753360214828,0.7355161846121622,7.20338728258147,K32_R20_edge
both_clean,77.50416434937661,77.4971297359357,True,0.1198864,14.985800000000001,122.26418285714286,0.26106618532252296,0.7407462320285392,0.7406118802175913,7.5041299711134934,K32_R20_edge
ecg_missing,86.27049749014616,88.90086206896554,True,0.1198864,14.985800000000001,122.26418285714286,0.2697996580103718,0.7493453529054401,0.7493453529054401,17.008716262856108,K32_R20_edge
ppg_missing,74.34773373996734,74.33920704845815,True,0.1198864,14.985800000000001,122.26418285714286,0.2541087487679055,0.7336544436629738,0.7336544436629738,18.304432322526225,K32_R20_edge
ecg_missing,97.15837961534746,97.19222462203027,True,0.1198864,14.985800000000001,122.26418285714286,0.2694312467819298,0.7489769416769981,0.7489769416769981,16.74228827655454,K32_R20_edge
ecg_missing,50.68618125372715,53.57142857142857,True,0.1198864,14.985800000000001,122.26418285714286,0.2698173093755752,0.7493630042706435,0.7493630042706435,19.02737099753034,K32_R20_edge
ppg_degraded,59.73908672648227,71.03396655673617,True,0.1198864,14.985800000000001,122.26418285714286,0.029258922235815613,0.5886914682129825,0.508804617130884,7.012285764387315,K32_R20_edge
ppg_missing,58.21218408218583,58.2039911308204,True,0.1198864,14.985800000000001,122.26418285714286,0.2591224844443745,0.7386681793394428,0.7386681793394428,20.58881089451657,K32_R20_edge
ppg_degraded,55.43525262998364,74.42908205898009,True,0.1198864,14.985800000000001,122.26418285714286,0.044886799264858175,0.5244324941599265,0.5244324941599265,18.03637370223754,K32_R20_edge
ecg_missing,86.22950019670805,86.20689655172416,True,0.1198864,14.985800000000001,122.26418285714286,0.2704114956589631,0.7499571905540314,0.7499571905540314,16.96199216056917,K32_R20_edge
ppg_missing,91.13005835691212,93.07135470527405,True,0.1198864,14.985800000000001,122.26418285714286,0.24616953196848557,0.7257152268635539,0.7257152268635539,16.534211258306037,K32_R20_edge
both_degraded,71.60686949990497,75.43204060437745,True,0.1198864,14.985800000000001,122.26418285714286,0.1208785317410851,0.6004242266361535,0.6004242266361535,15.807359202351332,K32_R20_edge
ecg_missing,92.33290276057836,92.28187919463089,True,0.1198864,14.985800000000001,122.26418285714286,0.2693602769787678,0.7489059718738361,0.7489059718738361,18.59890596545891,K32_R20_edge
both_degraded,71.6633167351732,74.16581762611484,True,0.1198864,14.985800000000001,122.26418285714286,0.23132637624860997,0.7108720711436783,0.7108720711436783,21.097849453400734,K32_R20_edge
ecg_missing,85.22653500162176,85.22727272727273,True,0.1198864,14.985800000000001,122.26418285714286,0.27045424796413137,0.7499999428591997,0.7499999428591997,18.548975465341208,K32_R20_edge
ppg_degraded,52.41110870681633,102.4835165882194,False,0.1198864,14.985800000000001,122.26418285714286,-0.4781387799234538,0.5778821029774317,0.0014069149716145085,6.307467038261291,K32_R20_edge
ecg_degraded,70.65381867974268,70.64844672415035,True,0.1198864,14.985800000000001,122.26418285714286,0.19506044031893477,0.6746061352140031,0.6746061352140031,14.983467660477753,K32_R20_edge
ecg_missing,53.45890472251884,90.06550218340612,False,0.1198864,14.985800000000001,122.26418285714286,-0.4795456948950683,0.7497635581350915,6.058006717546009e-20,5.32096357385874,K32_R20_edge
both_clean,95.25732388852053,96.69995221105991,True,0.1198864,14.985800000000001,122.26418285714286,0.2511703153530685,0.7307160102481368,0.7307160102481368,19.605504933852195,K32_R20_edge
ppg_missing,89.8200001738251,89.86928104575163,True,0.1198864,14.985800000000001,122.26418285714286,0.250668418323512,0.7302141132185803,0.7302141132185803,18.011494553800162,K32_R20_edge
ppg_degraded,101.37241167979235,101.31881284083178,True,0.1198864,14.985800000000001,122.26418285714286,0.13184353431480833,0.6113892292098767,0.6113892292098767,17.393177970044565,K32_R20_edge
ppg_missing,102.74660264339026,102.73972602739728,True,0.1198864,14.985800000000001,122.26418285714286,0.2703080383108409,0.7498537332059092,0.7498537332059092,17.396968918079907,K32_R20_edge
both_clean,82.89234318442317,83.86382344492108,True,0.1198864,14.985800000000001,122.26418285714286,0.25832390676725997,0.7378696016623283,0.7378696016623283,17.57339222459828,K32_R20_edge
both_degraded,58.600894130218535,112.70269990546215,True,0.1198864,14.985800000000001,122.26418285714286,-0.12872777614591135,0.350817918749157,0.350817918749157,16.85845672825698,K32_R20_edge
both_clean,68.10662151035366,68.10442678774122,True,0.1198864,14.985800000000001,122.26418285714286,0.26268291750647227,0.7422286124015406,0.7422286124015406,16.473850502274807,K32_R20_edge
ppg_degraded,88.30604657986257,89.62817836788597,True,0.1198864,14.985800000000001,122.26418285714286,0.24195077097115614,0.7214964658662245,0.7214964658662245,16.17584434389313,K32_R20_edge
ecg_degraded,91.19237417854109,92.16589882996857,True,0.1198864,14.985800000000001,122.26418285714286,0.2355279387330007,0.7150736336280691,0.7150736336280691,18.985624925157545,K32_R20_edge
ecg_degraded,92.25222057225331,93.1627209877751,True,0.1198864,14.985800000000001,122.26418285714286,0.23463337396253514,0.7141790688576035,0.7141790688576035,20.190681369989562,K32_R20_edge
both_clean,56.04299218908387,58.43380959367035,True,0.1198864,14.985800000000001,122.26418285714286,0.265002366424625,0.7445480613196933,0.7445480613196933,19.01537628588928,K32_R20_edge
ecg_degraded,57.4844243039722,75.05103591569971,True,0.1198864,14.985800000000001,122.26418285714286,0.03996699836709517,0.5195126932621635,0.5195126932621635,17.659290933000587,K32_R20_edge
both_degraded,93.46501590952849,94.28531367783773,True,0.1198864,14.985800000000001,122.26418285714286,-0.01751655870641899,0.46258786398568785,0.4620291361886494,7.394406746516466,K32_R20_edge
ppg_missing,54.95879793895317,56.089743589743584,True,0.1198864,14.985800000000001,122.26418285714286,0.2613450794336148,0.7408907743286831,0.7408907743286831,20.189402366500964,K32_R20_edge
ppg_missing,80.60066499487499,81.69934640522877,True,0.1198864,14.985800000000001,122.26418285714286,0.08686638533215685,0.7154792309612561,0.5664120802272252,6.95754970507882,K32_R20_edge
ppg_degraded,76.28005103682094,78.60480804241045,True,0.1198864,14.985800000000001,122.26418285714286,0.22488324850260233,0.7044289433976707,0.7044289433976707,18.09378495904253,K32_R20_edge
ppg_missing,99.19936038834365,99.28716904276988,True,0.1198864,14.985800000000001,122.26418285714286,0.24338916222659934,0.7229348571216677,0.7229348571216677,18.405276963015076,K32_R20_edge
both_degraded,55.318602560232144,80.24911925324155,True,0.1198864,14.985800000000001,122.26418285714286,-0.07445314706361394,0.40509254783145443,0.40509254783145443,19.392099864313263,K32_R20_edge
both_clean,94.44064201838928,95.40909508767608,True,0.1198864,14.985800000000001,122.26418285714286,0.25236913777871756,0.7319148326737859,0.7319148326737859,16.474651297986767,K32_R20_edge
both_degraded,70.07792852281588,75.55176339472109,True,0.1198864,14.985800000000001,122.26418285714286,0.05730399840351142,0.5406446171720479,0.5368496932985798,7.277634030252795,K32_R20_edge
both_clean,90.83560427035438,90.85903083700444,True,0.1198864,14.985800000000001,122.26418285714286,0.256146292205557,0.7364535894822424,0.7356919871006253,7.403920818073479,K32_R20_edge
ppg_degraded,59.7714875840343,73.93722496645363,True,0.1198864,14.985800000000001,122.26418285714286,0.04614182648545307,0.5256875213805214,0.5256875213805214,17.861397938381742,K32_R20_edge
ecg_missing,87.17751087945021,87.11721224920804,True,0.1198864,14.985800000000001,122.26418285714286,0.26869029929693505,0.7482359941920034,0.7482359941920034,20.64064112125562,K32_R20_edge
both_degraded,95.04939374300776,97.67623500918747,True,0.1198864,14.985800000000001,122.26418285714286,0.09195541967003384,0.5715011145651022,0.5715011145651022,16.424952685941093,K32_R20_edge
both_degraded,91.52091905981104,92.37642038417663,True,0.1198864,14.985800000000001,122.26418285714286,0.058712208601408584,0.538257903496477,0.538257903496477,18.223288405341794,K32_R20_edge
ppg_missing,96.09888301108757,96.15384615384617,True,0.1198864,14.985800000000001,122.26418285714286,0.2616330618136626,0.7411787567087309,0.7411787567087309,17.95573019571586,K32_R20_edge
ppg_missing,86.78400010623827,86.8421052631579,True,0.1198864,14.985800000000001,122.26418285714286,0.245973246599973,0.7255189414950414,0.7255189414950414,17.937615536540708,K32_R20_edge
ppg_missing,81.01654789660864,80.99352051835854,True,0.1198864,14.985800000000001,122.26418285714286,0.2504969486664675,0.7300793975036108,0.7300426435615358,7.571782285226383,K32_R20_edge
ecg_degraded,90.2214202589484,78.125,False,0.1198864,14.985800000000001,122.26418285714286,-0.47953128163556547,0.668573544258519,1.4413259502853375e-05,6.094246936336983,K32_R20_edge
ppg_missing,57.21752079022228,64.55003005057557,False,0.1198864,14.985800000000001,122.26418285714286,-0.4795093860966586,0.7466843784062204,3.6308798409702676e-05,6.126060961272459,K32_R20_edge
both_clean,90.03528545891487,90.06550218340612,True,0.1198864,14.985800000000001,122.26418285714286,0.2583754940582224,0.7379212610544587,0.7379211889532907,7.8552212464585125,K32_R20_edge
both_clean,58.89475391356841,60.320992433453505,True,0.1198864,14.985800000000001,122.26418285714286,0.16742540524784633,0.7391582928089447,0.6469711001429147,7.022213269835897,K32_R20_edge
both_degraded,78.12673500136539,80.4667673091807,True,0.1198864,14.985800000000001,122.26418285714286,0.18454784872225083,0.6640935436173192,0.6640935436173192,19.855986916080244,K32_R20_edge
ppg_missing,77.82615521156387,71.03396655673617,False,0.1198864,14.985800000000001,122.26418285714286,-0.4781326913482897,0.7303849211139406,0.0014130035467786268,6.2950538089073795,K32_R20_edge
ecg_missing,56.90560170417583,56.89001264222503,True,0.1198864,14.985800000000001,122.26418285714286,0.2701097966875701,0.7496554915826384,0.7496554915826384,17.001430060288705,K32_R20_edge
ecg_missing,63.03109816626396,63.02521008403362,True,0.1198864,14.985800000000001,122.26418285714286,0.27045084335713615,0.7499965382522045,0.7499965382522045,19.861053809487775,K32_R20_edge
both_clean,93.45473671189794,93.45794392523365,True,0.1198864,14.985800000000001,122.26418285714286,0.256245278597416,0.7357909734924843,0.7357909734924843,17.48477762701463,K32_R20_edge
ecg_missing,88.30362564874451,88.32976445396146,True,0.1198864,14.985800000000001,122.26418285714286,0.2695023856654725,0.7490480805605408,0.7490480805605408,20.11460600264982,K32_R20_edge
both_degraded,79.01310102852531,83.21657641096284,True,0.1198864,14.985800000000001,122.26418285714286,0.230715363678751,0.7102610585738194,0.7102610585738194,17.87747870891232,K32_R20_edge
ecg_degraded,90.97788666679602,91.94825929599563,True,0.1198864,14.985800000000001,122.26418285714286,0.18556697396136868,0.665112668856437,0.665112668856437,20.079986980228625,K32_R20_edge
ecg_degraded,73.3856712655133,78.68312174074131,True,0.1198864,14.985800000000001,122.26418285714286,0.11119327075119367,0.590738965646262,0.590738965646262,17.405541883846812,K32_R20_edge
both_degraded,78.57174486471075,86.11569015282976,True,0.1198864,14.985800000000001,122.26418285714286,-0.11164756305076984,0.36789813184429854,0.36789813184429854,14.915029078402451,K32_R20_edge
ecg_degraded,75.28759439992537,77.07884599685377,True,0.1198864,14.985800000000001,122.26418285714286,0.23949195871671214,0.7190376536117805,0.7190376536117805,18.582177453399293,K32_R20_edge
ppg_missing,95.36036230781167,96.4630225080386,True,0.1198864,14.985800000000001,122.26418285714286,0.2444672592386321,0.7240129541337005,0.7240129541337005,18.37142501295676,K32_R20_edge
both_clean,53.92218774981597,56.214719371342035,True,0.1198864,14.985800000000001,122.26418285714286,0.25677017527498286,0.740887597161211,0.7363158701700512,7.286842046308131,K32_R20_edge
ppg_missing,98.80939485486333,94.53781512605043,False,0.1198864,14.985800000000001,122.26418285714286,-0.47582171998114764,0.721681195390132,0.0037239749139206697,6.3502306025141335,K32_R20_edge
ppg_degraded,50.637590337416306,71.59956280322432,True,0.1198864,14.985800000000001,122.26418285714286,0.06580131252358878,0.5453470074186572,0.5453470074186572,20.26831571565324,K32_R20_edge
ppg_degraded,69.47661378169688,73.12463969170265,True,0.1198864,14.985800000000001,122.26418285714286,0.13163642367502915,0.6111821185700975,0.6111821185700975,17.807985370373217,K32_R20_edge
both_clean,108.35716765268623,108.34591180496002,True,0.1198864,14.985800000000001,122.26418285714286,0.2513575370499069,0.7309032319449752,0.7309032319449752,15.842333896614605,K32_R20_edge
both_clean,63.54640472256778,63.52125984499729,True,0.1198864,14.985800000000001,122.26418285714286,0.26330153975329457,0.7428472346483629,0.7428472346483629,18.04896422558061,K32_R20_edge
ppg_degraded,71.62762289785883,71.65605095541402,True,0.1198864,14.985800000000001,122.26418285714286,0.22337761069091366,0.702923305585982,0.702923305585982,17.83818922164296,K32_R20_edge
ecg_missing,60.028128320526775,89.47939262472886,False,0.1198864,14.985800000000001,122.26418285714286,-0.47777421375897394,0.7493489158940407,0.0017714811360943826,6.30586218193319,K32_R20_edge
ppg_degraded,100.48581290245303,100.42414616749377,True,0.1198864,14.985800000000001,122.26418285714286,0.2455912898055148,0.7251369847005832,0.7251369847005832,16.27841572787972,K32_R20_edge
ppg_degraded,60.6357014843601,71.66685278017363,True,0.1198864,14.985800000000001,122.26418285714286,0.10246003209614007,0.5820057269912084,0.5820057269912084,18.597549902985985,K32_R20_edge
ecg_missing,73.53283729789598,73.52941176470588,True,0.1198864,14.985800000000001,122.26418285714286,0.26788260181856677,0.7499989042399564,0.7474282967136351,7.327403317929157,K32_R20_edge
ppg_missing,70.66519351778888,70.6713780918728,True,0.1198864,14.985800000000001,122.26418285714286,0.25379341853153886,0.7333391134266072,0.7333391134266072,19.74717349990659,K32_R20_edge
ppg_missing,62.74619185103991,62.72401433691757,True,0.1198864,14.985800000000001,122.26418285714286,0.2609604018247607,0.7405060970787121,0.740506096719829,8.059485033851896,K32_R20_edge
both_degraded,83.28896389455758,85.76842413514579,True,0.1198864,14.985800000000001,122.26418285714286,0.2377901665126516,0.71733586140772,0.71733586140772,16.058241764742135,K32_R20_edge
ppg_missing,71.6226538930671,71.68458781362007,True,0.1198864,14.985800000000001,122.26418285714286,0.2515911534365583,0.7311368483316266,0.7311368483316266,19.992655987198525,K32_R20_edge
ecg_missing,106.50729997460799,106.55737704918032,True,0.1198864,14.985800000000001,122.26418285714286,0.2692929421707026,0.7488386370657709,0.7488386370657709,20.941862363768504,K32_R20_edge
both_clean,77.48790007442139,78.04131105024312,True,0.1198864,14.985800000000001,122.26418285714286,0.259319290717172,0.7388649856122403,0.7388649856122403,19.14978906137277,K32_R20_edge
ecg_missing,93.03156482092015,92.97520661157027,True,0.1198864,14.985800000000001,122.26418285714286,0.2695690169577682,0.7491147118528365,0.7491147118528365,20.553938400891727,K32_R20_edge
ecg_missing,51.6463965629183,51.66475315729047,True,0.1198864,14.985800000000001,122.26418285714286,0.27020067200915404,0.7497463669042224,0.7497463669042224,19.383465755645112,K32_R20_edge
ecg_missing,100.28496236622789,100.2227171492205,True,0.1198864,14.985800000000001,122.26418285714286,0.2693904916429661,0.7489361865380344,0.7489361865380344,18.904017420545276,K32_R20_edge
ppg_degraded,85.55831500745015,85.44804771333325,True,0.1198864,14.985800000000001,122.26418285714286,0.2501507665472918,0.7296964614423601,0.7296964614423601,19.00136144480695,K32_R20_edge
both_degraded,67.9786598650832,86.09258088401806,True,0.1198864,14.985800000000001,122.26418285714286,-0.12423162803067961,0.35531406686438877,0.35531406686438877,19.10034192517832,K32_R20_edge
ppg_missing,83.12878442761848,83.14855875831486,True,0.1198864,14.985800000000001,122.26418285714286,0.24913453276179187,0.7286802276568602,0.7286802276568602,21.664521598348315,K32_R20_edge
ppg_degraded,50.72149585503992,67.18770661990642,True,0.1198864,14.985800000000001,122.26418285714286,0.08069319642036432,0.5602388913154327,0.5602388913154327,15.555669298528152,K32_R20_edge
both_clean,59.26150392797169,59.255079006772,True,0.1198864,14.985800000000001,122.26418285714286,0.2650335661031223,0.7445792609981906,0.7445792609981906,17.535259742780358,K32_R20_edge
ecg_missing,92.56304338343867,92.48878923766816,True,0.1198864,14.985800000000001,122.26418285714286,0.2692667763744035,0.749298884814583,0.7488124712694718,7.431837052237649,K32_R20_edge
both_clean,78.0149322183747,79.02832353417858,True,0.1198864,14.985800000000001,122.26418285714286,0.25866186854632495,0.7382075634413933,0.7382075634413933,18.35640044337712,K32_R20_edge
ecg_missing,103.84842382702313,103.83386581469652,True,0.1198864,14.985800000000001,122.26418285714286,0.2690478402878777,0.7487526460661779,0.748593535182946,7.495445758586095,K32_R20_edge
ppg_degraded,92.62920601623404,92.69662921348315,True,0.1198864,14.985800000000001,122.26418285714286,0.23582900046547595,0.7153746953605443,0.7153746953605443,16.507024102599214,K32_R20_edge
both_degraded,106.33361797097828,106.8492227799774,True,0.1198864,14.985800000000001,122.26418285714286,-0.07070502770030296,0.4088406671947654,0.4088406671947654,18.732214170409872,K32_R20_edge
ecg_missing,101.11933772488547,101.1410788381743,True,0.1198864,14.985800000000001,122.26418285714286,0.26936157824627643,0.7489072731413448,0.7489072731413448,17.11850525729849,K32_R20_edge
ecg_degraded,57.21378519944901,77.44504843517049,True,0.1198864,14.985800000000001,122.26418285714286,0.0481954378990146,0.5277411327942085,0.527741132794083,8.319158403169313,K32_R20_edge
both_degraded,100.76570054272915,101.5146433675563,True,0.1198864,14.985800000000001,122.26418285714286,0.19366412297376012,0.6732098178688285,0.6732098178688285,18.11466805111823,K32_R20_edge
ppg_missing,91.71271392565417,91.76863181312571,True,0.1198864,14.985800000000001,122.26418285714286,0.24107164678903614,0.7206174809623103,0.7206173416841045,7.826997579108835,K32_R20_edge
ecg_missing,61.0292407684543,63.55932203389831,True,0.1198864,14.985800000000001,122.26418285714286,0.2699708939038498,0.7495165887989181,0.7495165887989181,20.58268470722272,K32_R20_edge
ecg_degraded,58.55109539293266,73.60200932524347,True,0.1198864,14.985800000000001,122.26418285714286,0.04949569994197423,0.5290413948370426,0.5290413948370426,19.98023700782034,K32_R20_edge
both_degraded,68.33878129956737,69.94048639814476,True,0.1198864,14.985800000000001,122.26418285714286,0.1449339630837736,0.624479657978842,0.624479657978842,15.856836748137084,K32_R20_edge
both_degraded,98.51367025873573,99.56413120257301,True,0.1198864,14.985800000000001,122.26418285714286,0.07720154549403269,0.5567472403891011,0.5567472403891011,18.800468020857615,K32_R20_edge
ecg_degraded,73.29463144253441,80.5413335920666,True,0.1198864,14.985800000000001,122.26418285714286,0.11381749585928957,0.593363190754358,0.593363190754358,19.08852416194765,K32_R20_edge
both_clean,82.4462934833632,82.41758241758241,True,0.1198864,14.985800000000001,122.26418285714286,0.26926886934798694,0.7488145642430553,0.7488145642430553,16.58094642043249,K32_R20_edge
ecg_missing,80.07498083559146,80.07117437722421,True,0.1198864,14.985800000000001,122.26418285714286,0.26978677228446063,0.749332467179529,0.749332467179529,18.240166686404436,K32_R20_edge
both_degraded,87.86526745805668,88.70967741935483,False,0.1198864,14.985800000000001,122.26418285714286,-0.4794909235583832,0.6753566704118397,5.477133668511554e-05,6.146893115190958,K32_R20_edge
both_degraded,76.08032881556984,77.16927065686662,True,0.1198864,14.985800000000001,122.26418285714286,0.10039073824315936,0.5799364331382277,0.5799364331382277,19.91169569647139,K32_R20_edge
both_clean,54.0955524189143,54.08653846153845,True,0.1198864,14.985800000000001,122.26418285714286,0.2661219812971571,0.7456676761922254,0.7456676761922254,16.246463634449302,K32_R20_edge
ppg_degraded,107.64101199779547,107.83585181149415,True,0.1198864,14.985800000000001,122.26418285714286,0.15644934593929383,0.6359950408343622,0.6359950408343622,19.230670685137373,K32_R20_edge
ecg_degraded,84.33818521910024,86.5826063757899,True,0.1198864,14.985800000000001,122.26418285714286,0.2365226892403839,0.7160683841354523,0.7160683841354523,17.423101749684466,K32_R20_edge
both_degraded,52.191269882808186,102.45335043034386,True,0.1198864,14.985800000000001,122.26418285714286,-0.09422643620974253,0.38531925868532585,0.38531925868532585,19.34329155485698,K32_R20_edge
ppg_degraded,61.78189260979264,94.53781512605043,False,0.1198864,14.985800000000001,122.26418285714286,-0.4795456948949726,0.5632620557984188,9.569396477819479e-14,5.587516681871573,K32_R20_edge
ppg_missing,106.5109476273578,106.55737704918032,True,0.1198864,14.985800000000001,122.26418285714286,0.23259021757939113,0.7121359124744595,0.7121359124744595,15.627658802178182,K32_R20_edge
ecg_missing,107.52250287214457,107.61589403973508,True,0.1198864,14.985800000000001,122.26418285714286,0.2691867901400499,0.7487324850351182,0.7487324850351182,20.650578558759953,K32_R20_edge
ppg_degraded,80.70887806229484,85.67940358085774,False,0.1198864,14.985800000000001,122.26418285714286,-0.46867375539432493,0.6503292039406358,0.010871939500743402,6.4256724593017935,K32_R20_edge
both_degraded,71.7435551737647,76.67550555534636,True,0.1198864,14.985800000000001,122.26418285714286,0.00309164890193237,0.48263734379700074,0.48263734379700074,17.155012173655077,K32_R20_edge
both_degraded,76.29243436321775,76.23966425000617,True,0.1198864,14.985800000000001,122.26418285714286,0.22964317160245384,0.7091888664975222,0.7091888664975222,16.37086749252889,K32_R20_edge
ecg_missing,70.10375224128646,70.09345794392523,True,0.1198864,14.985800000000001,122.26418285714286,0.27044575116344743,0.7499914460585158,0.7499914460585158,17.980683128985067,K32_R20_edge
ecg_missing,79.98198008285726,79.95735607675907,True,0.1198864,14.985800000000001,122.26418285714286,0.2697509706117783,0.7492966655068466,0.7492966655068466,15.833243313651383,K32_R20_edge
ppg_missing,87.3125048788472,87.31082654249128,True,0.1198864,14.985800000000001,122.26418285714286,0.2467313518082277,0.7262807107774043,0.7262770467032961,7.6836525194495895,K32_R20_edge
both_degraded,58.478649779970766,99.13316281214594,True,0.1198864,14.985800000000001,122.26418285714286,-0.10353204596169957,0.3760136489333688,0.3760136489333688,18.873431769445897,K32_R20_edge
both_degraded,108.1908853682638,108.69759394551652,True,0.1198864,14.985800000000001,122.26418285714286,-0.008392731909906576,0.4713077205411295,0.4711529629851618,7.471175054740017,K32_R20_edge
ppg_missing,62.85315605499032,62.79904306220096,True,0.1198864,14.985800000000001,122.26418285714286,0.2569244027158734,0.7364700976109417,0.7364700976109417,18.29603564962174,K32_R20_edge
ppg_degraded,55.31100688499845,114.89353297037414,False,0.1198864,14.985800000000001,122.26418285714286,-0.4793228111686253,0.5227648157068834,0.00022288372644300197,6.219722387832592,K32_R20_edge
ecg_degraded,87.41887942122997,88.84748370949929,True,0.1198864,14.985800000000001,122.26418285714286,0.13828327239836813,0.6178289672934365,0.6178289672934365,18.605098711171646,K32_R20_edge
both_clean,71.55838664055418,72.11745764594593,True,0.1198864,14.985800000000001,122.26418285714286,0.2583472631035259,0.7378929579985942,0.7378929579985942,20.180123978641873,K32_R20_edge
both_clean,95.2239231728767,93.75000000000001,False,0.1198864,14.985800000000001,122.26418285714286,-0.44418418224803,0.7345573604606186,0.03536151264703829,6.506521765787137,K32_R20_edge
both_clean,61.026960182031814,62.02641772124084,True,0.1198864,14.985800000000001,122.26418285714286,0.25940581135821034,0.7389515062532787,0.7389515062532787,17.368711212949474,K32_R20_edge
ppg_missing,83.1331886667025,83.14855875831485,True,0.1198864,14.985800000000001,122.26418285714286,0.2486758931045071,0.7282215879995755,0.7282215879995755,17.21914442180228,K32_R20_edge
ppg_missing,57.95959180922716,60.13745704467354,True,0.1198864,14.985800000000001,122.26418285714286,0.26006299361483015,0.7396086885098985,0.7396086885098985,19.81878874863904,K32_R20_edge
ecg_degraded,99.94678177374175,100.00000000000003,True,0.1198864,14.985800000000001,122.26418285714286,0.24556214975295587,0.725115272147883,0.7251078446480242,7.650334728424695,K32_R20_edge
ecg_missing,64.43366959868787,64.44683136412459,True,0.1198864,14.985800000000001,122.26418285714286,0.2700190837961433,0.7495647786912116,0.7495647786912116,15.69497877181154,K32_R20_edge
both_clean,107.72730373123801,107.73480662983427,True,0.1198864,14.985800000000001,122.26418285714286,0.25320187219181206,0.7327475670868804,0.7327475670868804,17.411851719775015,K32_R20_edge
both_degraded,63.746175604936795,114.10033147287812,True,0.1198864,14.985800000000001,122.26418285714286,-0.1284639731014891,0.35108172179357927,0.35108172179357927,8.640442491640393,K32_R20_edge
both_clean,85.36175106678708,85.88834376909148,True,0.1198864,14.985800000000001,122.26418285714286,0.25715532711714156,0.7367010220122099,0.7367010220122099,19.64023123165486,K32_R20_edge
both_clean,75.97959113889762,100.165073316105,False,0.1198864,14.985800000000001,122.26418285714286,-0.47914847756789325,0.7383730774204904,0.0003972173271750828,6.23067141388293,K32_R20_edge
ecg_degraded,107.82822907378676,107.85398230088495,True,0.1198864,14.985800000000001,122.26418285714286,0.16575441230463572,0.6453001071997041,0.6453001071997041,17.577685563701902,K32_R20_edge
ecg_degraded,71.8458245449642,75.42195105585533,True,0.1198864,14.985800000000001,122.26418285714286,0.12173421725841405,0.6012799121534824,0.6012799121534824,16.883850492768904,K32_R20_edge
ppg_missing,85.4770497482585,87.39406779661019,True,0.1198864,14.985800000000001,122.26418285714286,0.2516205913763034,0.7311662862713717,0.7311662862713717,16.510924297495325,K32_R20_edge
both_degraded,103.75850338922629,103.55716940231628,True,0.1198864,14.985800000000001,122.26418285714286,0.19574769144475468,0.675293386339823,0.675293386339823,18.890311323048746,K32_R20_edge
ecg_degraded,55.999652612577584,75.1679790771328,True,0.1198864,14.985800000000001,122.26418285714286,0.058130445522538994,0.5376761404176074,0.5376761404176074,19.795331990850592,K32_R20_edge
ppg_missing,80.24378185178725,82.23684210526316,True,0.1198864,14.985800000000001,122.26418285714286,0.24779382456687993,0.7273395194619483,0.7273395194619483,16.722015583939992,K32_R20_edge
ppg_degraded,102.62517576653045,102.63157894736845,True,0.1198864,14.985800000000001,122.26418285714286,0.14133820176051348,0.6208838966555819,0.6208838966555819,18.338025781582612,K32_R20_edge
both_clean,66.405732058103,69.0854767165234,True,0.1198864,14.985800000000001,122.26418285714286,0.25721346326660793,0.7367591581616763,0.7367591581616763,17.036644374718065,K32_R20_edge
ecg_degraded,58.04155760042471,80.06324060589183,True,0.1198864,14.985800000000001,122.26418285714286,0.050508714382324967,0.5300544092773933,0.5300544092773933,18.29913148835701,K32_R20_edge
both_clean,85.81919582047527,85.80410528531426,True,0.1198864,14.985800000000001,122.26418285714286,0.25887156255566707,0.7384172574507354,0.7384172574507354,19.166047392350396,K32_R20_edge
ecg_degraded,99.57348790806105,99.55752212389382,True,0.1198864,14.985800000000001,122.26418285714286,0.14273279781386994,0.6222784927089383,0.6222784927089383,16.962338160783908,K32_R20_edge
ecg_degraded,103.66780710401679,103.67615923284824,True,0.1198864,14.985800000000001,122.26418285714286,0.18898863707004332,0.6685343319651117,0.6685343319651117,20.608913699343425,K32_R20_edge
ecg_missing,79.92908108061876,82.50825082508251,True,0.1198864,14.985800000000001,122.26418285714286,0.26985795539434027,0.7494036502894086,0.7494036502894086,17.11307272477251,K32_R20_edge
ecg_missing,62.339903889539166,62.351543942992876,True,0.1198864,14.985800000000001,122.26418285714286,0.26994648560875995,0.7494921805038283,0.7494921805038283,18.964831759267316,K32_R20_edge
both_degraded,50.79530176247581,100.3891095398163,True,0.1198864,14.985800000000001,122.26418285714286,-0.10120364692389738,0.378342047971171,0.378342047971171,17.23103158098535,K32_R20_edge
ppg_degraded,73.90680723274845,74.04969795158827,True,0.1198864,14.985800000000001,122.26418285714286,0.22513363754470883,0.7046793324397772,0.7046793324397772,19.346869222017222,K32_R20_edge
ppg_degraded,58.533263387851314,66.9669713876023,True,0.1198864,14.985800000000001,122.26418285714286,0.14242447449220963,0.621970169387278,0.621970169387278,20.195904600021123,K32_R20_edge
ppg_degraded,86.06943257496943,88.33044527771354,True,0.1198864,14.985800000000001,122.26418285714286,0.2527985555178745,0.7323442504129428,0.7323442504129428,19.2166294582331,K32_R20_edge
ecg_missing,92.08441570167776,92.02453987730063,True,0.1198864,14.985800000000001,122.26418285714286,0.26956849856160076,0.7491141934566691,0.7491141934566691,18.81396034911401,K32_R20_edge
ecg_degraded,91.58326473725097,91.56087186411466,True,0.1198864,14.985800000000001,122.26418285714286,0.24068427451847518,0.7202299694135436,0.7202299694135436,14.251129246897548,K32_R20_edge
ecg_degraded,63.01060702590217,60.275545350172216,False,0.1198864,14.985800000000001,122.26418285714286,-0.36734263233475867,0.5234799536813182,0.11220306256030967,6.661482132170025,K32_R20_edge
ecg_missing,109.50452242529673,109.55056179775279,True,0.1198864,14.985800000000001,122.26418285714286,0.2694595258135836,0.7490052207086519,0.7490052207086519,20.08248873099639,K32_R20_edge
ecg_degraded,97.33016377618198,98.18482647584572,True,0.1198864,14.985800000000001,122.26418285714286,0.13623976091906298,0.6157854558141314,0.6157854558141314,16.966516154654197,K32_R20_edge
ppg_missing,89.23453390298016,89.1891891891892,True,0.1198864,14.985800000000001,122.26418285714286,0.23076990782427542,0.7103156027193438,0.7103156027193438,18.127759864880286,K32_R20_edge
ecg_missing,98.90523694396201,98.90109890109892,True,0.1198864,14.985800000000001,122.26418285714286,0.2694020382359538,0.7489477331310221,0.7489477331310221,19.293802444868632,K32_R20_edge
ppg_degraded,107.38835125944811,107.71982379002006,True,0.1198864,14.985800000000001,122.26418285714286,0.14232578266548968,0.621871477560558,0.621871477560558,16.28240714948916,K32_R20_edge
ppg_missing,71.53533393244038,71.58006362672323,True,0.1198864,14.985800000000001,122.26418285714286,0.25393379355342854,0.7334794884484969,0.7334794884484969,19.606832170361592,K32_R20_edge
ppg_degraded,98.0179377423442,97.87881017449874,True,0.1198864,14.985800000000001,122.26418285714286,0.2465886836235961,0.726134426540692,0.7261343785186645,7.871137949076662,K32_R20_edge
ppg_missing,76.0082724827006,76.01351351351352,True,0.1198864,14.985800000000001,122.26418285714286,0.25301069534239,0.7325563902374583,0.7325563902374583,18.841728301963208,K32_R20_edge
ppg_degraded,74.76758235384494,79.05027431005438,True,0.1198864,14.985800000000001,122.26418285714286,0.11535900462606918,0.5949046995211376,0.5949046995211376,19.723619281594345,K32_R20_edge
both_degraded,109.60362098633234,110.82792206329772,True,0.1198864,14.985800000000001,122.26418285714286,0.22239318759961013,0.7019388824946785,0.7019388824946785,18.249240753725587,K32_R20_edge
ppg_missing,59.38583698957436,59.38914027149322,True,0.1198864,14.985800000000001,122.26418285714286,0.25887460726812833,0.7384203021631967,0.7384203021631967,19.277981230414905,K32_R20_edge
ppg_degraded,80.83727193022884,83.80839972690951,True,0.1198864,14.985800000000001,122.26418285714286,0.12165604216395098,0.6012017370590194,0.6012017370590194,18.785080703661396,K32_R20_edge
ecg_degraded,98.75643927572465,98.79253567508235,True,0.1198864,14.985800000000001,122.26418285714286,0.14512684101816176,0.6246725359132301,0.6246725359132301,17.090061811019098,K32_R20_edge
both_clean,89.391519931069,89.47939262472886,True,0.1198864,14.985800000000001,122.26418285714286,0.25615554232922316,0.7357012372242915,0.7357012372242915,19.046123913892277,K32_R20_edge
both_clean,74.4693893897121,74.50331125827813,True,0.1198864,14.985800000000001,122.26418285714286,0.2551397429556464,0.7396821566527485,0.7346854378507147,7.2803866593160915,K32_R20_edge
both_clean,97.49402305577695,98.42702950163378,True,0.1198864,14.985800000000001,122.26418285714286,0.24976078493766352,0.7293064798327319,0.7293064798327319,17.641025306964515,K32_R20_edge
ppg_degraded,65.07841781422815,67.2705953302883,True,0.1198864,14.985800000000001,122.26418285714286,0.25204888209011217,0.7315945769851805,0.7315945769851805,18.21935507383274,K32_R20_edge
ecg_degraded,81.87752903786091,87.4501566877685,True,0.1198864,14.985800000000001,122.26418285714286,0.12581630460904125,0.6053619995041096,0.6053619995041096,18.64227303472943,K32_R20_edge
ecg_degraded,81.21404104004985,81.16883116883116,True,0.1198864,14.985800000000001,122.26418285714286,0.24304622900147022,0.7225919238965386,0.7225919238965386,17.820100187736852,K32_R20_edge
ppg_degraded,60.24404405978369,75.35803348936169,True,0.1198864,14.985800000000001,122.26418285714286,0.06896888730994322,0.5485145822050116,0.5485145822050116,20.801776543056317,K32_R20_edge
ppg_missing,61.71640360344253,61.76470588235294,True,0.1198864,14.985800000000001,122.26418285714286,0.2594669798045916,0.7390126746996599,0.7390126746996599,18.15133437007306,K32_R20_edge
ecg_missing,102.24454544752524,107.73480662983425,False,0.1198864,14.985800000000001,122.26418285714286,-0.3232313248958244,0.7490103980725725,0.15631436999924392,6.65797013945523,K32_R20_edge
both_degraded,57.468867560832535,115.20675408088853,True,0.1198864,14.985800000000001,122.26418285714286,-0.16721944872546723,0.31232624616960114,0.31232624616960114,15.102652641264344,K32_R20_edge
both_clean,109.08811621966066,109.06040268456377,True,0.1198864,14.985800000000001,122.26418285714286,0.2550918350198697,0.734637529914938,0.734637529914938,15.60113429639841,K32_R20_edge
ppg_missing,71.03547348881109,72.11538461538461,True,0.1198864,14.985800000000001,122.26418285714286,0.25473954241411084,0.7342852373091792,0.7342852373091792,17.415905541305804,K32_R20_edge
ecg_missing,108.70866939156235,108.69565217391307,True,0.1198864,14.985800000000001,122.26418285714286,0.2704365970765858,0.7499822919716541,0.7499822919716541,17.27046474705661,K32_R20_edge
ppg_missing,93.890392907309,95.84664536741215,True,0.1198864,14.985800000000001,122.26418285714286,0.2492644976236268,0.7288101925186952,0.7288101925186952,17.302796262031364,K32_R20_edge
both_degraded,80.38277702718105,80.38585209003216,True,0.1198864,14.985800000000001,122.26418285714286,0.13539167256024587,0.6149373674553142,0.6149373674553142,17.590088631838153,K32_R20_edge
both_clean,103.31145115906176,103.28389830508478,True,0.1198864,14.985800000000001,122.26418285714286,0.25483277989473213,0.7343784747898005,0.7343784747898005,16.73332648955884,K32_R20_edge
both_clean,57.410725883344405,57.408624815736346,True,0.1198864,14.985800000000001,122.26418285714286,0.2655160580672424,0.7450617529623107,0.7450617529623107,18.86801934068452,K32_R20_edge
ecg_missing,84.53223640600896,90.06550218340612,False,0.1198864,14.985800000000001,122.26418285714286,-0.4795451750667909,0.7491879604205175,5.198282774271176e-07,5.974004361606517,K32_R20_edge
both_degraded,94.56866976343618,94.56999082508533,True,0.1198864,14.985800000000001,122.26418285714286,0.146846623329986,0.6263923182250544,0.6263923182250544,18.677031987327666,K32_R20_edge
ecg_missing,94.52454997861707,94.53781512605043,True,0.1198864,14.985800000000001,122.26418285714286,0.2693615261335525,0.7489072210286208,0.7489072210286208,16.940993068795787,K32_R20_edge
ecg_degraded,69.32834963532521,70.56903078750872,True,0.1198864,14.985800000000001,122.26418285714286,0.18265835047326007,0.6622040453683284,0.6622040453683284,17.31217607898496,K32_R20_edge
ppg_degraded,54.28555615638682,72.26358344354327,True,0.1198864,14.985800000000001,122.26418285714286,0.04016478861868745,0.5197104835137558,0.5197104835137558,15.373425649187134,K32_R20_edge
ppg_missing,107.96348573015595,108.0246913580247,True,0.1198864,14.985800000000001,122.26418285714286,0.23457936599981677,0.7141250608948851,0.7141250608948851,16.565875772178742,K32_R20_edge
both_degraded,105.63444882694921,106.2328490562169,True,0.1198864,14.985800000000001,122.26418285714286,0.0851218253720254,0.5646675202670938,0.5646675202670938,17.42132433619222,K32_R20_edge
both_clean,69.79846988690367,69.80758405149821,True,0.1198864,14.985800000000001,122.26418285714286,0.2613116788367807,0.740857373731849,0.740857373731849,17.613085501965795,K32_R20_edge
ecg_missing,100.96157922250413,100.93167701863358,True,0.1198864,14.985800000000001,122.26418285714286,0.26919362881132153,0.7487393237063898,0.7487393237063898,17.69384092943448,K32_R20_edge
ppg_degraded,59.701808062995994,79.2623334670266,True,0.1198864,14.985800000000001,122.26418285714286,0.033122389047297036,0.5126680839423654,0.5126680839423654,18.852787808725022,K32_R20_edge
ppg_missing,67.74548634597623,67.72009029345372,True,0.1198864,14.985800000000001,122.26418285714286,0.2573771142939582,0.7369228091890265,0.7369228091890265,16.96156769793776,K32_R20_edge
both_clean,109.37482171995948,109.375,True,0.1198864,14.985800000000001,122.26418285714286,0.25405775283436033,0.7336034477294286,0.7336034477294286,16.79538316101752,K32_R20_edge
both_clean,57.34698489796147,57.91614328014101,True,0.1198864,14.985800000000001,122.26418285714286,0.2616117905439003,0.7411574854389686,0.7411574854389686,15.311266937745078,K32_R20_edge
ecg_degraded,86.24287798475257,86.82656768319053,True,0.1198864,14.985800000000001,122.26418285714286,0.14166467236817815,0.6212103672632465,0.6212103672632465,17.446576879256337,K32_R20_edge
ecg_degraded,94.90534439689534,95.45586750635667,True,0.1198864,14.985800000000001,122.26418285714286,0.18623455385223597,0.6657802487473043,0.6657802487473043,17.136994363923996,K32_R20_edge
ppg_missing,99.46200394249084,99.44751381215472,True,0.1198864,14.985800000000001,122.26418285714286,0.2392394999276395,0.7187851948227079,0.7187851948227079,17.534954864264538,K32_R20_edge
ecg_degraded,106.55876169370778,106.93875861328509,True,0.1198864,14.985800000000001,122.26418285714286,0.23267540212895965,0.712221097024028,0.712221097024028,18.0338192355899,K32_R20_edge
ecg_degraded,55.08280529214369,69.8917514265228,True,0.1198864,14.985800000000001,122.26418285714286,0.04818446783189024,0.5277301627269586,0.5277301627269586,16.394114935051817,K32_R20_edge
both_degraded,94.2078313183608,75.16703786191536,False,0.1198864,14.985800000000001,122.26418285714286,-0.4788106088284686,0.6034193768639058,0.0007350860665997112,6.2709152663301095,K32_R20_edge
ppg_degraded,90.55304791659924,91.36269107558311,True,0.1198864,14.985800000000001,122.26418285714286,0.2218510643214242,0.7013967592164926,0.7013967592164926,19.20066779906679,K32_R20_edge
ppg_degraded,81.1916429205384,85.25347322056041,True,0.1198864,14.985800000000001,122.26418285714286,0.12936367236488244,0.6089093672599508,0.6089093672599508,21.01942590694854,K32_R20_edge
ppg_degraded,66.67712934643437,69.2233964760122,True,0.1198864,14.985800000000001,122.26418285714286,0.2361358340150772,0.7156815289101456,0.7156815289101456,16.013157431181284,K32_R20_edge
ppg_degraded,101.67861547038146,101.6949152542373,True,0.1198864,14.985800000000001,122.26418285714286,0.24626922998746748,0.7258149248825359,0.7258149248825359,19.1687769640079,K32_R20_edge
ecg_missing,72.45008808114842,61.61971830985916,False,0.1198864,14.985800000000001,122.26418285714286,-0.47880915027459486,0.7495466528141678,0.0007365446204734455,6.2600531889871185,K32_R20_edge
ecg_missing,90.68227591595465,90.75907590759077,True,0.1198864,14.985800000000001,122.26418285714286,0.26953558122723204,0.7490812761223004,0.7490812761223004,18.915636228203685,K32_R20_edge
both_clean,70.60724980756308,70.63025025794109,True,0.1198864,14.985800000000001,122.26418285714286,0.26192839461413536,0.7414740895092037,0.7414740895092037,19.390333470158296,K32_R20_edge
both_clean,77.36696632893145,78.64278483717418,True,0.1198864,14.985800000000001,122.26418285714286,0.26247100927617056,0.7420167041712389,0.7420167041712389,17.444630278360254,K32_R20_edge
both_clean,109.081241159167,109.09230487685636,True,0.1198864,14.985800000000001,122.26418285714286,0.25174895575554895,0.7312946506506173,0.7312946506506173,17.777267817344377,K32_R20_edge
ecg_degraded,63.42248167878562,84.60600971712238,True,0.1198864,14.985800000000001,122.26418285714286,0.05213163670157029,0.5316773315966387,0.5316773315966387,16.81721581653533,K32_R20_edge
both_clean,101.18207232003266,101.23734533183354,True,0.1198864,14.985800000000001,122.26418285714286,0.25656531424583856,0.7361110091409069,0.7361110091409069,18.089841537788008,K32_R20_edge
ecg_missing,54.812523455187176,54.81120584652862,True,0.1198864,14.985800000000001,122.26418285714286,0.2701125487660287,0.749658243661097,0.749658243661097,15.773232932830354,K32_R20_edge
both_degraded,108.01689501279907,108.09312638580931,True,0.1198864,14.985800000000001,122.26418285714286,0.14845287638249205,0.6279985712775604,0.6279985712775604,17.747216489177063,K32_R20_edge
both_clean,88.78674313000357,90.29962533910046,True,0.1198864,14.985800000000001,122.26418285714286,0.25388337305397607,0.7334290679490444,0.7334290679490444,16.361149774777243,K32_R20_edge
ppg_missing,71.29118900893586,71.34363852556481,True,0.1198864,14.985800000000001,122.26418285714286,0.24655015211462372,0.735759082709632,0.7260958470096921,7.230969193456294,K32_R20_edge
ppg_degraded,98.48720240628762,99.50612131977562,True,0.1198864,14.985800000000001,122.26418285714286,0.21215758906874105,0.6917032839638094,0.6917032839638094,15.468221738356103,K32_R20_edge
ecg_degraded,95.51252774694007,96.93474798108356,True,0.1198864,14.985800000000001,122.26418285714286,0.18153815944324703,0.6610838543383154,0.6610838543383154,17.668529775167606,K32_R20_edge
ecg_missing,108.28463030072658,108.33333333333334,True,0.1198864,14.985800000000001,122.26418285714286,0.2691604207192339,0.7487061156143022,0.7487061156143022,16.007098985614526,K32_R20_edge
ppg_missing,92.875903752007,94.93670886075951,True,0.1198864,14.985800000000001,122.26418285714286,0.24408662946729354,0.7236323243623619,0.7236323243623619,21.522003037502017,K32_R20_edge
ppg_degraded,97.24747786900127,97.69602442193013,True,0.1198864,14.985800000000001,122.26418285714286,0.2199885858305498,0.6995342807256182,0.6995342807256182,20.268736908399084,K32_R20_edge
ppg_degraded,73.83995154797773,75.2492458703794,True,0.1198864,14.985800000000001,122.26418285714286,0.15322048384645115,0.6327661787415195,0.6327661787415195,19.704406276134502,K32_R20_edge
both_degraded,99.90989693865822,99.8418344409997,True,0.1198864,14.985800000000001,122.26418285714286,0.13798849995704843,0.6175341948521168,0.6175341948521168,19.30330136382244,K32_R20_edge
ppg_missing,97.11717819080035,97.19222462203027,True,0.1198864,14.985800000000001,122.26418285714286,0.24351378634797605,0.7230594812430444,0.7230594812430444,19.806738709075276,K32_R20_edge
both_clean,80.3973428116135,82.74151853439693,True,0.1198864,14.985800000000001,122.26418285714286,0.25833841185193,0.7378841067469983,0.7378841067469983,16.926749335323667,K32_R20_edge
both_degraded,65.90143611790671,79.48463521085064,True,0.1198864,14.985800000000001,122.26418285714286,0.05780206975057312,0.5373477646456415,0.5373477646456415,17.70226804280737,K32_R20_edge
ppg_missing,109.17720782888834,110.29411764705884,True,0.1198864,14.985800000000001,122.26418285714286,0.2366938407904675,0.7162395356855359,0.7162395356855359,18.662029006125472,K32_R20_edge
ecg_missing,79.10075056059867,79.11392405063292,True,0.1198864,14.985800000000001,122.26418285714286,0.2696393048474727,0.749184999742541,0.749184999742541,16.837644520357923,K32_R20_edge
both_clean,99.22284401562614,99.22822491730983,True,0.1198864,14.985800000000001,122.26418285714286,0.2542807766610224,0.7338264715560907,0.7338264715560907,15.035949369414347,K32_R20_edge
both_degraded,54.64687498570263,108.36519310284706,True,0.1198864,14.985800000000001,122.26418285714286,-0.09356100235663456,0.3859846925384338,0.3859846925384338,20.412793312765732,K32_R20_edge
ecg_missing,69.71487729846416,69.73140495867769,True,0.1198864,14.985800000000001,122.26418285714286,0.2699411973271108,0.7494868922221791,0.7494868922221791,18.641802603612064,K32_R20_edge
ppg_missing,62.840591028545205,62.82722513089006,True,0.1198864,14.985800000000001,122.26418285714286,0.2578468395091697,0.737392534404238,0.737392534404238,17.102633219548597,K32_R20_edge
ppg_missing,95.32013623525519,95.33898305084747,True,0.1198864,14.985800000000001,122.26418285714286,0.2401031098032681,0.7196488046983365,0.7196488046983365,16.85143497036068,K32_R20_edge
ecg_degraded,74.27975570386499,75.52111404986533,True,0.1198864,14.985800000000001,122.26418285714286,0.1904128375293651,0.6699585324244335,0.6699585324244335,19.218261788973717,K32_R20_edge
ecg_missing,99.1693777968252,99.22822491730983,True,0.1198864,14.985800000000001,122.26418285714286,0.2693765492066546,0.7489222441017229,0.7489222441017229,16.33062248255546,K32_R20_edge
ecg_missing,71.74225152887016,71.73219978746015,True,0.1198864,14.985800000000001,122.26418285714286,0.26988759285625336,0.7494332877513217,0.7494332877513217,15.346546323298988,K32_R20_edge
both_clean,70.35756663936175,70.32636832501197,True,0.1198864,14.985800000000001,122.26418285714286,0.2629282588843675,0.7424739537794358,0.7424739537794358,18.31495828247637,K32_R20_edge
ecg_degraded,70.61432854254221,70.60669456066945,True,0.1198864,14.985800000000001,122.26418285714286,0.24522278972757805,0.7247684846226464,0.7247684846226464,16.083298416469304,K32_R20_edge
ppg_missing,65.71990992175287,65.71741511500548,True,0.1198864,14.985800000000001,122.26418285714286,0.25617058767755546,0.7357162825726238,0.7357162825726238,17.62632101833809,K32_R20_edge
ppg_degraded,85.45733184937804,89.21019284426055,True,0.1198864,14.985800000000001,122.26418285714286,0.12007114246985884,0.5996168373649272,0.5996168373649272,16.816054797495735,K32_R20_edge
ecg_missing,81.81701076825168,81.87772925764193,True,0.1198864,14.985800000000001,122.26418285714286,0.26976581989783605,0.7493115147929044,0.7493115147929044,19.066330661710253,K32_R20_edge
ppg_degraded,105.14782003596659,105.55773009833075,True,0.1198864,14.985800000000001,122.26418285714286,0.1641107367903175,0.6436584145263452,0.6436564316853859,7.706341604078372,K32_R20_edge
ecg_missing,72.04065209613688,74.66814159292035,True,0.1198864,14.985800000000001,122.26418285714286,0.269861390577045,0.7494070854721133,0.7494070854721133,18.723459431562116,K32_R20_edge
ppg_degraded,58.779478551845585,77.57025618564786,True,0.1198864,14.985800000000001,122.26418285714286,0.03509550084620917,0.5146411957412775,0.5146411957412775,19.576280572046272,K32_R20_edge
ppg_degraded,103.10467690088649,103.10963816185075,True,0.1198864,14.985800000000001,122.26418285714286,0.1456501364866526,0.625195831381721,0.625195831381721,14.60464123412123,K32_R20_edge
both_degraded,107.77895952719511,107.46870125375224,True,0.1198864,14.985800000000001,122.26418285714286,0.12709965247445154,0.6066453473695199,0.6066453473695199,15.802298210746986,K32_R20_edge
ppg_missing,83.92844404245096,83.89261744966444,True,0.1198864,14.985800000000001,122.26418285714286,0.24757937139260988,0.7271250663482194,0.7271250662876783,8.12246279531642,K32_R20_edge
ecg_missing,55.05509806503745,57.69230769230769,True,0.1198864,14.985800000000001,122.26418285714286,0.2702012382225169,0.7497469331175852,0.7497469331175852,17.22481259586585,K32_R20_edge
ecg_degraded,81.14804140009349,84.48644730988507,True,0.1198864,14.985800000000001,122.26418285714286,0.12421784099693,0.6037635358919984,0.6037635358919984,19.17250720937261,K32_R20_edge
ecg_missing,62.47523076094477,62.5,True,0.1198864,14.985800000000001,122.26418285714286,0.27040674048064,0.7499524353757083,0.7499524353757083,18.46803132479074,K32_R20_edge
ecg_degraded,71.726241102784,71.69872582666633,True,0.1198864,14.985800000000001,122.26418285714286,0.19866418485070048,0.6782098797457689,0.6782098797457689,18.880520849639556,K32_R20_edge
ppg_missing,76.19130704259707,76.21951219512195,True,0.1198864,14.985800000000001,122.26418285714286,0.2513887318748304,0.7309344267698987,0.7309344267698987,18.433538617813454,K32_R20_edge
ppg_missing,53.93775598544761,53.956834532374096,True,0.1198864,14.985800000000001,122.26418285714286,0.2696117593537725,0.7491574542488408,0.7491574542488408,20.895927143986825,K32_R20_edge
ppg_missing,81.50738536309419,83.417593528817,True,0.1198864,14.985800000000001,122.26418285714286,0.26986363322392476,0.7494093281189931,0.7494093281189931,17.01610932062101,K32_R20_edge
both_degraded,81.56276752167395,86.29436687548669,True,0.1198864,14.985800000000001,122.26418285714286,-0.3462333882507971,0.5857838456144687,0.13331230664427124,6.669520029899216,K32_R20_edge
both_clean,66.14941724011675,67.60711483323551,True,0.1198864,14.985800000000001,122.26418285714286,0.2579761767109943,0.7375218716060626,0.7375218716060626,18.747827781586018,K32_R20_edge
ecg_missing,56.780438696646684,101.03626943005182,False,0.1198864,14.985800000000001,122.26418285714286,-0.017850180287405478,0.7498663772280226,0.4616955146076629,6.860276506694376,K32_R20_edge
ppg_degraded,86.59692495535947,86.55882872530393,True,0.1198864,14.985800000000001,122.26418285714286,0.20183825369392872,0.6813839485889971,0.6813839485889971,17.07520921004858,K32_R20_edge
ecg_degraded,90.6432142970192,77.4971297359357,False,0.1198864,14.985800000000001,122.26418285714286,-0.43836186384792625,0.673767536961747,0.04118383104714209,6.527226360089744,K32_R20_edge
both_degraded,109.23638601989933,110.03841605800841,True,0.1198864,14.985800000000001,122.26418285714286,0.13521177904648674,0.6147574739415551,0.6147574739415551,18.19747900075603,K32_R20_edge
ecg_missing,87.42758044585544,91.74398527249407,False,0.1198864,14.985800000000001,122.26418285714286,-0.47542815471280964,0.7492243977618415,0.004117540182258698,6.353987375617952,K32_R20_edge
ecg_degraded,62.75259017834303,83.70594947438731,True,0.1198864,14.985800000000001,122.26418285714286,0.035066816854866796,0.5146125117499352,0.5146125117499352,17.95913693668446,K32_R20_edge
ppg_missing,62.579668033924925,62.6491646778043,True,0.1198864,14.985800000000001,122.26418285714286,0.2571659534293394,0.7367116483244077,0.7367116483244077,17.135468310084207,K32_R20_edge
ecg_missing,50.91325601780345,50.90497737556561,True,0.1198864,14.985800000000001,122.26418285714286,0.2701718552538302,0.7497175860947369,0.7497175501488985,7.8841315461306545,K32_R20_edge
both_clean,55.73839680919282,57.07457149165116,True,0.1198864,14.985800000000001,122.26418285714286,0.26033711156762723,0.7398828064626956,0.7398828064626956,15.873453398087289,K32_R20_edge
both_degraded,99.62551286251494,100.165073316105,True,0.1198864,14.985800000000001,122.26418285714286,0.11738966826469166,0.5969353632642106,0.59693536315976,8.096157537936103,K32_R20_edge
ppg_degraded,52.22288602813633,56.153599359034665,True,0.1198864,14.985800000000001,122.26418285714286,0.18110924863490152,0.6606549435299699,0.6606549435299699,16.304153676458377,K32_R20_edge
both_clean,78.13837541095477,78.125,True,0.1198864,14.985800000000001,122.26418285714286,0.27016532950336075,0.7497110243984291,0.7497110243984291,18.719786228497252,K32_R20_edge
both_degraded,62.360698519620705,123.60027654700119,True,0.1198864,14.985800000000001,122.26418285714286,-0.09480886407846423,0.38473683081660415,0.38473683081660415,17.86477692027666,K32_R20_edge
ecg_missing,88.93048728408188,78.125,False,0.1198864,14.985800000000001,122.26418285714286,-0.4795450015700764,0.7492515746987476,6.933249919246201e-07,5.9833460658897755,K32_R20_edge
ppg_degraded,97.49297766042578,97.56106544837202,True,0.1198864,14.985800000000001,122.26418285714286,0.2418151492565288,0.7213608441515972,0.7213608441515972,19.243046692684423,K32_R20_edge
ppg_degraded,83.96053425378095,84.59753840918015,True,0.1198864,14.985800000000001,122.26418285714286,0.14115247375909934,0.6221103400330975,0.6206981686541677,7.3545610323578545,K32_R20_edge
both_degraded,92.41517029559694,93.1885968086358,True,0.1198864,14.985800000000001,122.26418285714286,0.08093409811911023,0.5604797930141786,0.5604797930141786,16.686430111080305,K32_R20_edge
both_degraded,52.54606635491513,101.48538056848992,True,0.1198864,14.985800000000001,122.26418285714286,-0.03649356548661758,0.4430521294084508,0.4430521294084508,18.050716764211614,K32_R20_edge
ppg_degraded,56.11526908002239,56.09520892851933,True,0.1198864,14.985800000000001,122.26418285714286,0.2545143115156378,0.7340600064107061,0.7340600064107061,17.74693549085593,K32_R20_edge
ppg_degraded,53.64445385981911,67.21353169314958,True,0.1198864,14.985800000000001,122.26418285714286,0.05951641076673698,0.5390621056618053,0.5390621056618053,19.928424459414686,K32_R20_edge
both_clean,65.82750353932973,65.830846056263,True,0.1198864,14.985800000000001,122.26418285714286,0.26808033456028874,0.7476260294876117,0.747626029455357,8.145463671413388,K32_R20_edge
both_clean,51.33824308681166,54.069014447306685,True,0.1198864,14.985800000000001,122.26418285714286,0.26796404810283597,0.7475097429979043,0.7475097429979043,18.532578075464755,K32_R20_edge
both_degraded,95.17309554064482,97.08422926850945,True,0.1198864,14.985800000000001,122.26418285714286,-0.013685082365521345,0.465860612529547,0.465860612529547,15.3197570121268,K32_R20_edge
ecg_missing,101.26736788278416,101.23734533183354,True,0.1198864,14.985800000000001,122.26418285714286,0.2693633917556218,0.7489090866506901,0.7489090866506901,16.018683876643514,K32_R20_edge
both_degraded,96.04123730412388,95.94882729211089,True,0.1198864,14.985800000000001,122.26418285714286,0.11710482805151157,0.5966505851080303,0.5966505229465799,7.852588523688818,K32_R20_edge
both_clean,66.09507618892346,66.11532157211764,True,0.1198864,14.985800000000001,122.26418285714286,0.26187564086160026,0.7414213357566686,0.7414213357566686,19.07846836890695,K32_R20_edge
both_clean,75.16972036206101,77.36373157606933,True,0.1198864,14.985800000000001,122.26418285714286,0.2603003785503781,0.7398460734454464,0.7398460734454464,19.650645279752826,K32_R20_edge
both_degraded,89.44019724913642,92.30412654330902,True,0.1198864,14.985800000000001,122.26418285714286,0.059331285108175764,0.5388769800032441,0.5388769800032441,16.763587088379396,K32_R20_edge
ecg_degraded,60.57315473946381,79.87006812927616,True,0.1198864,14.985800000000001,122.26418285714286,0.061567607049362046,0.5411133019444304,0.5411133019444304,16.863904919889823,K32_R20_edge
both_clean,69.49367605886405,69.52491309385863,True,0.1198864,14.985800000000001,122.26418285714286,0.2599323878734709,0.7394780827685392,0.7394780827685392,15.831604493885113,K32_R20_edge
ppg_missing,91.93389531826148,91.93054136874362,True,0.1198864,14.985800000000001,122.26418285714286,0.2416003291230322,0.7211460240181005,0.7211460240181006,8.969744288819362,K32_R20_edge
ppg_degraded,79.90144426151907,92.48878923766816,False,0.1198864,14.985800000000001,122.26418285714286,-0.47954569260735574,0.7267813523520107,2.2877125481508656e-09,5.816798742823239,K32_R20_edge
both_degraded,73.45272184710608,77.36314920103483,True,0.1198864,14.985800000000001,122.26418285714286,0.09847876327122052,0.5780245121116593,0.5780244581662889,7.857100691597765,K32_R20_edge
ecg_degraded,63.7197603179887,82.9871294966501,True,0.1198864,14.985800000000001,122.26418285714286,0.027353359974776618,0.5071692313059862,0.506899054869845,7.443424296760842,K32_R20_edge
ppg_degraded,97.67034199942017,97.51181854025319,True,0.1198864,14.985800000000001,122.26418285714286,0.2208100964591837,0.7003557913542521,0.7003557913542521,18.582779310194304,K32_R20_edge
ppg_missing,69.14497727601838,71.12750263435194,True,0.1198864,14.985800000000001,122.26418285714286,0.2589204079495481,0.7384661028446164,0.7384661028446164,18.87695521240808,K32_R20_edge
ecg_missing,75.3932698805517,75.33482142857142,True,0.1198864,14.985800000000001,122.26418285714286,0.2699572874772365,0.7495029823723048,0.7495029823723048,19.389782072662193,K32_R20_edge
ecg_degraded,83.61640610132429,85.88430533255499,True,0.1198864,14.985800000000001,122.26418285714286,0.1928395944775554,0.6723852893726243,0.6723852893726238,8.489690867497385,K32_R20_edge
ppg_missing,61.637246550104045,61.61971830985916,True,0.1198864,14.985800000000001,122.26418285714286,0.25390514477392606,0.7397605430210213,0.7334508396689944,7.263469933917331,K32_R20_edge
ppg_degraded,104.25617539420153,104.89312494613664,True,0.1198864,14.985800000000001,122.26418285714286,0.23955805415449272,0.7191037490495611,0.7191037490495611,18.69338645097632,K32_R20_edge
both_degraded,69.14116730347922,78.61988470031525,False,0.1198864,14.985800000000001,122.26418285714286,-0.47901586939855606,0.5573976598516395,0.0005298254965122511,6.258392041374387,K32_R20_edge
ecg_degraded,95.65861437546548,95.67683626028492,True,0.1198864,14.985800000000001,122.26418285714286,0.2369785670368323,0.7165242619319007,0.7165242619319007,18.615716823000668,K32_R20_edge
ecg_missing,89.0305147548523,88.99676375404532,True,0.1198864,14.985800000000001,122.26418285714286,0.26971033133301575,0.7492560262280841,0.7492560262280841,17.097234902529213,K32_R20_edge
ecg_degraded,59.91396068116976,81.50494835660598,True,0.1198864,14.985800000000001,122.26418285714286,0.05661875821691365,0.536164453111982,0.536164453111982,17.343552104298343,K32_R20_edge
both_degraded,50.57696603629728,91.20083174018656,True,0.1198864,14.985800000000001,122.26418285714286,-0.017235860151094125,0.46230983476722526,0.46230983474397425,8.140122663068684,K32_R20_edge
ppg_degraded,77.9973655282125,78.04035955738799,True,0.1198864,14.985800000000001,122.26418285714286,0.22434180015656235,0.7038874950516307,0.7038874950516307,20.944290914905324,K32_R20_edge
ecg_degraded,95.18976769486915,103.83386581469652,False,0.1198864,14.985800000000001,122.26418285714286,-0.4763584967713104,0.6483069349103241,0.0031871981237579054,6.347362232625661,K32_R20_edge
ppg_missing,58.00896992794165,59.188275084554675,True,0.1198864,14.985800000000001,122.26418285714286,0.25955734463790886,0.7391030395329772,0.7391030395329772,18.19742518314943,K32_R20_edge
both_clean,98.19318917866724,98.14612868047985,True,0.1198864,14.985800000000001,122.26418285714286,0.2549499324799768,0.7344956273750451,0.7344956273750451,17.465861218371906,K32_R20_edge
ppg_degraded,61.77763237981985,74.03595145897745,True,0.1198864,14.985800000000001,122.26418285714286,0.07476218736343343,0.5543078822585018,0.5543078822585018,17.265171346864864,K32_R20_edge
both_degraded,72.43423284645819,72.50509406886509,True,0.1198864,14.985800000000001,122.26418285714286,0.23438871818573226,0.7139344130808006,0.7139344130808006,18.83886483238296,K32_R20_edge
ppg_missing,57.40677928313359,57.4398249452954,True,0.1198864,14.985800000000001,122.26418285714286,0.25954600925822174,0.7390917041532901,0.7390917041532901,18.88230392255694,K32_R20_edge
ppg_missing,59.46998259288411,71.62236060708092,False,0.1198864,14.985800000000001,122.26418285714286,-0.47954527509469363,0.7356601091013315,4.198003747036586e-07,5.967726771227859,K32_R20_edge
both_clean,87.00024771831065,87.9883407433808,True,0.1198864,14.985800000000001,122.26418285714286,0.25608931795136586,0.7356350128464342,0.7356350128464342,20.742902053887352,K32_R20_edge
both_degraded,94.47388407356644,93.61019580052442,True,0.1198864,14.985800000000001,122.26418285714286,0.12564947152886952,0.6051951664239379,0.6051951664239379,15.84296396016374,K32_R20_edge
ecg_degraded,53.22313925688038,71.96601354185731,True,0.1198864,14.985800000000001,122.26418285714286,0.047956985558962446,0.5275026804540308,0.5275026804540308,18.957614122707472,K32_R20_edge
ecg_degraded,100.14399489310009,100.56317128368315,True,0.1198864,14.985800000000001,122.26418285714286,0.18892416734102147,0.6684698622360898,0.6684698622360898,18.3271910037458,K32_R20_edge
ecg_missing,83.04506004415862,85.49222797927463,True,0.1198864,14.985800000000001,122.26418285714286,0.2696231096970953,0.7491688045921636,0.7491688045921636,15.653790939404125,K32_R20_edge
ppg_missing,83.73814988525979,83.75634517766498,True,0.1198864,14.985800000000001,122.26418285714286,0.2497164180307524,0.7292621129258208,0.7292621129258208,19.763236402621324,K32_R20_edge
ecg_degraded,80.72569103309681,80.7319698600646,True,0.1198864,14.985800000000001,122.26418285714286,0.24095871402864943,0.7205044089237178,0.7205044089237178,18.302554099791216,K32_R20_edge
ppg_degraded,57.60065195726246,76.0292000410083,True,0.1198864,14.985800000000001,122.26418285714286,0.03157324413575736,0.5111189390308257,0.5111189390308257,17.948905080564636,K32_R20_edge
ecg_missing,107.0977681159225,61.65621882914696,False,0.1198864,14.985800000000001,122.26418285714286,-0.4795456948950683,0.7498122872988805,3.304503507879538e-25,5.137289502661563,K32_R20_edge
ppg_missing,102.42401489545819,103.50318471337583,True,0.1198864,14.985800000000001,122.26418285714286,0.23750312472123503,0.7170488196163034,0.7170488196163034,17.01994068745602,K32_R20_edge
both_degraded,56.76814051685986,106.80112400843015,True,0.1198864,14.985800000000001,122.26418285714286,-0.1470356566283224,0.33251003826674597,0.33251003826674597,19.84172204711949,K32_R20_edge
both_degraded,68.07798034670196,69.99957597282956,True,0.1198864,14.985800000000001,122.26418285714286,0.1742503486065713,0.6537960435016397,0.6537960435016397,17.052981906258815,K32_R20_edge
ecg_degraded,61.14646917396747,74.84315718691371,True,0.1198864,14.985800000000001,122.26418285714286,0.07270719591733343,0.5522528908124018,0.5522528908124018,20.26774418371069,K32_R20_edge
ecg_degraded,75.86971826374621,78.09722670661843,True,0.1198864,14.985800000000001,122.26418285714286,0.2402014212176149,0.7197471161126833,0.7197471161126833,15.796249272276816,K32_R20_edge
both_degraded,76.37901383028218,79.05265739539091,True,0.1198864,14.985800000000001,122.26418285714286,0.11143416795679739,0.5909798628518658,0.5909798628518658,19.42211444296522,K32_R20_edge
ecg_missing,106.80414178423462,106.79079956188387,True,0.1198864,14.985800000000001,122.26418285714286,0.269146207877723,0.7486919027727913,0.7486919027727913,15.6759136057189,K32_R20_edge
ppg_degraded,90.1806697847183,91.41665736629075,True,0.1198864,14.985800000000001,122.26418285714286,0.21421308497539904,0.6937587798704674,0.6937587798704674,17.062657405072624,K32_R20_edge
both_clean,106.66562660214333,106.67396061269145,True,0.1198864,14.985800000000001,122.26418285714286,0.25422844503210745,0.7337741399271758,0.7337741399271758,16.19008114896608,K32_R20_edge
both_degraded,100.96864107018382,100.98150606418264,True,0.1198864,14.985800000000001,122.26418285714286,0.16559084932262214,0.6451365442176916,0.6451365442176905,8.464963903945542,K32_R20_edge
ecg_missing,59.96535084239645,59.99999999999999,True,0.1198864,14.985800000000001,122.26418285714286,0.263746561269426,0.7498987988867285,0.7432922561644943,7.261088609684486,K32_R20_edge
ecg_missing,95.64990874883964,95.64293304994689,True,0.1198864,14.985800000000001,122.26418285714286,0.2694586129139535,0.7490043078090218,0.7490043078090218,18.144129286846624,K32_R20_edge
ppg_degraded,85.98408810929942,86.46286462880833,True,0.1198864,14.985800000000001,122.26418285714286,0.21857377011021528,0.6981194650052837,0.6981194650052837,21.310319380557125,K32_R20_edge
ecg_missing,58.667043165358066,58.65921787709497,True,0.1198864,14.985800000000001,122.26418285714286,0.269979479004496,0.7495251738995643,0.7495251738995643,18.697363352804707,K32_R20_edge
ppg_degraded,83.68950948919863,83.83893216300469,True,0.1198864,14.985800000000001,122.26418285714286,0.22833659989181965,0.707882294786888,0.707882294786888,16.51540770797971,K32_R20_edge
ecg_degraded,92.7109577184843,92.72361725658581,True,0.1198864,14.985800000000001,122.26418285714286,0.14158347002704796,0.6211291649221163,0.6211291649221163,16.624117017005663,K32_R20_edge
ecg_degraded,59.027087820786264,78.84141865646974,True,0.1198864,14.985800000000001,122.26418285714286,0.048126654658639086,0.5276723495537075,0.5276723495537075,16.290079081229933,K32_R20_edge
ppg_degraded,103.58292899771457,103.6665698015089,True,0.1198864,14.985800000000001,122.26418285714286,0.21850887121085838,0.6980545661059268,0.6980545661059268,18.1925373600733,K32_R20_edge
ppg_degraded,107.07882281934317,107.03363914373085,True,0.1198864,14.985800000000001,122.26418285714286,0.20618257545660967,0.685728270351678,0.685728270351678,20.567794565768573,K32_R20_edge
ecg_missing,109.80002810763645,109.79729729729728,True,0.1198864,14.985800000000001,122.26418285714286,0.2691495332041797,0.748695228099248,0.748695228099248,17.158825903176634,K32_R20_edge
both_clean,50.97750719193621,50.962627406568515,True,0.1198864,14.985800000000001,122.26418285714286,0.2650887193698191,0.7446344142648874,0.7446344142648874,16.82613772179363,K32_R20_edge
both_clean,71.97816253244069,91.95278358504721,False,0.1198864,14.985800000000001,122.26418285714286,-0.4780414624902541,0.7401773507457335,0.0015042324048142141,6.297688737397483,K32_R20_edge
ecg_missing,60.3149364323593,60.275545350172216,True,0.1198864,14.985800000000001,122.26418285714286,0.269923863527958,0.7494695584230263,0.7494695584230263,17.802113120896642,K32_R20_edge
both_clean,58.16690161164356,59.524031361586665,True,0.1198864,14.985800000000001,122.26418285714286,0.2644602675363447,0.744005962431413,0.744005962431413,15.820823796813306,K32_R20_edge
both_degraded,86.08639474788339,88.1510772945316,True,0.1198864,14.985800000000001,122.26418285714286,-0.013075149352668564,0.4664705455423998,0.4664705455423998,17.522837999476142,K32_R20_edge
both_degraded,77.17711134274457,82.1111992398829,True,0.1198864,14.985800000000001,122.26418285714286,0.1038484806912141,0.5833941755862825,0.5833941755862825,20.85764889722801,K32_R20_edge
ecg_degraded,88.78634626386345,91.20708460791904,True,0.1198864,14.985800000000001,122.26418285714286,0.18940737994652046,0.6689530748415888,0.6689530748415888,17.815176798922895,K32_R20_edge
ecg_degraded,96.49178244270708,96.90094435073019,True,0.1198864,14.985800000000001,122.26418285714286,0.14576344641198458,0.625309141307053,0.625309141307053,17.930432259415007,K32_R20_edge
both_clean,75.18840623573723,103.23037461268588,False,0.1198864,14.985800000000001,122.26418285714286,-0.4795456948950683,0.7416713003085339,7.111619411664236e-30,4.993467824523044,K32_R20_edge
ecg_missing,100.09648879961355,100.11123470522806,True,0.1198864,14.985800000000001,122.26418285714286,0.2691868765502244,0.7487325714452927,0.7487325714452927,19.934798046145414,K32_R20_edge
ecg_missing,101.83332507694264,101.80995475113126,True,0.1198864,14.985800000000001,122.26418285714286,0.2692904162114181,0.7488361111064864,0.7488361111064864,16.30913960252731,K32_R20_edge
ppg_degraded,109.90174289741682,109.89066604817783,True,0.1198864,14.985800000000001,122.26418285714286,0.2418171029089511,0.7213627978040195,0.7213627978040195,17.781119229859247,K32_R20_edge
ecg_degraded,50.18279180264732,66.48998884010018,True,0.1198864,14.985800000000001,122.26418285714286,0.05008267805067102,0.5296283729457394,0.5296283729457394,19.813480405762395,K32_R20_edge
ppg_degraded,70.19488725578512,70.13130268118088,True,0.1198864,14.985800000000001,122.26418285714286,0.23018246810051035,0.7097281629955787,0.7097281629955787,20.804191866537074,K32_R20_edge
both_clean,106.636952062841,106.61453033041644,True,0.1198864,14.985800000000001,122.26418285714286,0.2550161972068297,0.734561892101898,0.734561892101898,16.341545214954476,K32_R20_edge
ecg_missing,102.1048492195968,102.09424083769636,True,0.1198864,14.985800000000001,122.26418285714286,0.269353227227451,0.7488989221225193,0.7488989221225193,18.6756697763455,K32_R20_edge
both_clean,63.390564734114,63.36718801630716,True,0.1198864,14.985800000000001,122.26418285714286,0.2628491072462626,0.7423948021413309,0.7423948021413309,18.930088715226766,K32_R20_edge
ecg_degraded,100.973514825772,101.49615004742263,True,0.1198864,14.985800000000001,122.26418285714286,0.13978762369146325,0.6193333185865316,0.6193333185865316,15.278767839460281,K32_R20_edge
both_degraded,105.68372887408003,105.98390939667392,True,0.1198864,14.985800000000001,122.26418285714286,0.12764472395363147,0.6071904188486998,0.6071904188486998,16.17995455539574,K32_R20_edge
both_degraded,98.20079303228583,99.32700374539188,True,0.1198864,14.985800000000001,122.26418285714286,0.09304443329114853,0.5725901281862169,0.5725901281862169,18.099989651274253,K32_R20_edge
ecg_degraded,57.13053073683107,74.24635061460553,True,0.1198864,14.985800000000001,122.26418285714286,0.05992868616905545,0.5394743810641238,0.5394743810641238,18.515372604549096,K32_R20_edge
ppg_degraded,94.11140532047986,95.15022899445486,True,0.1198864,14.985800000000001,122.26418285714286,0.2380747950133716,0.71762048990844,0.71762048990844,20.630843152016602,K32_R20_edge
ecg_missing,50.0352634822461,50.0,True,0.1198864,14.985800000000001,122.26418285714286,0.27037823203406725,0.7499239269291356,0.7499239269291356,18.53431298785906,K32_R20_edge
ppg_degraded,84.54287528201482,85.47645794555424,True,0.1198864,14.985800000000001,122.26418285714286,0.1621052529723458,0.6416509478674142,0.6416509478674142,16.80321171191049,K32_R20_edge
ppg_missing,84.80369461155553,84.84162895927602,True,0.1198864,14.985800000000001,122.26418285714286,0.24956647301001122,0.7291121679050796,0.7291121679050796,18.843599199517975,K32_R20_edge
ecg_degraded,96.50637012620253,96.5217223106632,True,0.1198864,14.985800000000001,122.26418285714286,0.1923664961331516,0.67191219102822,0.67191219102822,16.80595829853407,K32_R20_edge
ecg_degraded,68.08124632597904,68.81111160824788,True,0.1198864,14.985800000000001,122.26418285714286,0.23955490193436513,0.7191005968294335,0.7191005968294335,14.2195887867128,K32_R20_edge
ppg_missing,78.59504016650462,78.57974388824213,True,0.1198864,14.985800000000001,122.26418285714286,0.2516659166466421,0.7312116115417104,0.7312116115417104,18.245177429029702,K32_R20_edge
both_degraded,73.49312157150734,73.48867671167154,True,0.1198864,14.985800000000001,122.26418285714286,0.24031303752122835,0.7198587324162967,0.7198587324162967,17.202760646717827,K32_R20_edge
both_clean,55.679560988819816,58.04648568299183,True,0.1198864,14.985800000000001,122.26418285714286,0.26416691233538153,0.7437126072304499,0.7437126072304499,20.038780675756588,K32_R20_edge
both_clean,72.5516565321311,72.58064516129032,True,0.1198864,14.985800000000001,122.26418285714286,0.2617045030583583,0.7412501979534266,0.7412501979534266,15.95816115489321,K32_R20_edge
ppg_missing,91.80348650553026,91.83673469387757,True,0.1198864,14.985800000000001,122.26418285714286,0.2440403234538484,0.7235860183489168,0.7235860183489168,16.278712339639423,K32_R20_edge
ecg_degraded,91.03934777460458,91.03168855788714,True,0.1198864,14.985800000000001,122.26418285714286,0.23720967714417096,0.7167553894193402,0.7167553720392393,7.911327261899631,K32_R20_edge
both_clean,60.495922546203246,107.13383130027607,False,0.1198864,14.985800000000001,122.26418285714286,-0.33808871381355815,0.7497527890683042,0.14145698108151014,6.645054886523798,K32_R20_edge
ecg_degraded,51.505456618609166,66.85367765326882,True,0.1198864,14.985800000000001,122.26418285714286,0.053023539821808637,0.532569234716877,0.532569234716877,15.981049588033724,K32_R20_edge
ppg_degraded,102.59603263419083,102.4835165882194,True,0.1198864,14.985800000000001,122.26418285714286,0.15505915636236756,0.6346048512574358,0.6346048512574359,8.63256403075547,K32_R20_edge
ecg_degraded,89.48732800336464,89.47939262472886,True,0.1198864,14.985800000000001,122.26418285714286,0.23875128767866782,0.7182969825737362,0.7182969825737362,19.19650567199101,K32_R20_edge
ppg_missing,55.82772169601809,55.831265508684865,True,0.1198864,14.985800000000001,122.26418285714286,0.26061569872953244,0.7401613936246008,0.7401613936246008,18.2434685982443,K32_R20_edge
ppg_degraded,85.32330419305478,86.46281345216386,True,0.1198864,14.985800000000001,122.26418285714286,0.22344987630818913,0.7029955712032575,0.7029955712032575,19.025522366129128,K32_R20_edge
ppg_degraded,64.0432098390469,78.38859037368705,True,0.1198864,14.985800000000001,122.26418285714286,0.073328373479573,0.5528740683746414,0.5528740683746414,20.37900251006964,K32_R20_edge
both_clean,92.03683791553384,92.9888820745886,True,0.1198864,14.985800000000001,122.26418285714286,0.25228582700980146,0.7318315219048698,0.7318315219048698,18.64114810908821,K32_R20_edge
ecg_missing,101.2683772987346,101.35135135135137,True,0.1198864,14.985800000000001,122.26418285714286,0.26974451544074257,0.7492902103358109,0.7492902103358109,17.32850600413406,K32_R20_edge
ecg_missing,71.45872407048097,71.51370679380214,True,0.1198864,14.985800000000001,122.26418285714286,0.2699551744465906,0.7495008693416589,0.7495008693416589,18.44900737702148,K32_R20_edge
both_clean,98.53270839366823,98.47638372786217,True,0.1198864,14.985800000000001,122.26418285714286,0.25420746264385347,0.7337531575389218,0.7337531575389218,18.279960118131005,K32_R20_edge
ppg_degraded,52.55052386015101,70.86480611154855,True,0.1198864,14.985800000000001,122.26418285714286,0.044440221603508474,0.5239859164985768,0.5239859164985768,17.99444691782331,K32_R20_edge
both_degraded,63.83329203778141,103.49378937160178,True,0.1198864,14.985800000000001,122.26418285714286,-0.12407010814674202,0.35547558674832636,0.35547558674832636,16.913519991870555,K32_R20_edge
both_clean,72.77573496282896,72.77667573005026,True,0.1198864,14.985800000000001,122.26418285714286,0.26314581209523163,0.7426915069903,0.7426915069903,17.00468119364737,K32_R20_edge
ecg_missing,78.00589562320465,77.96257796257797,True,0.1198864,14.985800000000001,122.26418285714286,0.2697326136751656,0.7492783085702339,0.7492783085702339,17.332296048182712,K32_R20_edge
both_degraded,76.42794600566549,79.09433312268705,True,0.1198864,14.985800000000001,122.26418285714286,0.13612112324816872,0.6156668181432371,0.6156668181432371,13.603767453194827,K32_R20_edge
both_degraded,103.88675049435382,104.00003817851072,True,0.1198864,14.985800000000001,122.26418285714286,0.19551366303447826,0.6750593579295466,0.6750593579295466,15.005553124308904,K32_R20_edge
both_degraded,65.45556842823105,94.08150097341745,True,0.1198864,14.985800000000001,122.26418285714286,-0.011494114946539897,0.4680515799485285,0.4680515799485285,15.934949642147656,K32_R20_edge
ppg_missing,60.749700957164954,60.763888888888886,True,0.1198864,14.985800000000001,122.26418285714286,0.2602649018890805,0.7398105967841488,0.7398105967841488,18.841808206923957,K32_R20_edge
ppg_degraded,101.85469337155055,101.82718770354174,True,0.1198864,14.985800000000001,122.26418285714286,0.2441865730676145,0.7237322679626829,0.7237322679626829,18.09150043605179,K32_R20_edge
both_clean,85.29919641870237,86.24544620944188,True,0.1198864,14.985800000000001,122.26418285714286,0.2529856351713368,0.7325313300664051,0.7325313300664051,17.012369192862245,K32_R20_edge
both_degraded,88.12328566036098,88.08833335107816,True,0.1198864,14.985800000000001,122.26418285714286,0.16783234026227944,0.6473780351573478,0.6473780351573478,17.718037803737076,K32_R20_edge
ppg_degraded,75.49994729359764,76.29352438625965,True,0.1198864,14.985800000000001,122.26418285714286,0.16326424001947137,0.6428099349145397,0.6428099349145397,15.853739484283329,K32_R20_edge
both_clean,84.81955341967439,85.33622053892984,True,0.1198864,14.985800000000001,122.26418285714286,0.25542147136755294,0.7349671662626213,0.7349671662626213,17.505405559166125,K32_R20_edge
both_clean,100.57138020182245,100.55865921787712,True,0.1198864,14.985800000000001,122.26418285714286,0.25484875362031884,0.7343944485153872,0.7343944485153872,19.181866729188485,K32_R20_edge
ppg_missing,63.12404035420847,63.176895306859215,True,0.1198864,14.985800000000001,122.26418285714286,0.25475802604071046,0.7343037209357788,0.7343037209357788,17.72319006659127,K32_R20_edge
ecg_degraded,78.49918665259592,79.9799568997119,True,0.1198864,14.985800000000001,122.26418285714286,0.1880904810307441,0.6676361759258125,0.6676361759258125,18.93177498358167,K32_R20_edge
both_clean,67.05359349758697,67.07691101013968,True,0.1198864,14.985800000000001,122.26418285714286,0.26369957654031634,0.7432452714353847,0.7432452714353847,16.27728022842365,K32_R20_edge
both_degraded,84.33821928719512,86.68022763413877,True,0.1198864,14.985800000000001,122.26418285714286,0.13152512591046417,0.6110708208055325,0.6110708208055325,16.795717441385133,K32_R20_edge
ppg_degraded,70.49700724641187,73.54321973848877,True,0.1198864,14.985800000000001,122.26418285714286,0.21503555251950812,0.6945812474145765,0.6945812474145765,19.752558443464363,K32_R20_edge
both_clean,70.73892187991457,70.75471698113208,True,0.1198864,14.985800000000001,122.26418285714286,0.27014114158837804,0.7496868364834464,0.7496868364834464,19.01265950854495,K32_R20_edge
ecg_missing,71.12766265590344,71.12750263435196,True,0.1198864,14.985800000000001,122.26418285714286,0.2698322992025049,0.7493779940975732,0.7493779940975732,18.98254502685583,K32_R20_edge
ecg_degraded,70.68689388136573,73.5642896213693,True,0.1198864,14.985800000000001,122.26418285714286,0.14052348328607844,0.6200691781811468,0.6200691781811468,17.091986626128314,K32_R20_edge
both_degraded,86.43142355447837,88.73687812879504,True,0.1198864,14.985800000000001,122.26418285714286,0.10430037961845873,0.5838460745135271,0.5838460745135271,20.195827764424543,K32_R20_edge
ppg_missing,56.839639771345254,58.011049723756905,True,0.1198864,14.985800000000001,122.26418285714286,0.26913605174289484,0.7486817466379632,0.7486817466379632,19.543195747614764,K32_R20_edge
ecg_degraded,70.48912587753128,72.24807289901625,True,0.1198864,14.985800000000001,122.26418285714286,0.13640613133886914,0.6159518262339375,0.6159518262339375,19.285215714368498,K32_R20_edge
ecg_degraded,50.89505371425793,68.12974137927131,True,0.1198864,14.985800000000001,122.26418285714286,0.05541614432242049,0.5349618392174889,0.5349618392174889,18.2302584462785,K32_R20_edge
both_degraded,74.14241100379229,78.84772754670772,True,0.1198864,14.985800000000001,122.26418285714286,-0.053315276174267894,0.4262304187208005,0.4262304187208005,16.736457461581875,K32_R20_edge
ecg_degraded,58.47645795482133,73.5157800021784,True,0.1198864,14.985800000000001,122.26418285714286,0.05082697000273329,0.5303726648978017,0.5303726648978017,19.15298822504497,K32_R20_edge
ppg_missing,85.14462522566328,85.13931888544893,True,0.1198864,14.985800000000001,122.26418285714286,-0.04967198302024305,0.7244704167201754,0.4298737118748253,6.849482175963872,K32_R20_edge
ecg_missing,61.57584957737987,64.1025641025641,True,0.1198864,14.985800000000001,122.26418285714286,0.27013615752934866,0.749681852424417,0.749681852424417,19.844244913752405,K32_R20_edge
both_clean,109.39919035075499,109.42760942760944,True,0.1198864,14.985800000000001,122.26418285714286,0.25248299742625985,0.7320286923213282,0.7320286923213282,20.89333681134743,K32_R20_edge
both_clean,93.33057558629832,93.8900460740881,True,0.1198864,14.985800000000001,122.26418285714286,0.2544924974046699,0.7340381922997382,0.7340381922997382,17.92403129963992,K32_R20_edge
ppg_degraded,63.73120500739732,71.2929752567338,True,0.1198864,14.985800000000001,122.26418285714286,0.18264642795090213,0.6621921228459705,0.6621921228459705,19.718011286987604,K32_R20_edge
both_clean,108.32342817124706,108.30464559074568,True,0.1198864,14.985800000000001,122.26418285714286,0.2514638955532263,0.7310095904482946,0.7310095904482946,18.34101559252003,K32_R20_edge
ecg_missing,100.46470142040766,100.4464285714286,True,0.1198864,14.985800000000001,122.26418285714286,0.2693423759154146,0.7488880708104829,0.7488880708104829,19.377056900408075,K32_R20_edge
ppg_missing,57.36154750597333,94.37994309121737,False,0.1198864,14.985800000000001,122.26418285714286,-0.4795456948950683,0.740577233118619,2.3885361922417627e-20,5.306060184707192,K32_R20_edge
ecg_missing,89.95536915176851,89.96728462377318,True,0.1198864,14.985800000000001,122.26418285714286,0.26951949148512394,0.7490651863801923,0.7490651863801923,19.630715582067396,K32_R20_edge
both_degraded,102.33354525705542,104.68559785464821,True,0.1198864,14.985800000000001,122.26418285714286,0.0405778513298174,0.5201235462248858,0.5201235462248858,15.979842979613332,K32_R20_edge
ecg_missing,50.220847364180315,53.06603773584906,True,0.1198864,14.985800000000001,122.26418285714286,0.27019008276168216,0.7497357776567505,0.7497357776567505,14.360807708019449,K32_R20_edge
ppg_missing,57.36114557184291,57.37704918032787,True,0.1198864,14.985800000000001,122.26418285714286,0.2610462936205549,0.7405919885156232,0.7405919885156232,17.42249388712457,K32_R20_edge
both_degraded,61.43766761477795,99.13851876503428,True,0.1198864,14.985800000000001,122.26418285714286,-0.10028414552948811,0.37926154936558026,0.37926154936558026,17.529214818345004,K32_R20_edge
ecg_missing,87.52613992561805,87.48674443266174,True,0.1198864,14.985800000000001,122.26418285714286,0.2695994888828172,0.7491451837778855,0.7491451837778855,18.813469342049256,K32_R20_edge
both_clean,85.38217158724163,87.63100402623986,True,0.1198864,14.985800000000001,122.26418285714286,0.26015227443426786,0.7396979693293362,0.7396979693293362,19.577373102757893,K32_R20_edge
ppg_degraded,55.97276439293327,76.41683898563345,True,0.1198864,14.985800000000001,122.26418285714286,0.03451976134690871,0.5140654562419771,0.5140654562419771,19.99521127259248,K32_R20_edge
both_degraded,57.31272192164712,114.89353297037414,True,0.1198864,14.985800000000001,122.26418285714286,-0.1480605372467897,0.33148625164633827,0.3314851576482787,7.703197132862479,K32_R20_edge
ppg_missing,55.60214257715151,57.62897914379803,True,0.1198864,14.985800000000001,122.26418285714286,0.26575743529969004,0.7453031301947584,0.7453031301947584,13.87319432518834,K32_R20_edge
ppg_degraded,75.55555722508376,76.34110743296407,True,0.1198864,14.985800000000001,122.26418285714286,0.1733215836606672,0.6528672785557356,0.6528672785557356,14.764440624383111,K32_R20_edge
both_clean,66.96517575301289,67.92091704094078,True,0.1198864,14.985800000000001,122.26418285714286,0.2670366494700767,0.746582344365145,0.746582344365145,19.85657563821215,K32_R20_edge
both_degraded,76.54767741422349,77.28347095344893,True,0.1198864,14.985800000000001,122.26418285714286,0.14050674745020197,0.6200524423452703,0.6200524423452703,19.202232068191865,K32_R20_edge
ecg_missing,106.01276601445085,106.06060606060606,True,0.1198864,14.985800000000001,122.26418285714286,0.26920094577566983,0.7487466406707382,0.7487466406707382,16.719828801197274,K32_R20_edge
ecg_degraded,80.58409691541331,80.64516129032259,True,0.1198864,14.985800000000001,122.26418285714286,0.24582720059110008,0.7253728954861685,0.7253728954861685,20.43737286818442,K32_R20_edge
ecg_missing,71.98764475481411,71.96162046908316,True,0.1198864,14.985800000000001,122.26418285714286,0.2699853540192327,0.749531048914301,0.749531048914301,18.457447214685565,K32_R20_edge
both_degraded,74.26972201666078,79.11094582465716,True,0.1198864,14.985800000000001,122.26418285714286,-0.04996194287794275,0.4295837520171256,0.4295837520171256,18.77063515770581,K32_R20_edge
both_degraded,87.60033489967384,89.11467060451902,True,0.1198864,14.985800000000001,122.26418285714286,0.22495931281682902,0.7045050077118974,0.7045050077118974,16.928939494342877,K32_R20_edge
ecg_degraded,105.72838001292314,106.10471431390611,True,0.1198864,14.985800000000001,122.26418285714286,0.18411270575183614,0.6636584006469045,0.6636584006469045,16.837658400505124,K32_R20_edge
ppg_missing,77.57732647309363,78.69884575026234,True,0.1198864,14.985800000000001,122.26418285714286,0.2537330548090427,0.7332787939232825,0.733278749704111,7.874877794933088,K32_R20_edge
ecg_missing,98.69778981131674,98.79253567508235,True,0.1198864,14.985800000000001,122.26418285714286,0.26765741092588385,0.7472031058209522,0.7472031058209522,18.28427591215914,K32_R20_edge
ecg_missing,94.53202258171287,94.50171821305842,True,0.1198864,14.985800000000001,122.26418285714286,0.2695740603104699,0.7491197552055382,0.7491197552055382,16.084978479645052,K32_R20_edge
both_clean,90.36394343500852,100.98150606418264,False,0.1198864,14.985800000000001,122.26418285714286,-0.4795456948936221,0.7499909077250235,1.4462454066152287e-12,5.639274167266884,K32_R20_edge
ppg_missing,86.40521199339224,103.23037461268588,False,0.1198864,14.985800000000001,122.26418285714286,-0.4795456948950683,0.7250686537899451,3.086900411885936e-67,4.15635525955752,K32_R20_edge
ecg_degraded,87.07555987860451,88.41793150510411,True,0.1198864,14.985800000000001,122.26418285714286,0.136062882328156,0.6156085772232244,0.6156085772232244,15.815419791833499,K32_R20_edge
ecg_degraded,79.94229004425615,81.33497404207975,True,0.1198864,14.985800000000001,122.26418285714286,0.23549214482169423,0.7150378397167626,0.7150378397167626,16.98880175462984,K32_R20_edge
both_degraded,57.738386465686375,95.47668866458572,True,0.1198864,14.985800000000001,122.26418285714286,-0.062477848525847916,0.41706784636922045,0.41706784636922045,20.40302533615554,K32_R20_edge
ecg_missing,88.87971062481878,91.46341463414633,True,0.1198864,14.985800000000001,122.26418285714286,0.2695104408528181,0.7490561357478864,0.7490561357478864,21.55530501216526,K32_R20_edge
both_degraded,56.71914190879079,98.10805888044027,True,0.1198864,14.985800000000001,122.26418285714286,-0.14119422875967635,0.338351466135392,0.338351466135392,18.34558413320037,K32_R20_edge
both_clean,95.88188011637746,95.89864885860798,True,0.1198864,14.985800000000001,122.26418285714286,0.25647290296249986,0.7360185978575682,0.7360185978575682,18.138281746425303,K32_R20_edge
both_clean,65.14371083496677,65.14657980456026,True,0.1198864,14.985800000000001,122.26418285714286,0.2636343514127883,0.7431800463078566,0.7431800463078566,15.873363511847138,K32_R20_edge
ecg_degraded,92.51863325907013,92.49743062692703,True,0.1198864,14.985800000000001,122.26418285714286,0.19248188803756194,0.6720275829326303,0.6720275829326303,19.201330095485655,K32_R20_edge
ecg_degraded,85.73269104687795,89.681249575881,True,0.1198864,14.985800000000001,122.26418285714286,0.11790690317146257,0.597452598066531,0.597452598066531,18.43884378972744,K32_R20_edge
ecg_degraded,72.81181028122455,72.81553398058253,True,0.1198864,14.985800000000001,122.26418285714286,0.25058899873484847,0.7301346936299168,0.7301346936299168,20.445999208092797,K32_R20_edge
ecg_degraded,92.33567184562705,92.99500607937871,True,0.1198864,14.985800000000001,122.26418285714286,0.18635093063390473,0.6658966255289731,0.6658966255289731,19.314536944297533,K32_R20_edge
ppg_degraded,109.88953408467289,109.99798406503284,True,0.1198864,14.985800000000001,122.26418285714286,0.16664542245539582,0.6461911173504642,0.6461911173504642,16.86124515497378,K32_R20_edge
ppg_degraded,83.60514972569925,83.82312352759571,True,0.1198864,14.985800000000001,122.26418285714286,0.22356639994029093,0.7031120948353593,0.7031120948353593,15.745797909893508,K32_R20_edge
both_degraded,83.48764572549351,88.92826160809207,True,0.1198864,14.985800000000001,122.26418285714286,-0.045584059099870726,0.43396163579519764,0.43396163579519764,21.238841166716462,K32_R20_edge
ppg_missing,84.0918496657508,84.08071748878925,True,0.1198864,14.985800000000001,122.26418285714286,0.24745332379364882,0.7269990186887172,0.7269990186887172,18.844295279848744,K32_R20_edge
both_clean,51.62213498798118,51.605504587155956,True,0.1198864,14.985800000000001,122.26418285714286,0.26525471553688024,0.7448004104319486,0.7448004104319486,16.760177295157686,K32_R20_edge
ppg_degraded,64.43823885203322,78.125,False,0.1198864,14.985800000000001,122.26418285714286,-0.47954565855198183,0.5242793109459644,3.634308649327354e-08,5.90310038553498,K32_R20_edge
both_degraded,97.5238307357804,97.66886784488838,True,0.1198864,14.985800000000001,122.26418285714286,0.21811952285886582,0.6976652177539342,0.6976652177539342,18.968667203014427,K32_R20_edge
both_clean,57.15760878205201,57.12731229597389,True,0.1198864,14.985800000000001,122.26418285714286,0.2648993945175074,0.7444450894125757,0.7444450894125757,18.348694567272446,K32_R20_edge
ppg_missing,66.2631025500962,66.2251655629139,True,0.1198864,14.985800000000001,122.26418285714286,0.2530771208961637,0.732622815791232,0.732622815791232,20.5255856117729,K32_R20_edge
ecg_degraded,107.90035490405401,107.898787313961,True,0.1198864,14.985800000000001,122.26418285714286,0.15646775339102303,0.6360134482860914,0.6360134482860914,17.554586001270476,K32_R20_edge
both_degraded,109.94471753101303,107.92119706617224,True,0.1198864,14.985800000000001,122.26418285714286,-0.030989119978865273,0.4485565749162031,0.4485565749162031,15.414580269857721,K32_R20_edge
ppg_missing,76.90672930671064,76.87927107061503,True,0.1198864,14.985800000000001,122.26418285714286,0.24697981455071416,0.7265255094457825,0.7265255094457825,17.503816306257963,K32_R20_edge
ecg_degraded,58.34576792169575,79.5029019381648,True,0.1198864,14.985800000000001,122.26418285714286,0.04833192468526038,0.5278776195803287,0.5278776195803287,17.109883476792316,K32_R20_edge
both_degraded,97.33826950852969,96.6310868624119,True,0.1198864,14.985800000000001,122.26418285714286,0.05053089004738443,0.5300765849424528,0.5300765849424528,19.329927579138705,K32_R20_edge
ppg_degraded,108.56130452445258,108.6318529394162,True,0.1198864,14.985800000000001,122.26418285714286,0.16281994218226503,0.6423656370773334,0.6423656370773334,17.731091560821074,K32_R20_edge
ecg_degraded,79.98796301588243,79.95735607675907,True,0.1198864,14.985800000000001,122.26418285714286,0.19799372031045304,0.6775394152055214,0.6775394152055214,17.386095998187667,K32_R20_edge
ppg_degraded,97.60615460786579,97.81757452950357,True,0.1198864,14.985800000000001,122.26418285714286,0.16492438037308021,0.6444700752681486,0.6444700752681486,18.121466236568548,K32_R20_edge
ecg_missing,65.26514891738682,68.02721088435374,True,0.1198864,14.985800000000001,122.26418285714286,0.26980268108860045,0.7493483759836688,0.7493483759836688,20.474271374766804,K32_R20_edge
ecg_degraded,98.40581586754178,99.21953844143762,True,0.1198864,14.985800000000001,122.26418285714286,0.18930868404761403,0.6688543789426824,0.6688543789426824,19.702495855432023,K32_R20_edge
ppg_degraded,50.617226960196085,57.732192138642304,True,0.1198864,14.985800000000001,122.26418285714286,0.14579027467238037,0.6253359695674487,0.6253359695674487,15.040815189691703,K32_R20_edge
ecg_degraded,107.18611231791635,107.76158477476542,True,0.1198864,14.985800000000001,122.26418285714286,0.22322603902343552,0.7027717339185039,0.7027717339185039,17.280396530464543,K32_R20_edge
both_degraded,77.7525619508648,69.99957597282956,False,0.1198864,14.985800000000001,122.26418285714286,-0.4730225439042686,0.5952361987262237,0.0065231509907997115,6.397157439785194,K32_R20_edge
ppg_degraded,84.7434275388517,86.90882984933239,True,0.1198864,14.985800000000001,122.26418285714286,0.1757327890987116,0.65527848399378,0.65527848399378,15.568698219506382,K32_R20_edge
ppg_missing,89.84321899689016,90.90909090909092,True,0.1198864,14.985800000000001,122.26418285714286,0.24927200050050358,0.728817695395572,0.728817695395572,18.214014684748353,K32_R20_edge
both_degraded,77.16459882261955,79.10432769716992,True,0.1198864,14.985800000000001,122.26418285714286,0.07057200109761652,0.5501176959926849,0.5501176959926849,14.386592176470756,K32_R20_edge
both_clean,72.88253157843528,75.25504290848271,True,0.1198864,14.985800000000001,122.26418285714286,0.26264005963650744,0.7421857545315758,0.7421857545315758,17.2663882219869,K32_R20_edge
ppg_missing,65.57972702397232,65.57377049180327,True,0.1198864,14.985800000000001,122.26418285714286,0.25371424340527676,0.733259938300345,0.7332599383003451,8.885044705819713,K32_R20_edge
ppg_degraded,84.82456381504355,85.86083792872006,True,0.1198864,14.985800000000001,122.26418285714286,-0.10226693120386049,0.6453910735521848,0.3772787636912079,6.845283352037287,K32_R20_edge
both_degraded,105.63411732994096,105.74837310195231,True,0.1198864,14.985800000000001,122.26418285714286,0.14458881620188246,0.6241345110969508,0.6241345110969508,18.810657183594664,K32_R20_edge
ppg_degraded,100.40093070322114,100.41194644696192,True,0.1198864,14.985800000000001,122.26418285714286,0.21671925265143555,0.6962649475465039,0.6962649475465039,21.123451334650632,K32_R20_edge
both_degraded,61.86241965849265,109.13155398292743,True,0.1198864,14.985800000000001,122.26418285714286,-0.12264328280700165,0.3569024120880667,0.3569024120880667,18.252046561343438,K32_R20_edge
both_degraded,90.55417127593506,91.55975956197187,True,0.1198864,14.985800000000001,122.26418285714286,0.13878107100055292,0.6183267658956213,0.6183267658956213,17.241334038441487,K32_R20_edge
both_clean,101.3968700935662,101.45681581685749,True,0.1198864,14.985800000000001,122.26418285714286,0.26664760936830406,0.7461933042633724,0.7461933042633724,17.38780233244731,K32_R20_edge
ecg_missing,61.139355903396186,61.11757857974389,True,0.1198864,14.985800000000001,122.26418285714286,0.2698798784975415,0.7494255733926098,0.7494255733926098,15.947711909883392,K32_R20_edge
both_degraded,78.87192120649824,83.30806105641396,True,0.1198864,14.985800000000001,122.26418285714286,0.1954098388209803,0.6749555337160487,0.6749555337160487,8.90525975203708,K32_R20_edge
ecg_missing,79.16246198471548,79.1324736225088,True,0.1198864,14.985800000000001,122.26418285714286,0.2698039390752606,0.7493496339703289,0.7493496339703289,15.359122090691244,K32_R20_edge
ppg_missing,86.88202547187497,86.8421052631579,True,0.1198864,14.985800000000001,122.26418285714286,0.24781182964131354,0.7273575245363819,0.7273575245363819,22.68159632607802,K32_R20_edge
ecg_degraded,56.87099437289666,74.63905367516703,True,0.1198864,14.985800000000001,122.26418285714286,0.054591687123338624,0.534137382018412,0.534137382018407,8.420096026357701,K32_R20_edge
both_clean,80.6305951739979,82.02829160054964,True,0.1198864,14.985800000000001,122.26418285714286,0.24433418535224716,0.7238798802473155,0.7238798802473155,17.53972797990894,K32_R20_edge
both_degraded,79.65848558035458,100.165073316105,False,0.1198864,14.985800000000001,122.26418285714286,-0.4795456948950683,0.7001903543020431,3.094327805661778e-37,4.7926296640635115,K32_R20_edge
both_degraded,98.02582567900154,98.23355690619556,True,0.1198864,14.985800000000001,122.26418285714286,0.029008105891550454,0.5085538007866188,0.5085538007866188,17.91223938056274,K32_R20_edge
both_clean,89.47429749221511,89.47939262472886,True,0.1198864,14.985800000000001,122.26418285714286,0.25747849225946146,0.7370241871545298,0.7370241871545298,18.050768851718747,K32_R20_edge
both_clean,99.31396065388871,99.28207223226259,True,0.1198864,14.985800000000001,122.26418285714286,0.25733908913440645,0.7368847840294748,0.7368847840294748,19.11077996457954,K32_R20_edge
ppg_degraded,75.08923361789184,75.0436871888905,True,0.1198864,14.985800000000001,122.26418285714286,0.22053678086229678,0.7000824757573652,0.7000824757573652,16.785845344874776,K32_R20_edge
both_degraded,86.38465263589146,86.96656326265416,True,0.1198864,14.985800000000001,122.26418285714286,0.2267292122176119,0.7062749071126803,0.7062749071126803,18.20410848869044,K32_R20_edge
ppg_missing,59.23390225368145,59.255079006772,True,0.1198864,14.985800000000001,122.26418285714286,0.2578414417320171,0.7373871366270854,0.7373871366270854,16.905501500322313,K32_R20_edge
ecg_missing,94.59098628518541,94.61009174311928,True,0.1198864,14.985800000000001,122.26418285714286,0.2693848269620955,0.7489305218571638,0.7489305218571638,18.364938839342987,K32_R20_edge
ppg_degraded,107.60874128159635,107.47920850822587,True,0.1198864,14.985800000000001,122.26418285714286,0.24366530458154667,0.723210999476615,0.723210999476615,18.776013686610785,K32_R20_edge
ppg_degraded,95.07044897888704,96.11759234065428,True,0.1198864,14.985800000000001,122.26418285714286,0.24688392458288744,0.7264296194779558,0.7264296194779558,16.960843593180737,K32_R20_edge
ecg_degraded,94.16601668009255,95.02790061119634,True,0.1198864,14.985800000000001,122.26418285714286,0.18702035797601058,0.666566052871079,0.666566052871079,17.270684114036897,K32_R20_edge
ppg_degraded,80.1395914697183,80.12820512820514,True,0.1198864,14.985800000000001,122.26418285714286,0.17201538787690418,0.6515610827719726,0.6515610827719726,17.273871257401705,K32_R20_edge
ppg_degraded,105.57533866991905,106.35217149506354,True,0.1198864,14.985800000000001,122.26418285714286,0.22625392046701676,0.7057996153620851,0.7057996153620851,20.054776550893813,K32_R20_edge
ecg_degraded,92.38907189615142,92.40246406570844,True,0.1198864,14.985800000000001,122.26418285714286,0.19107917226176763,0.670624867156836,0.670624867156836,18.108123739861075,K32_R20_edge
both_clean,105.89330711923988,105.91947884339699,True,0.1198864,14.985800000000001,122.26418285714286,0.25351697012475266,0.733062665019821,0.733062665019821,19.19653782175822,K32_R20_edge
ecg_missing,55.478153650935376,55.48705302096177,True,0.1198864,14.985800000000001,122.26418285714286,0.27013558738878957,0.7496812822838579,0.7496812822838579,16.655384982856347,K32_R20_edge
both_degraded,90.2454355258111,89.39796593408771,True,0.1198864,14.985800000000001,122.26418285714286,-0.07283560729712996,0.4067100875979384,0.4067100875979384,19.0330418314006,K32_R20_edge
ecg_missing,68.60835105235749,71.20253164556962,True,0.1198864,14.985800000000001,122.26418285714286,0.26996919708025596,0.7495148919753243,0.7495148919753243,18.40874553232177,K32_R20_edge
both_degraded,58.601706519450936,117.53231350792625,True,0.1198864,14.985800000000001,122.26418285714286,-0.13834398752260163,0.34120170737246674,0.34120170737246674,18.66217660150444,K32_R20_edge
ppg_degraded,70.56582173227082,73.7760210709022,True,0.1198864,14.985800000000001,122.26418285714286,0.1319837442825047,0.6115294391775731,0.6115294391775731,16.57265406903594,K32_R20_edge
ppg_degraded,89.1373664101867,89.32818455230381,True,0.1198864,14.985800000000001,122.26418285714286,0.22228933543832452,0.7018350303333929,0.7018350303333929,19.348059868145768,K32_R20_edge
ppg_missing,55.13037047400975,56.27009646302251,True,0.1198864,14.985800000000001,122.26418285714286,0.2698360954847548,0.7493817903798231,0.7493817903798231,18.112146134108364,K32_R20_edge
ppg_missing,53.49311692510061,53.507728894173596,True,0.1198864,14.985800000000001,122.26418285714286,0.26218720809386803,0.7417329029889363,0.7417329029889363,15.65460909893854,K32_R20_edge
ecg_missing,94.59979794444601,94.61009174311928,True,0.1198864,14.985800000000001,122.26418285714286,0.26942157753888335,0.7489672724339517,0.7489672724339517,17.67584003573489,K32_R20_edge
ppg_degraded,77.39332827041748,79.61930428940174,True,0.1198864,14.985800000000001,122.26418285714286,0.2512557361932883,0.7308014310883566,0.7308014310883566,16.924193790265157,K32_R20_edge
ppg_degraded,78.98709086072691,82.1268027229613,True,0.1198864,14.985800000000001,122.26418285714286,0.21833995621937152,0.6978856511144399,0.6978856511144399,15.620273801387759,K32_R20_edge
ecg_degraded,55.37132098764939,76.83332395540691,True,0.1198864,14.985800000000001,122.26418285714286,0.057241620628339936,0.5367873155234083,0.5367873155234083,18.301263691497418,K32_R20_edge
ecg_degraded,51.157402747385994,66.6470328585853,True,0.1198864,14.985800000000001,122.26418285714286,0.05961188275057173,0.5391575776456401,0.5391575776456401,19.468202913041,K32_R20_edge
both_degraded,72.08483662414832,72.1543674610003,True,0.1198864,14.985800000000001,122.26418285714286,0.23893260267500505,0.7184782975700734,0.7184782975700734,16.853532204655345,K32_R20_edge
ecg_missing,96.2293327755324,96.25668449197863,True,0.1198864,14.985800000000001,122.26418285714286,0.26927766252491653,0.7488233574199848,0.7488233574199848,20.151542620752956,K32_R20_edge
ppg_missing,67.2750809861801,69.23076923076923,True,0.1198864,14.985800000000001,122.26418285714286,0.25799945269838004,0.7375451475934484,0.7375451475934484,20.24291692031711,K32_R20_edge
both_clean,83.76314386651936,83.75277840684478,True,0.1198864,14.985800000000001,122.26418285714286,0.25941223690425624,0.738958836530488,0.7389579317993246,7.747743907651316,K32_R20_edge
ecg_degraded,71.04450579538177,73.22142998731223,True,0.1198864,14.985800000000001,122.26418285714286,0.17543138681409975,0.6549770817091681,0.6549770817091681,17.79141592247829,K32_R20_edge
both_degraded,62.08781687807979,107.71887736426662,True,0.1198864,14.985800000000001,122.26418285714286,-0.1293325526510345,0.3502131422440339,0.3502131422440339,16.64244101344706,K32_R20_edge
ecg_missing,85.32284409605575,85.31540847983456,True,0.1198864,14.985800000000001,122.26418285714286,0.011240571450902187,0.7491801154585782,0.49078626634597056,6.879846727740758,K32_R20_edge
ppg_missing,63.389661857612296,65.43075245365323,True,0.1198864,14.985800000000001,122.26418285714286,0.25823084978513006,0.7377765446801984,0.7377765446801984,17.814994953211425,K32_R20_edge
ppg_degraded,80.57297556814987,83.57665340868044,True,0.1198864,14.985800000000001,122.26418285714286,0.1641431314938755,0.6436888263889439,0.6436888263889439,17.280577257664092,K32_R20_edge
both_degraded,65.17339115766976,83.86237122205904,True,0.1198864,14.985800000000001,122.26418285714286,-0.02874778843242248,0.4507979064626459,0.4507979064626459,16.733700610181078,K32_R20_edge
ecg_missing,64.4128915805979,64.33823529411764,True,0.1198864,14.985800000000001,122.26418285714286,0.2698957312299994,0.7494414261250677,0.7494414261250677,18.423283706363364,K32_R20_edge
ppg_missing,53.67403043456133,91.20083174018656,False,0.1198864,14.985800000000001,122.26418285714286,0.05163611139279035,0.7413683271273126,0.5311818062878587,6.912325018547262,K32_R20_edge
ecg_missing,64.88351507625468,64.86486486486486,True,0.1198864,14.985800000000001,122.26418285714286,0.27001457408954205,0.7495602689846104,0.7495602689846104,16.109685501407686,K32_R20_edge
ecg_degraded,90.98613332672737,103.83386581469652,False,0.1198864,14.985800000000001,122.26418285714286,-0.47932106053418516,0.6704521769431241,0.00022463436088316377,6.20858605699549,K32_R20_edge
ppg_missing,84.71125500882565,84.65011286681718,True,0.1198864,14.985800000000001,122.26418285714286,0.1713482854702747,0.7254495351553294,0.6508939803653431,7.044125988011906,K32_R20_edge
both_degraded,90.06756122322119,90.64825981757117,True,0.1198864,14.985800000000001,122.26418285714286,0.12889632544724916,0.6084420203423175,0.6084420203423175,17.123849132317364,K32_R20_edge
ppg_degraded,94.77006086760399,96.49644745837844,True,0.1198864,14.985800000000001,122.26418285714286,0.1976779736858627,0.6772236685809311,0.6772236685809311,18.085135747286646,K32_R20_edge
ppg_missing,108.5526827386841,108.58324715615306,True,0.1198864,14.985800000000001,122.26418285714286,0.2399305804302947,0.7194762753253631,0.7194762753253631,19.491940720940402,K32_R20_edge
ecg_degraded,78.49768842990034,80.65312395632037,True,0.1198864,14.985800000000001,122.26418285714286,0.23402902855922347,0.7135747234542918,0.7135747234542918,20.307569560926012,K32_R20_edge
ecg_degraded,79.05789746600493,81.01119955522522,True,0.1198864,14.985800000000001,122.26418285714286,0.18263009980919598,0.6621757947042644,0.6621757947042644,18.05227984936863,K32_R20_edge
ppg_degraded,96.27647271435356,100.165073316105,False,0.1198864,14.985800000000001,122.26418285714286,-0.47954569489505083,0.7005017924273027,1.7469199864614182e-14,5.5484225042127235,K32_R20_edge
both_clean,50.585957211042654,50.59042204318804,True,0.1198864,14.985800000000001,122.26418285714286,0.26527386446024187,0.7448195593553101,0.7448195593553102,9.08111175864096,K32_R20_edge
ppg_degraded,76.14268595522495,76.60243054485674,True,0.1198864,14.985800000000001,122.26418285714286,0.226198782240969,0.7057444771360374,0.7057444771360374,16.53210803209477,K32_R20_edge
ppg_degraded,69.74060226488763,70.15898798138576,True,0.1198864,14.985800000000001,122.26418285714286,0.21825776375457262,0.697803458649641,0.697803458649641,18.809861045977527,K32_R20_edge
both_clean,90.6404484359033,91.1909071950125,True,0.1198864,14.985800000000001,122.26418285714286,0.25387258050486655,0.7334182753999349,0.7334182753999349,17.458526442227022,K32_R20_edge
ecg_degraded,50.23014219519212,67.22737211335672,True,0.1198864,14.985800000000001,122.26418285714286,0.059663781571829506,0.5392094764668979,0.5392094764668979,17.2960569410444,K32_R20_edge
both_clean,70.70190883393593,70.6713780918728,True,0.1198864,14.985800000000001,122.26418285714286,0.25929414770958775,0.7388398426046561,0.7388398426046561,17.282327805540877,K32_R20_edge
ecg_degraded,106.2300292032466,106.27606519868874,True,0.1198864,14.985800000000001,122.26418285714286,0.18396159133342715,0.6635072862284955,0.6635072862284955,17.414059724091683,K32_R20_edge
both_degraded,59.845638694412195,93.88465288587496,True,0.1198864,14.985800000000001,122.26418285714286,-0.0970562975359528,0.3824893973591156,0.3824893973591156,17.385290431528666,K32_R20_edge
both_clean,96.73652786955805,97.71435398414688,True,0.1198864,14.985800000000001,122.26418285714286,0.09455712935528593,0.734155444874232,0.5741028242503543,6.951258076179072,K32_R20_edge
ecg_missing,95.96268127545895,107.73480662983425,False,0.1198864,14.985800000000001,122.26418285714286,-0.42655642466772276,0.7489250108360098,0.052989270227345585,6.540484595263347,K32_R20_edge
ecg_degraded,61.3274205997141,80.94539290216221,True,0.1198864,14.985800000000001,122.26418285714286,0.07065844728648807,0.5502041421815564,0.5502041421815564,18.552470685761225,K32_R20_edge
ppg_degraded,54.821411804298734,75.6961050041293,True,0.1198864,14.985800000000001,122.26418285714286,0.047917356181180544,0.5274630510762489,0.5274630510762489,16.24964980854034,K32_R20_edge
both_clean,93.81349044406494,94.37994309121737,True,0.1198864,14.985800000000001,122.26418285714286,0.1465300678044823,0.731533751767291,0.6260757626995507,7.005021608921286,K32_R20_edge
ppg_degraded,54.476088751141276,67.34026368385982,True,0.1198864,14.985800000000001,122.26418285714286,0.10634947612020473,0.5858951710152731,0.5858951710152731,19.703689676933607,K32_R20_edge
both_degraded,52.67384415134785,101.75326598441683,True,0.1198864,14.985800000000001,122.26418285714286,-0.1232868888137657,0.35625880608130267,0.35625880608130267,17.68315193736652,K32_R20_edge
ecg_degraded,101.29950297529763,102.23186666928206,True,0.1198864,14.985800000000001,122.26418285714286,0.24302439118638108,0.7225700860814495,0.7225700860814495,15.363739165391511,K32_R20_edge
ppg_missing,66.37915829366428,66.3716814159292,True,0.1198864,14.985800000000001,122.26418285714286,0.2702996891775679,0.7498453840726362,0.7498453840726362,17.013611060423774,K32_R20_edge
ecg_degraded,79.34458343251748,79.36507936507937,True,0.1198864,14.985800000000001,122.26418285714286,0.24441668623281543,0.7239623811278838,0.7239623811278838,18.375673362874398,K32_R20_edge
ppg_missing,61.95137897832766,63.02521008403362,True,0.1198864,14.985800000000001,122.26418285714286,0.12017071953569491,0.7372688599379666,0.5997164144307633,6.972422544235429,K32_R20_edge
ecg_degraded,67.81332011634201,68.58218059373564,True,0.1198864,14.985800000000001,122.26418285714286,0.1427925859346506,0.622338280829719,0.622338280829719,16.244394232377477,K32_R20_edge
both_clean,108.11894440173232,108.0931263858093,True,0.1198864,14.985800000000001,122.26418285714286,0.25214556884500244,0.7316912637400708,0.7316912637400708,18.40474610249767,K32_R20_edge
both_degraded,77.75031641116257,80.28802527354968,True,0.1198864,14.985800000000001,122.26418285714286,-0.03136243067514421,0.44818326421992416,0.44818326421992416,16.117945653258193,K32_R20_edge
ecg_missing,80.83980504502604,80.90614886731393,True,0.1198864,14.985800000000001,122.26418285714286,0.2697071837200808,0.7492528786151491,0.7492528786151491,18.546641965478543,K32_R20_edge
both_clean,68.00093758888445,67.98835939111385,True,0.1198864,14.985800000000001,122.26418285714286,0.2635402862323823,0.7430859811274506,0.7430859811274506,17.292236573203617,K32_R20_edge
ecg_degraded,50.510152386169274,65.53144400029605,True,0.1198864,14.985800000000001,122.26418285714286,0.050916147728384605,0.530461842623453,0.530461842623453,14.811813333601442,K32_R20_edge
ppg_degraded,92.89959377754145,93.40786431614052,True,0.1198864,14.985800000000001,122.26418285714286,0.24317663962325842,0.7266271151148491,0.7227223345183268,7.296587889832894,K32_R20_edge
ecg_missing,109.09305632655679,109.14760914760915,True,0.1198864,14.985800000000001,122.26418285714286,0.26913066789276047,0.7486763627878288,0.7486763627878288,20.2222533479292,K32_R20_edge
ppg_missing,61.65221090100098,61.61971830985916,True,0.1198864,14.985800000000001,122.26418285714286,0.25957451477657617,0.7391202096716445,0.7391202096716445,16.975251757289946,K32_R20_edge
both_degraded,88.29764473539721,90.94653442650879,True,0.1198864,14.985800000000001,122.26418285714286,0.23388095886267435,0.7134266537577427,0.7134266537577427,18.138300540902797,K32_R20_edge
ppg_missing,83.66830966817773,83.61204013377927,True,0.1198864,14.985800000000001,122.26418285714286,0.25191842395067304,0.7314641188457414,0.7314641188457414,15.88550086267115,K32_R20_edge
ppg_degraded,88.62901331247357,90.93874754671147,True,0.1198864,14.985800000000001,122.26418285714286,0.16293068884999018,0.6424763837450586,0.6424763837450586,16.723150431345548,K32_R20_edge
ppg_missing,83.44116635199977,85.40372670807454,True,0.1198864,14.985800000000001,122.26418285714286,0.24294084345725742,0.7224865383523258,0.7224865383523258,17.685255529156645,K32_R20_edge
ppg_missing,91.17005097183873,92.30769230769232,True,0.1198864,14.985800000000001,122.26418285714286,0.2440258352343463,0.7235715301294147,0.7235715301294147,17.233199030190473,K32_R20_edge
both_clean,83.19505213929519,83.14855875831488,True,0.1198864,14.985800000000001,122.26418285714286,0.2611573870115477,0.740703081906616,0.740703081906616,17.00077296644,K32_R20_edge
ppg_missing,88.20853763948061,88.23529411764707,True,0.1198864,14.985800000000001,122.26418285714286,0.268319166027893,0.7478648609229613,0.7478648609229613,16.672758920181387,K32_R20_edge
both_degraded,68.31822782477843,80.60594287569829,True,0.1198864,14.985800000000001,122.26418285714286,-0.09003634012590356,0.3895093547691648,0.3895093547691648,16.78811833391034,K32_R20_edge
ecg_missing,100.87299799409661,100.8968609865471,True,0.1198864,14.985800000000001,122.26418285714286,0.2692169102950727,0.748762605190141,0.748762605190141,20.207649812800245,K32_R20_edge
both_clean,107.05515082640841,107.02524698133917,True,0.1198864,14.985800000000001,122.26418285714286,0.2495051759127146,0.729050870807783,0.729050870807783,19.3507857062506,K32_R20_edge
ecg_degraded,82.91994502820296,97.87881017449874,False,0.1198864,14.985800000000001,122.26418285714286,0.17397879896968438,0.6650239975778376,0.6535244938647528,7.209357089553332,K32_R20_edge
ecg_degraded,65.56233489603567,66.89094125495309,True,0.1198864,14.985800000000001,122.26418285714286,0.18642892145618895,0.6659746163512573,0.6659746163512573,19.285905914077844,K32_R20_edge
ppg_degraded,56.138109112700114,75.1361302950478,True,0.1198864,14.985800000000001,122.26418285714286,0.038414519338129345,0.5179602142331977,0.5179602142331977,16.874486358385113,K32_R20_edge
ecg_missing,94.96131586380783,95.04608294930877,True,0.1198864,14.985800000000001,122.26418285714286,0.26868539477147696,0.7482310896665453,0.7482310896665453,17.97815202148975,K32_R20_edge
ppg_degraded,102.70633471670484,102.78799218260829,True,0.1198864,14.985800000000001,122.26418285714286,0.20143667188894365,0.680982366784012,0.680982366784012,17.11037800354043,K32_R20_edge
both_degraded,52.47285388059258,92.45674345562664,True,0.1198864,14.985800000000001,122.26418285714286,-0.032586567990698305,0.44695912690437006,0.44695912690437006,19.94280566684477,K32_R20_edge
both_degraded,75.7167349581392,77.01325780256133,True,0.1198864,14.985800000000001,122.26418285714286,0.1690563693735515,0.6486020642686199,0.6486020642686199,19.223030047818337,K32_R20_edge
ppg_missing,64.37285524951074,64.33823529411764,True,0.1198864,14.985800000000001,122.26418285714286,0.26027068417808225,0.7398163790731506,0.7398163790731506,19.969621445569686,K32_R20_edge
ecg_degraded,76.49626880364244,81.90904086592877,True,0.1198864,14.985800000000001,122.26418285714286,0.11132532352502089,0.5908710184200893,0.5908710184200893,15.396532171355773,K32_R20_edge
ppg_missing,63.210543213281824,63.224446786090624,True,0.1198864,14.985800000000001,122.26418285714286,0.25773909235710285,0.7372847872521712,0.7372847872521712,17.20455462195578,K32_R20_edge
ppg_degraded,57.07119683115317,72.71484368664628,True,0.1198864,14.985800000000001,122.26418285714286,0.053099077287518955,0.5326447721825873,0.5326447721825873,17.96730694615085,K32_R20_edge
ppg_degraded,90.97029301656642,90.90977107694768,True,0.1198864,14.985800000000001,122.26418285714286,0.2347611798100967,0.7143068747051651,0.7143068747051651,15.874304263513771,K32_R20_edge
ppg_missing,55.386465920757566,57.4398249452954,True,0.1198864,14.985800000000001,122.26418285714286,0.2594436074503352,0.7389893023454035,0.7389893023454035,16.326439233985543,K32_R20_edge
ppg_missing,58.15469150404964,60.3448275862069,True,0.1198864,14.985800000000001,122.26418285714286,0.24498236140570018,0.7245280563007686,0.7245280563007686,21.088367971861217,K32_R20_edge
ecg_missing,80.52592969598481,83.24084350721422,True,0.1198864,14.985800000000001,122.26418285714286,0.2698762921452757,0.749421987040344,0.749421987040344,19.786744329939648,K32_R20_edge
ppg_degraded,91.15259121974862,90.9732621973421,True,0.1198864,14.985800000000001,122.26418285714286,0.20083311920371594,0.6803788140987843,0.6803788140987843,16.809063311594304,K32_R20_edge
